muhl_whitebox_incircuit  offset 2,493,228,288  len 27,491  n_gate 1,099
ALL 219,928 BITS. NOTHING TRUNCATED. 128 bits (16 bytes) per line.

         0 01001101010101010100100001001100010101110100001001011000001100010100101100000100000000000000000000011001000000000000000000000000
        16 00000100010001101010000010011011100101000000000000000000000000000000000001000110101000001001101110010100000000000000000000000000
        32 00000000101101001010000010011011100101000000000000000000000000000000000000000100010001111010000010011011100101000000000000000000
        48 00000000000000000100011110100000100110111001010000000000000000000000000000000000101101011010000010011011100101000000000000000000
        64 00000000000000000000000110110100101000001001101110010100000000000000000000000000000000001011010110100000100110111001010000000000
        80 00000000000000000000000010110110101000001001101110010100000000000000000000000000000000000000010001001000101000001001101110010100
        96 00000000000000000000000000000000010010001010000010011011100101000000000000000000000000000000000010110111101000001001101110010100
       112 00000000000000000000000000000000000000011011011010100000100110111001010000000000000000000000000000000000101101111010000010011011
       128 10010100000000000000000000000000000000001011100010100000100110111001010000000000000000000000000000000000000000010100011010100000
       144 10011011100101000000000000000000000000000000000010110101101000001001101110010100000000000000000000000000000000001011100110100000
       160 10011011100101000000000000000000000000000000000000000001101101111010000010011011100101000000000000000000000000000000000010111001
       176 10100000100110111001010000000000000000000000000000000000101110101010000010011011100101000000000000000000000000000000000000000001
       192 01000111101000001001101110010100000000000000000000000000000000001011010010100000100110111001010000000000000000000000000000000000
       208 10111011101000001001101110010100000000000000000000000000000000000000000110110111101000001001101110010100000000000000000000000000
       224 00000000101110111010000010011011100101000000000000000000000000000000000010111100101000001001101110010100000000000000000000000000
       240 00000000000000010100011010100000100110111001010000000000000000000000000000000000010001111010000010011011100101000000000000000000
       256 00000000000000001011110110100000100110111001010000000000000000000000000000000000000000011011011110100000100110111001010000000000
       272 00000000000000000000000010111101101000001001101110010100000000000000000000000000000000001011111010100000100110111001010000000000
       288 00000000000000000000000000000001010010001010000010011011100101000000000000000000000000000000000010110110101000001001101110010100
       304 00000000000000000000000000000000101111111010000010011011100101000000000000000000000000000000000000000100010010011010000010011011
       320 10010100000000000000000000000000000000000100100110100000100110111001010000000000000000000000000000000000110000001010000010011011
       336 10010100000000000000000000000000000000000000010001001010101000001001101110010100000000000000000000000000000000000100101010100000
       352 10011011100101000000000000000000000000000000000011000001101000001001101110010100000000000000000000000000000000000000000111000000
       368 10100000100110111001010000000000000000000000000000000000110000011010000010011011100101000000000000000000000000000000000011000010
       384 10100000100110111001010000000000000000000000000000000000000001000100101110100000100110111001010000000000000000000000000000000000
       400 01001011101000001001101110010100000000000000000000000000000000001100001110100000100110111001010000000000000000000000000000000000
       416 00000100010011001010000010011011100101000000000000000000000000000000000001001100101000001001101110010100000000000000000000000000
       432 00000000110001001010000010011011100101000000000000000000000000000000000000000001010010011010000010011011100101000000000000000000
       448 00000000000000001100000110100000100110111001010000000000000000000000000000000000110001011010000010011011100101000000000000000000
       464 00000000000000000000000111000011101000001001101110010100000000000000000000000000000000001100010110100000100110111001010000000000
       480 00000000000000000000000011000110101000001001101110010100000000000000000000000000000000000000000111000100101000001001101110010100
       496 00000000000000000000000000000000110001101010000010011011100101000000000000000000000000000000000011000111101000001001101110010100
       512 00000000000000000000000000000000000000010100101010100000100110111001010000000000000000000000000000000000110000001010000010011011
       528 10010100000000000000000000000000000000001100100010100000100110111001010000000000000000000000000000000000000000011100001110100000
       544 10011011100101000000000000000000000000000000000011001000101000001001101110010100000000000000000000000000000000001100100110100000
       560 10011011100101000000000000000000000000000000000000000001110001001010000010011011100101000000000000000000000000000000000011001001
       576 10100000100110111001010000000000000000000000000000000000110010101010000010011011100101000000000000000000000000000000000000000001
       592 01001001101000001001101110010100000000000000000000000000000000000100101010100000100110111001010000000000000000000000000000000000
       608 11001011101000001001101110010100000000000000000000000000000000000000000111000011101000001001101110010100000000000000000000000000
       624 00000000110010111010000010011011100101000000000000000000000000000000000011001100101000001001101110010100000000000000000000000000
       640 00000000000000011100010010100000100110111001010000000000000000000000000000000000110011001010000010011011100101000000000000000000
       656 00000000000000001100110110100000100110111001010000000000000000000000000000000000000000010100101110100000100110111001010000000000
       672 00000000000000000000000011000010101000001001101110010100000000000000000000000000000000001100111010100000100110111001010000000000
       688 00000000000000000000000000000001110001001010000010011011100101000000000000000000000000000000000011001110101000001001101110010100
       704 00000000000000000000000000000000110011111010000010011011100101000000000000000000000000000000000000000001010010111010000010011011
       720 10010100000000000000000000000000000000001100010110100000100110111001010000000000000000000000000000000000110100001010000010011011
       736 10010100000000000000000000000000000000000000000111000100101000001001101110010100000000000000000000000000000000001101000010100000
       752 10011011100101000000000000000000000000000000000011010001101000001001101110010100000000000000000000000000000000000000000101000010
       768 10100000100110111001010000000000000000000000000000000000110010101010000010011011100101000000000000000000000000000000000011010010
       784 10100000100110111001010000000000000000000000000000000000000000010100001110100000100110111001010000000000000000000000000000000000
       800 11001101101000001001101110010100000000000000000000000000000000001101001110100000100110111001010000000000000000000000000000000000
       816 00000001010001001010000010011011100101000000000000000000000000000000000011001111101000001001101110010100000000000000000000000000
       832 00000000110101001010000010011011100101000000000000000000000000000000000000000001010001011010000010011011100101000000000000000000
       848 00000000000000001101000110100000100110111001010000000000000000000000000000000000110101011010000010011011100101000000000000000000
       864 00000000000000000000001011000111101000001001101110010100000000000000000000000000000000001101001010100000100110111001010000000000
       880 00000000000000000000000011010110101000001001101110010100000000000000000000000000000000000000001011010011101000001001101110010100
       896 00000000000000000000000000000000110101101010000010011011100101000000000000000000000000000000000011010111101000001001101110010100
       912 00000000000000000000000000000000000000101101010010100000100110111001010000000000000000000000000000000000110101111010000010011011
       928 10010100000000000000000000000000000000001101100010100000100110111001010000000000000000000000000000000000000000101101010110100000
       944 10011011100101000000000000000000000000000000000011011000101000001001101110010100000000000000000000000000000000001101100110100000
       960 10011011100101000000000000000000000000000000000000000100010011011010000010011011100101000000000000000000000000000000000001001101
       976 10100000100110111001010000000000000000000000000000000000110110101010000010011011100101000000000000000000000000000000000000000100
       992 01001110101000001001101110010100000000000000000000000000000000000100111010100000100110111001010000000000000000000000000000000000
      1008 11011011101000001001101110010100000000000000000000000000000000000000000111011010101000001001101110010100000000000000000000000000
      1024 00000000110110111010000010011011100101000000000000000000000000000000000011011100101000001001101110010100000000000000000000000000
      1040 00000000000001000100111110100000100110111001010000000000000000000000000000000000010011111010000010011011100101000000000000000000
      1056 00000000000000001101110110100000100110111001010000000000000000000000000000000000000001000101000010100000100110111001010000000000
      1072 00000000000000000000000001010000101000001001101110010100000000000000000000000000000000001101111010100000100110111001010000000000
      1088 00000000000000000000000000000001010011011010000010011011100101000000000000000000000000000000000011011011101000001001101110010100
      1104 00000000000000000000000000000000110111111010000010011011100101000000000000000000000000000000000000000001110111011010000010011011
      1120 10010100000000000000000000000000000000001101111110100000100110111001010000000000000000000000000000000000111000001010000010011011
      1136 10010100000000000000000000000000000000000000000111011110101000001001101110010100000000000000000000000000000000001110000010100000
      1152 10011011100101000000000000000000000000000000000011100001101000001001101110010100000000000000000000000000000000000000000101001110
      1168 10100000100110111001010000000000000000000000000000000000110110101010000010011011100101000000000000000000000000000000000011100010
      1184 10100000100110111001010000000000000000000000000000000000000000011101110110100000100110111001010000000000000000000000000000000000
      1200 11100010101000001001101110010100000000000000000000000000000000001110001110100000100110111001010000000000000000000000000000000000
      1216 00000001110111101010000010011011100101000000000000000000000000000000000011100011101000001001101110010100000000000000000000000000
      1232 00000000111001001010000010011011100101000000000000000000000000000000000000000001010011011010000010011011100101000000000000000000
      1248 00000000000000000100111010100000100110111001010000000000000000000000000000000000111001011010000010011011100101000000000000000000
      1264 00000000000000000000000111011101101000001001101110010100000000000000000000000000000000001110010110100000100110111001010000000000
      1280 00000000000000000000000011100110101000001001101110010100000000000000000000000000000000000000000111011110101000001001101110010100
      1296 00000000000000000000000000000000111001101010000010011011100101000000000000000000000000000000000011100111101000001001101110010100
      1312 00000000000000000000000000000000000000010100111110100000100110111001010000000000000000000000000000000000110111001010000010011011
      1328 10010100000000000000000000000000000000001110100010100000100110111001010000000000000000000000000000000000000000011101111010100000
      1344 10011011100101000000000000000000000000000000000011101000101000001001101110010100000000000000000000000000000000001110100110100000
      1360 10011011100101000000000000000000000000000000000000000001010011111010000010011011100101000000000000000000000000000000000011011111
      1376 10100000100110111001010000000000000000000000000000000000111010101010000010011011100101000000000000000000000000000000000000000001
      1392 11011110101000001001101110010100000000000000000000000000000000001110101010100000100110111001010000000000000000000000000000000000
      1408 11101011101000001001101110010100000000000000000000000000000000000000000101000010101000001001101110010100000000000000000000000000
      1424 00000000111001001010000010011011100101000000000000000000000000000000000011101100101000001001101110010100000000000000000000000000
      1440 00000000000000010100001110100000100110111001010000000000000000000000000000000000111001111010000010011011100101000000000000000000
      1456 00000000000000001110110110100000100110111001010000000000000000000000000000000000000000010100010010100000100110111001010000000000
      1472 00000000000000000000000011101001101000001001101110010100000000000000000000000000000000001110111010100000100110111001010000000000
      1488 00000000000000000000000000000001010001011010000010011011100101000000000000000000000000000000000011101011101000001001101110010100
      1504 00000000000000000000000000000000111011111010000010011011100101000000000000000000000000000000000000000010111000011010000010011011
      1520 10010100000000000000000000000000000000001110110010100000100110111001010000000000000000000000000000000000111100001010000010011011
      1536 10010100000000000000000000000000000000000000001011101101101000001001101110010100000000000000000000000000000000001111000010100000
      1552 10011011100101000000000000000000000000000000000011110001101000001001101110010100000000000000000000000000000000000000001011101110
      1568 10100000100110111001010000000000000000000000000000000000111100011010000010011011100101000000000000000000000000000000000011110010
      1584 10100000100110111001010000000000000000000000000000000000000000101110111110100000100110111001010000000000000000000000000000000000
      1600 11110010101000001001101110010100000000000000000000000000000000001111001110100000100110111001010000000000000000000000000000000000
      1616 00000001110110011010000010011011100101000000000000000000000000000000000011110011101000001001101110010100000000000000000000000000
      1632 00000000111101001010000010011011100101000000000000000000000000000000000000000100111101001010000010011011100101000000000000000000
      1648 00000000000000001111010010100000100110111001010000000000000000000000000000000000111101011010000010011011100101000000000000000000
      1664 00000000000000000000001011011001101000001001101110010100000000000000000000000000000000001111001110100000100110111001010000000000
      1680 00000000000000000000000011110110101000001001101110010100000000000000000000000000000000000000001111011001101000001001101110010100
      1696 00000000000000000000000000000000111100111010000010011011100101000000000000000000000000000000000011110111101000001001101110010100
      1712 00000000000000000000000000000000000001001101100110100000100110111001010000000000000000000000000000000000110110011010000010011011
      1728 10010100000000000000000000000000000000001111100010100000100110111001010000000000000000000000000000000000000000011011100010100000
      1744 10011011100101000000000000000000000000000000000011110101101000001001101110010100000000000000000000000000000000001111100110100000
      1760 10011011100101000000000000000000000000000000000000000001101110101010000010011011100101000000000000000000000000000000000011110100
      1776 10100000100110111001010000000000000000000000000000000000111110101010000010011011100101000000000000000000000000000000000000000010
      1792 11111001101000001001101110010100000000000000000000000000000000001111101010100000100110111001010000000000000000000000000000000000
      1808 11111011101000001001101110010100000000000000000000000000000000000000000110111100101000001001101110010100000000000000000000000000
      1824 00000000111101101010000010011011100101000000000000000000000000000000000011111100101000001001101110010100000000000000000000000000
      1840 00000000000000101111101110100000100110111001010000000000000000000000000000000000111111001010000010011011100101000000000000000000
      1856 00000000000000001111110110100000100110111001010000000000000000000000000000000000000000011011111010100000100110111001010000000000
      1872 00000000000000000000000011110111101000001001101110010100000000000000000000000000000000001111111010100000100110111001010000000000
      1888 00000000000000000000000000000010111111011010000010011011100101000000000000000000000000000000000011111110101000001001101110010100
      1904 00000000000000000000000000000000111111111010000010011011100101000000000000000000000000000000000000000001101111111010000010011011
      1920 10010100000000000000000000000000000000001111100010100000100110111001010000000000000000000000000000000000000000001010000110011011
      1936 10010100000000000000000000000000000000000000001011111111101000001001101110010100000000000000000000000000000000000000000010100001
      1952 10011011100101000000000000000000000000000000000000000001101000011001101110010100000000000000000000000000000000000000010001010001
      1968 10100000100110111001010000000000000000000000000000000000010100011010000010011011100101000000000000000000000000000000000000000010
      1984 10100001100110111001010000000000000000000000000000000000000001000101001010100000100110111001010000000000000000000000000000000000
      2000 01010010101000001001101110010100000000000000000000000000000000000000001110100001100110111001010000000000000000000000000000000000
      2016 00000001000000101010000110011011100101000000000000000000000000000000000000000011101000011001101110010100000000000000000000000000
      2032 00000000000001001010000110011011100101000000000000000000000000000000000000000100010100111010000010011011100101000000000000000000
      2048 00000000000000000101001110100000100110111001010000000000000000000000000000000000000001011010000110011011100101000000000000000000
      2064 00000000000000000000000100000100101000011001101110010100000000000000000000000000000000000000010110100001100110111001010000000000
      2080 00000000000000000000000000000110101000011001101110010100000000000000000000000000000000000000000101010001101000001001101110010100
      2096 00000000000000000000000000000000000000111010000110011011100101000000000000000000000000000000000000000111101000011001101110010100
      2112 00000000000000000000000000000000000000010000010110100001100110111001010000000000000000000000000000000000000001111010000110011011
      2128 10010100000000000000000000000000000000000000100010100001100110111001010000000000000000000000000000000000000000010101001010100000
      2144 10011011100101000000000000000000000000000000000000000010101000011001101110010100000000000000000000000000000000000000100110100001
      2160 10011011100101000000000000000000000000000000000000000001000001011010000110011011100101000000000000000000000000000000000000001001
      2176 10100001100110111001010000000000000000000000000000000000000010101010000110011011100101000000000000000000000000000000000000000001
      2192 01010001101000001001101110010100000000000000000000000000000000000101001010100000100110111001010000000000000000000000000000000000
      2208 00001011101000011001101110010100000000000000000000000000000000000000000100000101101000011001101110010100000000000000000000000000
      2224 00000000000010111010000110011011100101000000000000000000000000000000000000001100101000011001101110010100000000000000000000000000
      2240 00000000000000010101001110100000100110111001010000000000000000000000000000000000000001001010000110011011100101000000000000000000
      2256 00000000000000000000110110100001100110111001010000000000000000000000000000000000000001000101010010100000100110111001010000000000
      2272 00000000000000000000000001010100101000001001101110010100000000000000000000000000000000000000111010100001100110111001010000000000
      2288 00000000000000000000000000000100010101011010000010011011100101000000000000000000000000000000000001010101101000001001101110010100
      2304 00000000000000000000000000000000000011111010000110011011100101000000000000000000000000000000000000000001000011101010000110011011
      2320 10010100000000000000000000000000000000000000111110100001100110111001010000000000000000000000000000000000000100001010000110011011
      2336 10010100000000000000000000000000000000000000010001010110101000001001101110010100000000000000000000000000000000000101011010100000
      2352 10011011100101000000000000000000000000000000000000010001101000011001101110010100000000000000000000000000000000000000010001010111
      2368 10100000100110111001010000000000000000000000000000000000010101111010000010011011100101000000000000000000000000000000000000010010
      2384 10100001100110111001010000000000000000000000000000000000000000010101010010100000100110111001010000000000000000000000000000000000
      2400 00001111101000011001101110010100000000000000000000000000000000000001001110100001100110111001010000000000000000000000000000000000
      2416 00000001000100011010000110011011100101000000000000000000000000000000000000010011101000011001101110010100000000000000000000000000
      2432 00000000000101001010000110011011100101000000000000000000000000000000000000000001000100101010000110011011100101000000000000000000
      2448 00000000000000000001010010100001100110111001010000000000000000000000000000000000000101011010000110011011100101000000000000000000
      2464 00000000000000000000000101010101101000001001101110010100000000000000000000000000000000000000111010100001100110111001010000000000
      2480 00000000000000000000000000010110101000011001101110010100000000000000000000000000000000000000000100010001101000011001101110010100
      2496 00000000000000000000000000000000000101101010000110011011100101000000000000000000000000000000000000010111101000011001101110010100
      2512 00000000000000000000000000000000000000010001001010100001100110111001010000000000000000000000000000000000000101111010000110011011
      2528 10010100000000000000000000000000000000000001100010100001100110111001010000000000000000000000000000000000000000010101010010100000
      2544 10011011100101000000000000000000000000000000000001010101101000001001101110010100000000000000000000000000000000000001100110100001
      2560 10011011100101000000000000000000000000000000000000000001000100011010000110011011100101000000000000000000000000000000000000011001
      2576 10100001100110111001010000000000000000000000000000000000000110101010000110011011100101000000000000000000000000000000000000000001
      2592 00010010101000011001101110010100000000000000000000000000000000000001101010100001100110111001010000000000000000000000000000000000
      2608 00011011101000011001101110010100000000000000000000000000000000000000000101010110101000001001101110010100000000000000000000000000
      2624 00000000000100001010000110011011100101000000000000000000000000000000000000011100101000011001101110010100000000000000000000000000
      2640 00000000000000010001001010100001100110111001010000000000000000000000000000000000000111001010000110011011100101000000000000000000
      2656 00000000000000000001110110100001100110111001010000000000000000000000000000000000000000010101011010100000100110111001010000000000
      2672 00000000000000000000000000010011101000011001101110010100000000000000000000000000000000000001111010100001100110111001010000000000
      2688 00000000000000000000000000000001000100101010000110011011100101000000000000000000000000000000000000011110101000011001101110010100
      2704 00000000000000000000000000000000000111111010000110011011100101000000000000000000000000000000000000000001010101101010000010011011
      2720 10010100000000000000000000000000000000000001011010100001100110111001010000000000000000000000000000000000001000001010000110011011
      2736 10010100000000000000000000000000000000000000000100010010101000011001101110010100000000000000000000000000000000000010000010100001
      2752 10011011100101000000000000000000000000000000000000100001101000011001101110010100000000000000000000000000000000000000000101000010
      2768 10100000100110111001010000000000000000000000000000000000000110001010000110011011100101000000000000000000000000000000000000100010
      2784 10100001100110111001010000000000000000000000000000000000000000010100001110100000100110111001010000000000000000000000000000000000
      2800 00011011101000011001101110010100000000000000000000000000000000000010001110100001100110111001010000000000000000000000000000000000
      2816 00000001010001001010000010011011100101000000000000000000000000000000000000011101101000011001101110010100000000000000000000000000
      2832 00000000001001001010000110011011100101000000000000000000000000000000000000000001010001011010000010011011100101000000000000000000
      2848 00000000000000000001111110100001100110111001010000000000000000000000000000000000001001011010000110011011100101000000000000000000
      2864 00000000000000000000000100000001101000011001101110010100000000000000000000000000000000000010000110100001100110111001010000000000
      2880 00000000000000000000000000100110101000011001101110010100000000000000000000000000000000000000001000010101101000011001101110010100
      2896 00000000000000000000000000000000001000101010000110011011100101000000000000000000000000000000000000100111101000011001101110010100
      2912 00000000000000000000000000000000000000100010001110100001100110111001010000000000000000000000000000000000001001111010000110011011
      2928 10010100000000000000000000000000000000000010100010100001100110111001010000000000000000000000000000000000000000100010010010100001
      2944 10011011100101000000000000000000000000000000000000101000101000011001101110010100000000000000000000000000000000000010100110100001
      2960 10011011100101000000000000000000000000000000000000000010001001011010000110011011100101000000000000000000000000000000000000101001
      2976 10100001100110111001010000000000000000000000000000000000001010101010000110011011100101000000000000000000000000000000000000000010
      2992 00100110101000011001101110010100000000000000000000000000000000000010101010100001100110111001010000000000000000000000000000000000
      3008 00101011101000011001101110010100000000000000000000000000000000000000010001011000101000001001101110010100000000000000000000000000
      3024 00000000010110001010000010011011100101000000000000000000000000000000000000101100101000011001101110010100000000000000000000000000
      3040 00000000000001000101100110100000100110111001010000000000000000000000000000000000010110011010000010011011100101000000000000000000
      3056 00000000000000000010110110100001100110111001010000000000000000000000000000000000000000010010110010100001100110111001010000000000
      3072 00000000000000000000000000101101101000011001101110010100000000000000000000000000000000000010111010100001100110111001010000000000
      3088 00000000000000000000000000000100010110101010000010011011100101000000000000000000000000000000000001011010101000001001101110010100
      3104 00000000000000000000000000000000001011111010000110011011100101000000000000000000000000000000000000000100010110111010000010011011
      3120 10010100000000000000000000000000000000000101101110100000100110111001010000000000000000000000000000000000001100001010000110011011
      3136 10010100000000000000000000000000000000000000000101011000101000001001101110010100000000000000000000000000000000000010110110100001
      3152 10011011100101000000000000000000000000000000000000110001101000011001101110010100000000000000000000000000000000000000000100101111
      3168 10100001100110111001010000000000000000000000000000000000001100011010000110011011100101000000000000000000000000000000000000110010
      3184 10100001100110111001010000000000000000000000000000000000000000010011000010100001100110111001010000000000000000000000000000000000
      3200 00110010101000011001101110010100000000000000000000000000000000000011001110100001100110111001010000000000000000000000000000000000
      3216 00000001010110011010000010011011100101000000000000000000000000000000000000101100101000011001101110010100000000000000000000000000
      3232 00000000001101001010000110011011100101000000000000000000000000000000000000000001001011111010000110011011100101000000000000000000
      3248 00000000000000000011010010100001100110111001010000000000000000000000000000000000001101011010000110011011100101000000000000000000
      3264 00000000000000000000000100110000101000011001101110010100000000000000000000000000000000000011010110100001100110111001010000000000
      3280 00000000000000000000000000110110101000011001101110010100000000000000000000000000000000000000000101011000101000001001101110010100
      3296 00000000000000000000000000000000010110011010000010011011100101000000000000000000000000000000000000110111101000011001101110010100
      3312 00000000000000000000000000000000000000010010111110100001100110111001010000000000000000000000000000000000001101111010000110011011
      3328 10010100000000000000000000000000000000000011100010100001100110111001010000000000000000000000000000000000000000010011000010100001
      3344 10011011100101000000000000000000000000000000000000111000101000011001101110010100000000000000000000000000000000000011100110100001
      3360 10011011100101000000000000000000000000000000000000000001010110101010000010011011100101000000000000000000000000000000000000101110
      3376 10100001100110111001010000000000000000000000000000000000001110101010000110011011100101000000000000000000000000000000000000000001
      3392 00110000101000011001101110010100000000000000000000000000000000000011101010100001100110111001010000000000000000000000000000000000
      3408 00111011101000011001101110010100000000000000000000000000000000000000000101011010101000001001101110010100000000000000000000000000
      3424 00000000001100011010000110011011100101000000000000000000000000000000000000111100101000011001101110010100000000000000000000000000
      3440 00000000000000010011000010100001100110111001010000000000000000000000000000000000001111001010000110011011100101000000000000000000
      3456 00000000000000000011110110100001100110111001010000000000000000000000000000000000000000010101101010100000100110111001010000000000
      3472 00000000000000000000000000110100101000011001101110010100000000000000000000000000000000000011111010100001100110111001010000000000
      3488 00000000000000000000000000000001001100001010000110011011100101000000000000000000000000000000000000111110101000011001101110010100
      3504 00000000000000000000000000000000001111111010000110011011100101000000000000000000000000000000000000000001010000101010000010011011
      3520 10010100000000000000000000000000000000000011011010100001100110111001010000000000000000000000000000000000010000001010000110011011
      3536 10010100000000000000000000000000000000000000000101000011101000001001101110010100000000000000000000000000000000000011100110100001
      3552 10011011100101000000000000000000000000000000000001000001101000011001101110010100000000000000000000000000000000000000000101000100
      3568 10100000100110111001010000000000000000000000000000000000001110111010000110011011100101000000000000000000000000000000000001000010
      3584 10100001100110111001010000000000000000000000000000000000000000010100010110100000100110111001010000000000000000000000000000000000
      3600 00111101101000011001101110010100000000000000000000000000000000000100001110100001100110111001010000000000000000000000000000000000
      3616 00000001000000011010000110011011100101000000000000000000000000000000000000111111101000011001101110010100000000000000000000000000
      3632 00000000010001001010000110011011100101000000000000000000000000000000000000000010001100111010000110011011100101000000000000000000
      3648 00000000000000000100000010100001100110111001010000000000000000000000000000000000010001011010000110011011100101000000000000000000
      3664 00000000000000000000001001000001101000011001101110010100000000000000000000000000000000000100010110100001100110111001010000000000
      3680 00000000000000000000000001000110101000011001101110010100000000000000000000000000000000000000001001000010101000011001101110010100
      3696 00000000000000000000000000000000010001101010000110011011100101000000000000000000000000000000000001000111101000011001101110010100
      3712 00000000000000000000000000000000000000100100001110100001100110111001010000000000000000000000000000000000010001111010000110011011
      3728 10010100000000000000000000000000000000000100100010100001100110111001010000000000000000000000000000000000000000100100010010100001
      3744 10011011100101000000000000000000000000000000000001001000101000011001101110010100000000000000000000000000000000000100100110100001
      3760 10011011100101000000000000000000000000000000000000000001001010111010000110011011100101000000000000000000000000000000000001001001
      3776 10100001100110111001010000000000000000000000000000000000010010101010000110011011100101000000000000000000000000000000000000000100
      3792 01001010101000011001101110010100000000000000000000000000000000000100101010100001100110111001010000000000000000000000000000000000
      3808 01001011101000011001101110010100000000000000000000000000000000000000001000101011101000011001101110010100000000000000000000000000
      3824 00000000010010011010000110011011100101000000000000000000000000000000000001001100101000011001101110010100000000000000000000000000
      3840 00000000000000110010101110100001100110111001010000000000000000000000000000000000010010011010000110011011100101000000000000000000
      3856 00000000000000000100110110100001100110111001010000000000000000000000000000000000000001000010101110100001100110111001010000000000
      3872 00000000000000000000000000101011101000011001101110010100000000000000000000000000000000000100111010100001100110111001010000000000
      3888 00000000000000000000000000000001000001101010000110011011100101000000000000000000000000000000000001001011101000011001101110010100
      3904 00000000000000000000000000000000010011111010000110011011100101000000000000000000000000000000000000000001000010001010000110011011
      3920 10010100000000000000000000000000000000000100101010100001100110111001010000000000000000000000000000000000010100001010000110011011
      3936 10010100000000000000000000000000000000000000001001001111101000011001101110010100000000000000000000000000000000000101000010100001
      3952 10011011100101000000000000000000000000000000000001010001101000011001101110010100000000000000000000000000000000000000000100001010
      3968 10100001100110111001010000000000000000000000000000000000010011001010000110011011100101000000000000000000000000000000000001010010
      3984 10100001100110111001010000000000000000000000000000000000000000100101000110100001100110111001010000000000000000000000000000000000
      4000 01010010101000011001101110010100000000000000000000000000000000000101001110100001100110111001010000000000000000000000000000000000
      4016 00000001000011001010000110011011100101000000000000000000000000000000000001001101101000011001101110010100000000000000000000000000
      4032 00000000010101001010000110011011100101000000000000000000000000000000000000000010010100111010000110011011100101000000000000000000
      4048 00000000000000000101010010100001100110111001010000000000000000000000000000000000010101011010000110011011100101000000000000000000
      4064 00000000000000000000000100001101101000011001101110010100000000000000000000000000000000000100111010100001100110111001010000000000
      4080 00000000000000000000000001010110101000011001101110010100000000000000000000000000000000000000001001010101101000011001101110010100
      4096 00000000000000000000000000000000010101101010000110011011100101000000000000000000000000000000000001010111101000011001101110010100
      4112 00000000000000000000000000000000000001000101110010100000100110111001010000000000000000000000000000000000010111001010000010011011
      4128 10010100000000000000000000000000000000000101100010100001100110111001010000000000000000000000000000000000000001000101110110100000
      4144 10011011100101000000000000000000000000000000000001011101101000001001101110010100000000000000000000000000000000000101100110100001
      4160 10011011100101000000000000000000000000000000000000000001010110001010000110011011100101000000000000000000000000000000000001011001
      4176 10100001100110111001010000000000000000000000000000000000010110101010000110011011100101000000000000000000000000000000000000000100
      4192 01011110101000001001101110010100000000000000000000000000000000000101111010100000100110111001010000000000000000000000000000000000
      4208 01011011101000011001101110010100000000000000000000000000000000000000000101011010101000011001101110010100000000000000000000000000
      4224 00000000010110111010000110011011100101000000000000000000000000000000000001011100101000011001101110010100000000000000000000000000
      4240 00000000000000010101110010100000100110111001010000000000000000000000000000000000010110011010000110011011100101000000000000000000
      4256 00000000000000000101110110100001100110111001010000000000000000000000000000000000000000010101101110100001100110111001010000000000
      4272 00000000000000000000000001011101101000011001101110010100000000000000000000000000000000000101111010100001100110111001010000000000
      4288 00000000000000000000000000000001010111011010000010011011100101000000000000000000000000000000000001011000101000011001101110010100
      4304 00000000000000000000000000000000010111111010000110011011100101000000000000000000000000000000000000000001010110111010000110011011
      4320 10010100000000000000000000000000000000000101111110100001100110111001010000000000000000000000000000000000011000001010000110011011
      4336 10010100000000000000000000000000000000000000000101011100101000001001101110010100000000000000000000000000000000000101110110100000
      4352 10011011100101000000000000000000000000000000000001100001101000011001101110010100000000000000000000000000000000000000000101011011
      4368 10100001100110111001010000000000000000000000000000000000011000011010000110011011100101000000000000000000000000000000000001100010
      4384 10100001100110111001010000000000000000000000000000000000000000010101111010100000100110111001010000000000000000000000000000000000
      4400 01011010101000011001101110010100000000000000000000000000000000000110001110100001100110111001010000000000000000000000000000000000
      4416 00000100010111111010000010011011100101000000000000000000000000000000000001011111101000001001101110010100000000000000000000000000
      4432 00000000011001001010000110011011100101000000000000000000000000000000000000000100011000001010000010011011100101000000000000000000
      4448 00000000000000000110000010100000100110111001010000000000000000000000000000000000011001011010000110011011100101000000000000000000
      4464 00000000000000000000000101100100101000011001101110010100000000000000000000000000000000000110010110100001100110111001010000000000
      4480 00000000000000000000000001100110101000011001101110010100000000000000000000000000000000000000010001100001101000001001101110010100
      4496 00000000000000000000000000000000011000011010000010011011100101000000000000000000000000000000000001100111101000011001101110010100
      4512 00000000000000000000000000000000000001000110001010100000100110111001010000000000000000000000000000000000011000101010000010011011
      4528 10010100000000000000000000000000000000000110100010100001100110111001010000000000000000000000000000000000000000010101111110100000
      4544 10011011100101000000000000000000000000000000000001100101101000011001101110010100000000000000000000000000000000000110100110100001
      4560 10011011100101000000000000000000000000000000000000000001011001111010000110011011100101000000000000000000000000000000000001101001
      4576 10100001100110111001010000000000000000000000000000000000011010101010000110011011100101000000000000000000000000000000000000000001
      4592 01101000101000011001101110010100000000000000000000000000000000000110101010100001100110111001010000000000000000000000000000000000
      4608 01101011101000011001101110010100000000000000000000000000000000000000000101100000101000001001101110010100000000000000000000000000
      4624 00000000011001001010000110011011100101000000000000000000000000000000000001101100101000011001101110010100000000000000000000000000
      4640 00000000000000010110011110100001100110111001010000000000000000000000000000000000011011001010000110011011100101000000000000000000
      4656 00000000000000000110110110100001100110111001010000000000000000000000000000000000000000010110100010100001100110111001010000000000
      4672 00000000000000000000000001101101101000011001101110010100000000000000000000000000000000000110111010100001100110111001010000000000
      4688 00000000000000000000000000000001010111111010000010011011100101000000000000000000000000000000000001100000101000001001101110010100
      4704 00000000000000000000000000000000011011111010000110011011100101000000000000000000000000000000000000000001011001111010000110011011
      4720 10010100000000000000000000000000000000000110111110100001100110111001010000000000000000000000000000000000011100001010000110011011
      4736 10010100000000000000000000000000000000000000000101101000101000011001101110010100000000000000000000000000000000000111000010100001
      4752 10011011100101000000000000000000000000000000000001110001101000011001101110010100000000000000000000000000000000000000000101100001
      4768 10100000100110111001010000000000000000000000000000000000011001101010000110011011100101000000000000000000000000000000000001110010
      4784 10100001100110111001010000000000000000000000000000000000000000010110100010100001100110111001010000000000000000000000000000000000
      4800 01110010101000011001101110010100000000000000000000000000000000000111001110100001100110111001010000000000000000000000000000000000
      4816 00000001011000011010000010011011100101000000000000000000000000000000000001101001101000011001101110010100000000000000000000000000
      4832 00000000011101001010000110011011100101000000000000000000000000000000000000000001011010001010000110011011100101000000000000000000
      4848 00000000000000000111010010100001100110111001010000000000000000000000000000000000011101011010000110011011100101000000000000000000
      4864 00000000000000000000000101100001101000001001101110010100000000000000000000000000000000000110110010100001100110111001010000000000
      4880 00000000000000000000000001110110101000011001101110010100000000000000000000000000000000000000000101101000101000011001101110010100
      4896 00000000000000000000000000000000011101101010000110011011100101000000000000000000000000000000000001110111101000011001101110010100
      4912 00000000000000000000000000000000000000010110000110100000100110111001010000000000000000000000000000000000011011111010000110011011
      4928 10010100000000000000000000000000000000000111100010100001100110111001010000000000000000000000000000000000000000010110100010100001
      4944 10011011100101000000000000000000000000000000000001111000101000011001101110010100000000000000000000000000000000000111100110100001
      4960 10011011100101000000000000000000000000000000000000000001010000101010000010011011100101000000000000000000000000000000000001101110
      4976 10100001100110111001010000000000000000000000000000000000011110101010000110011011100101000000000000000000000000000000000000000001
      4992 01000011101000001001101110010100000000000000000000000000000000000111000110100001100110111001010000000000000000000000000000000000
      5008 01111011101000011001101110010100000000000000000000000000000000000000000101000100101000001001101110010100000000000000000000000000
      5024 00000000011100111010000110011011100101000000000000000000000000000000000001111100101000011001101110010100000000000000000000000000
      5040 00000000000000010100010110100000100110111001010000000000000000000000000000000000011101011010000110011011100101000000000000000000
      5056 00000000000000000111110110100001100110111001010000000000000000000000000000000000000000010000000110100001100110111001010000000000
      5072 00000000000000000000000001110111101000011001101110010100000000000000000000000000000000000111111010100001100110111001010000000000
      5088 00000000000000000000000000000001010101111010000110011011100101000000000000000000000000000000000001111001101000011001101110010100
      5104 00000000000000000000000000000000011111111010000110011011100101000000000000000000000000000000000000000010011010111010000110011011
      5120 10010100000000000000000000000000000000000111101010100001100110111001010000000000000000000000000000000000100000001010000110011011
      5136 10010100000000000000000000000000000000000000001001111011101000011001101110010100000000000000000000000000000000001000000010100001
      5152 10011011100101000000000000000000000000000000000010000001101000011001101110010100000000000000000000000000000000000000001001111100
      5168 10100001100110111001010000000000000000000000000000000000100000011010000110011011100101000000000000000000000000000000000010000010
      5184 10100001100110111001010000000000000000000000000000000000000000100111110110100001100110111001010000000000000000000000000000000000
      5200 10000010101000011001101110010100000000000000000000000000000000001000001110100001100110111001010000000000000000000000000000000000
      5216 00000010011111101010000110011011100101000000000000000000000000000000000010000011101000011001101110010100000000000000000000000000
      5232 00000000100001001010000110011011100101000000000000000000000000000000000000000010011111111010000110011011100101000000000000000000
      5248 00000000000000001000010010100001100110111001010000000000000000000000000000000000100001011010000110011011100101000000000000000000
      5264 00000000000000000000010001100011101000001001101110010100000000000000000000000000000000000110001110100000100110111001010000000000
      5280 00000000000000000000000010000110101000011001101110010100000000000000000000000000000000000000010001100100101000001001101110010100
      5296 00000000000000000000000000000000011001001010000010011011100101000000000000000000000000000000000010000111101000011001101110010100
      5312 00000000000000000000000000000000000000011000011010100001100110111001010000000000000000000000000000000000100001111010000110011011
      5328 10010100000000000000000000000000000000001000100010100001100110111001010000000000000000000000000000000000000001000110010110100000
      5344 10011011100101000000000000000000000000000000000001100101101000001001101110010100000000000000000000000000000000001000100110100001
      5360 10011011100101000000000000000000000000000000000000000100011001101010000010011011100101000000000000000000000000000000000001100110
      5376 10100000100110111001010000000000000000000000000000000000100010101010000110011011100101000000000000000000000000000000000000000001
      5392 01100011101000001001101110010100000000000000000000000000000000001000011110100001100110111001010000000000000000000000000000000000
      5408 10001011101000011001101110010100000000000000000000000000000000000000000110001001101000011001101110010100000000000000000000000000
      5424 00000000100010111010000110011011100101000000000000000000000000000000000010001100101000011001101110010100000000000000000000000000
      5440 00000000000000011000101010100001100110111001010000000000000000000000000000000000100011001010000110011011100101000000000000000000
      5456 00000000000000001000110110100001100110111001010000000000000000000000000000000000000000010110010010100000100110111001010000000000
      5472 00000000000000000000000010000110101000011001101110010100000000000000000000000000000000001000111010100001100110111001010000000000
      5488 00000000000000000000000000000001100010011010000110011011100101000000000000000000000000000000000010001110101000011001101110010100
      5504 00000000000000000000000000000000100011111010000110011011100101000000000000000000000000000000000000000001100010101010000110011011
      5520 10010100000000000000000000000000000000001000111110100001100110111001010000000000000000000000000000000000100100001010000110011011
      5536 10010100000000000000000000000000000000000000000101100011101000001001101110010100000000000000000000000000000000000110010010100000
      5552 10011011100101000000000000000000000000000000000010010001101000011001101110010100000000000000000000000000000000000000000110001001
      5568 10100001100110111001010000000000000000000000000000000000100100011010000110011011100101000000000000000000000000000000000010010010
      5584 10100001100110111001010000000000000000000000000000000000000000011000101010100001100110111001010000000000000000000000000000000000
      5600 10010010101000011001101110010100000000000000000000000000000000001001001110100001100110111001010000000000000000000000000000000000
      5616 00000001011001011010000010011011100101000000000000000000000000000000000010001000101000011001101110010100000000000000000000000000
      5632 00000000100101001010000110011011100101000000000000000000000000000000000000000001100010101010000110011011100101000000000000000000
      5648 00000000000000001001010010100001100110111001010000000000000000000000000000000000100101011010000110011011100101000000000000000000
      5664 00000000000000000000000101100101101000001001101110010100000000000000000000000000000000001000101110100001100110111001010000000000
      5680 00000000000000000000000010010110101000011001101110010100000000000000000000000000000000000000000110001010101000011001101110010100
      5696 00000000000000000000000000000000100101101010000110011011100101000000000000000000000000000000000010010111101000011001101110010100
      5712 00000000000000000000000000000000000000010110010110100000100110111001010000000000000000000000000000000000100011101010000110011011
      5728 10010100000000000000000000000000000000001001100010100001100110111001010000000000000000000000000000000000000000011000101010100001
      5744 10011011100101000000000000000000000000000000000010011000101000011001101110010100000000000000000000000000000000001001100110100001
      5760 10011011100101000000000000000000000000000000000000000001011001011010000010011011100101000000000000000000000000000000000010010001
      5776 10100001100110111001010000000000000000000000000000000000100110101010000110011011100101000000000000000000000000000000000000000001
      5792 10001010101000011001101110010100000000000000000000000000000000001001101010100001100110111001010000000000000000000000000000000000
      5808 10011011101000011001101110010100000000000000000000000000000000000000000101000010101000001001101110010100000000000000000000000000
      5824 00000000100100001010000110011011100101000000000000000000000000000000000010011100101000011001101110010100000000000000000000000000
      5840 00000000000000010100001110100000100110111001010000000000000000000000000000000000100100111010000110011011100101000000000000000000
      5856 00000000000000001001110110100001100110111001010000000000000000000000000000000000000000010100010010100000100110111001010000000000
      5872 00000000000000000000000010010101101000011001101110010100000000000000000000000000000000001001111010100001100110111001010000000000
      5888 00000000000000000000000000000001010001011010000010011011100101000000000000000000000000000000000010010111101000011001101110010100
      5904 00000000000000000000000000000000100111111010000110011011100101000000000000000000000000000000000000000001000000011010000110011011
      5920 10010100000000000000000000000000000000001001100110100001100110111001010000000000000000000000000000000000101000001010000110011011
      5936 10010100000000000000000000000000000000000000000101010111101000011001101110010100000000000000000000000000000000001001101110100001
      5952 10011011100101000000000000000000000000000000000010100001101000011001101110010100000000000000000000000000000000000000001010001101
      5968 10100001100110111001010000000000000000000000000000000000100111001010000110011011100101000000000000000000000000000000000010100010
      5984 10100001100110111001010000000000000000000000000000000000000000101001110110100001100110111001010000000000000000000000000000000000
      6000 10100010101000011001101110010100000000000000000000000000000000001010001110100001100110111001010000000000000000000000000000000000
      6016 00000010100111101010000110011011100101000000000000000000000000000000000010100011101000011001101110010100000000000000000000000000
      6032 00000000101001001010000110011011100101000000000000000000000000000000000000000010100111111010000110011011100101000000000000000000
      6048 00000000000000001010010010100001100110111001010000000000000000000000000000000000101001011010000110011011100101000000000000000000
      6064 00000000000000000000001010100000101000011001101110010100000000000000000000000000000000001010010110100001100110111001010000000000
      6080 00000000000000000000000010100110101000011001101110010100000000000000000000000000000000000000001010100001101000011001101110010100
      6096 00000000000000000000000000000000101001101010000110011011100101000000000000000000000000000000000010100111101000011001101110010100
      6112 00000000000000000000000000000000000000011000010110100001100110111001010000000000000000000000000000000000101001111010000110011011
      6128 10010100000000000000000000000000000000001010100010100001100110111001010000000000000000000000000000000000000001001010100010100001
      6144 10011011100101000000000000000000000000000000000010101000101000011001101110010100000000000000000000000000000000001010100110100001
      6160 10011011100101000000000000000000000000000000000000000010100001011010000110011011100101000000000000000000000000000000000010100111
      6176 10100001100110111001010000000000000000000000000000000000101010101010000110011011100101000000000000000000000000000000000000000011
      6192 10000101101000011001101110010100000000000000000000000000000000001010011110100001100110111001010000000000000000000000000000000000
      6208 10101011101000011001101110010100000000000000000000000000000000000000010010000101101000011001101110010100000000000000000000000000
      6224 00000000100001011010000110011011100101000000000000000000000000000000000010101100101000011001101110010100000000000000000000000000
      6240 00000000000000010101110010100001100110111001010000000000000000000000000000000000101010011010000110011011100101000000000000000000
      6256 00000000000000001010110110100001100110111001010000000000000000000000000000000000000000010101111010100001100110111001010000000000
      6272 00000000000000000000000010101000101000011001101110010100000000000000000000000000000000001010111010100001100110111001010000000000
      6288 00000000000000000000000000000010101011011010000110011011100101000000000000000000000000000000000010101110101000011001101110010100
      6304 00000000000000000000000000000000101011111010000110011011100101000000000000000000000000000000000000000001011000001010000110011011
      6320 10010100000000000000000000000000000000001010101010100001100110111001010000000000000000000000000000000000101100001010000110011011
      6336 10010100000000000000000000000000000000000000001010101111101000011001101110010100000000000000000000000000000000001011000010100001
      6352 10011011100101000000000000000000000000000000000010110001101000011001101110010100000000000000000000000000000000000000000101100010
      6368 10100001100110111001010000000000000000000000000000000000101010111010000110011011100101000000000000000000000000000000000010110010
      6384 10100001100110111001010000000000000000000000000000000000000000101011000110100001100110111001010000000000000000000000000000000000
      6400 10110010101000011001101110010100000000000000000000000000000000001011001110100001100110111001010000000000000000000000000000000000
      6416 00000001011000111010000110011011100101000000000000000000000000000000000010101100101000011001101110010100000000000000000000000000
      6432 00000000101101001010000110011011100101000000000000000000000000000000000000000010101100111010000110011011100101000000000000000000
      6448 00000000000000001011010010100001100110111001010000000000000000000000000000000000101101011010000110011011100101000000000000000000
      6464 00000000000000000000010001100111101000001001101110010100000000000000000000000000000000000110011110100000100110111001010000000000
      6480 00000000000000000000000010110110101000011001101110010100000000000000000000000000000000000000010001101000101000001001101110010100
      6496 00000000000000000000000000000000011010001010000010011011100101000000000000000000000000000000000010110111101000011001101110010100
      6512 00000000000000000000000000000000000000011011011010100001100110111001010000000000000000000000000000000000101101111010000110011011
      6528 10010100000000000000000000000000000000001011100010100001100110111001010000000000000000000000000000000000000001000110100110100000
      6544 10011011100101000000000000000000000000000000000001101001101000001001101110010100000000000000000000000000000000001011100110100001
      6560 10011011100101000000000000000000000000000000000000000001101110001010000110011011100101000000000000000000000000000000000010111001
      6576 10100001100110111001010000000000000000000000000000000000101110101010000110011011100101000000000000000000000000000000000000000001
      6592 01100111101000001001101110010100000000000000000000000000000000001011011110100001100110111001010000000000000000000000000000000000
      6608 10111011101000011001101110010100000000000000000000000000000000000000000110111001101000011001101110010100000000000000000000000000
      6624 00000000101110111010000110011011100101000000000000000000000000000000000010111100101000011001101110010100000000000000000000000000
      6640 00000000000000010110100010100000100110111001010000000000000000000000000000000000101101101010000110011011100101000000000000000000
      6656 00000000000000001011110110100001100110111001010000000000000000000000000000000000000000011011100110100001100110111001010000000000
      6672 00000000000000000000000010111101101000011001101110010100000000000000000000000000000000001011111010100001100110111001010000000000
      6688 00000000000000000000000000000001011001111010000010011011100101000000000000000000000000000000000001101000101000001001101110010100
      6704 00000000000000000000000000000000101111111010000110011011100101000000000000000000000000000000000000000001101110011010000110011011
      6720 10010100000000000000000000000000000000001011111110100001100110111001010000000000000000000000000000000000110000001010000110011011
      6736 10010100000000000000000000000000000000000000000101101001101000001001101110010100000000000000000000000000000000001011100010100001
      6752 10011011100101000000000000000000000000000000000011000001101000011001101110010100000000000000000000000000000000000000010001101010
      6768 10100000100110111001010000000000000000000000000000000000011010101010000010011011100101000000000000000000000000000000000011000010
      6784 10100001100110111001010000000000000000000000000000000000000001000110101110100000100110111001010000000000000000000000000000000000
      6800 01101011101000001001101110010100000000000000000000000000000000001100001110100001100110111001010000000000000000000000000000000000
      6816 00000001110000101010000110011011100101000000000000000000000000000000000011000011101000011001101110010100000000000000000000000000
      6832 00000000110001001010000110011011100101000000000000000000000000000000000000000100011011001010000010011011100101000000000000000000
      6848 00000000000000000110110010100000100110111001010000000000000000000000000000000000110001011010000110011011100101000000000000000000
      6864 00000000000000000000000111000100101000011001101110010100000000000000000000000000000000001100010110100001100110111001010000000000
      6880 00000000000000000000000011000110101000011001101110010100000000000000000000000000000000000000010001101101101000001001101110010100
      6896 00000000000000000000000000000000011011011010000010011011100101000000000000000000000000000000000011000111101000011001101110010100
      6912 00000000000000000000000000000000000000010110101010100000100110111001010000000000000000000000000000000000110000111010000110011011
      6928 10010100000000000000000000000000000000001100100010100001100110111001010000000000000000000000000000000000000000011100010110100001
      6944 10011011100101000000000000000000000000000000000011001000101000011001101110010100000000000000000000000000000000001100100110100001
      6960 10011011100101000000000000000000000000000000000000000001110001111010000110011011100101000000000000000000000000000000000011001001
      6976 10100001100110111001010000000000000000000000000000000000110010101010000110011011100101000000000000000000000000000000000000000001
      6992 01101011101000001001101110010100000000000000000000000000000000001100001010100001100110111001010000000000000000000000000000000000
      7008 11001011101000011001101110010100000000000000000000000000000000000000000111000101101000011001101110010100000000000000000000000000
      7024 00000000110010111010000110011011100101000000000000000000000000000000000011001100101000011001101110010100000000000000000000000000
      7040 00000000000000011100011110100001100110111001010000000000000000000000000000000000110011001010000110011011100101000000000000000000
      7056 00000000000000001100110110100001100110111001010000000000000000000000000000000000000000010110101010100000100110111001010000000000
      7072 00000000000000000000000001101011101000001001101110010100000000000000000000000000000000001100111010100001100110111001010000000000
      7088 00000000000000000000000000000001110001011010000110011011100101000000000000000000000000000000000011001110101000011001101110010100
      7104 00000000000000000000000000000000110011111010000110011011100101000000000000000000000000000000000000000001110001111010000110011011
      7120 10010100000000000000000000000000000000001100111110100001100110111001010000000000000000000000000000000000110100001010000110011011
      7136 10010100000000000000000000000000000000000000000101101100101000001001101110010100000000000000000000000000000000001100010010100001
      7152 10011011100101000000000000000000000000000000000011010001101000011001101110010100000000000000000000000000000000000000000111000111
      7168 10100001100110111001010000000000000000000000000000000000110100011010000110011011100101000000000000000000000000000000000011010010
      7184 10100001100110111001010000000000000000000000000000000000000000010110110010100000100110111001010000000000000000000000000000000000
      7200 11001000101000011001101110010100000000000000000000000000000000001101001110100001100110111001010000000000000000000000000000000000
      7216 00000001110001111010000110011011100101000000000000000000000000000000000011010011101000011001101110010100000000000000000000000000
      7232 00000000110101001010000110011011100101000000000000000000000000000000000000000001011011001010000010011011100101000000000000000000
      7248 00000000000000001100101110100001100110111001010000000000000000000000000000000000110101011010000110011011100101000000000000000000
      7264 00000000000000000000000111000111101000011001101110010100000000000000000000000000000000001101010110100001100110111001010000000000
      7280 00000000000000000000000011010110101000011001101110010100000000000000000000000000000000000000000101101100101000001001101110010100
      7296 00000000000000000000000000000000110011101010000110011011100101000000000000000000000000000000000011010111101000011001101110010100
      7312 00000000000000000000000000000000000000011100011110100001100110111001010000000000000000000000000000000000110101111010000110011011
      7328 10010100000000000000000000000000000000001101100010100001100110111001010000000000000000000000000000000000000000010110110110100000
      7344 10011011100101000000000000000000000000000000000011000110101000011001101110010100000000000000000000000000000000001101100110100001
      7360 10011011100101000000000000000000000000000000000000000001010000101010000010011011100101000000000000000000000000000000000011001101
      7376 10100001100110111001010000000000000000000000000000000000110110101010000110011011100101000000000000000000000000000000000000000001
      7392 01000011101000001001101110010100000000000000000000000000000000001101000010100001100110111001010000000000000000000000000000000000
      7408 11011011101000011001101110010100000000000000000000000000000000000000000101000100101000001001101110010100000000000000000000000000
      7424 00000000110100101010000110011011100101000000000000000000000000000000000011011100101000011001101110010100000000000000000000000000
      7440 00000000000000010100010110100000100110111001010000000000000000000000000000000000110101001010000110011011100101000000000000000000
      7456 00000000000000001101110110100001100110111001010000000000000000000000000000000000000000010000000110100001100110111001010000000000
      7472 00000000000000000000000011010110101000011001101110010100000000000000000000000000000000001101111010100001100110111001010000000000
      7488 00000000000000000000000000000001010101111010000110011011100101000000000000000000000000000000000011011000101000011001101110010100
      7504 00000000000000000000000000000000110111111010000110011011100101000000000000000000000000000000000000000001101101011010000110011011
      7520 10010100000000000000000000000000000000001101100110100001100110111001010000000000000000000000000000000000111000001010000110011011
      7536 10010100000000000000000000000000000000000000001011001010101000011001101110010100000000000000000000000000000000001101101010100001
      7552 10011011100101000000000000000000000000000000000011100001101000011001101110010100000000000000000000000000000000000000001011011011
      7568 10100001100110111001010000000000000000000000000000000000111000011010000110011011100101000000000000000000000000000000000011100010
      7584 10100001100110111001010000000000000000000000000000000000000000101101110010100001100110111001010000000000000000000000000000000000
      7600 11100010101000011001101110010100000000000000000000000000000000001110001110100001100110111001010000000000000000000000000000000000
      7616 00000010110111011010000110011011100101000000000000000000000000000000000011100011101000011001101110010100000000000000000000000000
      7632 00000000111001001010000110011011100101000000000000000000000000000000000000000010110111101010000110011011100101000000000000000000
      7648 00000000000000001110010010100001100110111001010000000000000000000000000000000000111001011010000110011011100101000000000000000000
      7664 00000000000000000000001011011111101000011001101110010100000000000000000000000000000000001110010110100001100110111001010000000000
      7680 00000000000000000000000011100110101000011001101110010100000000000000000000000000000000000000001011100000101000011001101110010100
      7696 00000000000000000000000000000000111001101010000110011011100101000000000000000000000000000000000011100111101000011001101110010100
      7712 00000000000000000000000000000000000001000110111010100000100110111001010000000000000000000000000000000000011011101010000010011011
      7728 10010100000000000000000000000000000000001110100010100001100110111001010000000000000000000000000000000000000001000110111110100000
      7744 10011011100101000000000000000000000000000000000001101111101000001001101110010100000000000000000000000000000000001110100110100001
      7760 10011011100101000000000000000000000000000000000000000001111010001010000110011011100101000000000000000000000000000000000011101001
      7776 10100001100110111001010000000000000000000000000000000000111010101010000110011011100101000000000000000000000000000000000000000100
      7792 01110000101000001001101110010100000000000000000000000000000000000111000010100000100110111001010000000000000000000000000000000000
      7808 11101011101000011001101110010100000000000000000000000000000000000000000111101010101000011001101110010100000000000000000000000000
      7824 00000000111010111010000110011011100101000000000000000000000000000000000011101100101000011001101110010100000000000000000000000000
      7840 00000000000001000111000110100000100110111001010000000000000000000000000000000000011100011010000010011011100101000000000000000000
      7856 00000000000000001110110110100001100110111001010000000000000000000000000000000000000000010110111010100000100110111001010000000000
      7872 00000000000000000000000011101001101000011001101110010100000000000000000000000000000000001110111010100001100110111001010000000000
      7888 00000000000000000000000000000001111010111010000110011011100101000000000000000000000000000000000011101110101000011001101110010100
      7904 00000000000000000000000000000000111011111010000110011011100101000000000000000000000000000000000000000001111011011010000110011011
      7920 10010100000000000000000000000000000000001110111110100001100110111001010000000000000000000000000000000000111100001010000110011011
      7936 10010100000000000000000000000000000000000000000101101111101000001001101110010100000000000000000000000000000000001110100010100001
      7952 10011011100101000000000000000000000000000000000011110001101000011001101110010100000000000000000000000000000000000000000111101011
      7968 10100001100110111001010000000000000000000000000000000000111100011010000110011011100101000000000000000000000000000000000011110010
      7984 10100001100110111001010000000000000000000000000000000000000000011110110110100001100110111001010000000000000000000000000000000000
      8000 11110010101000011001101110010100000000000000000000000000000000001111001110100001100110111001010000000000000000000000000000000000
      8016 00000001011011101010000010011011100101000000000000000000000000000000000001101111101000001001101110010100000000000000000000000000
      8032 00000000111101001010000110011011100101000000000000000000000000000000000000000001111010111010000110011011100101000000000000000000
      8048 00000000000000001111010010100001100110111001010000000000000000000000000000000000111101011010000110011011100101000000000000000000
      8064 00000000000000000000000111101101101000011001101110010100000000000000000000000000000000001111010110100001100110111001010000000000
      8080 00000000000000000000000011110110101000011001101110010100000000000000000000000000000000000000000101110000101000001001101110010100
      8096 00000000000000000000000000000000111010101010000110011011100101000000000000000000000000000000000011110111101000011001101110010100
      8112 00000000000000000000000000000000000000011110110110100001100110111001010000000000000000000000000000000000111101111010000110011011
      8128 10010100000000000000000000000000000000001111100010100001100110111001010000000000000000000000000000000000000000010111000010100000
      8144 10011011100101000000000000000000000000000000000011101110101000011001101110010100000000000000000000000000000000001111100110100001
      8160 10011011100101000000000000000000000000000000000000000001111011011010000110011011100101000000000000000000000000000000000011111001
      8176 10100001100110111001010000000000000000000000000000000000111110101010000110011011100101000000000000000000000000000000000000000001
      8192 01110000101000001001101110010100000000000000000000000000000000001111000110100001100110111001010000000000000000000000000000000000
      8208 11111011101000011001101110010100000000000000000000000000000000000000000111101101101000011001101110010100000000000000000000000000
      8224 00000000111110111010000110011011100101000000000000000000000000000000000011111100101000011001101110010100000000000000000000000000
      8240 00000000000000010111000010100000100110111001010000000000000000000000000000000000111101001010000110011011100101000000000000000000
      8256 00000000000000001111110110100001100110111001010000000000000000000000000000000000000000011110110110100001100110111001010000000000
      8272 00000000000000000000000011111101101000011001101110010100000000000000000000000000000000001111111010100001100110111001010000000000
      8288 00000000000000000000000000000001011100011010000010011011100101000000000000000000000000000000000011101100101000011001101110010100
      8304 00000000000000000000000000000000111111111010000110011011100101000000000000000000000000000000000000000001010000101010000010011011
      8320 10010100000000000000000000000000000000001111001110100001100110111001010000000000000000000000000000000000000000001010001010011011
      8336 10010100000000000000000000000000000000000000000101000011101000001001101110010100000000000000000000000000000000001111011010100001
      8352 10011011100101000000000000000000000000000000000000000001101000101001101110010100000000000000000000000000000000000000000101000100
      8368 10100000100110111001010000000000000000000000000000000000111110001010000110011011100101000000000000000000000000000000000000000010
      8384 10100010100110111001010000000000000000000000000000000000000000010100010110100000100110111001010000000000000000000000000000000000
      8400 11111010101000011001101110010100000000000000000000000000000000000000001110100010100110111001010000000000000000000000000000000000
      8416 00000001000000011010000110011011100101000000000000000000000000000000000011111100101000011001101110010100000000000000000000000000
      8432 00000000000001001010001010011011100101000000000000000000000000000000000000000001010101111010000110011011100101000000000000000000
      8448 00000000000000001111111010100001100110111001010000000000000000000000000000000000000001011010001010011011100101000000000000000000
      8464 00000000000000000000000110110101101000011001101110010100000000000000000000000000000000001111111110100001100110111001010000000000
      8480 00000000000000000000000000000110101000101001101110010100000000000000000000000000000000000000001011110000101000011001101110010100
      8496 00000000000000000000000000000000000000001010001010011011100101000000000000000000000000000000000000000111101000101001101110010100
      8512 00000000000000000000000000000000000000100000000110100010100110111001010000000000000000000000000000000000000001111010001010011011
      8528 10010100000000000000000000000000000000000000100010100010100110111001010000000000000000000000000000000000000000100000001010100010
      8544 10011011100101000000000000000000000000000000000000001000101000101001101110010100000000000000000000000000000000000000100110100010
      8560 10011011100101000000000000000000000000000000000000000010000000111010001010011011100101000000000000000000000000000000000000001001
      8576 10100010100110111001010000000000000000000000000000000000000010101010001010011011100101000000000000000000000000000000000000000010
      8592 00000100101000101001101110010100000000000000000000000000000000000000101010100010100110111001010000000000000000000000000000000000
      8608 00001011101000101001101110010100000000000000000000000000000000000000001000000101101000101001101110010100000000000000000000000000
      8624 00000000000010111010001010011011100101000000000000000000000000000000000000001100101000101001101110010100000000000000000000000000
      8640 00000000000000100000011010100010100110111001010000000000000000000000000000000000000011001010001010011011100101000000000000000000
      8656 00000000000000000000110110100010100110111001010000000000000000000000000000000000000000011110011110100001100110111001010000000000
      8672 00000000000000000000000000001101101000101001101110010100000000000000000000000000000000000000111010100010100110111001010000000000
      8688 00000000000000000000000000000100000011101010001010011011100101000000000000000000000000000000000000001110101000101001101110010100
      8704 00000000000000000000000000000000000011111010001010011011100101000000000000000000000000000000000000000010111001111010000110011011
      8720 10010100000000000000000000000000000000000000110110100010100110111001010000000000000000000000000000000000000100001010001010011011
      8736 10010100000000000000000000000000000000000000001111100111101000011001101110010100000000000000000000000000000000000000110110100010
      8752 10011011100101000000000000000000000000000000000000010001101000101001101110010100000000000000000000000000000000000000010011100111
      8768 10100001100110111001010000000000000000000000000000000000111001111010000110011011100101000000000000000000000000000000000000010010
      8784 10100010100110111001010000000000000000000000000000000000000000011011101010100001100110111001010000000000000000000000000000000000
      8800 00001111101000101001101110010100000000000000000000000000000000000001001110100010100110111001010000000000000000000000000000000000
      8816 00000001101111001010000110011011100101000000000000000000000000000000000000001110101000101001101110010100000000000000000000000000
      8832 00000000000101001010001010011011100101000000000000000000000000000000000000000010000100111010001010011011100101000000000000000000
      8848 00000000000000000001010010100010100110111001010000000000000000000000000000000000000101011010001010011011100101000000000000000000
      8864 00000000000000000000000110111110101000011001101110010100000000000000000000000000000000000001000010100010100110111001010000000000
      8880 00000000000000000000000000010110101000101001101110010100000000000000000000000000000000000000001000010101101000101001101110010100
      8896 00000000000000000000000000000000000101101010001010011011100101000000000000000000000000000000000000010111101000101001101110010100
      8912 00000000000000000000000000000000000000011100000010100001100110111001010000000000000000000000000000000000000100011010001010011011
      8928 10010100000000000000000000000000000000000001100010100010100110111001010000000000000000000000000000000000000000100001011110100010
      8944 10011011100101000000000000000000000000000000000000011000101000101001101110010100000000000000000000000000000000000001100110100010
      8960 10011011100101000000000000000000000000000000000000000001110000011010000110011011100101000000000000000000000000000000000000010010
      8976 10100010100110111001010000000000000000000000000000000000000110101010001010011011100101000000000000000000000000000000000000000010
      8992 00011001101000101001101110010100000000000000000000000000000000000001101010100010100110111001010000000000000000000000000000000000
      9008 00011011101000101001101110010100000000000000000000000000000000000000010001110010101000001001101110010100000000000000000000000000
      9024 00000000011100101010000010011011100101000000000000000000000000000000000000011100101000101001101110010100000000000000000000000000
      9040 00000000000001000111001110100000100110111001010000000000000000000000000000000000011100111010000010011011100101000000000000000000
      9056 00000000000000000001110110100010100110111001010000000000000000000000000000000000000000010001110010100010100110111001010000000000
      9072 00000000000000000000000000011101101000101001101110010100000000000000000000000000000000000001111010100010100110111001010000000000
      9088 00000000000000000000000000000100011101001010000010011011100101000000000000000000000000000000000001110100101000001001101110010100
      9104 00000000000000000000000000000000000111111010001010011011100101000000000000000000000000000000000000000001000111101010001010011011
      9120 10010100000000000000000000000000000000000001111110100010100110111001010000000000000000000000000000000000001000001010001010011011
      9136 10010100000000000000000000000000000000000000000101110010101000001001101110010100000000000000000000000000000000000001110110100010
      9152 10011011100101000000000000000000000000000000000000100001101000101001101110010100000000000000000000000000000000000000000100011111
      9168 10100010100110111001010000000000000000000000000000000000001000011010001010011011100101000000000000000000000000000000000000100010
      9184 10100010100110111001010000000000000000000000000000000000000000010111001110100000100110111001010000000000000000000000000000000000
      9200 00011100101000101001101110010100000000000000000000000000000000000010001110100010100110111001010000000000000000000000000000000000
      9216 00000001000111111010001010011011100101000000000000000000000000000000000000100011101000101001101110010100000000000000000000000000
      9232 00000000001001001010001010011011100101000000000000000000000000000000000000000001011100101010000010011011100101000000000000000000
      9248 00000000000000000111001110100000100110111001010000000000000000000000000000000000001001011010001010011011100101000000000000000000
      9264 00000000000000000000000100011111101000101001101110010100000000000000000000000000000000000010010110100010100110111001010000000000
      9280 00000000000000000000000000100110101000101001101110010100000000000000000000000000000000000000000101110100101000001001101110010100
      9296 00000000000000000000000000000000000111101010001010011011100101000000000000000000000000000000000000100111101000101001101110010100
      9312 00000000000000000000000000000000000001000111010110100000100110111001010000000000000000000000000000000000011101011010000010011011
      9328 10010100000000000000000000000000000000000010100010100010100110111001010000000000000000000000000000000000000001000111011010100000
      9344 10011011100101000000000000000000000000000000000001110110101000001001101110010100000000000000000000000000000000000010100110100010
      9360 10011011100101000000000000000000000000000000000000000001001010001010001010011011100101000000000000000000000000000000000000101001
      9376 10100010100110111001010000000000000000000000000000000000001010101010001010011011100101000000000000000000000000000000000000000100
      9392 01110111101000001001101110010100000000000000000000000000000000000111011110100000100110111001010000000000000000000000000000000000
      9408 00101011101000101001101110010100000000000000000000000000000000000000000100101010101000101001101110010100000000000000000000000000
      9424 00000000001010111010001010011011100101000000000000000000000000000000000000101100101000101001101110010100000000000000000000000000
      9440 00000000000001000111100010100000100110111001010000000000000000000000000000000000011110001010000010011011100101000000000000000000
      9456 00000000000000000010110110100010100110111001010000000000000000000000000000000000000000010111010110100000100110111001010000000000
      9472 00000000000000000000000000101001101000101001101110010100000000000000000000000000000000000010111010100010100110111001010000000000
      9488 00000000000000000000000000000001001010111010001010011011100101000000000000000000000000000000000000101110101000101001101110010100
      9504 00000000000000000000000000000000001011111010001010011011100101000000000000000000000000000000000000000001001011011010001010011011
      9520 10010100000000000000000000000000000000000010111110100010100110111001010000000000000000000000000000000000001100001010001010011011
      9536 10010100000000000000000000000000000000000000000101110110101000001001101110010100000000000000000000000000000000000010100010100010
      9552 10011011100101000000000000000000000000000000000000110001101000101001101110010100000000000000000000000000000000000000000100101011
      9568 10100010100110111001010000000000000000000000000000000000001100011010001010011011100101000000000000000000000000000000000000110010
      9584 10100010100110111001010000000000000000000000000000000000000000010010110110100010100110111001010000000000000000000000000000000000
      9600 00110010101000101001101110010100000000000000000000000000000000000011001110100010100110111001010000000000000000000000000000000000
      9616 00000001011101011010000010011011100101000000000000000000000000000000000001110110101000001001101110010100000000000000000000000000
      9632 00000000001101001010001010011011100101000000000000000000000000000000000000000001001010111010001010011011100101000000000000000000
      9648 00000000000000000011010010100010100110111001010000000000000000000000000000000000001101011010001010011011100101000000000000000000
      9664 00000000000000000000000100101101101000101001101110010100000000000000000000000000000000000011010110100010100110111001010000000000
      9680 00000000000000000000000000110110101000101001101110010100000000000000000000000000000000000000000101110111101000001001101110010100
      9696 00000000000000000000000000000000001010101010001010011011100101000000000000000000000000000000000000110111101000101001101110010100
      9712 00000000000000000000000000000000000000010010110110100010100110111001010000000000000000000000000000000000001101111010001010011011
      9728 10010100000000000000000000000000000000000011100010100010100110111001010000000000000000000000000000000000000000010111011110100000
      9744 10011011100101000000000000000000000000000000000000101110101000101001101110010100000000000000000000000000000000000011100110100010
      9760 10011011100101000000000000000000000000000000000000000001001011011010001010011011100101000000000000000000000000000000000000111001
      9776 10100010100110111001010000000000000000000000000000000000001110101010001010011011100101000000000000000000000000000000000000000001
      9792 01110111101000001001101110010100000000000000000000000000000000000011000110100010100110111001010000000000000000000000000000000000
      9808 00111011101000101001101110010100000000000000000000000000000000000000000100101101101000101001101110010100000000000000000000000000
      9824 00000000001110111010001010011011100101000000000000000000000000000000000000111100101000101001101110010100000000000000000000000000
      9840 00000000000000010111011110100000100110111001010000000000000000000000000000000000001101001010001010011011100101000000000000000000
      9856 00000000000000000011110110100010100110111001010000000000000000000000000000000000000000010010110110100010100110111001010000000000
      9872 00000000000000000000000000111101101000101001101110010100000000000000000000000000000000000011111010100010100110111001010000000000
      9888 00000000000000000000000000000001011110001010000010011011100101000000000000000000000000000000000000101100101000101001101110010100
      9904 00000000000000000000000000000000001111111010001010011011100101000000000000000000000000000000000000000001011110001010000010011011
      9920 10010100000000000000000000000000000000000010111110100010100110111001010000000000000000000000000000000000010000001010001010011011
      9936 10010100000000000000000000000000000000000000000101000010101000001001101110010100000000000000000000000000000000000011001110100010
      9952 10011011100101000000000000000000000000000000000001000001101000101001101110010100000000000000000000000000000000000000000101000011
      9968 10100000100110111001010000000000000000000000000000000000001101101010001010011011100101000000000000000000000000000000000001000010
      9984 10100010100110111001010000000000000000000000000000000000000000010100010010100000100110111001010000000000000000000000000000000000
     10000 00111000101000101001101110010100000000000000000000000000000000000100001110100010100110111001010000000000000000000000000000000000
     10016 00000001010001011010000010011011100101000000000000000000000000000000000000111010101000101001101110010100000000000000000000000000
     10032 00000000010001001010001010011011100101000000000000000000000000000000000000000001000000011010000110011011100101000000000000000000
     10048 00000000000000000011110010100010100110111001010000000000000000000000000000000000010001011010001010011011100101000000000000000000
     10064 00000000000000000000000101010111101000011001101110010100000000000000000000000000000000000011111010100010100110111001010000000000
     10080 00000000000000000000000001000110101000101001101110010100000000000000000000000000000000000000000110110101101000011001101110010100
     10096 00000000000000000000000000000000001111111010001010011011100101000000000000000000000000000000000001000111101000101001101110010100
     10112 00000000000000000000000000000000000000010001101110100010100110111001010000000000000000000000000000000000010000001010001010011011
     10128 10010100000000000000000000000000000000000100100010100010100110111001010000000000000000000000000000000000000000100011000010100010
     10144 10011011100101000000000000000000000000000000000001000001101000101001101110010100000000000000000000000000000000000100100110100010
     10160 10011011100101000000000000000000000000000000000000000010010000101010001010011011100101000000000000000000000000000000000001001001
     10176 10100010100110111001010000000000000000000000000000000000010010101010001010011011100101000000000000000000000000000000000000000010
     10192 01000011101000101001101110010100000000000000000000000000000000000100101010100010100110111001010000000000000000000000000000000000
     10208 01001011101000101001101110010100000000000000000000000000000000000000001001000100101000101001101110010100000000000000000000000000
     10224 00000000010010111010001010011011100101000000000000000000000000000000000001001100101000101001101110010100000000000000000000000000
     10240 00000000000000100100010110100010100110111001010000000000000000000000000000000000010011001010001010011011100101000000000000000000
     10256 00000000000000000100110110100010100110111001010000000000000000000000000000000000000000100100011010100010100110111001010000000000
     10272 00000000000000000000000001001101101000101001101110010100000000000000000000000000000000000100111010100010100110111001010000000000
     10288 00000000000000000000000000000010010001111010001010011011100101000000000000000000000000000000000001001110101000101001101110010100
     10304 00000000000000000000000000000000010011111010001010011011100101000000000000000000000000000000000000000010010010001010001010011011
     10320 10010100000000000000000000000000000000000100111110100010100110111001010000000000000000000000000000000000010100001010001010011011
     10336 10010100000000000000000000000000000000000000010001111001101000001001101110010100000000000000000000000000000000000111100110100000
     10352 10011011100101000000000000000000000000000000000001010001101000101001101110010100000000000000000000000000000000000000010001111010
     10368 10100000100110111001010000000000000000000000000000000000011110101010000010011011100101000000000000000000000000000000000001010010
     10384 10100010100110111001010000000000000000000000000000000000000000010101000110100010100110111001010000000000000000000000000000000000
     10400 01010010101000101001101110010100000000000000000000000000000000000101001110100010100110111001010000000000000000000000000000000000
     10416 00000100011110111010000010011011100101000000000000000000000000000000000001111011101000001001101110010100000000000000000000000000
     10432 00000000010101001010001010011011100101000000000000000000000000000000000000000001010100111010001010011011100101000000000000000000
     10448 00000000000000000101010010100010100110111001010000000000000000000000000000000000010101011010001010011011100101000000000000000000
     10464 00000000000000000000010001111100101000001001101110010100000000000000000000000000000000000111110010100000100110111001010000000000
     10480 00000000000000000000000001010110101000101001101110010100000000000000000000000000000000000000000101111001101000001001101110010100
     10496 00000000000000000000000000000000010100101010001010011011100101000000000000000000000000000000000001010111101000101001101110010100
     10512 00000000000000000000000000000000000000010101010010100010100110111001010000000000000000000000000000000000010101111010001010011011
     10528 10010100000000000000000000000000000000000101100010100010100110111001010000000000000000000000000000000000000000010101011010100010
     10544 10011011100101000000000000000000000000000000000001011000101000101001101110010100000000000000000000000000000000000101100110100010
     10560 10011011100101000000000000000000000000000000000000000001011110101010000010011011100101000000000000000000000000000000000001010001
     10576 10100010100110111001010000000000000000000000000000000000010110101010001010011011100101000000000000000000000000000000000000000001
     10592 01010100101000101001101110010100000000000000000000000000000000000101101010100010100110111001010000000000000000000000000000000000
     10608 01011011101000101001101110010100000000000000000000000000000000000000000101010110101000101001101110010100000000000000000000000000
     10624 00000000010110111010001010011011100101000000000000000000000000000000000001011100101000101001101110010100000000000000000000000000
     10640 00000000000000010111100110100000100110111001010000000000000000000000000000000000011110101010000010011011100101000000000000000000
     10656 00000000000000000101110110100010100110111001010000000000000000000000000000000000000000010101010010100010100110111001010000000000
     10672 00000000000000000000000001011101101000101001101110010100000000000000000000000000000000000101111010100010100110111001010000000000
     10688 00000000000000000000000000000001010101101010001010011011100101000000000000000000000000000000000001011110101000101001101110010100
     10704 00000000000000000000000000000000010111111010001010011011100101000000000000000000000000000000000000000001011110111010000010011011
     10720 10010100000000000000000000000000000000000101001110100010100110111001010000000000000000000000000000000000011000001010001010011011
     10736 10010100000000000000000000000000000000000000000101010110101000101001101110010100000000000000000000000000000000000110000010100010
     10752 10011011100101000000000000000000000000000000000001100001101000101001101110010100000000000000000000000000000000000000000101111011
     10768 10100000100110111001010000000000000000000000000000000000010101111010001010011011100101000000000000000000000000000000000001100010
     10784 10100010100110111001010000000000000000000000000000000000000000010101011010100010100110111001010000000000000000000000000000000000
     10800 01100010101000101001101110010100000000000000000000000000000000000110001110100010100110111001010000000000000000000000000000000000
     10816 00000001011110111010000010011011100101000000000000000000000000000000000001011010101000101001101110010100000000000000000000000000
     10832 00000000011001001010001010011011100101000000000000000000000000000000000000000001010101101010001010011011100101000000000000000000
     10848 00000000000000000110010010100010100110111001010000000000000000000000000000000000011001011010001010011011100101000000000000000000
     10864 00000000000000000000000101111011101000001001101110010100000000000000000000000000000000000101110110100010100110111001010000000000
     10880 00000000000000000000000001100110101000101001101110010100000000000000000000000000000000000000000101010110101000101001101110010100
     10896 00000000000000000000000000000000011001101010001010011011100101000000000000000000000000000000000001100111101000101001101110010100
     10912 00000000000000000000000000000000000000010111110010100000100110111001010000000000000000000000000000000000010101011010001010011011
     10928 10010100000000000000000000000000000000000110100010100010100110111001010000000000000000000000000000000000000000010111110010100000
     10944 10011011100101000000000000000000000000000000000001011000101000101001101110010100000000000000000000000000000000000110100110100010
     10960 10011011100101000000000000000000000000000000000000000001010000101010000010011011100101000000000000000000000000000000000001011100
     10976 10100010100110111001010000000000000000000000000000000000011010101010001010011011100101000000000000000000000000000000000000000001
     10992 01000011101000001001101110010100000000000000000000000000000000000101111110100010100110111001010000000000000000000000000000000000
     11008 01101011101000101001101110010100000000000000000000000000000000000000000101000100101000001001101110010100000000000000000000000000
     11024 00000000011000011010001010011011100101000000000000000000000000000000000001101100101000101001101110010100000000000000000000000000
     11040 00000000000000010100010110100000100110111001010000000000000000000000000000000000011000111010001010011011100101000000000000000000
     11056 00000000000000000110110110100010100110111001010000000000000000000000000000000000000000010000000110100001100110111001010000000000
     11072 00000000000000000000000001100101101000101001101110010100000000000000000000000000000000000110111010100010100110111001010000000000
     11088 00000000000000000000000000000001010101111010000110011011100101000000000000000000000000000000000001100111101000101001101110010100
     11104 00000000000000000000000000000000011011111010001010011011100101000000000000000000000000000000000000000001101101011010000110011011
     11120 10010100000000000000000000000000000000000110100010100010100110111001010000000000000000000000000000000000011100001010001010011011
     11136 10010100000000000000000000000000000000000000000100011011101000101001101110010100000000000000000000000000000000000110100110100010
     11152 10011011100101000000000000000000000000000000000001110001101000101001101110010100000000000000000000000000000000000000001001011001
     11168 10100010100110111001010000000000000000000000000000000000011010101010001010011011100101000000000000000000000000000000000001110010
     11184 10100010100110111001010000000000000000000000000000000000000000100110101110100010100110111001010000000000000000000000000000000000
     11200 01110010101000101001101110010100000000000000000000000000000000000111001110100010100110111001010000000000000000000000000000000000
     11216 00000010011011001010001010011011100101000000000000000000000000000000000001110011101000101001101110010100000000000000000000000000
     11232 00000000011101001010001010011011100101000000000000000000000000000000000000000010011011011010001010011011100101000000000000000000
     11248 00000000000000000111010010100010100110111001010000000000000000000000000000000000011101011010001010011011100101000000000000000000
     11264 00000000000000000000001001101110101000101001101110010100000000000000000000000000000000000111010110100010100110111001010000000000
     11280 00000000000000000000000001110110101000101001101110010100000000000000000000000000000000000000001001101111101000101001101110010100
     11296 00000000000000000000000000000000011101101010001010011011100101000000000000000000000000000000000001110111101000101001101110010100
     11312 00000000000000000000000000000000000000100111000010100010100110111001010000000000000000000000000000000000011101111010001010011011
     11328 10010100000000000000000000000000000000000111100010100010100110111001010000000000000000000000000000000000000000100111000110100010
     11344 10011011100101000000000000000000000000000000000001111000101000101001101110010100000000000000000000000000000000000111100110100010
     11360 10011011100101000000000000000000000000000000000000000001010100001010001010011011100101000000000000000000000000000000000001111001
     11376 10100010100110111001010000000000000000000000000000000000011110101010001010011011100101000000000000000000000000000000000000000100
     11392 01111010101000101001101110010100000000000000000000000000000000000111101010100010100110111001010000000000000000000000000000000000
     11408 01111011101000101001101110010100000000000000000000000000000000000000001001010000101000101001101110010100000000000000000000000000
     11424 00000000011110011010001010011011100101000000000000000000000000000000000001111100101000101001101110010100000000000000000000000000
     11440 00000000000000110101000010100010100110111001010000000000000000000000000000000000011110011010001010011011100101000000000000000000
     11456 00000000000000000111110110100010100110111001010000000000000000000000000000000000000001000101000010100010100110111001010000000000
     11472 00000000000000000000000001010000101000101001101110010100000000000000000000000000000000000111111010100010100110111001010000000000
     11488 00000000000000000000000000000001001000001010001010011011100101000000000000000000000000000000000001111011101000101001101110010100
     11504 00000000000000000000000000000000011111111010001010011011100101000000000000000000000000000000000000000001001000101010001010011011
     11520 10010100000000000000000000000000000000000111101010100010100110111001010000000000000000000000000000000000100000001010001010011011
     11536 10010100000000000000000000000000000000000000001001111111101000101001101110010100000000000000000000000000000000001000000010100010
     11552 10011011100101000000000000000000000000000000000010000001101000101001101110010100000000000000000000000000000000000000000100100100
     11568 10100010100110111001010000000000000000000000000000000000011111001010001010011011100101000000000000000000000000000000000010000010
     11584 10100010100110111001010000000000000000000000000000000000000000101000000110100010100110111001010000000000000000000000000000000000
     11600 10000010101000101001101110010100000000000000000000000000000000001000001110100010100110111001010000000000000000000000000000000000
     11616 00000001001001101010001010011011100101000000000000000000000000000000000001111101101000101001101110010100000000000000000000000000
     11632 00000000100001001010001010011011100101000000000000000000000000000000000000000010100000111010001010011011100101000000000000000000
     11648 00000000000000001000010010100010100110111001010000000000000000000000000000000000100001011010001010011011100101000000000000000000
     11664 00000000000000000000000100100111101000101001101110010100000000000000000000000000000000000111111010100010100110111001010000000000
     11680 00000000000000000000000010000110101000101001101110010100000000000000000000000000000000000000001010000101101000101001101110010100
     11696 00000000000000000000000000000000100001101010001010011011100101000000000000000000000000000000000010000111101000101001101110010100
     11712 00000000000000000000000000000000000001000111110110100000100110111001010000000000000000000000000000000000011111011010000010011011
     11728 10010100000000000000000000000000000000001000100010100010100110111001010000000000000000000000000000000000000001000111111010100000
     11744 10011011100101000000000000000000000000000000000001111110101000001001101110010100000000000000000000000000000000001000100110100010
     11760 10011011100101000000000000000000000000000000000000000001100010001010001010011011100101000000000000000000000000000000000010001001
     11776 10100010100110111001010000000000000000000000000000000000100010101010001010011011100101000000000000000000000000000000000000000100
     11792 01111111101000001001101110010100000000000000000000000000000000000111111110100000100110111001010000000000000000000000000000000000
     11808 10001011101000101001101110010100000000000000000000000000000000000000000110001010101000101001101110010100000000000000000000000000
     11824 00000000100010111010001010011011100101000000000000000000000000000000000010001100101000101001101110010100000000000000000000000000
     11840 00000000000000010111110110100000100110111001010000000000000000000000000000000000100010011010001010011011100101000000000000000000
     11856 00000000000000001000110110100010100110111001010000000000000000000000000000000000000000011000101110100010100110111001010000000000
     11872 00000000000000000000000010001101101000101001101110010100000000000000000000000000000000001000111010100010100110111001010000000000
     11888 00000000000000000000000000000001011111101010000010011011100101000000000000000000000000000000000010001000101000101001101110010100
     11904 00000000000000000000000000000000100011111010001010011011100101000000000000000000000000000000000000000001100010111010001010011011
     11920 10010100000000000000000000000000000000001000111110100010100110111001010000000000000000000000000000000000100100001010001010011011
     11936 10010100000000000000000000000000000000000000000101111101101000001001101110010100000000000000000000000000000000000111111010100000
     11952 10011011100101000000000000000000000000000000000010010001101000101001101110010100000000000000000000000000000000000000000110001011
     11968 10100010100110111001010000000000000000000000000000000000100100011010001010011011100101000000000000000000000000000000000010010010
     11984 10100010100110111001010000000000000000000000000000000000000000010111111110100000100110111001010000000000000000000000000000000000
     12000 10001010101000101001101110010100000000000000000000000000000000001001001110100010100110111001010000000000000000000000000000000000
     12016 00000100100000001010000010011011100101000000000000000000000000000000000010000000101000001001101110010100000000000000000000000000
     12032 00000000100101001010001010011011100101000000000000000000000000000000000000000100100000011010000010011011100101000000000000000000
     12048 00000000000000001000000110100000100110111001010000000000000000000000000000000000100101011010001010011011100101000000000000000000
     12064 00000000000000000000000110010100101000101001101110010100000000000000000000000000000000001001010110100010100110111001010000000000
     12080 00000000000000000000000010010110101000101001101110010100000000000000000000000000000000000000010010000010101000001001101110010100
     12096 00000000000000000000000000000000100000101010000010011011100101000000000000000000000000000000000010010111101000101001101110010100
     12112 00000000000000000000000000000000000000011001011010100010100110111001010000000000000000000000000000000000100101111010001010011011
     12128 10010100000000000000000000000000000000001001100010100010100110111001010000000000000000000000000000000000000001001000001110100000
     12144 10011011100101000000000000000000000000000000000010000011101000001001101110010100000000000000000000000000000000001001100110100010
     12160 10011011100101000000000000000000000000000000000000000001100000001010000010011011100101000000000000000000000000000000000010010101
     12176 10100010100110111001010000000000000000000000000000000000100110101010001010011011100101000000000000000000000000000000000000000001
     12192 10010111101000101001101110010100000000000000000000000000000000001001101010100010100110111001010000000000000000000000000000000000
     12208 10011011101000101001101110010100000000000000000000000000000000000000000110011001101000101001101110010100000000000000000000000000
     12224 00000000100110111010001010011011100101000000000000000000000000000000000010011100101000101001101110010100000000000000000000000000
     12240 00000000000000011000000110100000100110111001010000000000000000000000000000000000100101001010001010011011100101000000000000000000
     12256 00000000000000001001110110100010100110111001010000000000000000000000000000000000000000011001011110100010100110111001010000000000
     12272 00000000000000000000000010011101101000101001101110010100000000000000000000000000000000001001111010100010100110111001010000000000
     12288 00000000000000000000000000000001100110011010001010011011100101000000000000000000000000000000000010011110101000101001101110010100
     12304 00000000000000000000000000000000100111111010001010011011100101000000000000000000000000000000000000000001100000001010000010011011
     12320 10010100000000000000000000000000000000001000000110100000100110111001010000000000000000000000000000000000101000001010001010011011
     12336 10010100000000000000000000000000000000000000000110010111101000101001101110010100000000000000000000000000000000001010000010100010
     12352 10011011100101000000000000000000000000000000000010100001101000101001101110010100000000000000000000000000000000000000000110011001
     12368 10100010100110111001010000000000000000000000000000000000101000011010001010011011100101000000000000000000000000000000000010100010
     12384 10100010100110111001010000000000000000000000000000000000000000011000001010100000100110111001010000000000000000000000000000000000
     12400 10010110101000101001101110010100000000000000000000000000000000001010001110100010100110111001010000000000000000000000000000000000
     12416 00000001100110011010001010011011100101000000000000000000000000000000000010100011101000101001101110010100000000000000000000000000
     12432 00000000101001001010001010011011100101000000000000000000000000000000000000000001100000101010000010011011100101000000000000000000
     12448 00000000000000001001101010100010100110111001010000000000000000000000000000000000101001011010001010011011100101000000000000000000
     12464 00000000000000000000000110011001101000101001101110010100000000000000000000000000000000001010010110100010100110111001010000000000
     12480 00000000000000000000000010100110101000101001101110010100000000000000000000000000000000000000000110000010101000001001101110010100
     12496 00000000000000000000000000000000100111011010001010011011100101000000000000000000000000000000000010100111101000101001101110010100
     12512 00000000000000000000000000000000000000011001100110100010100110111001010000000000000000000000000000000000101001111010001010011011
     12528 10010100000000000000000000000000000000001010100010100010100110111001010000000000000000000000000000000000000000011000001010100000
     12544 10011011100101000000000000000000000000000000000010100000101000101001101110010100000000000000000000000000000000001010100110100010
     12560 10011011100101000000000000000000000000000000000000000001100110011010001010011011100101000000000000000000000000000000000010101001
     12576 10100010100110111001010000000000000000000000000000000000101010101010001010011011100101000000000000000000000000000000000000000001
     12592 10000011101000001001101110010100000000000000000000000000000000001001100010100010100110111001010000000000000000000000000000000000
     12608 10101011101000101001101110010100000000000000000000000000000000000000000110000011101000001001101110010100000000000000000000000000
     12624 00000000100110111010001010011011100101000000000000000000000000000000000010101100101000101001101110010100000000000000000000000000
     12640 00000000000000011000001110100000100110111001010000000000000000000000000000000000100111101010001010011011100101000000000000000000
     12656 00000000000000001010110110100010100110111001010000000000000000000000000000000000000000010100001010100000100110111001010000000000
     12672 00000000000000000000000010011111101000101001101110010100000000000000000000000000000000001010111010100010100110111001010000000000
     12688 00000000000000000000000000000001010000111010000010011011100101000000000000000000000000000000000010100010101000101001101110010100
     12704 00000000000000000000000000000000101011111010001010011011100101000000000000000000000000000000000000000001010001001010000010011011
     12720 10010100000000000000000000000000000000001010010010100010100110111001010000000000000000000000000000000000101100001010001010011011
     12736 10010100000000000000000000000000000000000000000101000101101000001001101110010100000000000000000000000000000000001010011010100010
     12752 10011011100101000000000000000000000000000000000010110001101000101001101110010100000000000000000000000000000000000000000100000001
     12768 10100001100110111001010000000000000000000000000000000000101010001010001010011011100101000000000000000000000000000000000010110010
     12784 10100010100110111001010000000000000000000000000000000000000000010101011110100001100110111001010000000000000000000000000000000000
     12800 10101010101000101001101110010100000000000000000000000000000000001011001110100010100110111001010000000000000000000000000000000000
     12816 00000001101101011010000110011011100101000000000000000000000000000000000010101011101000101001101110010100000000000000000000000000
     12832 00000000101101001010001010011011100101000000000000000000000000000000000000000001000110111010001010011011100101000000000000000000
     12848 00000000000000001010110010100010100110111001010000000000000000000000000000000000101101011010001010011011100101000000000000000000
     12864 00000000000000000000000110000111101000101001101110010100000000000000000000000000000000001010110110100010100110111001010000000000
     12880 00000000000000000000000010110110101000101001101110010100000000000000000000000000000000000000001010011100101000101001101110010100
     12896 00000000000000000000000000000000101011101010001010011011100101000000000000000000000000000000000010110111101000101001101110010100
     12912 00000000000000000000000000000000000000101010111110100010100110111001010000000000000000000000000000000000101101111010001010011011
     12928 10010100000000000000000000000000000000001011100010100010100110111001010000000000000000000000000000000000000000101011000010100010
     12944 10011011100101000000000000000000000000000000000010111000101000101001101110010100000000000000000000000000000000001011100110100010
     12960 10011011100101000000000000000000000000000000000000000010101100011010001010011011100101000000000000000000000000000000000010111001
     12976 10100010100110111001010000000000000000000000000000000000101110101010001010011011100101000000000000000000000000000000000000000010
     12992 10110010101000101001101110010100000000000000000000000000000000001011101010100010100110111001010000000000000000000000000000000000
     13008 10111011101000101001101110010100000000000000000000000000000000000000001010110011101000101001101110010100000000000000000000000000
     13024 00000000101110111010001010011011100101000000000000000000000000000000000010111100101000101001101110010100000000000000000000000000
     13040 00000000000000101011010010100010100110111001010000000000000000000000000000000000101111001010001010011011100101000000000000000000
     13056 00000000000000001011110110100010100110111001010000000000000000000000000000000000000000101011010110100010100110111001010000000000
     13072 00000000000000000000000010111101101000101001101110010100000000000000000000000000000000001011111010100010100110111001010000000000
     13088 00000000000000000000000000000010101101101010001010011011100101000000000000000000000000000000000010111110101000101001101110010100
     13104 00000000000000000000000000000000101111111010001010011011100101000000000000000000000000000000000000000100100001001010000010011011
     13120 10010100000000000000000000000000000000001000010010100000100110111001010000000000000000000000000000000000110000001010001010011011
     13136 10010100000000000000000000000000000000000000010010000101101000001001101110010100000000000000000000000000000000001000010110100000
     13152 10011011100101000000000000000000000000000000000011000001101000101001101110010100000000000000000000000000000000000000000111000000
     13168 10100010100110111001010000000000000000000000000000000000110000011010001010011011100101000000000000000000000000000000000011000010
     13184 10100010100110111001010000000000000000000000000000000000000001001000011010100000100110111001010000000000000000000000000000000000
     13200 10000110101000001001101110010100000000000000000000000000000000001100001110100010100110111001010000000000000000000000000000000000
     13216 00000001110000101010001010011011100101000000000000000000000000000000000011000011101000101001101110010100000000000000000000000000
     13232 00000000110001001010001010011011100101000000000000000000000000000000000000000100100001111010000010011011100101000000000000000000
     13248 00000000000000001000011110100000100110111001010000000000000000000000000000000000110001011010001010011011100101000000000000000000
     13264 00000000000000000000000110000100101000001001101110010100000000000000000000000000000000001100000110100010100110111001010000000000
     13280 00000000000000000000000011000110101000101001101110010100000000000000000000000000000000000000000111000011101000101001101110010100
     13296 00000000000000000000000000000000110001101010001010011011100101000000000000000000000000000000000011000111101000101001101110010100
     13312 00000000000000000000000000000000000000011100010110100010100110111001010000000000000000000000000000000000110001111010001010011011
     13328 10010100000000000000000000000000000000001100100010100010100110111001010000000000000000000000000000000000000000011000010110100000
     13344 10011011100101000000000000000000000000000000000011000000101000101001101110010100000000000000000000000000000000001100100110100010
     13360 10011011100101000000000000000000000000000000000000000001110000111010001010011011100101000000000000000000000000000000000011001001
     13376 10100010100110111001010000000000000000000000000000000000110010101010001010011011100101000000000000000000000000000000000000000001
     13392 11000101101000101001101110010100000000000000000000000000000000001100101010100010100110111001010000000000000000000000000000000000
     13408 11001011101000101001101110010100000000000000000000000000000000000000000110000100101000001001101110010100000000000000000000000000
     13424 00000000100001011010000010011011100101000000000000000000000000000000000011001100101000101001101110010100000000000000000000000000
     13440 00000000000000011100001110100010100110111001010000000000000000000000000000000000110011001010001010011011100101000000000000000000
     13456 00000000000000001100110110100010100110111001010000000000000000000000000000000000000000011100010110100010100110111001010000000000
     13472 00000000000000000000000011001101101000101001101110010100000000000000000000000000000000001100111010100010100110111001010000000000
     13488 00000000000000000000000000000001100001101010000010011011100101000000000000000000000000000000000011000010101000101001101110010100
     13504 00000000000000000000000000000000110011111010001010011011100101000000000000000000000000000000000000000001110001011010001010011011
     13520 10010100000000000000000000000000000000001100111110100010100110111001010000000000000000000000000000000000110100001010001010011011
     13536 10010100000000000000000000000000000000000000000110000110101000001001101110010100000000000000000000000000000000001100011010100010
     13552 10011011100101000000000000000000000000000000000011010001101000101001101110010100000000000000000000000000000000000000000111000101
     13568 10100010100110111001010000000000000000000000000000000000110100011010001010011011100101000000000000000000000000000000000011010010
     13584 10100010100110111001010000000000000000000000000000000000000000011000011010100000100110111001010000000000000000000000000000000000
     13600 11001001101000101001101110010100000000000000000000000000000000001101001110100010100110111001010000000000000000000000000000000000
     13616 00000001110001011010001010011011100101000000000000000000000000000000000011010011101000101001101110010100000000000000000000000000
     13632 00000000110101001010001010011011100101000000000000000000000000000000000000000001100001101010000010011011100101000000000000000000
     13648 00000000000000001100110010100010100110111001010000000000000000000000000000000000110101011010001010011011100101000000000000000000
     13664 00000000000000000000000111000101101000101001101110010100000000000000000000000000000000001101010110100010100110111001010000000000
     13680 00000000000000000000000011010110101000101001101110010100000000000000000000000000000000000000000110000111101000001001101110010100
     13696 00000000000000000000000000000000110001001010001010011011100101000000000000000000000000000000000011010111101000101001101110010100
     13712 00000000000000000000000000000000000000011000011110100000100110111001010000000000000000000000000000000000110001111010001010011011
     13728 10010100000000000000000000000000000000001101100010100010100110111001010000000000000000000000000000000000000000011000011110100000
     13744 10011011100101000000000000000000000000000000000011001010101000101001101110010100000000000000000000000000000000001101100110100010
     13760 10011011100101000000000000000000000000000000000000000001010000101010000010011011100101000000000000000000000000000000000011001011
     13776 10100010100110111001010000000000000000000000000000000000110110101010001010011011100101000000000000000000000000000000000000000001
     13792 01000011101000001001101110010100000000000000000000000000000000001100111010100010100110111001010000000000000000000000000000000000
     13808 11011011101000101001101110010100000000000000000000000000000000000000000101000100101000001001101110010100000000000000000000000000
     13824 00000000110100001010001010011011100101000000000000000000000000000000000011011100101000101001101110010100000000000000000000000000
     13840 00000000000000010100010110100000100110111001010000000000000000000000000000000000110100101010001010011011100101000000000000000000
     13856 00000000000000001101110110100010100110111001010000000000000000000000000000000000000000010000000110100001100110111001010000000000
     13872 00000000000000000000000011010100101000101001101110010100000000000000000000000000000000001101111010100010100110111001010000000000
     13888 00000000000000000000000000000001010101111010000110011011100101000000000000000000000000000000000011010110101000101001101110010100
     13904 00000000000000000000000000000000110111111010001010011011100101000000000000000000000000000000000000000001101101011010000110011011
     13920 10010100000000000000000000000000000000001101011110100010100110111001010000000000000000000000000000000000111000001010001010011011
     13936 10010100000000000000000000000000000000000000000100011011101000101001101110010100000000000000000000000000000000001101100010100010
     13952 10011011100101000000000000000000000000000000000011100001101000101001101110010100000000000000000000000000000000000000000110000111
     13968 10100010100110111001010000000000000000000000000000000000110110011010001010011011100101000000000000000000000000000000000011100010
     13984 10100010100110111001010000000000000000000000000000000000000000101100100010100010100110111001010000000000000000000000000000000000
     14000 11011010101000101001101110010100000000000000000000000000000000001110001110100010100110111001010000000000000000000000000000000000
     14016 00000010110110111010001010011011100101000000000000000000000000000000000011100011101000101001101110010100000000000000000000000000
     14032 00000000111001001010001010011011100101000000000000000000000000000000000000000010110111001010001010011011100101000000000000000000
     14048 00000000000000001110010010100010100110111001010000000000000000000000000000000000111001011010001010011011100101000000000000000000
     14064 00000000000000000000001011011101101000101001101110010100000000000000000000000000000000001110010110100010100110111001010000000000
     14080 00000000000000000000000011100110101000101001101110010100000000000000000000000000000000000000001011011110101000101001101110010100
     14096 00000000000000000000000000000000111001101010001010011011100101000000000000000000000000000000000011100111101000101001101110010100
     14112 00000000000000000000000000000000000000101101111110100010100110111001010000000000000000000000000000000000111001111010001010011011
     14128 10010100000000000000000000000000000000001110100010100010100110111001010000000000000000000000000000000000000000101110000010100010
     14144 10011011100101000000000000000000000000000000000011101000101000101001101110010100000000000000000000000000000000001110100110100010
     14160 10011011100101000000000000000000000000000000000000000010111000011010001010011011100101000000000000000000000000000000000011101001
     14176 10100010100110111001010000000000000000000000000000000000111010101010001010011011100101000000000000000000000000000000000000000010
     14192 11100010101000101001101110010100000000000000000000000000000000001110101010100010100110111001010000000000000000000000000000000000
     14208 11101011101000101001101110010100000000000000000000000000000000000000000110111111101000101001101110010100000000000000000000000000
     14224 00000000111010111010001010011011100101000000000000000000000000000000000011101100101000101001101110010100000000000000000000000000
     14240 00000000000001001110110010100010100110111001010000000000000000000000000000000000111011001010001010011011100101000000000000000000
     14256 00000000000000001110110110100010100110111001010000000000000000000000000000000000000000101011111110100010100110111001010000000000
     14272 00000000000000000000000011101011101000101001101110010100000000000000000000000000000000001110111010100010100110111001010000000000
     14288 00000000000000000000000000000011101111111010001010011011100101000000000000000000000000000000000011101011101000101001101110010100
     14304 00000000000000000000000000000000111011111010001010011011100101000000000000000000000000000000000000000100101111111010001010011011
     14320 10010100000000000000000000000000000000001011111110100010100110111001010000000000000000000000000000000000111100001010001010011011
     14336 10010100000000000000000000000000000000000000000110001100101000101001101110010100000000000000000000000000000000001110110110100010
     14352 10011011100101000000000000000000000000000000000011110001101000101001101110010100000000000000000000000000000000000000000110001110
     14368 10100010100110111001010000000000000000000000000000000000111011001010001010011011100101000000000000000000000000000000000011110010
     14384 10100010100110111001010000000000000000000000000000000000000000101111000110100010100110111001010000000000000000000000000000000000
     14400 11110010101000101001101110010100000000000000000000000000000000001111001110100010100110111001010000000000000000000000000000000000
     14416 00000001100100001010001010011011100101000000000000000000000000000000000011101110101000101001101110010100000000000000000000000000
     14432 00000000111101001010001010011011100101000000000000000000000000000000000000000010111100111010001010011011100101000000000000000000
     14448 00000000000000001111010010100010100110111001010000000000000000000000000000000000111101011010001010011011100101000000000000000000
     14464 00000000000000000000000110010010101000101001101110010100000000000000000000000000000000001110111110100010100110111001010000000000
     14480 00000000000000000000000011110110101000101001101110010100000000000000000000000000000000000000001011110101101000101001101110010100
     14496 00000000000000000000000000000000111101101010001010011011100101000000000000000000000000000000000011110111101000101001101110010100
     14512 00000000000000000000000000000000000000011001001110100010100110111001010000000000000000000000000000000000111100001010001010011011
     14528 10010100000000000000000000000000000000001111100010100010100110111001010000000000000000000000000000000000000000101111011110100010
     14544 10011011100101000000000000000000000000000000000011111000101000101001101110010100000000000000000000000000000000001111100110100010
     14560 10011011100101000000000000000000000000000000000000000100100010001010000010011011100101000000000000000000000000000000000010001000
     14576 10100000100110111001010000000000000000000000000000000000111110101010001010011011100101000000000000000000000000000000000000000100
     14592 10001001101000001001101110010100000000000000000000000000000000001000100110100000100110111001010000000000000000000000000000000000
     14608 11111011101000101001101110010100000000000000000000000000000000000000000111111010101000101001101110010100000000000000000000000000
     14624 00000000111110111010001010011011100101000000000000000000000000000000000011111100101000101001101110010100000000000000000000000000
     14640 00000000000001001000101010100000100110111001010000000000000000000000000000000000100010101010000010011011100101000000000000000000
     14656 00000000000000001111110110100010100110111001010000000000000000000000000000000000000000011111110010100010100110111001010000000000
     14672 00000000000000000000000011111101101000101001101110010100000000000000000000000000000000001111111010100010100110111001010000000000
     14688 00000000000000000000000000000001100010001010000010011011100101000000000000000000000000000000000011111011101000101001101110010100
     14704 00000000000000000000000000000000111111111010001010011011100101000000000000000000000000000000000000000001111111011010001010011011
     14720 10010100000000000000000000000000000000001111111110100010100110111001010000000000000000000000000000000000000000001010001110011011
     14736 10010100000000000000000000000000000000000000000110001001101000001001101110010100000000000000000000000000000000001111101010100010
     14752 10011011100101000000000000000000000000000000000000000001101000111001101110010100000000000000000000000000000000000000000111111101
     14768 10100010100110111001010000000000000000000000000000000000000000011010001110011011100101000000000000000000000000000000000000000010
     14784 10100011100110111001010000000000000000000000000000000000000000011000100010100000100110111001010000000000000000000000000000000000
     14800 10001001101000001001101110010100000000000000000000000000000000000000001110100011100110111001010000000000000000000000000000000000
     14816 00000001111111011010001010011011100101000000000000000000000000000000000000000011101000111001101110010100000000000000000000000000
     14832 00000000000001001010001110011011100101000000000000000000000000000000000000000001100010101010000010011011100101000000000000000000
     14848 00000000000000001111110010100010100110111001010000000000000000000000000000000000000001011010001110011011100101000000000000000000
     14864 00000000000000000000010010001011101000001001101110010100000000000000000000000000000000001000101110100000100110111001010000000000
     14880 00000000000000000000000000000110101000111001101110010100000000000000000000000000000000000000010010001100101000001001101110010100
     14896 00000000000000000000000000000000100011001010000010011011100101000000000000000000000000000000000000000111101000111001101110010100
     14912 00000000000000000000000000000000000000010000011010100011100110111001010000000000000000000000000000000000000001111010001110011011
     14928 10010100000000000000000000000000000000000000100010100011100110111001010000000000000000000000000000000000000001001000110110100000
     14944 10011011100101000000000000000000000000000000000010001101101000001001101110010100000000000000000000000000000000000000100110100011
     14960 10011011100101000000000000000000000000000000000000000001000010001010001110011011100101000000000000000000000000000000000000001001
     14976 10100011100110111001010000000000000000000000000000000000000010101010001110011011100101000000000000000000000000000000000000000100
     14992 10001110101000001001101110010100000000000000000000000000000000001000111010100000100110111001010000000000000000000000000000000000
     15008 00001011101000111001101110010100000000000000000000000000000000000000000110001011101000001001101110010100000000000000000000000000
     15024 00000000000001111010001110011011100101000000000000000000000000000000000000001100101000111001101110010100000000000000000000000000
     15040 00000000000000010000100110100011100110111001010000000000000000000000000000000000000011001010001110011011100101000000000000000000
     15056 00000000000000000000110110100011100110111001010000000000000000000000000000000000000000010000101110100011100110111001010000000000
     15072 00000000000000000000000000001101101000111001101110010100000000000000000000000000000000000000111010100011100110111001010000000000
     15088 00000000000000000000000000000001100011001010000010011011100101000000000000000000000000000000000000000110101000111001101110010100
     15104 00000000000000000000000000000000000011111010001110011011100101000000000000000000000000000000000000000001000010011010001110011011
     15120 10010100000000000000000000000000000000000000111110100011100110111001010000000000000000000000000000000000000100001010001110011011
     15136 10010100000000000000000000000000000000000000000100001011101000111001101110010100000000000000000000000000000000000001000010100011
     15152 10011011100101000000000000000000000000000000000000010001101000111001101110010100000000000000000000000000000000000000000110001011
     15168 10100000100110111001010000000000000000000000000000000000100011001010000010011011100101000000000000000000000000000000000000010010
     15184 10100011100110111001010000000000000000000000000000000000000000010000100110100011100110111001010000000000000000000000000000000000
     15200 00010010101000111001101110010100000000000000000000000000000000000001001110100011100110111001010000000000000000000000000000000000
     15216 00000001000010111010001110011011100101000000000000000000000000000000000000010011101000111001101110010100000000000000000000000000
     15232 00000000000101001010001110011011100101000000000000000000000000000000000000000001100011011010000010011011100101000000000000000000
     15248 00000000000000000000100010100011100110111001010000000000000000000000000000000000000101011010001110011011100101000000000000000000
     15264 00000000000000000000000100001011101000111001101110010100000000000000000000000000000000000001010110100011100110111001010000000000
     15280 00000000000000000000000000010110101000111001101110010100000000000000000000000000000000000000000110001101101000001001101110010100
     15296 00000000000000000000000000000000000011001010001110011011100101000000000000000000000000000000000000010111101000111001101110010100
     15312 00000000000000000000000000000000000000010000101110100011100110111001010000000000000000000000000000000000000101111010001110011011
     15328 10010100000000000000000000000000000000000001100010100011100110111001010000000000000000000000000000000000000000011000110110100000
     15344 10011011100101000000000000000000000000000000000000001111101000111001101110010100000000000000000000000000000000000001100110100011
     15360 10011011100101000000000000000000000000000000000000000001000010111010001110011011100101000000000000000000000000000000000000011001
     15376 10100011100110111001010000000000000000000000000000000000000110101010001110011011100101000000000000000000000000000000000000000001
     15392 10001101101000001001101110010100000000000000000000000000000000000001001010100011100110111001010000000000000000000000000000000000
     15408 00011011101000111001101110010100000000000000000000000000000000000000000100001011101000111001101110010100000000000000000000000000
     15424 00000000000110111010001110011011100101000000000000000000000000000000000000011100101000111001101110010100000000000000000000000000
     15440 00000000000000011000111010100000100110111001010000000000000000000000000000000000000010101010001110011011100101000000000000000000
     15456 00000000000000000001110110100011100110111001010000000000000000000000000000000000000000011000111010100000100110111001010000000000
     15472 00000000000000000000000000001101101000111001101110010100000000000000000000000000000000000001111010100011100110111001010000000000
     15488 00000000000000000000000000000001100011101010000010011011100101000000000000000000000000000000000000010000101000111001101110010100
     15504 00000000000000000000000000000000000111111010001110011011100101000000000000000000000000000000000000000001100011101010000010011011
     15520 10010100000000000000000000000000000000000001001110100011100110111001010000000000000000000000000000000000001000001010001110011011
     15536 10010100000000000000000000000000000000000000000101000010101000001001101110010100000000000000000000000000000000000001000110100011
     15552 10011011100101000000000000000000000000000000000000100001101000111001101110010100000000000000000000000000000000000000000101000011
     15568 10100000100110111001010000000000000000000000000000000000000101001010001110011011100101000000000000000000000000000000000000100010
     15584 10100011100110111001010000000000000000000000000000000000000000010100010010100000100110111001010000000000000000000000000000000000
     15600 00010110101000111001101110010100000000000000000000000000000000000010001110100011100110111001010000000000000000000000000000000000
     15616 00000001010001011010000010011011100101000000000000000000000000000000000000011000101000111001101110010100000000000000000000000000
     15632 00000000001001001010001110011011100101000000000000000000000000000000000000000001000000011010000110011011100101000000000000000000
     15648 00000000000000000001101010100011100110111001010000000000000000000000000000000000001001011010001110011011100101000000000000000000
     15664 00000000000000000000000101010111101000011001101110010100000000000000000000000000000000000001110010100011100110111001010000000000
     15680 00000000000000000000000000100110101000111001101110010100000000000000000000000000000000000000000110110101101000011001101110010100
     15696 00000000000000000000000000000000000111011010001110011011100101000000000000000000000000000000000000100111101000111001101110010100
     15712 00000000000000000000000000000000000000010001101110100010100110111001010000000000000000000000000000000000000111101010001110011011
     15728 10010100000000000000000000000000000000000010100010100011100110111001010000000000000000000000000000000000000000011000011110100010
     15744 10011011100101000000000000000000000000000000000000011111101000111001101110010100000000000000000000000000000000000010100110100011
     15760 10011011100101000000000000000000000000000000000000000001111110011010001010011011100101000000000000000000000000000000000000100000
     15776 10100011100110111001010000000000000000000000000000000000001010101010001110011011100101000000000000000000000000000000000000000010
     15792 00001110101000111001101110010100000000000000000000000000000000000010000110100011100110111001010000000000000000000000000000000000
     15808 00101011101000111001101110010100000000000000000000000000000000000000001000100010101000111001101110010100000000000000000000000000
     15824 00000000001010111010001110011011100101000000000000000000000000000000000000101100101000111001101110010100000000000000000000000000
     15840 00000000000000100010001110100011100110111001010000000000000000000000000000000000001011001010001110011011100101000000000000000000
     15856 00000000000000000010110110100011100110111001010000000000000000000000000000000000000000100010010010100011100110111001010000000000
     15872 00000000000000000000000000101101101000111001101110010100000000000000000000000000000000000010111010100011100110111001010000000000
     15888 00000000000000000000000000000010001001011010001110011011100101000000000000000000000000000000000000101110101000111001101110010100
     15904 00000000000000000000000000000000001011111010001110011011100101000000000000000000000000000000000000000010001001101010001110011011
     15920 10010100000000000000000000000000000000000010111110100011100110111001010000000000000000000000000000000000001100001010001110011011
     15936 10010100000000000000000000000000000000000000001000100111101000111001101110010100000000000000000000000000000000000011000010100011
     15952 10011011100101000000000000000000000000000000000000110001101000111001101110010100000000000000000000000000000000000000001000101000
     15968 10100011100110111001010000000000000000000000000000000000001100011010001110011011100101000000000000000000000000000000000000110010
     15984 10100011100110111001010000000000000000000000000000000000000000100010100110100011100110111001010000000000000000000000000000000000
     16000 00110010101000111001101110010100000000000000000000000000000000000011001110100011100110111001010000000000000000000000000000000000
     16016 00000010001010101010001110011011100101000000000000000000000000000000000000110011101000111001101110010100000000000000000000000000
     16032 00000000001101001010001110011011100101000000000000000000000000000000000000000100100011111010000010011011100101000000000000000000
     16048 00000000000000001000111110100000100110111001010000000000000000000000000000000000001101011010001110011011100101000000000000000000
     16064 00000000000000000000010010010000101000001001101110010100000000000000000000000000000000001001000010100000100110111001010000000000
     16080 00000000000000000000000000110110101000111001101110010100000000000000000000000000000000000000000100110101101000111001101110010100
     16096 00000000000000000000000000000000001101101010001110011011100101000000000000000000000000000000000000110111101000111001101110010100
     16112 00000000000000000000000000000000000001001001000110100000100110111001010000000000000000000000000000000000100100011010000010011011
     16128 10010100000000000000000000000000000000000011100010100011100110111001010000000000000000000000000000000000000000010011011110100011
     16144 10011011100101000000000000000000000000000000000000111000101000111001101110010100000000000000000000000000000000000011100110100011
     16160 10011011100101000000000000000000000000000000000000000100100100101010000010011011100101000000000000000000000000000000000010010010
     16176 10100000100110111001010000000000000000000000000000000000001110101010001110011011100101000000000000000000000000000000000000000001
     16192 10001111101000001001101110010100000000000000000000000000000000000011011010100011100110111001010000000000000000000000000000000000
     16208 00111011101000111001101110010100000000000000000000000000000000000000000100111000101000111001101110010100000000000000000000000000
     16224 00000000001110111010001110011011100101000000000000000000000000000000000000111100101000111001101110010100000000000000000000000000
     16240 00000000000000010011101010100011100110111001010000000000000000000000000000000000001111001010001110011011100101000000000000000000
     16256 00000000000000000011110110100011100110111001010000000000000000000000000000000000000000011001000010100000100110111001010000000000
     16272 00000000000000000000000000110101101000111001101110010100000000000000000000000000000000000011111010100011100110111001010000000000
     16288 00000000000000000000000000000001001110001010001110011011100101000000000000000000000000000000000000111110101000111001101110010100
     16304 00000000000000000000000000000000001111111010001110011011100101000000000000000000000000000000000000000001001110101010001110011011
     16320 10010100000000000000000000000000000000000011111110100011100110111001010000000000000000000000000000000000010000001010001110011011
     16336 10010100000000000000000000000000000000000000000110001111101000001001101110010100000000000000000000000000000000001001000010100000
     16352 10011011100101000000000000000000000000000000000001000001101000111001101110010100000000000000000000000000000000000000000100111000
     16368 10100011100110111001010000000000000000000000000000000000010000011010001110011011100101000000000000000000000000000000000001000010
     16384 10100011100110111001010000000000000000000000000000000000000000010011101010100011100110111001010000000000000000000000000000000000
     16400 01000010101000111001101110010100000000000000000000000000000000000100001110100011100110111001010000000000000000000000000000000000
     16416 00000001100100011010000010011011100101000000000000000000000000000000000000110111101000111001101110010100000000000000000000000000
     16432 00000000010001001010001110011011100101000000000000000000000000000000000000000001001110101010001110011011100101000000000000000000
     16448 00000000000000000100010010100011100110111001010000000000000000000000000000000000010001011010001110011011100101000000000000000000
     16464 00000000000000000000000110010001101000001001101110010100000000000000000000000000000000000011101110100011100110111001010000000000
     16480 00000000000000000000000001000110101000111001101110010100000000000000000000000000000000000000000100111010101000111001101110010100
     16496 00000000000000000000000000000000010001101010001110011011100101000000000000000000000000000000000001000111101000111001101110010100
     16512 00000000000000000000000000000000000000011001000110100000100110111001010000000000000000000000000000000000001111101010001110011011
     16528 10010100000000000000000000000000000000000100100010100011100110111001010000000000000000000000000000000000000000010011101010100011
     16544 10011011100101000000000000000000000000000000000001001000101000111001101110010100000000000000000000000000000000000100100110100011
     16560 10011011100101000000000000000000000000000000000000000001100100011010000010011011100101000000000000000000000000000000000001000001
     16576 10100011100110111001010000000000000000000000000000000000010010101010001110011011100101000000000000000000000000000000000000000001
     16592 00111010101000111001101110010100000000000000000000000000000000000100101010100011100110111001010000000000000000000000000000000000
     16608 01001011101000111001101110010100000000000000000000000000000000000000000110010010101000001001101110010100000000000000000000000000
     16624 00000000001110011010001110011011100101000000000000000000000000000000000001001100101000111001101110010100000000000000000000000000
     16640 00000000000000011001001010100000100110111001010000000000000000000000000000000000001111001010001110011011100101000000000000000000
     16656 00000000000000000100110110100011100110111001010000000000000000000000000000000000000000011001001010100000100110111001010000000000
     16672 00000000000000000000000000111111101000111001101110010100000000000000000000000000000000000100111010100011100110111001010000000000
     16688 00000000000000000000000000000001100100101010000010011011100101000000000000000000000000000000000001000010101000111001101110010100
     16704 00000000000000000000000000000000010011111010001110011011100101000000000000000000000000000000000000000001010000101010000010011011
     16720 10010100000000000000000000000000000000000100000010100011100110111001010000000000000000000000000000000000010100001010001110011011
     16736 10010100000000000000000000000000000000000000000101000011101000001001101110010100000000000000000000000000000000000100001110100011
     16752 10011011100101000000000000000000000000000000000001010001101000111001101110010100000000000000000000000000000000000000000101000100
     16768 10100000100110111001010000000000000000000000000000000000010001011010001110011011100101000000000000000000000000000000000001010010
     16784 10100011100110111001010000000000000000000000000000000000000000010100010110100000100110111001010000000000000000000000000000000000
     16800 01000111101000111001101110010100000000000000000000000000000000000101001110100011100110111001010000000000000000000000000000000000
     16816 00000001000000011010000110011011100101000000000000000000000000000000000001001001101000111001101110010100000000000000000000000000
     16832 00000000010101001010001110011011100101000000000000000000000000000000000000000001010101111010000110011011100101000000000000000000
     16848 00000000000000000100101110100011100110111001010000000000000000000000000000000000010101011010001110011011100101000000000000000000
     16864 00000000000000000000000110110101101000011001101110010100000000000000000000000000000000000100110010100011100110111001010000000000
     16880 00000000000000000000000001010110101000111001101110010100000000000000000000000000000000000000000100011011101000101001101110010100
     16896 00000000000000000000000000000000010011011010001110011011100101000000000000000000000000000000000001010111101000111001101110010100
     16912 00000000000000000000000000000000000000011000011110100010100110111001010000000000000000000000000000000000010011101010001110011011
     16928 10010100000000000000000000000000000000000101100010100011100110111001010000000000000000000000000000000000000000011111100110100010
     16944 10011011100101000000000000000000000000000000000001001111101000111001101110010100000000000000000000000000000000000101100110100011
     16960 10011011100101000000000000000000000000000000000000000010001111011010001110011011100101000000000000000000000000000000000001010000
     16976 10100011100110111001010000000000000000000000000000000000010110101010001110011011100101000000000000000000000000000000000000000010
     16992 01010001101000111001101110010100000000000000000000000000000000000101101010100011100110111001010000000000000000000000000000000000
     17008 01011011101000111001101110010100000000000000000000000000000000000000001001010010101000111001101110010100000000000000000000000000
     17024 00000000010110111010001110011011100101000000000000000000000000000000000001011100101000111001101110010100000000000000000000000000
     17040 00000000000000100101001110100011100110111001010000000000000000000000000000000000010111001010001110011011100101000000000000000000
     17056 00000000000000000101110110100011100110111001010000000000000000000000000000000000000000100101010010100011100110111001010000000000
     17072 00000000000000000000000001011101101000111001101110010100000000000000000000000000000000000101111010100011100110111001010000000000
     17088 00000000000000000000000000000010010101011010001110011011100101000000000000000000000000000000000001011110101000111001101110010100
     17104 00000000000000000000000000000000010111111010001110011011100101000000000000000000000000000000000000000010010101101010001110011011
     17120 10010100000000000000000000000000000000000101111110100011100110111001010000000000000000000000000000000000011000001010001110011011
     17136 10010100000000000000000000000000000000000000001001010111101000111001101110010100000000000000000000000000000000000110000010100011
     17152 10011011100101000000000000000000000000000000000001100001101000111001101110010100000000000000000000000000000000000000001001011000
     17168 10100011100110111001010000000000000000000000000000000000011000011010001110011011100101000000000000000000000000000000000001100010
     17184 10100011100110111001010000000000000000000000000000000000000000100101100110100011100110111001010000000000000000000000000000000000
     17200 01100010101000111001101110010100000000000000000000000000000000000110001110100011100110111001010000000000000000000000000000000000
     17216 00000001001101001010001110011011100101000000000000000000000000000000000001100011101000111001101110010100000000000000000000000000
     17232 00000000011001001010001110011011100101000000000000000000000000000000000000000100011001001010001110011011100101000000000000000000
     17248 00000000000000000110010010100011100110111001010000000000000000000000000000000000011001011010001110011011100101000000000000000000
     17264 00000000000000000000001000110100101000111001101110010100000000000000000000000000000000000110001110100011100110111001010000000000
     17280 00000000000000000000000001100110101000111001101110010100000000000000000000000000000000000000001100110100101000111001101110010100
     17296 00000000000000000000000000000000011000111010001110011011100101000000000000000000000000000000000001100111101000111001101110010100
     17312 00000000000000000000000000000000000001000011010010100011100110111001010000000000000000000000000000000000001101001010001110011011
     17328 10010100000000000000000000000000000000000110100010100011100110111001010000000000000000000000000000000000000000011111111010100010
     17344 10011011100101000000000000000000000000000000000001100101101000111001101110010100000000000000000000000000000000000110100110100011
     17360 10011011100101000000000000000000000000000000000000000001000000001010001110011011100101000000000000000000000000000000000001100100
     17376 10100011100110111001010000000000000000000000000000000000011010101010001110011011100101000000000000000000000000000000000000000010
     17392 01101001101000111001101110010100000000000000000000000000000000000110101010100011100110111001010000000000000000000000000000000000
     17408 01101011101000111001101110010100000000000000000000000000000000000000000100000010101000111001101110010100000000000000000000000000
     17424 00000000011001101010001110011011100101000000000000000000000000000000000001101100101000111001101110010100000000000000000000000000
     17440 00000000000000100110101110100011100110111001010000000000000000000000000000000000011011001010001110011011100101000000000000000000
     17456 00000000000000000110110110100011100110111001010000000000000000000000000000000000000000010000010010100011100110111001010000000000
     17472 00000000000000000000000001100111101000111001101110010100000000000000000000000000000000000110111010100011100110111001010000000000
     17488 00000000000000000000000000000010011011011010001110011011100101000000000000000000000000000000000001101110101000111001101110010100
     17504 00000000000000000000000000000000011011111010001110011011100101000000000000000000000000000000000000000001000001011010001110011011
     17520 10010100000000000000000000000000000000000110100010100011100110111001010000000000000000000000000000000000011100001010001110011011
     17536 10010100000000000000000000000000000000000000001001101111101000111001101110010100000000000000000000000000000000000111000010100011
     17552 10011011100101000000000000000000000000000000000001110001101000111001101110010100000000000000000000000000000000000000010010010011
     17568 10100000100110111001010000000000000000000000000000000000100100111010000010011011100101000000000000000000000000000000000001110010
     17584 10100011100110111001010000000000000000000000000000000000000001001001010010100000100110111001010000000000000000000000000000000000
     17600 10010100101000001001101110010100000000000000000000000000000000000111001110100011100110111001010000000000000000000000000000000000
     17616 00000001011100101010001110011011100101000000000000000000000000000000000001110011101000111001101110010100000000000000000000000000
     17632 00000000011101001010001110011011100101000000000000000000000000000000000000000100100101011010000010011011100101000000000000000000
     17648 00000000000000001001010110100000100110111001010000000000000000000000000000000000011101011010001110011011100101000000000000000000
     17664 00000000000000000000000101110100101000111001101110010100000000000000000000000000000000000111010110100011100110111001010000000000
     17680 00000000000000000000000001110110101000111001101110010100000000000000000000000000000000000000000110010011101000001001101110010100
     17696 00000000000000000000000000000000011100111010001110011011100101000000000000000000000000000000000001110111101000111001101110010100
     17712 00000000000000000000000000000000000000010111010110100011100110111001010000000000000000000000000000000000011101111010001110011011
     17728 10010100000000000000000000000000000000000111100010100011100110111001010000000000000000000000000000000000000000011001010010100000
     17744 10011011100101000000000000000000000000000000000001110010101000111001101110010100000000000000000000000000000000000111100110100011
     17760 10011011100101000000000000000000000000000000000000000001011101011010001110011011100101000000000000000000000000000000000001111001
     17776 10100011100110111001010000000000000000000000000000000000011110101010001110011011100101000000000000000000000000000000000000000001
     17792 10010011101000001001101110010100000000000000000000000000000000001001010010100000100110111001010000000000000000000000000000000000
     17808 01111011101000111001101110010100000000000000000000000000000000000000000101110101101000111001101110010100000000000000000000000000
     17824 00000000011110111010001110011011100101000000000000000000000000000000000001111100101000111001101110010100000000000000000000000000
     17840 00000000000000011001010110100000100110111001010000000000000000000000000000000000011101001010001110011011100101000000000000000000
     17856 00000000000000000111110110100011100110111001010000000000000000000000000000000000000001001001011010100000100110111001010000000000
     17872 00000000000000000000000010010110101000001001101110010100000000000000000000000000000000000111111010100011100110111001010000000000
     17888 00000000000000000000000000000100100101111010000010011011100101000000000000000000000000000000000010010111101000001001101110010100
     17904 00000000000000000000000000000000011111111010001110011011100101000000000000000000000000000000000000000001011111101010001110011011
     17920 10010100000000000000000000000000000000000111111110100011100110111001010000000000000000000000000000000000100000001010001110011011
     17936 10010100000000000000000000000000000000000000010010011000101000001001101110010100000000000000000000000000000000001001100010100000
     17952 10011011100101000000000000000000000000000000000010000001101000111001101110010100000000000000000000000000000000000000000110000000
     17968 10100011100110111001010000000000000000000000000000000000100000011010001110011011100101000000000000000000000000000000000010000010
     17984 10100011100110111001010000000000000000000000000000000000000001001001100110100000100110111001010000000000000000000000000000000000
     18000 10011001101000001001101110010100000000000000000000000000000000001000001110100011100110111001010000000000000000000000000000000000
     18016 00000001100101101010000010011011100101000000000000000000000000000000000001111111101000111001101110010100000000000000000000000000
     18032 00000000100001001010001110011011100101000000000000000000000000000000000000000001100000011010001110011011100101000000000000000000
     18048 00000000000000001000010010100011100110111001010000000000000000000000000000000000100001011010001110011011100101000000000000000000
     18064 00000000000000000000000110000011101000111001101110010100000000000000000000000000000000001000010110100011100110111001010000000000
     18080 00000000000000000000000010000110101000111001101110010100000000000000000000000000000000000000000110010111101000001001101110010100
     18096 00000000000000000000000000000000011111101010001110011011100101000000000000000000000000000000000010000111101000111001101110010100
     18112 00000000000000000000000000000000000000011000000110100011100110111001010000000000000000000000000000000000100001111010001110011011
     18128 10010100000000000000000000000000000000001000100010100011100110111001010000000000000000000000000000000000000000011000001110100011
     18144 10011011100101000000000000000000000000000000000010001000101000111001101110010100000000000000000000000000000000001000100110100011
     18160 10011011100101000000000000000000000000000000000000000001100101101010000010011011100101000000000000000000000000000000000010010111
     18176 10100000100110111001010000000000000000000000000000000000100010101010001110011011100101000000000000000000000000000000000000000001
     18192 10000001101000111001101110010100000000000000000000000000000000001000101010100011100110111001010000000000000000000000000000000000
     18208 10001011101000111001101110010100000000000000000000000000000000000000000110000011101000111001101110010100000000000000000000000000
     18224 00000000100010111010001110011011100101000000000000000000000000000000000010001100101000111001101110010100000000000000000000000000
     18240 00000000000000011001100010100000100110111001010000000000000000000000000000000000100000001010001110011011100101000000000000000000
     18256 00000000000000001000110110100011100110111001010000000000000000000000000000000000000000011000001110100011100110111001010000000000
     18272 00000000000000000000000010001101101000111001101110010100000000000000000000000000000000001000111010100011100110111001010000000000
     18288 00000000000000000000000000000001100110001010000010011011100101000000000000000000000000000000000010000100101000111001101110010100
     18304 00000000000000000000000000000000100011111010001110011011100101000000000000000000000000000000000000000001100000111010001110011011
     18320 10010100000000000000000000000000000000001000111110100011100110111001010000000000000000000000000000000000100100001010001110011011
     18336 10010100000000000000000000000000000000000000000110011000101000001001101110010100000000000000000000000000000000001000011110100011
     18352 10011011100101000000000000000000000000000000000010010001101000111001101110010100000000000000000000000000000000000000000110000011
     18368 10100011100110111001010000000000000000000000000000000000100100011010001110011011100101000000000000000000000000000000000010010010
     18384 10100011100110111001010000000000000000000000000000000000000000011001100010100000100110111001010000000000000000000000000000000000
     18400 10001010101000111001101110010100000000000000000000000000000000001001001110100011100110111001010000000000000000000000000000000000
     18416 00000001100000111010001110011011100101000000000000000000000000000000000010010011101000111001101110010100000000000000000000000000
     18432 00000000100101001010001110011011100101000000000000000000000000000000000000000001100110011010000010011011100101000000000000000000
     18448 00000000000000001000001010100011100110111001010000000000000000000000000000000000100101011010001110011011100101000000000000000000
     18464 00000000000000000000000110011001101000001001101110010100000000000000000000000000000000001000010110100011100110111001010000000000
     18480 00000000000000000000000010010110101000111001101110010100000000000000000000000000000000000000000110011001101000001001101110010100
     18496 00000000000000000000000000000000100010001010001110011011100101000000000000000000000000000000000010010111101000111001101110010100
     18512 00000000000000000000000000000000000000011001100110100000100110111001010000000000000000000000000000000000100010111010001110011011
     18528 10010100000000000000000000000000000000001001100010100011100110111001010000000000000000000000000000000000000000011001100110100000
     18544 10011011100101000000000000000000000000000000000010001101101000111001101110010100000000000000000000000000000000001001100110100011
     18560 10011011100101000000000000000000000000000000000000000001010000101010000010011011100101000000000000000000000000000000000010001001
     18576 10100011100110111001010000000000000000000000000000000000100110101010001110011011100101000000000000000000000000000000000000000001
     18592 01000011101000001001101110010100000000000000000000000000000000001000110010100011100110111001010000000000000000000000000000000000
     18608 10011011101000111001101110010100000000000000000000000000000000000000000101000100101000001001101110010100000000000000000000000000
     18624 00000000100011101010001110011011100101000000000000000000000000000000000010011100101000111001101110010100000000000000000000000000
     18640 00000000000000010100010110100000100110111001010000000000000000000000000000000000100100001010001110011011100101000000000000000000
     18656 00000000000000001001110110100011100110111001010000000000000000000000000000000000000000010000000110100001100110111001010000000000
     18672 00000000000000000000000010010010101000111001101110010100000000000000000000000000000000001001111010100011100110111001010000000000
     18688 00000000000000000000000000000001010101111010000110011011100101000000000000000000000000000000000010010100101000111001101110010100
     18704 00000000000000000000000000000000100111111010001110011011100101000000000000000000000000000000000000000001101101011010000110011011
     18720 10010100000000000000000000000000000000001001010110100011100110111001010000000000000000000000000000000000101000001010001110011011
     18736 10010100000000000000000000000000000000000000000100011011101000101001101110010100000000000000000000000000000000001001011010100011
     18752 10011011100101000000000000000000000000000000000010100001101000111001101110010100000000000000000000000000000000000000000110000111
     18768 10100010100110111001010000000000000000000000000000000000100101111010001110011011100101000000000000000000000000000000000010100010
     18784 10100011100110111001010000000000000000000000000000000000000000011111100110100010100110111001010000000000000000000000000000000000
     18800 10011000101000111001101110010100000000000000000000000000000000001010001110100011100110111001010000000000000000000000000000000000
     18816 00000001011100011010001110011011100101000000000000000000000000000000000010011001101000111001101110010100000000000000000000000000
     18832 00000000101001001010001110011011100101000000000000000000000000000000000000000010100001101010001110011011100101000000000000000000
     18848 00000000000000001001101010100011100110111001010000000000000000000000000000000000101001011010001110011011100101000000000000000000
     18864 00000000000000000000001010011011101000111001101110010100000000000000000000000000000000001010010110100011100110111001010000000000
     18880 00000000000000000000000010100110101000111001101110010100000000000000000000000000000000000000001010011100101000111001101110010100
     18896 00000000000000000000000000000000101001101010001110011011100101000000000000000000000000000000000010100111101000111001101110010100
     18912 00000000000000000000000000000000000000101001110110100011100110111001010000000000000000000000000000000000101001111010001110011011
     18928 10010100000000000000000000000000000000001010100010100011100110111001010000000000000000000000000000000000000000101001111010100011
     18944 10011011100101000000000000000000000000000000000010101000101000111001101110010100000000000000000000000000000000001010100110100011
     18960 10011011100101000000000000000000000000000000000000000010100111111010001110011011100101000000000000000000000000000000000010101001
     18976 10100011100110111001010000000000000000000000000000000000101010101010001110011011100101000000000000000000000000000000000000000010
     18992 10100000101000111001101110010100000000000000000000000000000000001010101010100011100110111001010000000000000000000000000000000000
     19008 10101011101000111001101110010100000000000000000000000000000000000000001010100001101000111001101110010100000000000000000000000000
     19024 00000000101010111010001110011011100101000000000000000000000000000000000010101100101000111001101110010100000000000000000000000000
     19040 00000000000000101010001010100011100110111001010000000000000000000000000000000000101011001010001110011011100101000000000000000000
     19056 00000000000000001010110110100011100110111001010000000000000000000000000000000000000000101010001110100011100110111001010000000000
     19072 00000000000000000000000010101101101000111001101110010100000000000000000000000000000000001010111010100011100110111001010000000000
     19088 00000000000000000000000000000010101001001010001110011011100101000000000000000000000000000000000010101110101000111001101110010100
     19104 00000000000000000000000000000000101011111010001110011011100101000000000000000000000000000000000000000100100110101010000010011011
     19120 10010100000000000000000000000000000000001001101010100000100110111001010000000000000000000000000000000000101100001010001110011011
     19136 10010100000000000000000000000000000000000000010010011011101000001001101110010100000000000000000000000000000000001001101110100000
     19152 10011011100101000000000000000000000000000000000010110001101000111001101110010100000000000000000000000000000000000000000110110000
     19168 10100011100110111001010000000000000000000000000000000000101100011010001110011011100101000000000000000000000000000000000010110010
     19184 10100011100110111001010000000000000000000000000000000000000001001001110010100000100110111001010000000000000000000000000000000000
     19200 10011100101000001001101110010100000000000000000000000000000000001011001110100011100110111001010000000000000000000000000000000000
     19216 00000001101100101010001110011011100101000000000000000000000000000000000010110011101000111001101110010100000000000000000000000000
     19232 00000000101101001010001110011011100101000000000000000000000000000000000000000100100111011010000010011011100101000000000000000000
     19248 00000000000000001001110110100000100110111001010000000000000000000000000000000000101101011010001110011011100101000000000000000000
     19264 00000000000000000000000110011010101000001001101110010100000000000000000000000000000000001011000110100011100110111001010000000000
     19280 00000000000000000000000010110110101000111001101110010100000000000000000000000000000000000000000110110011101000111001101110010100
     19296 00000000000000000000000000000000101101101010001110011011100101000000000000000000000000000000000010110111101000111001101110010100
     19312 00000000000000000000000000000000000000011011010110100011100110111001010000000000000000000000000000000000101101111010001110011011
     19328 10010100000000000000000000000000000000001011100010100011100110111001010000000000000000000000000000000000000000011001101110100000
     19344 10011011100101000000000000000000000000000000000010110000101000111001101110010100000000000000000000000000000000001011100110100011
     19360 10011011100101000000000000000000000000000000000000000001101100111010001110011011100101000000000000000000000000000000000010111001
     19376 10100011100110111001010000000000000000000000000000000000101110101010001110011011100101000000000000000000000000000000000000000001
     19392 10110101101000111001101110010100000000000000000000000000000000001011101010100011100110111001010000000000000000000000000000000000
     19408 10111011101000111001101110010100000000000000000000000000000000000000000110011010101000001001101110010100000000000000000000000000
     19424 00000000100110111010000010011011100101000000000000000000000000000000000010111100101000111001101110010100000000000000000000000000
     19440 00000000000000011011001110100011100110111001010000000000000000000000000000000000101111001010001110011011100101000000000000000000
     19456 00000000000000001011110110100011100110111001010000000000000000000000000000000000000000011011010110100011100110111001010000000000
     19472 00000000000000000000000010111101101000111001101110010100000000000000000000000000000000001011111010100011100110111001010000000000
     19488 00000000000000000000000000000001100111001010000010011011100101000000000000000000000000000000000010110010101000111001101110010100
     19504 00000000000000000000000000000000101111111010001110011011100101000000000000000000000000000000000000000001101101011010001110011011
     19520 10010100000000000000000000000000000000001011111110100011100110111001010000000000000000000000000000000000110000001010001110011011
     19536 10010100000000000000000000000000000000000000000110011100101000001001101110010100000000000000000000000000000000001011011010100011
     19552 10011011100101000000000000000000000000000000000011000001101000111001101110010100000000000000000000000000000000000000000110110101
     19568 10100011100110111001010000000000000000000000000000000000110000011010001110011011100101000000000000000000000000000000000011000010
     19584 10100011100110111001010000000000000000000000000000000000000000011001110010100000100110111001010000000000000000000000000000000000
     19600 10111001101000111001101110010100000000000000000000000000000000001100001110100011100110111001010000000000000000000000000000000000
     19616 00000001101101011010001110011011100101000000000000000000000000000000000011000011101000111001101110010100000000000000000000000000
     19632 00000000110001001010001110011011100101000000000000000000000000000000000000000001100111001010000010011011100101000000000000000000
     19648 00000000000000001011110010100011100110111001010000000000000000000000000000000000110001011010001110011011100101000000000000000000
     19664 00000000000000000000000110110101101000111001101110010100000000000000000000000000000000001100010110100011100110111001010000000000
     19680 00000000000000000000000011000110101000111001101110010100000000000000000000000000000000000000000110011101101000001001101110010100
     19696 00000000000000000000000000000000101101001010001110011011100101000000000000000000000000000000000011000111101000111001101110010100
     19712 00000000000000000000000000000000000000011001110110100000100110111001010000000000000000000000000000000000101101111010001110011011
     19728 10010100000000000000000000000000000000001100100010100011100110111001010000000000000000000000000000000000000000011001110110100000
     19744 10011011100101000000000000000000000000000000000010111010101000111001101110010100000000000000000000000000000000001100100110100011
     19760 10011011100101000000000000000000000000000000000000000001100111011010000010011011100101000000000000000000000000000000000010111101
     19776 10100011100110111001010000000000000000000000000000000000110010101010001110011011100101000000000000000000000000000000000000000001
     19792 10011101101000001001101110010100000000000000000000000000000000001011111110100011100110111001010000000000000000000000000000000000
     19808 11001011101000111001101110010100000000000000000000000000000000000000000101000010101000001001101110010100000000000000000000000000
     19824 00000000101110111010001110011011100101000000000000000000000000000000000011001100101000111001101110010100000000000000000000000000
     19840 00000000000000010100001110100000100110111001010000000000000000000000000000000000101111101010001110011011100101000000000000000000
     19856 00000000000000001100110110100011100110111001010000000000000000000000000000000000000000010100010010100000100110111001010000000000
     19872 00000000000000000000000011000000101000111001101110010100000000000000000000000000000000001100111010100011100110111001010000000000
     19888 00000000000000000000000000000001010001011010000010011011100101000000000000000000000000000000000011000010101000111001101110010100
     19904 00000000000000000000000000000000110011111010001110011011100101000000000000000000000000000000000000000001000000011010000110011011
     19920 10010100000000000000000000000000000000001100010010100011100110111001010000000000000000000000000000000000110100001010001110011011
     19936 10010100000000000000000000000000000000000000000101010111101000011001101110010100000000000000000000000000000000001100011010100011
     19952 10011011100101000000000000000000000000000000000011010001101000111001101110010100000000000000000000000000000000000000000110110101
     19968 10100001100110111001010000000000000000000000000000000000110001111010001110011011100101000000000000000000000000000000000011010010
     19984 10100011100110111001010000000000000000000000000000000000000000010001101110100010100110111001010000000000000000000000000000000000
     20000 11001000101000111001101110010100000000000000000000000000000000001101001110100011100110111001010000000000000000000000000000000000
     20016 00000001100001111010001010011011100101000000000000000000000000000000000011001001101000111001101110010100000000000000000000000000
     20032 00000000110101001010001110011011100101000000000000000000000000000000000000000001111110011010001010011011100101000000000000000000
     20048 00000000000000001100101010100011100110111001010000000000000000000000000000000000110101011010001110011011100101000000000000000000
     20064 00000000000000000000000101110001101000111001101110010100000000000000000000000000000000001100101110100011100110111001010000000000
     20080 00000000000000000000000011010110101000111001101110010100000000000000000000000000000000000000001010111000101000111001101110010100
     20096 00000000000000000000000000000000110011001010001110011011100101000000000000000000000000000000000011010111101000111001101110010100
     20112 00000000000000000000000000000000000000101100110110100011100110111001010000000000000000000000000000000000110101111010001110011011
     20128 10010100000000000000000000000000000000001101100010100011100110111001010000000000000000000000000000000000000000101100111010100011
     20144 10011011100101000000000000000000000000000000000011011000101000111001101110010100000000000000000000000000000000001101100110100011
     20160 10011011100101000000000000000000000000000000000000000010110011111010001110011011100101000000000000000000000000000000000011011001
     20176 10100011100110111001010000000000000000000000000000000000110110101010001110011011100101000000000000000000000000000000000000000010
     20192 11010000101000111001101110010100000000000000000000000000000000001101101010100011100110111001010000000000000000000000000000000000
     20208 11011011101000111001101110010100000000000000000000000000000000000000001011010001101000111001101110010100000000000000000000000000
     20224 00000000110110111010001110011011100101000000000000000000000000000000000011011100101000111001101110010100000000000000000000000000
     20240 00000000000000101101001010100011100110111001010000000000000000000000000000000000110111001010001110011011100101000000000000000000
     20256 00000000000000001101110110100011100110111001010000000000000000000000000000000000000000101101001110100011100110111001010000000000
     20272 00000000000000000000000011011101101000111001101110010100000000000000000000000000000000001101111010100011100110111001010000000000
     20288 00000000000000000000000000000010110101001010001110011011100101000000000000000000000000000000000011011110101000111001101110010100
     20304 00000000000000000000000000000000110111111010001110011011100101000000000000000000000000000000000000000010110101011010001110011011
     20320 10010100000000000000000000000000000000001101111110100011100110111001010000000000000000000000000000000000111000001010001110011011
     20336 10010100000000000000000000000000000000000000001011010110101000111001101110010100000000000000000000000000000000001110000010100011
     20352 10011011100101000000000000000000000000000000000011100001101000111001101110010100000000000000000000000000000000000000000110101111
     20368 10100011100110111001010000000000000000000000000000000000111000011010001110011011100101000000000000000000000000000000000011100010
     20384 10100011100110111001010000000000000000000000000000000000000001001110001010100011100110111001010000000000000000000000000000000000
     20400 11100010101000111001101110010100000000000000000000000000000000001110001110100011100110111001010000000000000000000000000000000000
     20416 00000010101011111010001110011011100101000000000000000000000000000000000011100001101000111001101110010100000000000000000000000000
     20432 00000000111001001010001110011011100101000000000000000000000000000000000000000011101011111010001110011011100101000000000000000000
     20448 00000000000000001110000110100011100110111001010000000000000000000000000000000000111001011010001110011011100101000000000000000000
     20464 00000000000000000000010010101111101000111001101110010100000000000000000000000000000000001010111110100011100110111001010000000000
     20480 00000000000000000000000011100110101000111001101110010100000000000000000000000000000000000000000101110110101000111001101110010100
     20496 00000000000000000000000000000000111000111010001110011011100101000000000000000000000000000000000011100111101000111001101110010100
     20512 00000000000000000000000000000000000000010111100010100011100110111001010000000000000000000000000000000000111000101010001110011011
     20528 10010100000000000000000000000000000000001110100010100011100110111001010000000000000000000000000000000000000000101110011110100011
     20544 10011011100101000000000000000000000000000000000011101000101000111001101110010100000000000000000000000000000000001110100110100011
     20560 10011011100101000000000000000000000000000000000000000001011110101010001110011011100101000000000000000000000000000000000011100100
     20576 10100011100110111001010000000000000000000000000000000000111010101010001110011011100101000000000000000000000000000000000000000010
     20592 11101001101000111001101110010100000000000000000000000000000000001110101010100011100110111001010000000000000000000000000000000000
     20608 11101011101000111001101110010100000000000000000000000000000000000000000101111100101000111001101110010100000000000000000000000000
     20624 00000000111001011010001110011011100101000000000000000000000000000000000011101100101000111001101110010100000000000000000000000000
     20640 00000000000000101110101110100011100110111001010000000000000000000000000000000000111011001010001110011011100101000000000000000000
     20656 00000000000000001110110110100011100110111001010000000000000000000000000000000000000000010111110110100011100110111001010000000000
     20672 00000000000000000000000011100110101000111001101110010100000000000000000000000000000000001110111010100011100110111001010000000000
     20688 00000000000000000000000000000010111011011010001110011011100101000000000000000000000000000000000011101110101000111001101110010100
     20704 00000000000000000000000000000000111011111010001110011011100101000000000000000000000000000000000000000100100111101010000010011011
     20720 10010100000000000000000000000000000000001001111010100000100110111001010000000000000000000000000000000000111100001010001110011011
     20736 10010100000000000000000000000000000000000000010010011111101000001001101110010100000000000000000000000000000000001001111110100000
     20752 10011011100101000000000000000000000000000000000011110001101000111001101110010100000000000000000000000000000000000000000111110000
     20768 10100011100110111001010000000000000000000000000000000000111100011010001110011011100101000000000000000000000000000000000011110010
     20784 10100011100110111001010000000000000000000000000000000000000001001010000010100000100110111001010000000000000000000000000000000000
     20800 10100000101000001001101110010100000000000000000000000000000000001111001110100011100110111001010000000000000000000000000000000000
     20816 00000001111100101010001110011011100101000000000000000000000000000000000011110011101000111001101110010100000000000000000000000000
     20832 00000000111101001010001110011011100101000000000000000000000000000000000000000001100111101010000010011011100101000000000000000000
     20848 00000000000000001111000110100011100110111001010000000000000000000000000000000000111101011010001110011011100101000000000000000000
     20864 00000000000000000000000111110011101000111001101110010100000000000000000000000000000000001111010110100011100110111001010000000000
     20880 00000000000000000000000011110110101000111001101110010100000000000000000000000000000000000000000110011111101000001001101110010100
     20896 00000000000000000000000000000000111100001010001110011011100101000000000000000000000000000000000011110111101000111001101110010100
     20912 00000000000000000000000000000000000000011111001110100011100110111001010000000000000000000000000000000000111101111010001110011011
     20928 10010100000000000000000000000000000000001111100010100011100110111001010000000000000000000000000000000000000000011001111010100000
     20944 10011011100101000000000000000000000000000000000010011111101000001001101110010100000000000000000000000000000000001111100110100011
     20960 10011011100101000000000000000000000000000000000000000001111100111010001110011011100101000000000000000000000000000000000011111001
     20976 10100011100110111001010000000000000000000000000000000000111110101010001110011011100101000000000000000000000000000000000000000001
     20992 10100000101000001001101110010100000000000000000000000000000000001111001010100011100110111001010000000000000000000000000000000000
     21008 11111011101000111001101110010100000000000000000000000000000000000000010010100001101000001001101110010100000000000000000000000000
     21024 00000000101000011010000010011011100101000000000000000000000000000000000011111100101000111001101110010100000000000000000000000000
     21040 00000000000001001010001010100000100110111001010000000000000000000000000000000000101000101010000010011011100101000000000000000000
     21056 00000000000000001111110110100011100110111001010000000000000000000000000000000000000000011111110010100011100110111001010000000000
     21072 00000000000000000000000011111101101000111001101110010100000000000000000000000000000000001111111010100011100110111001010000000000
     21088 00000000000000000000000000000100101000111010000010011011100101000000000000000000000000000000000010100011101000001001101110010100
     21104 00000000000000000000000000000000111111111010001110011011100101000000000000000000000000000000000000000001111111101010001110011011
     21120 10010100000000000000000000000000000000001111111110100011100110111001010000000000000000000000000000000000000000001010010010011011
     21136 10010100000000000000000000000000000000000000010010100100101000001001101110010100000000000000000000000000000000001010010010100000
     21152 10011011100101000000000000000000000000000000000000000001101001001001101110010100000000000000000000000000000000000000000110100001
     21168 10100000100110111001010000000000000000000000000000000000111111011010001110011011100101000000000000000000000000000000000000000010
     21184 10100100100110111001010000000000000000000000000000000000000000011111111110100011100110111001010000000000000000000000000000000000
     21200 00000010101001001001101110010100000000000000000000000000000000000000001110100100100110111001010000000000000000000000000000000000
     21216 00000001000000011010010010011011100101000000000000000000000000000000000000000011101001001001101110010100000000000000000000000000
     21232 00000000000001001010010010011011100101000000000000000000000000000000000000000001101000101010000010011011100101000000000000000000
     21248 00000000000000001111110010100011100110111001010000000000000000000000000000000000000001011010010010011011100101000000000000000000
     21264 00000000000000000000000111111111101000111001101110010100000000000000000000000000000000000000010110100100100110111001010000000000
     21280 00000000000000000000000000000110101001001001101110010100000000000000000000000000000000000000000100000001101001001001101110010100
     21296 00000000000000000000000000000000000001101010010010011011100101000000000000000000000000000000000000000111101001001001101110010100
     21312 00000000000000000000000000000000000000011010000110100000100110111001010000000000000000000000000000000000101000101010000010011011
     21328 10010100000000000000000000000000000000000000100010100100100110111001010000000000000000000000000000000000000000011111111110100011
     21344 10011011100101000000000000000000000000000000000000001000101001001001101110010100000000000000000000000000000000000000100110100100
     21360 10011011100101000000000000000000000000000000000000000001000000011010010010011011100101000000000000000000000000000000000000001001
     21376 10100100100110111001010000000000000000000000000000000000000010101010010010011011100101000000000000000000000000000000000000000001
     21392 10100011101000001001101110010100000000000000000000000000000000001111111010100011100110111001010000000000000000000000000000000000
     21408 00001011101001001001101110010100000000000000000000000000000000000000000100000001101001001001101110010100000000000000000000000000
     21424 00000000000010111010010010011011100101000000000000000000000000000000000000001100101001001001101110010100000000000000000000000000
     21440 00000000000000011010001110100000100110111001010000000000000000000000000000000000000000101010010010011011100101000000000000000000
     21456 00000000000000000000110110100100100110111001010000000000000000000000000000000000000000010000000110100100100110111001010000000000
     21472 00000000000000000000000000001101101001001001101110010100000000000000000000000000000000000000111010100100100110111001010000000000
     21488 00000000000000000000000000000001101000111010000010011011100101000000000000000000000000000000000000000101101001001001101110010100
     21504 00000000000000000000000000000000000011111010010010011011100101000000000000000000000000000000000000000001000000011010010010011011
     21520 10010100000000000000000000000000000000000000111110100100100110111001010000000000000000000000000000000000000100001010010010011011
     21536 10010100000000000000000000000000000000000000000110100011101000001001101110010100000000000000000000000000000000000000100010100100
     21552 10011011100101000000000000000000000000000000000000010001101001001001101110010100000000000000000000000000000000000000000100000001
     21568 10100100100110111001010000000000000000000000000000000000000100011010010010011011100101000000000000000000000000000000000000010010
     21584 10100100100110111001010000000000000000000000000000000000000000011010010010100000100110111001010000000000000000000000000000000000
     21600 00000000101001001001101110010100000000000000000000000000000000000001001110100100100110111001010000000000000000000000000000000000
     21616 00000001101001001010000010011011100101000000000000000000000000000000000000000011101001001001101110010100000000000000000000000000
     21632 00000000000101001010010010011011100101000000000000000000000000000000000000000001101001001010000010011011100101000000000000000000
     21648 00000000000000000000011010100100100110111001010000000000000000000000000000000000000101011010010010011011100101000000000000000000
     21664 00000000000000000000000110100100101000001001101110010100000000000000000000000000000000000000100110100100100110111001010000000000
     21680 00000000000000000000000000010110101001001001101110010100000000000000000000000000000000000000000110100100101000001001101110010100
     21696 00000000000000000000000000000000000010111010010010011011100101000000000000000000000000000000000000010111101001001001101110010100
     21712 00000000000000000000000000000000000000011010010010100000100110111001010000000000000000000000000000000000000011011010010010011011
     21728 10010100000000000000000000000000000000000001100010100100100110111001010000000000000000000000000000000000000000010100001010100000
     21744 10011011100101000000000000000000000000000000000000000111101001001001101110010100000000000000000000000000000000000001100110100100
     21760 10011011100101000000000000000000000000000000000000000001010000111010000010011011100101000000000000000000000000000000000000001010
     21776 10100100100110111001010000000000000000000000000000000000000110101010010010011011100101000000000000000000000000000000000000000001
     21792 01000100101000001001101110010100000000000000000000000000000000000000110010100100100110111001010000000000000000000000000000000000
     21808 00011011101001001001101110010100000000000000000000000000000000000000000101000101101000001001101110010100000000000000000000000000
     21824 00000000000011101010010010011011100101000000000000000000000000000000000000011100101001001001101110010100000000000000000000000000
     21840 00000000000000010000000110100001100110111001010000000000000000000000000000000000000100001010010010011011100101000000000000000000
     21856 00000000000000000001110110100100100110111001010000000000000000000000000000000000000000010101011110100001100110111001010000000000
     21872 00000000000000000000000000010010101001001001101110010100000000000000000000000000000000000001111010100100100110111001010000000000
     21888 00000000000000000000000000000001101101011010000110011011100101000000000000000000000000000000000000010011101001001001101110010100
     21904 00000000000000000000000000000000000111111010010010011011100101000000000000000000000000000000000000000001000110111010001010011011
     21920 10010100000000000000000000000000000000000001010010100100100110111001010000000000000000000000000000000000001000001010010010011011
     21936 10010100000000000000000000000000000000000000000110000111101000101001101110010100000000000000000000000000000000000001010110100100
     21952 10011011100101000000000000000000000000000000000000100001101001001001101110010100000000000000000000000000000000000000000111111001
     21968 10100010100110111001010000000000000000000000000000000000000101101010010010011011100101000000000000000000000000000000000000100010
     21984 10100100100110111001010000000000000000000000000000000000000000010111000110100011100110111001010000000000000000000000000000000000
     22000 00010111101001001001101110010100000000000000000000000000000000000010001110100100100110111001010000000000000000000000000000000000
     22016 00000001111011111010001110011011100101000000000000000000000000000000000000011000101001001001101110010100000000000000000000000000
     22032 00000000001001001010010010011011100101000000000000000000000000000000000000000010000001001010010010011011100101000000000000000000
     22048 00000000000000000001100110100100100110111001010000000000000000000000000000000000001001011010010010011011100101000000000000000000
     22064 00000000000000000000001000011010101001001001101110010100000000000000000000000000000000000010010110100100100110111001010000000000
     22080 00000000000000000000000000100110101001001001101110010100000000000000000000000000000000000000001000011011101001001001101110010100
     22096 00000000000000000000000000000000001001101010010010011011100101000000000000000000000000000000000000100111101001001001101110010100
     22112 00000000000000000000000000000000000000100001110010100100100110111001010000000000000000000000000000000000001001111010010010011011
     22128 10010100000000000000000000000000000000000010100010100100100110111001010000000000000000000000000000000000000000100001110110100100
     22144 10011011100101000000000000000000000000000000000000101000101001001001101110010100000000000000000000000000000000000010100110100100
     22160 10011011100101000000000000000000000000000000000000000010000111101010010010011011100101000000000000000000000000000000000000101001
     22176 10100100100110111001010000000000000000000000000000000000001010101010010010011011100101000000000000000000000000000000000000000010
     22192 00011111101001001001101110010100000000000000000000000000000000000010101010100100100110111001010000000000000000000000000000000000
     22208 00101011101001001001101110010100000000000000000000000000000000000000001000100000101001001001101110010100000000000000000000000000
     22224 00000000001010111010010010011011100101000000000000000000000000000000000000101100101001001001101110010100000000000000000000000000
     22240 00000000000000100010000110100100100110111001010000000000000000000000000000000000001011001010010010011011100101000000000000000000
     22256 00000000000000000010110110100100100110111001010000000000000000000000000000000000000000100010001010100100100110111001010000000000
     22272 00000000000000000000000000101101101001001001101110010100000000000000000000000000000000000010111010100100100110111001010000000000
     22288 00000000000000000000000000000010001000111010010010011011100101000000000000000000000000000000000000101110101001001001101110010100
     22304 00000000000000000000000000000000001011111010010010011011100101000000000000000000000000000000000000000010001001001010010010011011
     22320 10010100000000000000000000000000000000000010111110100100100110111001010000000000000000000000000000000000001100001010010010011011
     22336 10010100000000000000000000000000000000000000010010100101101000001001101110010100000000000000000000000000000000001010010110100000
     22352 10011011100101000000000000000000000000000000000000110001101001001001101110010100000000000000000000000000000000000000010010100110
     22368 10100000100110111001010000000000000000000000000000000000101001101010000010011011100101000000000000000000000000000000000000110010
     22384 10100100100110111001010000000000000000000000000000000000000000010011000110100100100110111001010000000000000000000000000000000000
     22400 00110010101001001001101110010100000000000000000000000000000000000011001110100100100110111001010000000000000000000000000000000000
     22416 00000100101001111010000010011011100101000000000000000000000000000000000010100111101000001001101110010100000000000000000000000000
     22432 00000000001101001010010010011011100101000000000000000000000000000000000000000001001100111010010010011011100101000000000000000000
     22448 00000000000000000011010010100100100110111001010000000000000000000000000000000000001101011010010010011011100101000000000000000000
     22464 00000000000000000000010010101000101000001001101110010100000000000000000000000000000000001010100010100000100110111001010000000000
     22480 00000000000000000000000000110110101001001001101110010100000000000000000000000000000000000000000110100101101000001001101110010100
     22496 00000000000000000000000000000000001100101010010010011011100101000000000000000000000000000000000000110111101001001001101110010100
     22512 00000000000000000000000000000000000000010011010010100100100110111001010000000000000000000000000000000000001101111010010010011011
     22528 10010100000000000000000000000000000000000011100010100100100110111001010000000000000000000000000000000000000000010011011010100100
     22544 10011011100101000000000000000000000000000000000000111000101001001001101110010100000000000000000000000000000000000011100110100100
     22560 10011011100101000000000000000000000000000000000000000001101001101010000010011011100101000000000000000000000000000000000000110001
     22576 10100100100110111001010000000000000000000000000000000000001110101010010010011011100101000000000000000000000000000000000000000001
     22592 00110100101001001001101110010100000000000000000000000000000000000011101010100100100110111001010000000000000000000000000000000000
     22608 00111011101001001001101110010100000000000000000000000000000000000000000100110110101001001001101110010100000000000000000000000000
     22624 00000000001110111010010010011011100101000000000000000000000000000000000000111100101001001001101110010100000000000000000000000000
     22640 00000000000000011010010110100000100110111001010000000000000000000000000000000000101001101010000010011011100101000000000000000000
     22656 00000000000000000011110110100100100110111001010000000000000000000000000000000000000000010011010010100100100110111001010000000000
     22672 00000000000000000000000000111101101001001001101110010100000000000000000000000000000000000011111010100100100110111001010000000000
     22688 00000000000000000000000000000001001101101010010010011011100101000000000000000000000000000000000000111110101001001001101110010100
     22704 00000000000000000000000000000000001111111010010010011011100101000000000000000000000000000000000000000001101001111010000010011011
     22720 10010100000000000000000000000000000000000011001110100100100110111001010000000000000000000000000000000000010000001010010010011011
     22736 10010100000000000000000000000000000000000000000100110110101001001001101110010100000000000000000000000000000000000100000010100100
     22752 10011011100101000000000000000000000000000000000001000001101001001001101110010100000000000000000000000000000000000000000110100111
     22768 10100000100110111001010000000000000000000000000000000000001101111010010010011011100101000000000000000000000000000000000001000010
     22784 10100100100110111001010000000000000000000000000000000000000000010011011010100100100110111001010000000000000000000000000000000000
     22800 01000010101001001001101110010100000000000000000000000000000000000100001110100100100110111001010000000000000000000000000000000000
     22816 00000001101001111010000010011011100101000000000000000000000000000000000000111010101001001001101110010100000000000000000000000000
     22832 00000000010001001010010010011011100101000000000000000000000000000000000000000001001101101010010010011011100101000000000000000000
     22848 00000000000000000100010010100100100110111001010000000000000000000000000000000000010001011010010010011011100101000000000000000000
     22864 00000000000000000000000110100111101000001001101110010100000000000000000000000000000000000011110110100100100110111001010000000000
     22880 00000000000000000000000001000110101001001001101110010100000000000000000000000000000000000000000100110110101001001001101110010100
     22896 00000000000000000000000000000000010001101010010010011011100101000000000000000000000000000000000001000111101001001001101110010100
     22912 00000000000000000000000000000000000000011010100010100000100110111001010000000000000000000000000000000000001101011010010010011011
     22928 10010100000000000000000000000000000000000100100010100100100110111001010000000000000000000000000000000000000000011010100010100000
     22944 10011011100101000000000000000000000000000000000000111000101001001001101110010100000000000000000000000000000000000100100110100100
     22960 10011011100101000000000000000000000000000000000000000001101010001010000010011011100101000000000000000000000000000000000000111011
     22976 10100100100110111001010000000000000000000000000000000000010010101010010010011011100101000000000000000000000000000000000000000001
     22992 10101000101000001001101110010100000000000000000000000000000000000011111010100100100110111001010000000000000000000000000000000000
     23008 01001011101001001001101110010100000000000000000000000000000000000000000110101000101000001001101110010100000000000000000000000000
     23024 00000000010000001010010010011011100101000000000000000000000000000000000001001100101001001001101110010100000000000000000000000000
     23040 00000000000000011010100010100000100110111001010000000000000000000000000000000000010000101010010010011011100101000000000000000000
     23056 00000000000000000100110110100100100110111001010000000000000000000000000000000000000000010100001010100000100110111001010000000000
     23072 00000000000000000000000000111100101001001001101110010100000000000000000000000000000000000100111010100100100110111001010000000000
     23088 00000000000000000000000000000001010000111010000010011011100101000000000000000000000000000000000000111111101001001001101110010100
     23104 00000000000000000000000000000000010011111010010010011011100101000000000000000000000000000000000000000001010001001010000010011011
     23120 10010100000000000000000000000000000000000100000110100100100110111001010000000000000000000000000000000000010100001010010010011011
     23136 10010100000000000000000000000000000000000000000101000101101000001001101110010100000000000000000000000000000000000100001110100100
     23152 10011011100101000000000000000000000000000000000001010001101001001001101110010100000000000000000000000000000000000000000100000001
     23168 10100001100110111001010000000000000000000000000000000000010001011010010010011011100101000000000000000000000000000000000001010010
     23184 10100100100110111001010000000000000000000000000000000000000000010101011110100001100110111001010000000000000000000000000000000000
     23200 01000111101001001001101110010100000000000000000000000000000000000101001110100100100110111001010000000000000000000000000000000000
     23216 00000001101101011010000110011011100101000000000000000000000000000000000001001000101001001001101110010100000000000000000000000000
     23232 00000000010101001010010010011011100101000000000000000000000000000000000000000001000110111010001010011011100101000000000000000000
     23248 00000000000000000100100110100100100110111001010000000000000000000000000000000000010101011010010010011011100101000000000000000000
     23264 00000000000000000000000110000111101000101001101110010100000000000000000000000000000000000100101010100100100110111001010000000000
     23280 00000000000000000000000001010110101001001001101110010100000000000000000000000000000000000000000111111001101000101001101110010100
     23296 00000000000000000000000000000000010010111010010010011011100101000000000000000000000000000000000001010111101001001001101110010100
     23312 00000000000000000000000000000000000000010111000110100011100110111001010000000000000000000000000000000000010011001010010010011011
     23328 10010100000000000000000000000000000000000101100010100100100110111001010000000000000000000000000000000000000000011110111110100011
     23344 10011011100101000000000000000000000000000000000001001101101001001001101110010100000000000000000000000000000000000101100110100100
     23360 10011011100101000000000000000000000000000000000000000010001110011010010010011011100101000000000000000000000000000000000001001110
     23376 10100100100110111001010000000000000000000000000000000000010110101010010010011011100101000000000000000000000000000000000000000010
     23392 01001111101001001001101110010100000000000000000000000000000000000101101010100100100110111001010000000000000000000000000000000000
     23408 01011011101001001001101110010100000000000000000000000000000000000000001001010000101001001001101110010100000000000000000000000000
     23424 00000000010110111010010010011011100101000000000000000000000000000000000001011100101001001001101110010100000000000000000000000000
     23440 00000000000000100101000110100100100110111001010000000000000000000000000000000000010111001010010010011011100101000000000000000000
     23456 00000000000000000101110110100100100110111001010000000000000000000000000000000000000000100101001010100100100110111001010000000000
     23472 00000000000000000000000001011101101001001001101110010100000000000000000000000000000000000101111010100100100110111001010000000000
     23488 00000000000000000000000000000010010100111010010010011011100101000000000000000000000000000000000001011110101001001001101110010100
     23504 00000000000000000000000000000000010111111010010010011011100101000000000000000000000000000000000000000010010101001010010010011011
     23520 10010100000000000000000000000000000000000101111110100100100110111001010000000000000000000000000000000000011000001010010010011011
     23536 10010100000000000000000000000000000000000000001001010101101001001001101110010100000000000000000000000000000000000110000010100100
     23552 10011011100101000000000000000000000000000000000001100001101001001001101110010100000000000000000000000000000000000000001001010110
     23568 10100100100110111001010000000000000000000000000000000000011000011010010010011011100101000000000000000000000000000000000001100010
     23584 10100100100110111001010000000000000000000000000000000000000000100101011110100100100110111001010000000000000000000000000000000000
     23600 01100010101001001001101110010100000000000000000000000000000000000110001110100100100110111001010000000000000000000000000000000000
     23616 00000010010110001010010010011011100101000000000000000000000000000000000001100011101001001001101110010100000000000000000000000000
     23632 00000000011001001010010010011011100101000000000000000000000000000000000000000010010110011010010010011011100101000000000000000000
     23648 00000000000000000110010010100100100110111001010000000000000000000000000000000000011001011010010010011011100101000000000000000000
     23664 00000000000000000000000100110000101001001001101110010100000000000000000000000000000000000110010110100100100110111001010000000000
     23680 00000000000000000000000001100110101001001001101110010100000000000000000000000000000000000000010001100110101001001001101110010100
     23696 00000000000000000000000000000000011001101010010010011011100101000000000000000000000000000000000001100111101001001001101110010100
     23712 00000000000000000000000000000000000000100011000010100100100110111001010000000000000000000000000000000000011001011010010010011011
     23728 10010100000000000000000000000000000000000110100010100100100110111001010000000000000000000000000000000000000000110011000010100100
     23744 10011011100101000000000000000000000000000000000001100101101001001001101110010100000000000000000000000000000000000110100110100100
     23760 10011011100101000000000000000000000000000000000000000100001100001010010010011011100101000000000000000000000000000000000000110000
     23776 10100100100110111001010000000000000000000000000000000000011010101010010010011011100101000000000000000000000000000000000000000001
     23792 11110100101000111001101110010100000000000000000000000000000000000110011110100100100110111001010000000000000000000000000000000000
     23808 01101011101001001001101110010100000000000000000000000000000000000000000111110110101000111001101110010100000000000000000000000000
     23824 00000000011001101010010010011011100101000000000000000000000000000000000001101100101001001001101110010100000000000000000000000000
     23840 00000000000000100110101110100100100110111001010000000000000000000000000000000000011011001010010010011011100101000000000000000000
     23856 00000000000000000110110110100100100110111001010000000000000000000000000000000000000000011111100010100011100110111001010000000000
     23872 00000000000000000000000001101000101001001001101110010100000000000000000000000000000000000110111010100100100110111001010000000000
     23888 00000000000000000000000000000010011011011010010010011011100101000000000000000000000000000000000001101110101001001001101110010100
     23904 00000000000000000000000000000000011011111010010010011011100101000000000000000000000000000000000000000001111110101010001110011011
     23920 10010100000000000000000000000000000000000110100110100100100110111001010000000000000000000000000000000000011100001010010010011011
     23936 10010100000000000000000000000000000000000000001001101111101001001001101110010100000000000000000000000000000000000111000010100100
     23952 10011011100101000000000000000000000000000000000001110001101001001001101110010100000000000000000000000000000000000000000111111011
     23968 10100011100110111001010000000000000000000000000000000000011010101010010010011011100101000000000000000000000000000000000001110010
     23984 10100100100110111001010000000000000000000000000000000000000000100111000110100100100110111001010000000000000000000000000000000000
     24000 01110010101001001001101110010100000000000000000000000000000000000111001110100100100110111001010000000000000000000000000000000000
     24016 00000100101010011010000010011011100101000000000000000000000000000000000010101001101000001001101110010100000000000000000000000000
     24032 00000000011101001010010010011011100101000000000000000000000000000000000000000100101010101010000010011011100101000000000000000000
     24048 00000000000000001010101010100000100110111001010000000000000000000000000000000000011101011010010010011011100101000000000000000000
     24064 00000000000000000000000101110100101001001001101110010100000000000000000000000000000000000111010110100100100110111001010000000000
     24080 00000000000000000000000001110110101001001001101110010100000000000000000000000000000000000000010010101011101000001001101110010100
     24096 00000000000000000000000000000000101010111010000010011011100101000000000000000000000000000000000001110111101001001001101110010100
     24112 00000000000000000000000000000000000000010111011010100100100110111001010000000000000000000000000000000000011101111010010010011011
     24128 10010100000000000000000000000000000000000111100010100100100110111001010000000000000000000000000000000000000000011010100110100000
     24144 10011011100101000000000000000000000000000000000001110101101001001001101110010100000000000000000000000000000000000111100110100100
     24160 10011011100101000000000000000000000000000000000000000001011101111010010010011011100101000000000000000000000000000000000001111001
     24176 10100100100110111001010000000000000000000000000000000000011110101010010010011011100101000000000000000000000000000000000000000001
     24192 10101010101000001001101110010100000000000000000000000000000000000111010010100100100110111001010000000000000000000000000000000000
     24208 01111011101001001001101110010100000000000000000000000000000000000000000101110111101001001001101110010100000000000000000000000000
     24224 00000000011110111010010010011011100101000000000000000000000000000000000001111100101001001001101110010100000000000000000000000000
     24240 00000000000000011010100110100000100110111001010000000000000000000000000000000000101010101010000010011011100101000000000000000000
     24256 00000000000000000111110110100100100110111001010000000000000000000000000000000000000000010111011110100100100110111001010000000000
     24272 00000000000000000000000001111101101001001001101110010100000000000000000000000000000000000111111010100100100110111001010000000000
     24288 00000000000000000000000000000001101010111010000010011011100101000000000000000000000000000000000001110110101001001001101110010100
     24304 00000000000000000000000000000000011111111010010010011011100101000000000000000000000000000000000000000100101011001010000010011011
     24320 10010100000000000000000000000000000000001010110010100000100110111001010000000000000000000000000000000000100000001010010010011011
     24336 10010100000000000000000000000000000000000000010010101101101000001001101110010100000000000000000000000000000000001010110110100000
     24352 10011011100101000000000000000000000000000000000010000001101001001001101110010100000000000000000000000000000000000000000110000000
     24368 10100100100110111001010000000000000000000000000000000000100000011010010010011011100101000000000000000000000000000000000010000010
     24384 10100100100110111001010000000000000000000000000000000000000001001010111010100000100110111001010000000000000000000000000000000000
     24400 10101110101000001001101110010100000000000000000000000000000000001000001110100100100110111001010000000000000000000000000000000000
     24416 00000001100000101010010010011011100101000000000000000000000000000000000010000011101001001001101110010100000000000000000000000000
     24432 00000000100001001010010010011011100101000000000000000000000000000000000000000100101011111010000010011011100101000000000000000000
     24448 00000000000000001010111110100000100110111001010000000000000000000000000000000000100001011010010010011011100101000000000000000000
     24464 00000000000000000000000110101100101000001001101110010100000000000000000000000000000000001000000110100100100110111001010000000000
     24480 00000000000000000000000010000110101001001001101110010100000000000000000000000000000000000000000110000011101001001001101110010100
     24496 00000000000000000000000000000000100001101010010010011011100101000000000000000000000000000000000010000111101001001001101110010100
     24512 00000000000000000000000000000000000000011000010110100100100110111001010000000000000000000000000000000000100001111010010010011011
     24528 10010100000000000000000000000000000000001000100010100100100110111001010000000000000000000000000000000000000000011010110110100000
     24544 10011011100101000000000000000000000000000000000010000000101001001001101110010100000000000000000000000000000000001000100110100100
     24560 10011011100101000000000000000000000000000000000000000001100000111010010010011011100101000000000000000000000000000000000010001001
     24576 10100100100110111001010000000000000000000000000000000000100010101010010010011011100101000000000000000000000000000000000000000001
     24592 10000101101001001001101110010100000000000000000000000000000000001000101010100100100110111001010000000000000000000000000000000000
     24608 10001011101001001001101110010100000000000000000000000000000000000000000110101100101000001001101110010100000000000000000000000000
     24624 00000000101011011010000010011011100101000000000000000000000000000000000010001100101001001001101110010100000000000000000000000000
     24640 00000000000000011000001110100100100110111001010000000000000000000000000000000000100011001010010010011011100101000000000000000000
     24656 00000000000000001000110110100100100110111001010000000000000000000000000000000000000000011000010110100100100110111001010000000000
     24672 00000000000000000000000010001101101001001001101110010100000000000000000000000000000000001000111010100100100110111001010000000000
     24688 00000000000000000000000000000001101011101010000010011011100101000000000000000000000000000000000010000010101001001001101110010100
     24704 00000000000000000000000000000000100011111010010010011011100101000000000000000000000000000000000000000001100001011010010010011011
     24720 10010100000000000000000000000000000000001000111110100100100110111001010000000000000000000000000000000000100100001010010010011011
     24736 10010100000000000000000000000000000000000000000110101110101000001001101110010100000000000000000000000000000000001000011010100100
     24752 10011011100101000000000000000000000000000000000010010001101001001001101110010100000000000000000000000000000000000000000110000101
     24768 10100100100110111001010000000000000000000000000000000000100100011010010010011011100101000000000000000000000000000000000010010010
     24784 10100100100110111001010000000000000000000000000000000000000000011010111010100000100110111001010000000000000000000000000000000000
     24800 10001001101001001001101110010100000000000000000000000000000000001001001110100100100110111001010000000000000000000000000000000000
     24816 00000001100001011010010010011011100101000000000000000000000000000000000010010011101001001001101110010100000000000000000000000000
     24832 00000000100101001010010010011011100101000000000000000000000000000000000000000001101011101010000010011011100101000000000000000000
     24848 00000000000000001000110010100100100110111001010000000000000000000000000000000000100101011010010010011011100101000000000000000000
     24864 00000000000000000000000110000101101001001001101110010100000000000000000000000000000000001001010110100100100110111001010000000000
     24880 00000000000000000000000010010110101001001001101110010100000000000000000000000000000000000000000110101111101000001001101110010100
     24896 00000000000000000000000000000000100001001010010010011011100101000000000000000000000000000000000010010111101001001001101110010100
     24912 00000000000000000000000000000000000000011010111110100000100110111001010000000000000000000000000000000000100001111010010010011011
     24928 10010100000000000000000000000000000000001001100010100100100110111001010000000000000000000000000000000000000000011010111110100000
     24944 10011011100101000000000000000000000000000000000010001010101001001001101110010100000000000000000000000000000000001001100110100100
     24960 10011011100101000000000000000000000000000000000000000001101011111010000010011011100101000000000000000000000000000000000010001101
     24976 10100100100110111001010000000000000000000000000000000000100110101010010010011011100101000000000000000000000000000000000000000001
     24992 10101111101000001001101110010100000000000000000000000000000000001000111110100100100110111001010000000000000000000000000000000000
     25008 10011011101001001001101110010100000000000000000000000000000000000000000110101111101000001001101110010100000000000000000000000000
     25024 00000000100100011010010010011011100101000000000000000000000000000000000010011100101001001001101110010100000000000000000000000000
     25040 00000000000000011010111110100000100110111001010000000000000000000000000000000000100100111010010010011011100101000000000000000000
     25056 00000000000000001001110110100100100110111001010000000000000000000000000000000000000000010100001010100000100110111001010000000000
     25072 00000000000000000000000010001011101001001001101110010100000000000000000000000000000000001001111010100100100110111001010000000000
     25088 00000000000000000000000000000001010000111010000010011011100101000000000000000000000000000000000010001110101001001001101110010100
     25104 00000000000000000000000000000000100111111010010010011011100101000000000000000000000000000000000000000001010001001010000010011011
     25120 10010100000000000000000000000000000000001001000010100100100110111001010000000000000000000000000000000000101000001010010010011011
     25136 10010100000000000000000000000000000000000000000101000101101000001001101110010100000000000000000000000000000000001001001010100100
     25152 10011011100101000000000000000000000000000000000010100001101001001001101110010100000000000000000000000000000000000000000100000001
     25168 10100001100110111001010000000000000000000000000000000000100101001010010010011011100101000000000000000000000000000000000010100010
     25184 10100100100110111001010000000000000000000000000000000000000000010101011110100001100110111001010000000000000000000000000000000000
     25200 10010110101001001001101110010100000000000000000000000000000000001010001110100100100110111001010000000000000000000000000000000000
     25216 00000001101101011010000110011011100101000000000000000000000000000000000010010111101001001001101110010100000000000000000000000000
     25232 00000000101001001010010010011011100101000000000000000000000000000000000000000001000110111010001010011011100101000000000000000000
     25248 00000000000000001001100010100100100110111001010000000000000000000000000000000000101001011010010010011011100101000000000000000000
     25264 00000000000000000000000110000111101000101001101110010100000000000000000000000000000000001001100110100100100110111001010000000000
     25280 00000000000000000000000010100110101001001001101110010100000000000000000000000000000000000000000111111001101000101001101110010100
     25296 00000000000000000000000000000000100110101010010010011011100101000000000000000000000000000000000010100111101001001001101110010100
     25312 00000000000000000000000000000000000000010111000110100011100110111001010000000000000000000000000000000000100110111010010010011011
     25328 10010100000000000000000000000000000000001010100010100100100110111001010000000000000000000000000000000000000000011110111110100011
     25344 10011011100101000000000000000000000000000000000010011100101001001001101110010100000000000000000000000000000000001010100110100100
     25360 10011011100101000000000000000000000000000000000000000001011100111010010010011011100101000000000000000000000000000000000010011101
     25376 10100100100110111001010000000000000000000000000000000000101010101010010010011011100101000000000000000000000000000000000000000010
     25392 10001000101001001001101110010100000000000000000000000000000000001001111010100100100110111001010000000000000000000000000000000000
     25408 10101011101001001001101110010100000000000000000000000000000000000000001010011111101001001001101110010100000000000000000000000000
     25424 00000000101010111010010010011011100101000000000000000000000000000000000010101100101001001001101110010100000000000000000000000000
     25440 00000000000000101010000010100100100110111001010000000000000000000000000000000000101011001010010010011011100101000000000000000000
     25456 00000000000000001010110110100100100110111001010000000000000000000000000000000000000000101010000110100100100110111001010000000000
     25472 00000000000000000000000010101101101001001001101110010100000000000000000000000000000000001010111010100100100110111001010000000000
     25488 00000000000000000000000000000010101000101010010010011011100101000000000000000000000000000000000010101110101001001001101110010100
     25504 00000000000000000000000000000000101011111010010010011011100101000000000000000000000000000000000000000010101000111010010010011011
     25520 10010100000000000000000000000000000000001010111110100100100110111001010000000000000000000000000000000000101100001010010010011011
     25536 10010100000000000000000000000000000000000000001010100100101001001001101110010100000000000000000000000000000000001011000010100100
     25552 10011011100101000000000000000000000000000000000010110001101001001001101110010100000000000000000000000000000000000000001010100101
     25568 10100100100110111001010000000000000000000000000000000000101100011010010010011011100101000000000000000000000000000000000010110010
     25584 10100100100110111001010000000000000000000000000000000000000000101010011010100100100110111001010000000000000000000000000000000000
     25600 10110010101001001001101110010100000000000000000000000000000000001011001110100100100110111001010000000000000000000000000000000000
     25616 00000010101001111010010010011011100101000000000000000000000000000000000010110011101001001001101110010100000000000000000000000000
     25632 00000000101101001010010010011011100101000000000000000000000000000000000000000010101010001010010010011011100101000000000000000000
     25648 00000000000000001011010010100100100110111001010000000000000000000000000000000000101101011010010010011011100101000000000000000000
     25664 00000000000000000000001010101001101001001001101110010100000000000000000000000000000000001011010110100100100110111001010000000000
     25680 00000000000000000000000010110110101001001001101110010100000000000000000000000000000000000000001010101010101001001001101110010100
     25696 00000000000000000000000000000000101101101010010010011011100101000000000000000000000000000000000010110111101001001001101110010100
     25712 00000000000000000000000000000000000001001011000010100000100110111001010000000000000000000000000000000000101100001010000010011011
     25728 10010100000000000000000000000000000000001011100010100100100110111001010000000000000000000000000000000000000001001011000110100000
     25744 10011011100101000000000000000000000000000000000010110001101000001001101110010100000000000000000000000000000000001011100110100100
     25760 10011011100101000000000000000000000000000000000000000001101110001010010010011011100101000000000000000000000000000000000010111001
     25776 10100100100110111001010000000000000000000000000000000000101110101010010010011011100101000000000000000000000000000000000000000100
     25792 10110010101000001001101110010100000000000000000000000000000000001011001010100000100110111001010000000000000000000000000000000000
     25808 10111011101001001001101110010100000000000000000000000000000000000000000110111010101001001001101110010100000000000000000000000000
     25824 00000000101110111010010010011011100101000000000000000000000000000000000010111100101001001001101110010100000000000000000000000000
     25840 00000000000001001011001110100000100110111001010000000000000000000000000000000000101100111010000010011011100101000000000000000000
     25856 00000000000000001011110110100100100110111001010000000000000000000000000000000000000000011011000010100000100110111001010000000000
     25872 00000000000000000000000010111001101001001001101110010100000000000000000000000000000000001011111010100100100110111001010000000000
     25888 00000000000000000000000000000001101110111010010010011011100101000000000000000000000000000000000010111110101001001001101110010100
     25904 00000000000000000000000000000000101111111010010010011011100101000000000000000000000000000000000000000001101111011010010010011011
     25920 10010100000000000000000000000000000000001011111110100100100110111001010000000000000000000000000000000000110000001010010010011011
     25936 10010100000000000000000000000000000000000000000110110001101000001001101110010100000000000000000000000000000000001011100010100100
     25952 10011011100101000000000000000000000000000000000011000001101001001001101110010100000000000000000000000000000000000000000110111011
     25968 10100100100110111001010000000000000000000000000000000000110000011010010010011011100101000000000000000000000000000000000011000010
     25984 10100100100110111001010000000000000000000000000000000000000000011011110110100100100110111001010000000000000000000000000000000000
     26000 11000010101001001001101110010100000000000000000000000000000000001100001110100100100110111001010000000000000000000000000000000000
     26016 00000001101100001010000010011011100101000000000000000000000000000000000010110001101000001001101110010100000000000000000000000000
     26032 00000000110001001010010010011011100101000000000000000000000000000000000000000001101110111010010010011011100101000000000000000000
     26048 00000000000000001100010010100100100110111001010000000000000000000000000000000000110001011010010010011011100101000000000000000000
     26064 00000000000000000000000110111101101001001001101110010100000000000000000000000000000000001100010110100100100110111001010000000000
     26080 00000000000000000000000011000110101001001001101110010100000000000000000000000000000000000000000110110010101000001001101110010100
     26096 00000000000000000000000000000000101110101010010010011011100101000000000000000000000000000000000011000111101001001001101110010100
     26112 00000000000000000000000000000000000000011011110110100100100110111001010000000000000000000000000000000000110001111010010010011011
     26128 10010100000000000000000000000000000000001100100010100100100110111001010000000000000000000000000000000000000000011011001010100000
     26144 10011011100101000000000000000000000000000000000010111110101001001001101110010100000000000000000000000000000000001100100110100100
     26160 10011011100101000000000000000000000000000000000000000001101111011010010010011011100101000000000000000000000000000000000011001001
     26176 10100100100110111001010000000000000000000000000000000000110010101010010010011011100101000000000000000000000000000000000000000001
     26192 10110010101000001001101110010100000000000000000000000000000000001100000110100100100110111001010000000000000000000000000000000000
     26208 11001011101001001001101110010100000000000000000000000000000000000000000110111101101001001001101110010100000000000000000000000000
     26224 00000000110010111010010010011011100101000000000000000000000000000000000011001100101001001001101110010100000000000000000000000000
     26240 00000000000000011011001010100000100110111001010000000000000000000000000000000000110001001010010010011011100101000000000000000000
     26256 00000000000000001100110110100100100110111001010000000000000000000000000000000000000000011011110110100100100110111001010000000000
     26272 00000000000000000000000011001101101001001001101110010100000000000000000000000000000000001100111010100100100110111001010000000000
     26288 00000000000000000000000000000001101100111010000010011011100101000000000000000000000000000000000010111100101001001001101110010100
     26304 00000000000000000000000000000000110011111010010010011011100101000000000000000000000000000000000000000001101100111010000010011011
     26320 10010100000000000000000000000000000000001011111110100100100110111001010000000000000000000000000000000000110100001010010010011011
     26336 10010100000000000000000000000000000000000000000110110011101000001001101110010100000000000000000000000000000000001100001010100100
     26352 10011011100101000000000000000000000000000000000011010001101001001001101110010100000000000000000000000000000000000000000110110011
     26368 10100000100110111001010000000000000000000000000000000000110001011010010010011011100101000000000000000000000000000000000011010010
     26384 10100100100110111001010000000000000000000000000000000000000000011011001110100000100110111001010000000000000000000000000000000000
     26400 11000111101001001001101110010100000000000000000000000000000000001101001110100100100110111001010000000000000000000000000000000000
     26416 00000001101100111010000010011011100101000000000000000000000000000000000011001001101001001001101110010100000000000000000000000000
     26432 00000000110101001010010010011011100101000000000000000000000000000000000000000001101100111010000010011011100101000000000000000000
     26448 00000000000000001100101110100100100110111001010000000000000000000000000000000000110101011010010010011011100101000000000000000000
     26464 00000000000000000000000101000010101000001001101110010100000000000000000000000000000000001100001110100100100110111001010000000000
     26480 00000000000000000000000011010110101001001001101110010100000000000000000000000000000000000000000101000011101000001001101110010100
     26496 00000000000000000000000000000000110001101010010010011011100101000000000000000000000000000000000011010111101001001001101110010100
     26512 00000000000000000000000000000000000000010100010010100000100110111001010000000000000000000000000000000000110010001010010010011011
     26528 10010100000000000000000000000000000000001101100010100100100110111001010000000000000000000000000000000000000000010100010110100000
     26544 10011011100101000000000000000000000000000000000011001010101001001001101110010100000000000000000000000000000000001101100110100100
     26560 10011011100101000000000000000000000000000000000000000001000000011010000110011011100101000000000000000000000000000000000011001100
     26576 10100100100110111001010000000000000000000000000000000000110110101010010010011011100101000000000000000000000000000000000000000001
     26592 01010111101000011001101110010100000000000000000000000000000000001100111010100100100110111001010000000000000000000000000000000000
     26608 11011011101001001001101110010100000000000000000000000000000000000000000110110101101000011001101110010100000000000000000000000000
     26624 00000000110011111010010010011011100101000000000000000000000000000000000011011100101001001001101110010100000000000000000000000000
     26640 00000000000000010001101110100010100110111001010000000000000000000000000000000000110100001010010010011011100101000000000000000000
     26656 00000000000000001101110110100100100110111001010000000000000000000000000000000000000000011000011110100010100110111001010000000000
     26672 00000000000000000000000011010001101001001001101110010100000000000000000000000000000000001101111010100100100110111001010000000000
     26688 00000000000000000000000000000001111110011010001010011011100101000000000000000000000000000000000011010010101001001001101110010100
     26704 00000000000000000000000000000000110111111010010010011011100101000000000000000000000000000000000000000001011100011010001110011011
     26720 10010100000000000000000000000000000000001101001110100100100110111001010000000000000000000000000000000000111000001010010010011011
     26736 10010100000000000000000000000000000000000000000111101111101000111001101110010100000000000000000000000000000000001101010010100100
     26752 10011011100101000000000000000000000000000000000011100001101001001001101110010100000000000000000000000000000000000000000101110011
     26768 10100100100110111001010000000000000000000000000000000000110101011010010010011011100101000000000000000000000000000000000011100010
     26784 10100100100110111001010000000000000000000000000000000000000000101100000010100100100110111001010000000000000000000000000000000000
     26800 11010110101001001001101110010100000000000000000000000000000000001110001110100100100110111001010000000000000000000000000000000000
     26816 00000010110101111010010010011011100101000000000000000000000000000000000011100011101001001001101110010100000000000000000000000000
     26832 00000000111001001010010010011011100101000000000000000000000000000000000000000010110110001010010010011011100101000000000000000000
     26848 00000000000000001110010010100100100110111001010000000000000000000000000000000000111001011010010010011011100101000000000000000000
     26864 00000000000000000000001011011001101001001001101110010100000000000000000000000000000000001110010110100100100110111001010000000000
     26880 00000000000000000000000011100110101001001001101110010100000000000000000000000000000000000000001011011010101001001001101110010100
     26896 00000000000000000000000000000000111001101010010010011011100101000000000000000000000000000000000011100111101001001001101110010100
     26912 00000000000000000000000000000000000000101101101110100100100110111001010000000000000000000000000000000000111001111010010010011011
     26928 10010100000000000000000000000000000000001110100010100100100110111001010000000000000000000000000000000000000000101101110010100100
     26944 10011011100101000000000000000000000000000000000011101000101001001001101110010100000000000000000000000000000000001110100110100100
     26960 10011011100101000000000000000000000000000000000000000010110111011010010010011011100101000000000000000000000000000000000011101001
     26976 10100100100110111001010000000000000000000000000000000000111010101010010010011011100101000000000000000000000000000000000000000010
     26992 11011110101001001001101110010100000000000000000000000000000000001110101010100100100110111001010000000000000000000000000000000000
     27008 11101011101001001001101110010100000000000000000000000000000000000000001011011111101001001001101110010100000000000000000000000000
     27024 00000000111010111010010010011011100101000000000000000000000000000000000011101100101001001001101110010100000000000000000000000000
     27040 00000000000000101110000010100100100110111001010000000000000000000000000000000000111011001010010010011011100101000000000000000000
     27056 00000000000000001110110110100100100110111001010000000000000000000000000000000000000000101110000110100100100110111001010000000000
     27072 00000000000000000000000011101101101001001001101110010100000000000000000000000000000000001110111010100100100110111001010000000000
     27088 00000000000000000000000000000010111000101010010010011011100101000000000000000000000000000000000011101110101001001001101110010100
     27104 00000000000000000000000000000000111011111010010010011011100101000000000000000000000000000000000000000001101101111010010010011011
     27120 10010100000000000000000000000000000000001110111110100100100110111001010000000000000000000000000000000000111100001010010010011011
     27136 10010100000000000000000000000000000000000000010011110000101001001001101110010100000000000000000000000000000000001111000010100100
     27152 10011011100101000000000000000000000000000000000011110001101001001001101110010100000000000000000000000000000000000000001010110111
     27168 10100100100110111001010000000000000000000000000000000000111011111010010010011011100101000000000000000000000000000000000011110010
     27184 10100100100110111001010000000000000000000000000000000000000000111011011110100100100110111001010000000000000000000000000000000000
     27200 11101111101001001001101110010100000000000000000000000000000000001111001110100100100110111001010000000000000000000000000000000000
     27216 00000100101101111010010010011011100101000000000000000000000000000000000010110111101001001001101110010100000000000000000000000000
     27232 00000000111101001010010010011011100101000000000000000000000000000000000000000001011110001010010010011011100101000000000000000000
     27248 00000000000000001111000110100100100110111001010000000000000000000000000000000000111101011010010010011011100101000000000000000000
     27264 00000000000000000000000101111010101001001001101110010100000000000000000000000000000000001111000010100100100110111001010000000000
     27280 00000000000000000000000011110110101001001001101110010100000000000000000000000000000000000000001011110101101001001001101110010100
     27296 00000000000000000000000000000000111101101010010010011011100101000000000000000000000000000000000011110111101001001001101110010100
     27312 00000000000000000000000000000000000000010111110010100100100110111001010000000000000000000000000000000000111100101010010010011011
     27328 10010100000000000000000000000000000000001111100010100100100110111001010000000000000000000000000000000000000000101111011110100100
     27344 10011011100101000000000000000000000000000000000011111000101001001001101110010100000000000000000000000000000000001111100110100100
     27360 10011011100101000000000000000000000000000000000000000001011111101010010010011011100101000000000000000000000000000000000011110011
     27376 10100100100110111001010000000000000000000000000000000000111110101010010010011011100101000000000000000000000000000000000000000010
     27392 11111001101001001001101110010100000000000000000000000000000000001111101010100100100110111001010000000000000000000000000000000000
     27408 11111011101001001001101110010100000000000000000000000000000000000000000101111111101001001001101110010100000000000000000000000000
     27424 00000000111101001010010010011011100101000000000000000000000000000000000011111100101001001001101110010100000000000000000000000000
     27440 00000000000000101111101110100100100110111001010000000000000000000000000000000000111111001010010010011011100101000000000000000000
     27456 00000000000000001111110110100100100110111001010000000000000000000000000000000000000000011111110110100100100110111001010000000000
     27472 00000000000000000000000011111110101001001001101110010100000000000000000000000000000000001111111110100100100110111001010000000000
     27488 000000000000000000000000

TOTAL BITS: 219,928
