AUTOFAB0.mno LIVE RE-DUMP  70925 B  ALL 567400 BITS  128/line

       0 00000011100011110000000000000000000000000000000000000000000000000000000010001101000000000000000000000000000000000000000000000000
      16 00000000110000010000000000000000000000000000000000000000000000000000000000000011110000010000000000000000000000000000000000000000
      32 00000000000000001000110000000000000000000000000000000000000000000000000000000000110000100000000000000000000000000000000000000000
      48 00000000000000000000001111000010000000000000000000000000000000000000000000000000000000001000101000000000000000000000000000000000
      64 00000000000000000000000011000011000000000000000000000000000000000000000000000000000000000000001010001110000000000000000000000000
      80 00000000000000000000000000000000100011100000000000000000000000000000000000000000000000000000000010001111000000000000000000000000
      96 00000000000000000000000000000000000000101000110100000000000000000000000000000000000000000000000000000000100011010000000000000000
     112 00000000000000000000000000000000000000001000111000000000000000000000000000000000000000000000000000000000000000101000110000000000
     128 00000000000000000000000000000000000000000000000010001100000000000000000000000000000000000000000000000000000000001000110100000000
     144 00000000000000000000000000000000000000000000000000000010100010110000000000000000000000000000000000000000000000000000000010001011
     160 00000000000000000000000000000000000000000000000000000000100011000000000000000000000000000000000000000000000000000000000000000010
     176 10001010000000000000000000000000000000000000000000000000000000001000101000000000000000000000000000000000000000000000000000000000
     192 10001011000000000000000000000000000000000000000000000000000000000000001010001001000000000000000000000000000000000000000000000000
     208 00000000100010010000000000000000000000000000000000000000000000000000000010001010000000000000000000000000000000000000000000000000
     224 00000000000000101000100000000000000000000000000000000000000000000000000000000000100010000000000000000000000000000000000000000000
     240 00000000000000001000100100000000000000000000000000000000000000000000000000000000000000101000011100000000000000000000000000000000
     256 00000000000000000000000010000111000000000000000000000000000000000000000000000000000000001000100000000000000000000000000000000000
     272 00000000000000000000000000000010100001100000000000000000000000000000000000000000000000000000000010000110000000000000000000000000
     288 00000000000000000000000000000000100001110000000000000000000000000000000000000000000000000000000000000010100001010000000000000000
     304 00000000000000000000000000000000000000001000010100000000000000000000000000000000000000000000000000000000100001100000000000000000
     320 00000000000000000000000000000000000000000000001010000100000000000000000000000000000000000000000000000000000000001000010000000000
     336 00000000000000000000000000000000000000000000000010000101000000000000000000000000000000000000000000000000000000000000001010000011
     352 00000000000000000000000000000000000000000000000000000000100000110000000000000000000000000000000000000000000000000000000010000100
     368 00000000000000000000000000000000000000000000000000000000000000101000001000000000000000000000000000000000000000000000000000000000
     384 10000010000000000000000000000000000000000000000000000000000000001000001100000000000000000000000000000000000000000000000000000000
     400 00000010100000010000000000000000000000000000000000000000000000000000000010000001000000000000000000000000000000000000000000000000
     416 00000000100000100000000000000000000000000000000000000000000000000000000000000010100000000000000000000000000000000000000000000000
     432 00000000000000001000000000000000000000000000000000000000000000000000000000000000100000010000000000000000000000000000000000000000
     448 00000000000000000000001011000011000000000000000000000000000000000000000000000000000000001100001100000000000000000000000000000000
     464 00000000000000000000000010000000000000000000000000000000000000000000000000000000000000000000010011000000000000000000000000000000
     480 00000000000000000000000000000000110000000000000000000000000000000000000000000000000000000000000011001001000000000000000000000000
     496 00000000000000000000000000000000000000010000000000000000000000000000000000000000000000000000000000000000110000000000000000000000
     512 00000000000000000000000000000000000000001100101000000000000000000000000000000000000000000000000000000000000000010000000000000000
     528 00000000000000000000000000000000000000000000000011001001000000000000000000000000000000000000000000000000000000001100101100000000
     544 00000000000000000000000000000000000000000000000000000010110010100000000000000000000000000000000000000000000000000000000011001011
     560 00000000000000000000000000000000000000000000000000000000110011000000000000000000000000000000000000000000000000000000000000000011
     576 11001100000000000000000000000000000000000000000000000000000000001000000000000000000000000000000000000000000000000000000000000000
     592 01000000000000000000000000000000000000000000000000000000000000000000010011000000000000000000000000000000000000000000000000000000
     608 00000000110000000000000000000000000000000000000000000000000000000000000011001101000000000000000000000000000000000000000000000000
     624 00000000000000010000000100000000000000000000000000000000000000000000000000000000110000000000000000000000000000000000000000000000
     640 00000000000000001100111000000000000000000000000000000000000000000000000000000000000000010000000100000000000000000000000000000000
     656 00000000000000000000000011001101000000000000000000000000000000000000000000000000000000001100111100000000000000000000000000000000
     672 00000000000000000000000000000010110011100000000000000000000000000000000000000000000000000000000011001111000000000000000000000000
     688 00000000000000000000000000000000110100000000000000000000000000000000000000000000000000000000000000000011110100000000000000000000
     704 00000000000000000000000000000000000000001000000100000000000000000000000000000000000000000000000000000000010000010000000000000000
     720 00000000000000000000000000000000000000000000010011000000000000000000000000000000000000000000000000000000000000001100000000000000
     736 00000000000000000000000000000000000000000000000011010001000000000000000000000000000000000000000000000000000000000000000100000010
     752 00000000000000000000000000000000000000000000000000000000110000000000000000000000000000000000000000000000000000000000000011010010
     768 00000000000000000000000000000000000000000000000000000000000000010000001000000000000000000000000000000000000000000000000000000000
     784 11010001000000000000000000000000000000000000000000000000000000001101001100000000000000000000000000000000000000000000000000000000
     800 00000010110100100000000000000000000000000000000000000000000000000000000011010011000000000000000000000000000000000000000000000000
     816 00000000110101000000000000000000000000000000000000000000000000000000000000000011110101000000000000000000000000000000000000000000
     832 00000000000000001000001000000000000000000000000000000000000000000000000000000000010000100000000000000000000000000000000000000000
     848 00000000000000000000010011000000000000000000000000000000000000000000000000000000000000001100000000000000000000000000000000000000
     864 00000000000000000000000011010101000000000000000000000000000000000000000000000000000000000000000100000011000000000000000000000000
     880 00000000000000000000000000000000110000000000000000000000000000000000000000000000000000000000000011010110000000000000000000000000
     896 00000000000000000000000000000000000000010000001100000000000000000000000000000000000000000000000000000000110101010000000000000000
     912 00000000000000000000000000000000000000001101011100000000000000000000000000000000000000000000000000000000000000101101011000000000
     928 00000000000000000000000000000000000000000000000011010111000000000000000000000000000000000000000000000000000000001101100000000000
     944 00000000000000000000000000000000000000000000000000000011110110000000000000000000000000000000000000000000000000000000000010000011
     960 00000000000000000000000000000000000000000000000000000000010000110000000000000000000000000000000000000000000000000000000000000100
     976 11000000000000000000000000000000000000000000000000000000000000001100000000000000000000000000000000000000000000000000000000000000
     992 11011001000000000000000000000000000000000000000000000000000000000000000100000100000000000000000000000000000000000000000000000000
    1008 00000000110000000000000000000000000000000000000000000000000000000000000011011010000000000000000000000000000000000000000000000000
    1024 00000000000000010000010000000000000000000000000000000000000000000000000000000000110110010000000000000000000000000000000000000000
    1040 00000000000000001101101100000000000000000000000000000000000000000000000000000000000000101101101000000000000000000000000000000000
    1056 00000000000000000000000011011011000000000000000000000000000000000000000000000000000000001101110000000000000000000000000000000000
    1072 00000000000000000000000000000011110111000000000000000000000000000000000000000000000000000000000010000100000000000000000000000000
    1088 00000000000000000000000000000000010001000000000000000000000000000000000000000000000000000000000000000100110000000000000000000000
    1104 00000000000000000000000000000000000000001100000000000000000000000000000000000000000000000000000000000000110111010000000000000000
    1120 00000000000000000000000000000000000000000000000100000101000000000000000000000000000000000000000000000000000000001100000000000000
    1136 00000000000000000000000000000000000000000000000011011110000000000000000000000000000000000000000000000000000000000000000100000101
    1152 00000000000000000000000000000000000000000000000000000000110111010000000000000000000000000000000000000000000000000000000011011111
    1168 00000000000000000000000000000000000000000000000000000000000000101101111000000000000000000000000000000000000000000000000000000000
    1184 11011111000000000000000000000000000000000000000000000000000000001110000000000000000000000000000000000000000000000000000000000000
    1200 00000011111000000000000000000000000000000000000000000000000000000000000010000101000000000000000000000000000000000000000000000000
    1216 00000000010001010000000000000000000000000000000000000000000000000000000000000100110000000000000000000000000000000000000000000000
    1232 00000000000000001100000000000000000000000000000000000000000000000000000000000000111000010000000000000000000000000000000000000000
    1248 00000000000000000000000100000110000000000000000000000000000000000000000000000000000000001100000000000000000000000000000000000000
    1264 00000000000000000000000011100010000000000000000000000000000000000000000000000000000000000000000100000110000000000000000000000000
    1280 00000000000000000000000000000000111000010000000000000000000000000000000000000000000000000000000011100011000000000000000000000000
    1296 00000000000000000000000000000000000000101110001000000000000000000000000000000000000000000000000000000000111000110000000000000000
    1312 00000000000000000000000000000000000000001110010000000000000000000000000000000000000000000000000000000000000000111110010000000000
    1328 00000000000000000000000000000000000000000000000010000110000000000000000000000000000000000000000000000000000000000100011000000000
    1344 00000000000000000000000000000000000000000000000000000100110000000000000000000000000000000000000000000000000000000000000011000000
    1360 00000000000000000000000000000000000000000000000000000000111001010000000000000000000000000000000000000000000000000000000000000001
    1376 00000111000000000000000000000000000000000000000000000000000000001100000000000000000000000000000000000000000000000000000000000000
    1392 11100110000000000000000000000000000000000000000000000000000000000000000100000111000000000000000000000000000000000000000000000000
    1408 00000000111001010000000000000000000000000000000000000000000000000000000011100111000000000000000000000000000000000000000000000000
    1424 00000000000000101110011000000000000000000000000000000000000000000000000000000000111001110000000000000000000000000000000000000000
    1440 00000000000000001110100000000000000000000000000000000000000000000000000000000000000000111110100000000000000000000000000000000000
    1456 00000000000000000000000010000111000000000000000000000000000000000000000000000000000000000100011100000000000000000000000000000000
    1472 00000000000000000000000000000100110000000000000000000000000000000000000000000000000000000000000011000000000000000000000000000000
    1488 00000000000000000000000000000000111010010000000000000000000000000000000000000000000000000000000000000001000010000000000000000000
    1504 00000000000000000000000000000000000000001100000000000000000000000000000000000000000000000000000000000000111010100000000000000000
    1520 00000000000000000000000000000000000000000000000100001000000000000000000000000000000000000000000000000000000000001110100100000000
    1536 00000000000000000000000000000000000000000000000011101011000000000000000000000000000000000000000000000000000000000000001011101010
    1552 00000000000000000000000000000000000000000000000000000000111010110000000000000000000000000000000000000000000000000000000011101100
    1568 00000000000000000000000000000000000000000000000000000000000000111110110000000000000000000000000000000000000000000000000000000000
    1584 10001000000000000000000000000000000000000000000000000000000000000100100000000000000000000000000000000000000000000000000000000000
    1600 00000100110000000000000000000000000000000000000000000000000000000000000011000000000000000000000000000000000000000000000000000000
    1616 00000000111011010000000000000000000000000000000000000000000000000000000000000001000010010000000000000000000000000000000000000000
    1632 00000000000000001100000000000000000000000000000000000000000000000000000000000000111011100000000000000000000000000000000000000000
    1648 00000000000000000000000100001001000000000000000000000000000000000000000000000000000000001110110100000000000000000000000000000000
    1664 00000000000000000000000011101111000000000000000000000000000000000000000000000000000000000000001011101110000000000000000000000000
    1680 00000000000000000000000000000000111011110000000000000000000000000000000000000000000000000000000011110000000000000000000000000000
    1696 00000000000000000000000000000000000000111111000000000000000000000000000000000000000000000000000000000000100010010000000000000000
    1712 00000000000000000000000000000000000000000100100100000000000000000000000000000000000000000000000000000000000001001100000000000000
    1728 00000000000000000000000000000000000000000000000011000000000000000000000000000000000000000000000000000000000000001111000100000000
    1744 00000000000000000000000000000000000000000000000000000001000010100000000000000000000000000000000000000000000000000000000011000000
    1760 00000000000000000000000000000000000000000000000000000000111100100000000000000000000000000000000000000000000000000000000000000001
    1776 00001010000000000000000000000000000000000000000000000000000000001111000100000000000000000000000000000000000000000000000000000000
    1792 11110011000000000000000000000000000000000000000000000000000000000000001011110010000000000000000000000000000000000000000000000000
    1808 00000000111100110000000000000000000000000000000000000000000000000000000011110100000000000000000000000000000000000000000000000000
    1824 00000000000000111111010000000000000000000000000000000000000000000000000000000000100010100000000000000000000000000000000000000000
    1840 00000000000000000100101000000000000000000000000000000000000000000000000000000000000001001100000000000000000000000000000000000000
    1856 00000000000000000000000011000000000000000000000000000000000000000000000000000000000000001111010100000000000000000000000000000000
    1872 00000000000000000000000000000001000010110000000000000000000000000000000000000000000000000000000011000000000000000000000000000000
    1888 00000000000000000000000000000000111101100000000000000000000000000000000000000000000000000000000000000001000010110000000000000000
    1904 00000000000000000000000000000000000000001111010100000000000000000000000000000000000000000000000000000000111101110000000000000000
    1920 00000000000000000000000000000000000000000000001011110110000000000000000000000000000000000000000000000000000000001111011100000000
    1936 00000000000000000000000000000000000000000000000011111000000000000000000000000000000000000000000000000000000000000000001111111000
    1952 00000000000000000000000000000000000000000000000000000000100010110000000000000000000000000000000000000000000000000000000001001011
    1968 00000000000000000000000000000000000000000000000000000000000001001100000000000000000000000000000000000000000000000000000000000000
    1984 11000000000000000000000000000000000000000000000000000000000000001111100100000000000000000000000000000000000000000000000000000000
    2000 00000001000011000000000000000000000000000000000000000000000000000000000011000000000000000000000000000000000000000000000000000000
    2016 00000000111110100000000000000000000000000000000000000000000000000000000000000001000011000000000000000000000000000000000000000000
    2032 00000000000000001111100100000000000000000000000000000000000000000000000000000000111110110000000000000000000000000000000000000000
    2048 00000000000000000000001011111010000000000000000000000000000000000000000000000000000000001111101100000000000000000000000000000000
    2064 00000000000000000000000011111100000000000000000000000000000000000000000000000000000000000000001111111100000000000000000000000000
    2080 00000000000000000000000000000000100011000000000000000000000000000000000000000000000000000000000001001100000000000000000000000000
    2096 00000000000000000000000000000000000001001100000000000000000000000000000000000000000000000000000000000000110000000000000000000000
    2112 00000000000000000000000000000000000000001111110100000000000000000000000000000000000000000000000000000000000000010000110100000000
    2128 00000000000000000000000000000000000000000000000011000000000000000000000000000000000000000000000000000000000000001111111000000000
    2144 00000000000000000000000000000000000000000000000000000001000011010000000000000000000000000000000000000000000000000000000011111101
    2160 00000000000000000000000000000000000000000000000000000000111111110000000000000000000000000000000000000000000000000000000000000010
    2176 11111110000000000000000000000000000000000000000000000000000000001111111100000000000000000000000000000000000000000000000000000000
    2192 00000000000000010000000000000000000000000000000000000000000000000000001100000000000000010000000000000000000000000000000000000000
    2208 00000000100011010000000000000000000000000000000000000000000000000000000001001101000000000000000000000000000000000000000000000000
    2224 00000000000001001100000000000000000000000000000000000000000000000000000000000000110000000000000000000000000000000000000000000000
    2240 00000000000000000000000100000001000000000000000000000000000000000000000000000000000000010000111000000000000000000000000000000000
    2256 00000000000000000000000011000000000000000000000000000000000000000000000000000000000000000000001000000001000000000000000000000000
    2272 00000000000000000000000000000001000011100000000000000000000000000000000000000000000000000000000000000001000000010000000000000000
    2288 00000000000000000000000000000000000000110000000100000000000000000000000000000000000000000000000000000010000000100000000100000000
    2304 00000000000000000000000000000000000000000000001100000001000000000000000000000000000000000000000000000000000001000000000100000000
    2320 00000000000000000000000000000000000000000000001100000100000000010000000000000000000000000000000000000000000000001000111000000000
    2336 00000000000000000000000000000000000000000000000001001110000000000000000000000000000000000000000000000000000000000000010011000000
    2352 00000000000000000000000000000000000000000000000000000000110000000000000000000000000000000000000000000000000000000000000000000101
    2368 00000001000000000000000000000000000000000000000000000000000000010000111100000000000000000000000000000000000000000000000000000000
    2384 11000000000000000000000000000000000000000000000000000000000000000000011000000001000000000000000000000000000000000000000000000000
    2400 00000001000011110000000000000000000000000000000000000000000000000000000000000101000000010000000000000000000000000000000000000000
    2416 00000000000001110000000100000000000000000000000000000000000000000000000000000010000001100000000100000000000000000000000000000000
    2432 00000000000000000000011100000001000000000000000000000000000000000000000000000000000010000000000100000000000000000000000000000000
    2448 00000000000000000000001100001000000000010000000000000000000000000000000000000000000000001000111100000000000000000000000000000000
    2464 00000000000000000000000001001111000000000000000000000000000000000000000000000000000000000000010011000000000000000000000000000000
    2480 00000000000000000000000000000000110000000000000000000000000000000000000000000000000000000000000000001001000000010000000000000000
    2496 00000000000000000000000000000000000000010001000000000000000000000000000000000000000000000000000000000000110000000000000000000000
    2512 00000000000000000000000000000000000000000000101000000001000000000000000000000000000000000000000000000000000000010001000000000000
    2528 00000000000000000000000000000000000000000000000000001001000000010000000000000000000000000000000000000000000000000000101100000001
    2544 00000000000000000000000000000000000000000000000000000010000010100000000100000000000000000000000000000000000000000000000000001011
    2560 00000001000000000000000000000000000000000000000000000000000011000000000100000000000000000000000000000000000000000000000000000011
    2576 00001100000000010000000000000000000000000000000000000000000000001000000000000000000000000000000000000000000000000000000000000000
    2592 01010000000000000000000000000000000000000000000000000000000000000000010011000000000000000000000000000000000000000000000000000000
    2608 00000000110000000000000000000000000000000000000000000000000000000000000000001101000000010000000000000000000000000000000000000000
    2624 00000000000000010001000100000000000000000000000000000000000000000000000000000000110000000000000000000000000000000000000000000000
    2640 00000000000000000000111000000001000000000000000000000000000000000000000000000000000000010001000100000000000000000000000000000000
    2656 00000000000000000000000000001101000000010000000000000000000000000000000000000000000000000000111100000001000000000000000000000000
    2672 00000000000000000000000000000010000011100000000100000000000000000000000000000000000000000000000000001111000000010000000000000000
    2688 00000000000000000000000000000000000100000000000100000000000000000000000000000000000000000000000000000011000100000000000100000000
    2704 00000000000000000000000000000000000000001000000100000000000000000000000000000000000000000000000000000000010100010000000000000000
    2720 00000000000000000000000000000000000000000000010011000000000000000000000000000000000000000000000000000000000000001100000000000000
    2736 00000000000000000000000000000000000000000000000000010001000000010000000000000000000000000000000000000000000000000000000100010010
    2752 00000000000000000000000000000000000000000000000000000000110000000000000000000000000000000000000000000000000000000000000000010010
    2768 00000001000000000000000000000000000000000000000000000000000000010001001000000000000000000000000000000000000000000000000000000000
    2784 00010001000000010000000000000000000000000000000000000000000000000001001100000001000000000000000000000000000000000000000000000000
    2800 00000010000100100000000100000000000000000000000000000000000000000000000000010011000000010000000000000000000000000000000000000000
    2816 00000000000101000000000100000000000000000000000000000000000000000000000000000011000101000000000100000000000000000000000000000000
    2832 00000000000000001000001000000000000000000000000000000000000000000000000000000000010100100000000000000000000000000000000000000000
    2848 00000000000000000000010011000000000000000000000000000000000000000000000000000000000000001100000000000000000000000000000000000000
    2864 00000000000000000000000000010101000000010000000000000000000000000000000000000000000000000000000100010011000000000000000000000000
    2880 00000000000000000000000000000000110000000000000000000000000000000000000000000000000000000000000000010110000000010000000000000000
    2896 00000000000000000000000000000000000000010001001100000000000000000000000000000000000000000000000000000000000101010000000100000000
    2912 00000000000000000000000000000000000000000001011100000001000000000000000000000000000000000000000000000000000000100001011000000001
    2928 00000000000000000000000000000000000000000000000000010111000000010000000000000000000000000000000000000000000000000001100000000001
    2944 00000000000000000000000000000000000000000000000000000011000110000000000100000000000000000000000000000000000000000000000010000011
    2960 00000000000000000000000000000000000000000000000000000000010100110000000000000000000000000000000000000000000000000000000000000100
    2976 11000000000000000000000000000000000000000000000000000000000000001100000000000000000000000000000000000000000000000000000000000000
    2992 00011001000000010000000000000000000000000000000000000000000000000000000100010100000000000000000000000000000000000000000000000000
    3008 00000000110000000000000000000000000000000000000000000000000000000000000000011010000000010000000000000000000000000000000000000000
    3024 00000000000000010001010000000000000000000000000000000000000000000000000000000000000110010000000100000000000000000000000000000000
    3040 00000000000000000001101100000001000000000000000000000000000000000000000000000000000000100001101000000001000000000000000000000000
    3056 00000000000000000000000000011011000000010000000000000000000000000000000000000000000000000001110000000001000000000000000000000000
    3072 00000000000000000000000000000011000111000000000100000000000000000000000000000000000000000000000010000100000000000000000000000000
    3088 00000000000000000000000000000000010101000000000000000000000000000000000000000000000000000000000000000100110000000000000000000000
    3104 00000000000000000000000000000000000000001100000000000000000000000000000000000000000000000000000000000000000111010000000100000000
    3120 00000000000000000000000000000000000000000000000100010101000000000000000000000000000000000000000000000000000000001100000000000000
    3136 00000000000000000000000000000000000000000000000000011110000000010000000000000000000000000000000000000000000000000000000100010101
    3152 00000000000000000000000000000000000000000000000000000000000111010000000100000000000000000000000000000000000000000000000000011111
    3168 00000001000000000000000000000000000000000000000000000000000000100001111000000001000000000000000000000000000000000000000000000000
    3184 00011111000000010000000000000000000000000000000000000000000000000010000000000001000000000000000000000000000000000000000000000000
    3200 00000011001000000000000100000000000000000000000000000000000000000000000010000101000000000000000000000000000000000000000000000000
    3216 00000000010101010000000000000000000000000000000000000000000000000000000000000100110000000000000000000000000000000000000000000000
    3232 00000000000000001100000000000000000000000000000000000000000000000000000000000000001000010000000100000000000000000000000000000000
    3248 00000000000000000000000100010110000000000000000000000000000000000000000000000000000000001100000000000000000000000000000000000000
    3264 00000000000000000000000000100010000000010000000000000000000000000000000000000000000000000000000100010110000000000000000000000000
    3280 00000000000000000000000000000000001000010000000100000000000000000000000000000000000000000000000000100011000000010000000000000000
    3296 00000000000000000000000000000000000000100010001000000001000000000000000000000000000000000000000000000000001000110000000100000000
    3312 00000000000000000000000000000000000000000010010000000001000000000000000000000000000000000000000000000000000000110010010000000001
    3328 00000000000000000000000000000000000000000000000010000110000000000000000000000000000000000000000000000000000000000101011000000000
    3344 00000000000000000000000000000000000000000000000000000100110000000000000000000000000000000000000000000000000000000000000011000000
    3360 00000000000000000000000000000000000000000000000000000000001001010000000100000000000000000000000000000000000000000000000000000001
    3376 00010111000000000000000000000000000000000000000000000000000000001100000000000000000000000000000000000000000000000000000000000000
    3392 00100110000000010000000000000000000000000000000000000000000000000000000100010111000000000000000000000000000000000000000000000000
    3408 00000000001001010000000100000000000000000000000000000000000000000000000000100111000000010000000000000000000000000000000000000000
    3424 00000000000000100010011000000001000000000000000000000000000000000000000000000000001001110000000100000000000000000000000000000000
    3440 00000000000000000010100000000001000000000000000000000000000000000000000000000000000000110010100000000001000000000000000000000000
    3456 00000000000000000000000010000111000000000000000000000000000000000000000000000000000000000101011100000000000000000000000000000000
    3472 00000000000000000000000000000100110000000000000000000000000000000000000000000000000000000000000011000000000000000000000000000000
    3488 00000000000000000000000000000000001010010000000100000000000000000000000000000000000000000000000000000001000110000000000000000000
    3504 00000000000000000000000000000000000000001100000000000000000000000000000000000000000000000000000000000000001010100000000100000000
    3520 00000000000000000000000000000000000000000000000100011000000000000000000000000000000000000000000000000000000000000010100100000001
    3536 00000000000000000000000000000000000000000000000000101011000000010000000000000000000000000000000000000000000000000000001000101010
    3552 00000001000000000000000000000000000000000000000000000000001010110000000100000000000000000000000000000000000000000000000000101100
    3568 00000001000000000000000000000000000000000000000000000000000000110010110000000001000000000000000000000000000000000000000000000000
    3584 10001000000000000000000000000000000000000000000000000000000000000101100000000000000000000000000000000000000000000000000000000000
    3600 00000100110000000000000000000000000000000000000000000000000000000000000011000000000000000000000000000000000000000000000000000000
    3616 00000000001011010000000100000000000000000000000000000000000000000000000000000001000110010000000000000000000000000000000000000000
    3632 00000000000000001100000000000000000000000000000000000000000000000000000000000000001011100000000100000000000000000000000000000000
    3648 00000000000000000000000100011001000000000000000000000000000000000000000000000000000000000010110100000001000000000000000000000000
    3664 00000000000000000000000000101111000000010000000000000000000000000000000000000000000000000000001000101110000000010000000000000000
    3680 00000000000000000000000000000000001011110000000100000000000000000000000000000000000000000000000000110000000000010000000000000000
    3696 00000000000000000000000000000000000000110011000000000001000000000000000000000000000000000000000000000000100010010000000000000000
    3712 00000000000000000000000000000000000000000101100100000000000000000000000000000000000000000000000000000000000001001100000000000000
    3728 00000000000000000000000000000000000000000000000011000000000000000000000000000000000000000000000000000000000000000011000100000001
    3744 00000000000000000000000000000000000000000000000000000001000110100000000000000000000000000000000000000000000000000000000011000000
    3760 00000000000000000000000000000000000000000000000000000000001100100000000100000000000000000000000000000000000000000000000000000001
    3776 00011010000000000000000000000000000000000000000000000000000000000011000100000001000000000000000000000000000000000000000000000000
    3792 00110011000000010000000000000000000000000000000000000000000000000000001000110010000000010000000000000000000000000000000000000000
    3808 00000000001100110000000100000000000000000000000000000000000000000000000000110100000000010000000000000000000000000000000000000000
    3824 00000000000000110011010000000001000000000000000000000000000000000000000000000000100010100000000000000000000000000000000000000000
    3840 00000000000000000101101000000000000000000000000000000000000000000000000000000000000001001100000000000000000000000000000000000000
    3856 00000000000000000000000011000000000000000000000000000000000000000000000000000000000000000011010100000001000000000000000000000000
    3872 00000000000000000000000000000001000110110000000000000000000000000000000000000000000000000000000011000000000000000000000000000000
    3888 00000000000000000000000000000000001101100000000100000000000000000000000000000000000000000000000000000001000110110000000000000000
    3904 00000000000000000000000000000000000000000011010100000001000000000000000000000000000000000000000000000000001101110000000100000000
    3920 00000000000000000000000000000000000000000000001000110110000000010000000000000000000000000000000000000000000000000011011100000001
    3936 00000000000000000000000000000000000000000000000000111000000000010000000000000000000000000000000000000000000000000000001100111000
    3952 00000001000000000000000000000000000000000000000000000000100010110000000000000000000000000000000000000000000000000000000001011011
    3968 00000000000000000000000000000000000000000000000000000000000001001100000000000000000000000000000000000000000000000000000000000000
    3984 11000000000000000000000000000000000000000000000000000000000000000011100100000001000000000000000000000000000000000000000000000000
    4000 00000001000111000000000000000000000000000000000000000000000000000000000011000000000000000000000000000000000000000000000000000000
    4016 00000000001110100000000100000000000000000000000000000000000000000000000000000001000111000000000000000000000000000000000000000000
    4032 00000000000000000011100100000001000000000000000000000000000000000000000000000000001110110000000100000000000000000000000000000000
    4048 00000000000000000000001000111010000000010000000000000000000000000000000000000000000000000011101100000001000000000000000000000000
    4064 00000000000000000000000000111100000000010000000000000000000000000000000000000000000000000000001100111100000000010000000000000000
    4080 00000000000000000000000000000000100011000000000000000000000000000000000000000000000000000000000001011100000000000000000000000000
    4096 00000000000000000000000000000000000001001100000000000000000000000000000000000000000000000000000000000000110000000000000000000000
    4112 00000000000000000000000000000000000000000011110100000001000000000000000000000000000000000000000000000000000000010001110100000000
    4128 00000000000000000000000000000000000000000000000011000000000000000000000000000000000000000000000000000000000000000011111000000001
    4144 00000000000000000000000000000000000000000000000000000001000111010000000000000000000000000000000000000000000000000000000000111101
    4160 00000001000000000000000000000000000000000000000000000000001111110000000100000000000000000000000000000000000000000000000000000010
    4176 00111110000000010000000000000000000000000000000000000000000000000011111100000001000000000000000000000000000000000000000000000000
    4192 01000000000000010000000000000000000000000000000000000000000000000000001101000000000000010000000000000000000000000000000000000000
    4208 00000000100011010000000000000000000000000000000000000000000000000000000001011101000000000000000000000000000000000000000000000000
    4224 00000000000001001100000000000000000000000000000000000000000000000000000000000000110000000000000000000000000000000000000000000000
    4240 00000000000000000100000100000001000000000000000000000000000000000000000000000000000000010001111000000000000000000000000000000000
    4256 00000000000000000000000011000000000000000000000000000000000000000000000000000000000000000100001000000001000000000000000000000000
    4272 00000000000000000000000000000001000111100000000000000000000000000000000000000000000000000000000001000001000000010000000000000000
    4288 00000000000000000000000000000000010000110000000100000000000000000000000000000000000000000000000000000010010000100000000100000000
    4304 00000000000000000000000000000000000000000100001100000001000000000000000000000000000000000000000000000000010001000000000100000000
    4320 00000000000000000000000000000000000000000000001101000100000000010000000000000000000000000000000000000000000000001000111000000000
    4336 00000000000000000000000000000000000000000000000001011110000000000000000000000000000000000000000000000000000000000000010011000000
    4352 00000000000000000000000000000000000000000000000000000000110000000000000000000000000000000000000000000000000000000000000001000101
    4368 00000001000000000000000000000000000000000000000000000000000000010001111100000000000000000000000000000000000000000000000000000000
    4384 11000000000000000000000000000000000000000000000000000000000000000100011000000001000000000000000000000000000000000000000000000000
    4400 00000001000111110000000000000000000000000000000000000000000000000000000001000101000000010000000000000000000000000000000000000000
    4416 00000000010001110000000100000000000000000000000000000000000000000000000000000010010001100000000100000000000000000000000000000000
    4432 00000000000000000100011100000001000000000000000000000000000000000000000000000000010010000000000100000000000000000000000000000000
    4448 00000000000000000000001101001000000000010000000000000000000000000000000000000000000000001000111100000000000000000000000000000000
    4464 00000000000000000000000001011111000000000000000000000000000000000000000000000000000000000000010011000000000000000000000000000000
    4480 00000000000000000000000000000000110000000000000000000000000000000000000000000000000000000000000001001001000000010000000000000000
    4496 00000000000000000000000000000000000000010010000000000000000000000000000000000000000000000000000000000000110000000000000000000000
    4512 00000000000000000000000000000000000000000100101000000001000000000000000000000000000000000000000000000000000000010010000000000000
    4528 00000000000000000000000000000000000000000000000001001001000000010000000000000000000000000000000000000000000000000100101100000001
    4544 00000000000000000000000000000000000000000000000000000010010010100000000100000000000000000000000000000000000000000000000001001011
    4560 00000001000000000000000000000000000000000000000000000000010011000000000100000000000000000000000000000000000000000000000000000011
    4576 01001100000000010000000000000000000000000000000000000000000000001000000000000000000000000000000000000000000000000000000000000000
    4592 01100000000000000000000000000000000000000000000000000000000000000000010011000000000000000000000000000000000000000000000000000000
    4608 00000000110000000000000000000000000000000000000000000000000000000000000001001101000000010000000000000000000000000000000000000000
    4624 00000000000000010010000100000000000000000000000000000000000000000000000000000000110000000000000000000000000000000000000000000000
    4640 00000000000000000100111000000001000000000000000000000000000000000000000000000000000000010010000100000000000000000000000000000000
    4656 00000000000000000000000001001101000000010000000000000000000000000000000000000000000000000100111100000001000000000000000000000000
    4672 00000000000000000000000000000010010011100000000100000000000000000000000000000000000000000000000001001111000000010000000000000000
    4688 00000000000000000000000000000000010100000000000100000000000000000000000000000000000000000000000000000011010100000000000100000000
    4704 00000000000000000000000000000000000000001000000100000000000000000000000000000000000000000000000000000000011000010000000000000000
    4720 00000000000000000000000000000000000000000000010011000000000000000000000000000000000000000000000000000000000000001100000000000000
    4736 00000000000000000000000000000000000000000000000001010001000000010000000000000000000000000000000000000000000000000000000100100010
    4752 00000000000000000000000000000000000000000000000000000000110000000000000000000000000000000000000000000000000000000000000001010010
    4768 00000001000000000000000000000000000000000000000000000000000000010010001000000000000000000000000000000000000000000000000000000000
    4784 01010001000000010000000000000000000000000000000000000000000000000101001100000001000000000000000000000000000000000000000000000000
    4800 00000010010100100000000100000000000000000000000000000000000000000000000001010011000000010000000000000000000000000000000000000000
    4816 00000000010101000000000100000000000000000000000000000000000000000000000000000011010101000000000100000000000000000000000000000000
    4832 00000000000000001000001000000000000000000000000000000000000000000000000000000000011000100000000000000000000000000000000000000000
    4848 00000000000000000000010011000000000000000000000000000000000000000000000000000000000000001100000000000000000000000000000000000000
    4864 00000000000000000000000001010101000000010000000000000000000000000000000000000000000000000000000100100011000000000000000000000000
    4880 00000000000000000000000000000000110000000000000000000000000000000000000000000000000000000000000001010110000000010000000000000000
    4896 00000000000000000000000000000000000000010010001100000000000000000000000000000000000000000000000000000000010101010000000100000000
    4912 00000000000000000000000000000000000000000101011100000001000000000000000000000000000000000000000000000000000000100101011000000001
    4928 00000000000000000000000000000000000000000000000001010111000000010000000000000000000000000000000000000000000000000101100000000001
    4944 00000000000000000000000000000000000000000000000000000011010110000000000100000000000000000000000000000000000000000000000010000011
    4960 00000000000000000000000000000000000000000000000000000000011000110000000000000000000000000000000000000000000000000000000000000100
    4976 11000000000000000000000000000000000000000000000000000000000000001100000000000000000000000000000000000000000000000000000000000000
    4992 01011001000000010000000000000000000000000000000000000000000000000000000100100100000000000000000000000000000000000000000000000000
    5008 00000000110000000000000000000000000000000000000000000000000000000000000001011010000000010000000000000000000000000000000000000000
    5024 00000000000000010010010000000000000000000000000000000000000000000000000000000000010110010000000100000000000000000000000000000000
    5040 00000000000000000101101100000001000000000000000000000000000000000000000000000000000000100101101000000001000000000000000000000000
    5056 00000000000000000000000001011011000000010000000000000000000000000000000000000000000000000101110000000001000000000000000000000000
    5072 00000000000000000000000000000011010111000000000100000000000000000000000000000000000000000000000010000100000000000000000000000000
    5088 00000000000000000000000000000000011001000000000000000000000000000000000000000000000000000000000000000100110000000000000000000000
    5104 00000000000000000000000000000000000000001100000000000000000000000000000000000000000000000000000000000000010111010000000100000000
    5120 00000000000000000000000000000000000000000000000100100101000000000000000000000000000000000000000000000000000000001100000000000000
    5136 00000000000000000000000000000000000000000000000001011110000000010000000000000000000000000000000000000000000000000000000100100101
    5152 00000000000000000000000000000000000000000000000000000000010111010000000100000000000000000000000000000000000000000000000001011111
    5168 00000001000000000000000000000000000000000000000000000000000000100101111000000001000000000000000000000000000000000000000000000000
    5184 01011111000000010000000000000000000000000000000000000000000000000110000000000001000000000000000000000000000000000000000000000000
    5200 00000011011000000000000100000000000000000000000000000000000000000000000010000101000000000000000000000000000000000000000000000000
    5216 00000000011001010000000000000000000000000000000000000000000000000000000000000100110000000000000000000000000000000000000000000000
    5232 00000000000000001100000000000000000000000000000000000000000000000000000000000000011000010000000100000000000000000000000000000000
    5248 00000000000000000000000100100110000000000000000000000000000000000000000000000000000000001100000000000000000000000000000000000000
    5264 00000000000000000000000001100010000000010000000000000000000000000000000000000000000000000000000100100110000000000000000000000000
    5280 00000000000000000000000000000000011000010000000100000000000000000000000000000000000000000000000001100011000000010000000000000000
    5296 00000000000000000000000000000000000000100110001000000001000000000000000000000000000000000000000000000000011000110000000100000000
    5312 00000000000000000000000000000000000000000110010000000001000000000000000000000000000000000000000000000000000000110110010000000001
    5328 00000000000000000000000000000000000000000000000010000110000000000000000000000000000000000000000000000000000000000110011000000000
    5344 00000000000000000000000000000000000000000000000000000100110000000000000000000000000000000000000000000000000000000000000011000000
    5360 00000000000000000000000000000000000000000000000000000000011001010000000100000000000000000000000000000000000000000000000000000001
    5376 00100111000000000000000000000000000000000000000000000000000000001100000000000000000000000000000000000000000000000000000000000000
    5392 01100110000000010000000000000000000000000000000000000000000000000000000100100111000000000000000000000000000000000000000000000000
    5408 00000000011001010000000100000000000000000000000000000000000000000000000001100111000000010000000000000000000000000000000000000000
    5424 00000000000000100110011000000001000000000000000000000000000000000000000000000000011001110000000100000000000000000000000000000000
    5440 00000000000000000110100000000001000000000000000000000000000000000000000000000000000000110110100000000001000000000000000000000000
    5456 00000000000000000000000010000111000000000000000000000000000000000000000000000000000000000110011100000000000000000000000000000000
    5472 00000000000000000000000000000100110000000000000000000000000000000000000000000000000000000000000011000000000000000000000000000000
    5488 00000000000000000000000000000000011010010000000100000000000000000000000000000000000000000000000000000001001010000000000000000000
    5504 00000000000000000000000000000000000000001100000000000000000000000000000000000000000000000000000000000000011010100000000100000000
    5520 00000000000000000000000000000000000000000000000100101000000000000000000000000000000000000000000000000000000000000110100100000001
    5536 00000000000000000000000000000000000000000000000001101011000000010000000000000000000000000000000000000000000000000000001001101010
    5552 00000001000000000000000000000000000000000000000000000000011010110000000100000000000000000000000000000000000000000000000001101100
    5568 00000001000000000000000000000000000000000000000000000000000000110110110000000001000000000000000000000000000000000000000000000000
    5584 10001000000000000000000000000000000000000000000000000000000000000110100000000000000000000000000000000000000000000000000000000000
    5600 00000100110000000000000000000000000000000000000000000000000000000000000011000000000000000000000000000000000000000000000000000000
    5616 00000000011011010000000100000000000000000000000000000000000000000000000000000001001010010000000000000000000000000000000000000000
    5632 00000000000000001100000000000000000000000000000000000000000000000000000000000000011011100000000100000000000000000000000000000000
    5648 00000000000000000000000100101001000000000000000000000000000000000000000000000000000000000110110100000001000000000000000000000000
    5664 00000000000000000000000001101111000000010000000000000000000000000000000000000000000000000000001001101110000000010000000000000000
    5680 00000000000000000000000000000000011011110000000100000000000000000000000000000000000000000000000001110000000000010000000000000000
    5696 00000000000000000000000000000000000000110111000000000001000000000000000000000000000000000000000000000000100010010000000000000000
    5712 00000000000000000000000000000000000000000110100100000000000000000000000000000000000000000000000000000000000001001100000000000000
    5728 00000000000000000000000000000000000000000000000011000000000000000000000000000000000000000000000000000000000000000111000100000001
    5744 00000000000000000000000000000000000000000000000000000001001010100000000000000000000000000000000000000000000000000000000011000000
    5760 00000000000000000000000000000000000000000000000000000000011100100000000100000000000000000000000000000000000000000000000000000001
    5776 00101010000000000000000000000000000000000000000000000000000000000111000100000001000000000000000000000000000000000000000000000000
    5792 01110011000000010000000000000000000000000000000000000000000000000000001001110010000000010000000000000000000000000000000000000000
    5808 00000000011100110000000100000000000000000000000000000000000000000000000001110100000000010000000000000000000000000000000000000000
    5824 00000000000000110111010000000001000000000000000000000000000000000000000000000000100010100000000000000000000000000000000000000000
    5840 00000000000000000110101000000000000000000000000000000000000000000000000000000000000001001100000000000000000000000000000000000000
    5856 00000000000000000000000011000000000000000000000000000000000000000000000000000000000000000111010100000001000000000000000000000000
    5872 00000000000000000000000000000001001010110000000000000000000000000000000000000000000000000000000011000000000000000000000000000000
    5888 00000000000000000000000000000000011101100000000100000000000000000000000000000000000000000000000000000001001010110000000000000000
    5904 00000000000000000000000000000000000000000111010100000001000000000000000000000000000000000000000000000000011101110000000100000000
    5920 00000000000000000000000000000000000000000000001001110110000000010000000000000000000000000000000000000000000000000111011100000001
    5936 00000000000000000000000000000000000000000000000001111000000000010000000000000000000000000000000000000000000000000000001101111000
    5952 00000001000000000000000000000000000000000000000000000000100010110000000000000000000000000000000000000000000000000000000001101011
    5968 00000000000000000000000000000000000000000000000000000000000001001100000000000000000000000000000000000000000000000000000000000000
    5984 11000000000000000000000000000000000000000000000000000000000000000111100100000001000000000000000000000000000000000000000000000000
    6000 00000001001011000000000000000000000000000000000000000000000000000000000011000000000000000000000000000000000000000000000000000000
    6016 00000000011110100000000100000000000000000000000000000000000000000000000000000001001011000000000000000000000000000000000000000000
    6032 00000000000000000111100100000001000000000000000000000000000000000000000000000000011110110000000100000000000000000000000000000000
    6048 00000000000000000000001001111010000000010000000000000000000000000000000000000000000000000111101100000001000000000000000000000000
    6064 00000000000000000000000001111100000000010000000000000000000000000000000000000000000000000000001101111100000000010000000000000000
    6080 00000000000000000000000000000000100011000000000000000000000000000000000000000000000000000000000001101100000000000000000000000000
    6096 00000000000000000000000000000000000001001100000000000000000000000000000000000000000000000000000000000000110000000000000000000000
    6112 00000000000000000000000000000000000000000111110100000001000000000000000000000000000000000000000000000000000000010010110100000000
    6128 00000000000000000000000000000000000000000000000011000000000000000000000000000000000000000000000000000000000000000111111000000001
    6144 00000000000000000000000000000000000000000000000000000001001011010000000000000000000000000000000000000000000000000000000001111101
    6160 00000001000000000000000000000000000000000000000000000000011111110000000100000000000000000000000000000000000000000000000000000010
    6176 01111110000000010000000000000000000000000000000000000000000000000111111100000001000000000000000000000000000000000000000000000000
    6192 10000000000000010000000000000000000000000000000000000000000000000000001110000000000000010000000000000000000000000000000000000000
    6208 00000000100011010000000000000000000000000000000000000000000000000000000001101101000000000000000000000000000000000000000000000000
    6224 00000000000001001100000000000000000000000000000000000000000000000000000000000000110000000000000000000000000000000000000000000000
    6240 00000000000000001000000100000001000000000000000000000000000000000000000000000000000000010010111000000000000000000000000000000000
    6256 00000000000000000000000011000000000000000000000000000000000000000000000000000000000000001000001000000001000000000000000000000000
    6272 00000000000000000000000000000001001011100000000000000000000000000000000000000000000000000000000010000001000000010000000000000000
    6288 00000000000000000000000000000000100000110000000100000000000000000000000000000000000000000000000000000010100000100000000100000000
    6304 00000000000000000000000000000000000000001000001100000001000000000000000000000000000000000000000000000000100001000000000100000000
    6320 00000000000000000000000000000000000000000000001110000100000000010000000000000000000000000000000000000000000000001000111000000000
    6336 00000000000000000000000000000000000000000000000001101110000000000000000000000000000000000000000000000000000000000000010011000000
    6352 00000000000000000000000000000000000000000000000000000000110000000000000000000000000000000000000000000000000000000000000010000101
    6368 00000001000000000000000000000000000000000000000000000000000000010010111100000000000000000000000000000000000000000000000000000000
    6384 11000000000000000000000000000000000000000000000000000000000000001000011000000001000000000000000000000000000000000000000000000000
    6400 00000001001011110000000000000000000000000000000000000000000000000000000010000101000000010000000000000000000000000000000000000000
    6416 00000000100001110000000100000000000000000000000000000000000000000000000000000010100001100000000100000000000000000000000000000000
    6432 00000000000000001000011100000001000000000000000000000000000000000000000000000000100010000000000100000000000000000000000000000000
    6448 00000000000000000000001110001000000000010000000000000000000000000000000000000000000000001000111100000000000000000000000000000000
    6464 00000000000000000000000001101111000000000000000000000000000000000000000000000000000000000000010011000000000000000000000000000000
    6480 00000000000000000000000000000000110000000000000000000000000000000000000000000000000000000000000010001001000000010000000000000000
    6496 00000000000000000000000000000000000000010011000000000000000000000000000000000000000000000000000000000000110000000000000000000000
    6512 00000000000000000000000000000000000000001000101000000001000000000000000000000000000000000000000000000000000000010011000000000000
    6528 00000000000000000000000000000000000000000000000010001001000000010000000000000000000000000000000000000000000000001000101100000001
    6544 00000000000000000000000000000000000000000000000000000010100010100000000100000000000000000000000000000000000000000000000010001011
    6560 00000001000000000000000000000000000000000000000000000000100011000000000100000000000000000000000000000000000000000000000000000011
    6576 10001100000000010000000000000000000000000000000000000000000000001000000000000000000000000000000000000000000000000000000000000000
    6592 01110000000000000000000000000000000000000000000000000000000000000000010011000000000000000000000000000000000000000000000000000000
    6608 00000000110000000000000000000000000000000000000000000000000000000000000010001101000000010000000000000000000000000000000000000000
    6624 00000000000000010011000100000000000000000000000000000000000000000000000000000000110000000000000000000000000000000000000000000000
    6640 00000000000000001000111000000001000000000000000000000000000000000000000000000000000000010011000100000000000000000000000000000000
    6656 00000000000000000000000010001101000000010000000000000000000000000000000000000000000000001000111100000001000000000000000000000000
    6672 00000000000000000000000000000010100011100000000100000000000000000000000000000000000000000000000010001111000000010000000000000000
    6688 00000000000000000000000000000000100100000000000100000000000000000000000000000000000000000000000000000011100100000000000100000000
    6704 00000000000000000000000000000000000000001000000100000000000000000000000000000000000000000000000000000000011100010000000000000000
    6720 00000000000000000000000000000000000000000000010011000000000000000000000000000000000000000000000000000000000000001100000000000000
    6736 00000000000000000000000000000000000000000000000010010001000000010000000000000000000000000000000000000000000000000000000100110010
    6752 00000000000000000000000000000000000000000000000000000000110000000000000000000000000000000000000000000000000000000000000010010010
    6768 00000001000000000000000000000000000000000000000000000000000000010011001000000000000000000000000000000000000000000000000000000000
    6784 10010001000000010000000000000000000000000000000000000000000000001001001100000001000000000000000000000000000000000000000000000000
    6800 00000010100100100000000100000000000000000000000000000000000000000000000010010011000000010000000000000000000000000000000000000000
    6816 00000000100101000000000100000000000000000000000000000000000000000000000000000011100101000000000100000000000000000000000000000000
    6832 00000000000000001000001000000000000000000000000000000000000000000000000000000000011100100000000000000000000000000000000000000000
    6848 00000000000000000000010011000000000000000000000000000000000000000000000000000000000000001100000000000000000000000000000000000000
    6864 00000000000000000000000010010101000000010000000000000000000000000000000000000000000000000000000100110011000000000000000000000000
    6880 00000000000000000000000000000000110000000000000000000000000000000000000000000000000000000000000010010110000000010000000000000000
    6896 00000000000000000000000000000000000000010011001100000000000000000000000000000000000000000000000000000000100101010000000100000000
    6912 00000000000000000000000000000000000000001001011100000001000000000000000000000000000000000000000000000000000000101001011000000001
    6928 00000000000000000000000000000000000000000000000010010111000000010000000000000000000000000000000000000000000000001001100000000001
    6944 00000000000000000000000000000000000000000000000000000011100110000000000100000000000000000000000000000000000000000000000010000011
    6960 00000000000000000000000000000000000000000000000000000000011100110000000000000000000000000000000000000000000000000000000000000100
    6976 11000000000000000000000000000000000000000000000000000000000000001100000000000000000000000000000000000000000000000000000000000000
    6992 10011001000000010000000000000000000000000000000000000000000000000000000100110100000000000000000000000000000000000000000000000000
    7008 00000000110000000000000000000000000000000000000000000000000000000000000010011010000000010000000000000000000000000000000000000000
    7024 00000000000000010011010000000000000000000000000000000000000000000000000000000000100110010000000100000000000000000000000000000000
    7040 00000000000000001001101100000001000000000000000000000000000000000000000000000000000000101001101000000001000000000000000000000000
    7056 00000000000000000000000010011011000000010000000000000000000000000000000000000000000000001001110000000001000000000000000000000000
    7072 00000000000000000000000000000011100111000000000100000000000000000000000000000000000000000000000010000100000000000000000000000000
    7088 00000000000000000000000000000000011101000000000000000000000000000000000000000000000000000000000000000100110000000000000000000000
    7104 00000000000000000000000000000000000000001100000000000000000000000000000000000000000000000000000000000000100111010000000100000000
    7120 00000000000000000000000000000000000000000000000100110101000000000000000000000000000000000000000000000000000000001100000000000000
    7136 00000000000000000000000000000000000000000000000010011110000000010000000000000000000000000000000000000000000000000000000100110101
    7152 00000000000000000000000000000000000000000000000000000000100111010000000100000000000000000000000000000000000000000000000010011111
    7168 00000001000000000000000000000000000000000000000000000000000000101001111000000001000000000000000000000000000000000000000000000000
    7184 10011111000000010000000000000000000000000000000000000000000000001010000000000001000000000000000000000000000000000000000000000000
    7200 00000011101000000000000100000000000000000000000000000000000000000000000010000101000000000000000000000000000000000000000000000000
    7216 00000000011101010000000000000000000000000000000000000000000000000000000000000100110000000000000000000000000000000000000000000000
    7232 00000000000000001100000000000000000000000000000000000000000000000000000000000000101000010000000100000000000000000000000000000000
    7248 00000000000000000000000100110110000000000000000000000000000000000000000000000000000000001100000000000000000000000000000000000000
    7264 00000000000000000000000010100010000000010000000000000000000000000000000000000000000000000000000100110110000000000000000000000000
    7280 00000000000000000000000000000000101000010000000100000000000000000000000000000000000000000000000010100011000000010000000000000000
    7296 00000000000000000000000000000000000000101010001000000001000000000000000000000000000000000000000000000000101000110000000100000000
    7312 00000000000000000000000000000000000000001010010000000001000000000000000000000000000000000000000000000000000000111010010000000001
    7328 00000000000000000000000000000000000000000000000010000110000000000000000000000000000000000000000000000000000000000111011000000000
    7344 00000000000000000000000000000000000000000000000000000100110000000000000000000000000000000000000000000000000000000000000011000000
    7360 00000000000000000000000000000000000000000000000000000000101001010000000100000000000000000000000000000000000000000000000000000001
    7376 00110111000000000000000000000000000000000000000000000000000000001100000000000000000000000000000000000000000000000000000000000000
    7392 10100110000000010000000000000000000000000000000000000000000000000000000100110111000000000000000000000000000000000000000000000000
    7408 00000000101001010000000100000000000000000000000000000000000000000000000010100111000000010000000000000000000000000000000000000000
    7424 00000000000000101010011000000001000000000000000000000000000000000000000000000000101001110000000100000000000000000000000000000000
    7440 00000000000000001010100000000001000000000000000000000000000000000000000000000000000000111010100000000001000000000000000000000000
    7456 00000000000000000000000010000111000000000000000000000000000000000000000000000000000000000111011100000000000000000000000000000000
    7472 00000000000000000000000000000100110000000000000000000000000000000000000000000000000000000000000011000000000000000000000000000000
    7488 00000000000000000000000000000000101010010000000100000000000000000000000000000000000000000000000000000001001110000000000000000000
    7504 00000000000000000000000000000000000000001100000000000000000000000000000000000000000000000000000000000000101010100000000100000000
    7520 00000000000000000000000000000000000000000000000100111000000000000000000000000000000000000000000000000000000000001010100100000001
    7536 00000000000000000000000000000000000000000000000010101011000000010000000000000000000000000000000000000000000000000000001010101010
    7552 00000001000000000000000000000000000000000000000000000000101010110000000100000000000000000000000000000000000000000000000010101100
    7568 00000001000000000000000000000000000000000000000000000000000000111010110000000001000000000000000000000000000000000000000000000000
    7584 10001000000000000000000000000000000000000000000000000000000000000111100000000000000000000000000000000000000000000000000000000000
    7600 00000100110000000000000000000000000000000000000000000000000000000000000011000000000000000000000000000000000000000000000000000000
    7616 00000000101011010000000100000000000000000000000000000000000000000000000000000001001110010000000000000000000000000000000000000000
    7632 00000000000000001100000000000000000000000000000000000000000000000000000000000000101011100000000100000000000000000000000000000000
    7648 00000000000000000000000100111001000000000000000000000000000000000000000000000000000000001010110100000001000000000000000000000000
    7664 00000000000000000000000010101111000000010000000000000000000000000000000000000000000000000000001010101110000000010000000000000000
    7680 00000000000000000000000000000000101011110000000100000000000000000000000000000000000000000000000010110000000000010000000000000000
    7696 00000000000000000000000000000000000000111011000000000001000000000000000000000000000000000000000000000000100010010000000000000000
    7712 00000000000000000000000000000000000000000111100100000000000000000000000000000000000000000000000000000000000001001100000000000000
    7728 00000000000000000000000000000000000000000000000011000000000000000000000000000000000000000000000000000000000000001011000100000001
    7744 00000000000000000000000000000000000000000000000000000001001110100000000000000000000000000000000000000000000000000000000011000000
    7760 00000000000000000000000000000000000000000000000000000000101100100000000100000000000000000000000000000000000000000000000000000001
    7776 00111010000000000000000000000000000000000000000000000000000000001011000100000001000000000000000000000000000000000000000000000000
    7792 10110011000000010000000000000000000000000000000000000000000000000000001010110010000000010000000000000000000000000000000000000000
    7808 00000000101100110000000100000000000000000000000000000000000000000000000010110100000000010000000000000000000000000000000000000000
    7824 00000000000000111011010000000001000000000000000000000000000000000000000000000000100010100000000000000000000000000000000000000000
    7840 00000000000000000111101000000000000000000000000000000000000000000000000000000000000001001100000000000000000000000000000000000000
    7856 00000000000000000000000011000000000000000000000000000000000000000000000000000000000000001011010100000001000000000000000000000000
    7872 00000000000000000000000000000001001110110000000000000000000000000000000000000000000000000000000011000000000000000000000000000000
    7888 00000000000000000000000000000000101101100000000100000000000000000000000000000000000000000000000000000001001110110000000000000000
    7904 00000000000000000000000000000000000000001011010100000001000000000000000000000000000000000000000000000000101101110000000100000000
    7920 00000000000000000000000000000000000000000000001010110110000000010000000000000000000000000000000000000000000000001011011100000001
    7936 00000000000000000000000000000000000000000000000010111000000000010000000000000000000000000000000000000000000000000000001110111000
    7952 00000001000000000000000000000000000000000000000000000000100010110000000000000000000000000000000000000000000000000000000001111011
    7968 00000000000000000000000000000000000000000000000000000000000001001100000000000000000000000000000000000000000000000000000000000000
    7984 11000000000000000000000000000000000000000000000000000000000000001011100100000001000000000000000000000000000000000000000000000000
    8000 00000001001111000000000000000000000000000000000000000000000000000000000011000000000000000000000000000000000000000000000000000000
    8016 00000000101110100000000100000000000000000000000000000000000000000000000000000001001111000000000000000000000000000000000000000000
    8032 00000000000000001011100100000001000000000000000000000000000000000000000000000000101110110000000100000000000000000000000000000000
    8048 00000000000000000000001010111010000000010000000000000000000000000000000000000000000000001011101100000001000000000000000000000000
    8064 00000000000000000000000010111100000000010000000000000000000000000000000000000000000000000000001110111100000000010000000000000000
    8080 00000000000000000000000000000000100011000000000000000000000000000000000000000000000000000000000001111100000000000000000000000000
    8096 00000000000000000000000000000000000001001100000000000000000000000000000000000000000000000000000000000000110000000000000000000000
    8112 00000000000000000000000000000000000000001011110100000001000000000000000000000000000000000000000000000000000000010011110100000000
    8128 00000000000000000000000000000000000000000000000011000000000000000000000000000000000000000000000000000000000000001011111000000001
    8144 00000000000000000000000000000000000000000000000000000001001111010000000000000000000000000000000000000000000000000000000010111101
    8160 00000001000000000000000000000000000000000000000000000000101111110000000100000000000000000000000000000000000000000000000000000010
    8176 10111110000000010000000000000000000000000000000000000000000000001011111100000001000000000000000000000000000000000000000000000000
    8192 11000000000000010000000000000000000000000000000000000000000000000000001111000000000000010000000000000000000000000000000000000000
    8208 00000000100011010000000000000000000000000000000000000000000000000000000001111101000000000000000000000000000000000000000000000000
    8224 00000000000001001100000000000000000000000000000000000000000000000000000000000000110000000000000000000000000000000000000000000000
    8240 00000000000000001100000100000001000000000000000000000000000000000000000000000000000000010011111000000000000000000000000000000000
    8256 00000000000000000000000011000000000000000000000000000000000000000000000000000000000000001100001000000001000000000000000000000000
    8272 00000000000000000000000000000001001111100000000000000000000000000000000000000000000000000000000011000001000000010000000000000000
    8288 00000000000000000000000000000000110000110000000100000000000000000000000000000000000000000000000000000010110000100000000100000000
    8304 00000000000000000000000000000000000000001100001100000001000000000000000000000000000000000000000000000000110001000000000100000000
    8320 00000000000000000000000000000000000000000000001111000100000000010000000000000000000000000000000000000000000000001000111000000000
    8336 00000000000000000000000000000000000000000000000001111110000000000000000000000000000000000000000000000000000000000000010011000000
    8352 00000000000000000000000000000000000000000000000000000000110000000000000000000000000000000000000000000000000000000000000011000101
    8368 00000001000000000000000000000000000000000000000000000000000000010011111100000000000000000000000000000000000000000000000000000000
    8384 11000000000000000000000000000000000000000000000000000000000000001100011000000001000000000000000000000000000000000000000000000000
    8400 00000001001111110000000000000000000000000000000000000000000000000000000011000101000000010000000000000000000000000000000000000000
    8416 00000000110001110000000100000000000000000000000000000000000000000000000000000010110001100000000100000000000000000000000000000000
    8432 00000000000000001100011100000001000000000000000000000000000000000000000000000000110010000000000100000000000000000000000000000000
    8448 00000000000000000000001111001000000000010000000000000000000000000000000000000000000000001000111100000000000000000000000000000000
    8464 00000000000000000000000001111111000000000000000000000000000000000000000000000000000000000000000100000000000000000000000000000000
    8480 00000000000000000000000000000000000010000000000000000000000000000000000000000000000000000000000011001001000000010000000000000000
    8496 00000000000000000000000000000000000000111001000000000000000000000000000000000000000000000000000000000000110010010000000100000000
    8512 00000000000000000000000000000000000000001001000000000000000000000000000000000000000000000000000000000000000000010000000000000000
    8528 00000000000000000000000000000000000000000000000000001001000000000000000000000000000000000000000000000000000000001100101000000001
    8544 00000000000000000000000000000000000000000000000000000011100100010000000000000000000000000000000000000000000000000000000011001010
    8560 00000001000000000000000000000000000000000000000000000000100100010000000000000000000000000000000000000000000000000000000000000001
    8576 00000000000000000000000000000000000000000000000000000000000000000000101000000000000000000000000000000000000000000000000000000000
    8592 11001011000000010000000000000000000000000000000000000000000000000000001110010010000000000000000000000000000000000000000000000000
    8608 00000000110010110000000100000000000000000000000000000000000000000000000010010010000000000000000000000000000000000000000000000000
    8624 00000000000000010000000000000000000000000000000000000000000000000000000000000000000010110000000000000000000000000000000000000000
    8640 00000000000000001100110000000001000000000000000000000000000000000000000000000000000000111001001100000000000000000000000000000000
    8656 00000000000000000000000011001100000000010000000000000000000000000000000000000000000000001001001100000000000000000000000000000000
    8672 00000000000000000000000000000001000000000000000000000000000000000000000000000000000000000000000000001100000000000000000000000000
    8688 00000000000000000000000000000000110011010000000100000000000000000000000000000000000000000000000000000011100101000000000000000000
    8704 00000000000000000000000000000000000000001100110100000001000000000000000000000000000000000000000000000000100101000000000000000000
    8720 00000000000000000000000000000000000000000000000100000000000000000000000000000000000000000000000000000000000000000000110100000000
    8736 00000000000000000000000000000000000000000000000011001110000000010000000000000000000000000000000000000000000000000000001110010101
    8752 00000000000000000000000000000000000000000000000000000000110011100000000100000000000000000000000000000000000000000000000010010101
    8768 00000000000000000000000000000000000000000000000000000000000000010000000000000000000000000000000000000000000000000000000000000000
    8784 00001110000000000000000000000000000000000000000000000000000000001100111100000001000000000000000000000000000000000000000000000000
    8800 00000011100101100000000000000000000000000000000000000000000000000000000011001111000000010000000000000000000000000000000000000000
    8816 00000000100101100000000000000000000000000000000000000000000000000000000000000001000000000000000000000000000000000000000000000000
    8832 00000000000000000000111100000000000000000000000000000000000000000000000000000000110100000000000100000000000000000000000000000000
    8848 00000000000000000000001110010111000000000000000000000000000000000000000000000000000000001101000000000001000000000000000000000000
    8864 00000000000000000000000010010111000000000000000000000000000000000000000000000000000000000000000100000001000000000000000000000000
    8880 00000000000000000000000000000000000010000000000000000000000000000000000000000000000000000000000011010001000000010000000000000000
    8896 00000000000000000000000000000000000000111001000100000000000000000000000000000000000000000000000000000000110100010000000100000000
    8912 00000000000000000000000000000000000000001001000100000000000000000000000000000000000000000000000000000000000000010000000100000000
    8928 00000000000000000000000000000000000000000000000000001001000000000000000000000000000000000000000000000000000000001101001000000001
    8944 00000000000000000000000000000000000000000000000000000011100100100000000000000000000000000000000000000000000000000000000011010010
    8960 00000001000000000000000000000000000000000000000000000000100100100000000000000000000000000000000000000000000000000000000000000001
    8976 00000001000000000000000000000000000000000000000000000000000000000000101000000000000000000000000000000000000000000000000000000000
    8992 11010011000000010000000000000000000000000000000000000000000000000000001110010011000000000000000000000000000000000000000000000000
    9008 00000000110100110000000100000000000000000000000000000000000000000000000010010011000000000000000000000000000000000000000000000000
    9024 00000000000000010000000100000000000000000000000000000000000000000000000000000000000010110000000000000000000000000000000000000000
    9040 00000000000000001101010000000001000000000000000000000000000000000000000000000000000000111001010000000000000000000000000000000000
    9056 00000000000000000000000011010100000000010000000000000000000000000000000000000000000000001001010000000000000000000000000000000000
    9072 00000000000000000000000000000001000000010000000000000000000000000000000000000000000000000000000000001100000000000000000000000000
    9088 00000000000000000000000000000000110101010000000100000000000000000000000000000000000000000000000000000011100101010000000000000000
    9104 00000000000000000000000000000000000000001101010100000001000000000000000000000000000000000000000000000000100101010000000000000000
    9120 00000000000000000000000000000000000000000000000100000001000000000000000000000000000000000000000000000000000000000000110100000000
    9136 00000000000000000000000000000000000000000000000011010110000000010000000000000000000000000000000000000000000000000000001110010110
    9152 00000000000000000000000000000000000000000000000000000000110101100000000100000000000000000000000000000000000000000000000010010110
    9168 00000000000000000000000000000000000000000000000000000000000000010000000100000000000000000000000000000000000000000000000000000000
    9184 00001110000000000000000000000000000000000000000000000000000000001101011100000001000000000000000000000000000000000000000000000000
    9200 00000011100101110000000000000000000000000000000000000000000000000000000011010111000000010000000000000000000000000000000000000000
    9216 00000000100101110000000000000000000000000000000000000000000000000000000000000001000000010000000000000000000000000000000000000000
    9232 00000000000000000000111100000000000000000000000000000000000000000000000000000000110110000000000100000000000000000000000000000000
    9248 00000000000000000000001110011000000000000000000000000000000000000000000000000000000000001101100000000001000000000000000000000000
    9264 00000000000000000000000010011000000000000000000000000000000000000000000000000000000000000000000100000010000000000000000000000000
    9280 00000000000000000000000000000000000010000000000000000000000000000000000000000000000000000000000011011001000000010000000000000000
    9296 00000000000000000000000000000000000000111001001000000000000000000000000000000000000000000000000000000000110110010000000100000000
    9312 00000000000000000000000000000000000000001001001000000000000000000000000000000000000000000000000000000000000000010000001000000000
    9328 00000000000000000000000000000000000000000000000000001001000000000000000000000000000000000000000000000000000000001101101000000001
    9344 00000000000000000000000000000000000000000000000000000011100100110000000000000000000000000000000000000000000000000000000011011010
    9360 00000001000000000000000000000000000000000000000000000000100100110000000000000000000000000000000000000000000000000000000000000001
    9376 00000010000000000000000000000000000000000000000000000000000000000000101000000000000000000000000000000000000000000000000000000000
    9392 11011011000000010000000000000000000000000000000000000000000000000000001110010100000000000000000000000000000000000000000000000000
    9408 00000000110110110000000100000000000000000000000000000000000000000000000010010100000000000000000000000000000000000000000000000000
    9424 00000000000000010000001000000000000000000000000000000000000000000000000000000000000010110000000000000000000000000000000000000000
    9440 00000000000000001101110000000001000000000000000000000000000000000000000000000000000000111001010100000000000000000000000000000000
    9456 00000000000000000000000011011100000000010000000000000000000000000000000000000000000000001001010100000000000000000000000000000000
    9472 00000000000000000000000000000001000000100000000000000000000000000000000000000000000000000000000000001100000000000000000000000000
    9488 00000000000000000000000000000000110111010000000100000000000000000000000000000000000000000000000000000011100101100000000000000000
    9504 00000000000000000000000000000000000000001101110100000001000000000000000000000000000000000000000000000000100101100000000000000000
    9520 00000000000000000000000000000000000000000000000100000010000000000000000000000000000000000000000000000000000000000000110100000000
    9536 00000000000000000000000000000000000000000000000011011110000000010000000000000000000000000000000000000000000000000000001110010111
    9552 00000000000000000000000000000000000000000000000000000000110111100000000100000000000000000000000000000000000000000000000010010111
    9568 00000000000000000000000000000000000000000000000000000000000000010000001000000000000000000000000000000000000000000000000000000000
    9584 00001110000000000000000000000000000000000000000000000000000000001101111100000001000000000000000000000000000000000000000000000000
    9600 00000011100110000000000000000000000000000000000000000000000000000000000011011111000000010000000000000000000000000000000000000000
    9616 00000000100110000000000000000000000000000000000000000000000000000000000000000001000000100000000000000000000000000000000000000000
    9632 00000000000000000000111100000000000000000000000000000000000000000000000000000000111000000000000100000000000000000000000000000000
    9648 00000000000000000000001110011001000000000000000000000000000000000000000000000000000000001110000000000001000000000000000000000000
    9664 00000000000000000000000010011001000000000000000000000000000000000000000000000000000000000000000100000011000000000000000000000000
    9680 00000000000000000000000000000000000010000000000000000000000000000000000000000000000000000000000011100001000000010000000000000000
    9696 00000000000000000000000000000000000000111001001100000000000000000000000000000000000000000000000000000000111000010000000100000000
    9712 00000000000000000000000000000000000000001001001100000000000000000000000000000000000000000000000000000000000000010000001100000000
    9728 00000000000000000000000000000000000000000000000000001001000000000000000000000000000000000000000000000000000000001110001000000001
    9744 00000000000000000000000000000000000000000000000000000011100101000000000000000000000000000000000000000000000000000000000011100010
    9760 00000001000000000000000000000000000000000000000000000000100101000000000000000000000000000000000000000000000000000000000000000001
    9776 00000011000000000000000000000000000000000000000000000000000000000000101000000000000000000000000000000000000000000000000000000000
    9792 11100011000000010000000000000000000000000000000000000000000000000000001110010101000000000000000000000000000000000000000000000000
    9808 00000000111000110000000100000000000000000000000000000000000000000000000010010101000000000000000000000000000000000000000000000000
    9824 00000000000000010000001100000000000000000000000000000000000000000000000000000000000010110000000000000000000000000000000000000000
    9840 00000000000000001110010000000001000000000000000000000000000000000000000000000000000000111001011000000000000000000000000000000000
    9856 00000000000000000000000011100100000000010000000000000000000000000000000000000000000000001001011000000000000000000000000000000000
    9872 00000000000000000000000000000001000000110000000000000000000000000000000000000000000000000000000000001100000000000000000000000000
    9888 00000000000000000000000000000000111001010000000100000000000000000000000000000000000000000000000000000011100101110000000000000000
    9904 00000000000000000000000000000000000000001110010100000001000000000000000000000000000000000000000000000000100101110000000000000000
    9920 00000000000000000000000000000000000000000000000100000011000000000000000000000000000000000000000000000000000000000000110100000000
    9936 00000000000000000000000000000000000000000000000011100110000000010000000000000000000000000000000000000000000000000000001110011000
    9952 00000000000000000000000000000000000000000000000000000000111001100000000100000000000000000000000000000000000000000000000010011000
    9968 00000000000000000000000000000000000000000000000000000000000000010000001100000000000000000000000000000000000000000000000000000000
    9984 00001110000000000000000000000000000000000000000000000000000000001110011100000001000000000000000000000000000000000000000000000000
   10000 00000011100110010000000000000000000000000000000000000000000000000000000011100111000000010000000000000000000000000000000000000000
   10016 00000000100110010000000000000000000000000000000000000000000000000000000000000001000000110000000000000000000000000000000000000000
   10032 00000000000000000000111100000000000000000000000000000000000000000000000000000000111010000000000100000000000000000000000000000000
   10048 00000000000000000000001110011010000000000000000000000000000000000000000000000000000000001110100000000001000000000000000000000000
   10064 00000000000000000000000010011010000000000000000000000000000000000000000000000000000000000000000100000100000000000000000000000000
   10080 00000000000000000000000000000000000010000000000000000000000000000000000000000000000000000000000011101001000000010000000000000000
   10096 00000000000000000000000000000000000000111001010000000000000000000000000000000000000000000000000000000000111010010000000100000000
   10112 00000000000000000000000000000000000000001001010000000000000000000000000000000000000000000000000000000000000000010000010000000000
   10128 00000000000000000000000000000000000000000000000000001001000000000000000000000000000000000000000000000000000000001110101000000001
   10144 00000000000000000000000000000000000000000000000000000011100101010000000000000000000000000000000000000000000000000000000011101010
   10160 00000001000000000000000000000000000000000000000000000000100101010000000000000000000000000000000000000000000000000000000000000001
   10176 00000100000000000000000000000000000000000000000000000000000000000000101000000000000000000000000000000000000000000000000000000000
   10192 11101011000000010000000000000000000000000000000000000000000000000000001110010110000000000000000000000000000000000000000000000000
   10208 00000000111010110000000100000000000000000000000000000000000000000000000010010110000000000000000000000000000000000000000000000000
   10224 00000000000000010000010000000000000000000000000000000000000000000000000000000000000010110000000000000000000000000000000000000000
   10240 00000000000000001110110000000001000000000000000000000000000000000000000000000000000000111001011100000000000000000000000000000000
   10256 00000000000000000000000011101100000000010000000000000000000000000000000000000000000000001001011100000000000000000000000000000000
   10272 00000000000000000000000000000001000001000000000000000000000000000000000000000000000000000000000000001100000000000000000000000000
   10288 00000000000000000000000000000000111011010000000100000000000000000000000000000000000000000000000000000011100110000000000000000000
   10304 00000000000000000000000000000000000000001110110100000001000000000000000000000000000000000000000000000000100110000000000000000000
   10320 00000000000000000000000000000000000000000000000100000100000000000000000000000000000000000000000000000000000000000000110100000000
   10336 00000000000000000000000000000000000000000000000011101110000000010000000000000000000000000000000000000000000000000000001110011001
   10352 00000000000000000000000000000000000000000000000000000000111011100000000100000000000000000000000000000000000000000000000010011001
   10368 00000000000000000000000000000000000000000000000000000000000000010000010000000000000000000000000000000000000000000000000000000000
   10384 00001110000000000000000000000000000000000000000000000000000000001110111100000001000000000000000000000000000000000000000000000000
   10400 00000011100110100000000000000000000000000000000000000000000000000000000011101111000000010000000000000000000000000000000000000000
   10416 00000000100110100000000000000000000000000000000000000000000000000000000000000001000001000000000000000000000000000000000000000000
   10432 00000000000000000000111100000000000000000000000000000000000000000000000000000000111100000000000100000000000000000000000000000000
   10448 00000000000000000000001110011011000000000000000000000000000000000000000000000000000000001111000000000001000000000000000000000000
   10464 00000000000000000000000010011011000000000000000000000000000000000000000000000000000000000000000100000101000000000000000000000000
   10480 00000000000000000000000000000000000010000000000000000000000000000000000000000000000000000000000011110001000000010000000000000000
   10496 00000000000000000000000000000000000000111001010100000000000000000000000000000000000000000000000000000000111100010000000100000000
   10512 00000000000000000000000000000000000000001001010100000000000000000000000000000000000000000000000000000000000000010000010100000000
   10528 00000000000000000000000000000000000000000000000000001001000000000000000000000000000000000000000000000000000000001111001000000001
   10544 00000000000000000000000000000000000000000000000000000011100101100000000000000000000000000000000000000000000000000000000011110010
   10560 00000001000000000000000000000000000000000000000000000000100101100000000000000000000000000000000000000000000000000000000000000001
   10576 00000101000000000000000000000000000000000000000000000000000000000000101000000000000000000000000000000000000000000000000000000000
   10592 11110011000000010000000000000000000000000000000000000000000000000000001110010111000000000000000000000000000000000000000000000000
   10608 00000000111100110000000100000000000000000000000000000000000000000000000010010111000000000000000000000000000000000000000000000000
   10624 00000000000000010000010100000000000000000000000000000000000000000000000000000000000010110000000000000000000000000000000000000000
   10640 00000000000000001111010000000001000000000000000000000000000000000000000000000000000000111001100000000000000000000000000000000000
   10656 00000000000000000000000011110100000000010000000000000000000000000000000000000000000000001001100000000000000000000000000000000000
   10672 00000000000000000000000000000001000001010000000000000000000000000000000000000000000000000000000000001100000000000000000000000000
   10688 00000000000000000000000000000000111101010000000100000000000000000000000000000000000000000000000000000011100110010000000000000000
   10704 00000000000000000000000000000000000000001111010100000001000000000000000000000000000000000000000000000000100110010000000000000000
   10720 00000000000000000000000000000000000000000000000100000101000000000000000000000000000000000000000000000000000000000000110100000000
   10736 00000000000000000000000000000000000000000000000011110110000000010000000000000000000000000000000000000000000000000000001110011010
   10752 00000000000000000000000000000000000000000000000000000000111101100000000100000000000000000000000000000000000000000000000010011010
   10768 00000000000000000000000000000000000000000000000000000000000000010000010100000000000000000000000000000000000000000000000000000000
   10784 00001110000000000000000000000000000000000000000000000000000000001111011100000001000000000000000000000000000000000000000000000000
   10800 00000011100110110000000000000000000000000000000000000000000000000000000011110111000000010000000000000000000000000000000000000000
   10816 00000000100110110000000000000000000000000000000000000000000000000000000000000001000001010000000000000000000000000000000000000000
   10832 00000000000000000000111100000000000000000000000000000000000000000000000000000000111110000000000100000000000000000000000000000000
   10848 00000000000000000000001110011100000000000000000000000000000000000000000000000000000000001111100000000001000000000000000000000000
   10864 00000000000000000000000010011100000000000000000000000000000000000000000000000000000000000000000100000110000000000000000000000000
   10880 00000000000000000000000000000000000010000000000000000000000000000000000000000000000000000000000011111001000000010000000000000000
   10896 00000000000000000000000000000000000000111001011000000000000000000000000000000000000000000000000000000000111110010000000100000000
   10912 00000000000000000000000000000000000000001001011000000000000000000000000000000000000000000000000000000000000000010000011000000000
   10928 00000000000000000000000000000000000000000000000000001001000000000000000000000000000000000000000000000000000000001111101000000001
   10944 00000000000000000000000000000000000000000000000000000011100101110000000000000000000000000000000000000000000000000000000011111010
   10960 00000001000000000000000000000000000000000000000000000000100101110000000000000000000000000000000000000000000000000000000000000001
   10976 00000110000000000000000000000000000000000000000000000000000000000000101000000000000000000000000000000000000000000000000000000000
   10992 11111011000000010000000000000000000000000000000000000000000000000000001110011000000000000000000000000000000000000000000000000000
   11008 00000000111110110000000100000000000000000000000000000000000000000000000010011000000000000000000000000000000000000000000000000000
   11024 00000000000000010000011000000000000000000000000000000000000000000000000000000000000010110000000000000000000000000000000000000000
   11040 00000000000000001111110000000001000000000000000000000000000000000000000000000000000000111001100100000000000000000000000000000000
   11056 00000000000000000000000011111100000000010000000000000000000000000000000000000000000000001001100100000000000000000000000000000000
   11072 00000000000000000000000000000001000001100000000000000000000000000000000000000000000000000000000000001100000000000000000000000000
   11088 00000000000000000000000000000000111111010000000100000000000000000000000000000000000000000000000000000011100110100000000000000000
   11104 00000000000000000000000000000000000000001111110100000001000000000000000000000000000000000000000000000000100110100000000000000000
   11120 00000000000000000000000000000000000000000000000100000110000000000000000000000000000000000000000000000000000000000000110100000000
   11136 00000000000000000000000000000000000000000000000011111110000000010000000000000000000000000000000000000000000000000000001110011011
   11152 00000000000000000000000000000000000000000000000000000000111111100000000100000000000000000000000000000000000000000000000010011011
   11168 00000000000000000000000000000000000000000000000000000000000000010000011000000000000000000000000000000000000000000000000000000000
   11184 00001110000000000000000000000000000000000000000000000000000000001111111100000001000000000000000000000000000000000000000000000000
   11200 00000011100111000000000000000000000000000000000000000000000000000000000011111111000000010000000000000000000000000000000000000000
   11216 00000000100111000000000000000000000000000000000000000000000000000000000000000001000001100000000000000000000000000000000000000000
   11232 00000000000000000000111100000000000000000000000000000000000000000000000000000000000000000000001000000000000000000000000000000000
   11248 00000000000000000000001110011101000000000000000000000000000000000000000000000000000000000000000000000010000000000000000000000000
   11264 00000000000000000000000010011101000000000000000000000000000000000000000000000000000000000000000100000111000000000000000000000000
   11280 00000000000000000000000000000000000010000000000000000000000000000000000000000000000000000000000000000001000000100000000000000000
   11296 00000000000000000000000000000000000000111001011100000000000000000000000000000000000000000000000000000000000000010000001000000000
   11312 00000000000000000000000000000000000000001001011100000000000000000000000000000000000000000000000000000000000000010000011100000000
   11328 00000000000000000000000000000000000000000000000000001001000000000000000000000000000000000000000000000000000000000000001000000010
   11344 00000000000000000000000000000000000000000000000000000011100110000000000000000000000000000000000000000000000000000000000000000010
   11360 00000010000000000000000000000000000000000000000000000000100110000000000000000000000000000000000000000000000000000000000000000001
   11376 00000111000000000000000000000000000000000000000000000000000000000000101000000000000000000000000000000000000000000000000000000000
   11392 00000011000000100000000000000000000000000000000000000000000000000000001110011001000000000000000000000000000000000000000000000000
   11408 00000000000000110000001000000000000000000000000000000000000000000000000010011001000000000000000000000000000000000000000000000000
   11424 00000000000000010000011100000000000000000000000000000000000000000000000000000000000010110000000000000000000000000000000000000000
   11440 00000000000000000000010000000010000000000000000000000000000000000000000000000000000000111001101000000000000000000000000000000000
   11456 00000000000000000000000000000100000000100000000000000000000000000000000000000000000000001001101000000000000000000000000000000000
   11472 00000000000000000000000000000001000001110000000000000000000000000000000000000000000000000000000000001100000000000000000000000000
   11488 00000000000000000000000000000000000001010000001000000000000000000000000000000000000000000000000000000011100110110000000000000000
   11504 00000000000000000000000000000000000000000000010100000010000000000000000000000000000000000000000000000000100110110000000000000000
   11520 00000000000000000000000000000000000000000000000100000111000000000000000000000000000000000000000000000000000000000000110100000000
   11536 00000000000000000000000000000000000000000000000000000110000000100000000000000000000000000000000000000000000000000000001110011100
   11552 00000000000000000000000000000000000000000000000000000000000001100000001000000000000000000000000000000000000000000000000010011100
   11568 00000000000000000000000000000000000000000000000000000000000000010000011100000000000000000000000000000000000000000000000000000000
   11584 00001110000000000000000000000000000000000000000000000000000000000000011100000010000000000000000000000000000000000000000000000000
   11600 00000011100111010000000000000000000000000000000000000000000000000000000000000111000000100000000000000000000000000000000000000000
   11616 00000000100111010000000000000000000000000000000000000000000000000000000000000001000001110000000000000000000000000000000000000000
   11632 00000000000000000000111100000000000000000000000000000000000000000000000000000000000010000000001000000000000000000000000000000000
   11648 00000000000000000000001110011110000000000000000000000000000000000000000000000000000000000000100000000010000000000000000000000000
   11664 00000000000000000000000010011110000000000000000000000000000000000000000000000000000000000000000101000000000000000000000000000000
   11680 00000000000000000000000000000000010010000000000000000000000000000000000000000000000000000000000000001001000000100000000000000000
   11696 00000000000000000000000000000000000000111010000000000000000000000000000000000000000000000000000000000000000010010000001000000000
   11712 00000000000000000000000000000000000000001010000000000000000000000000000000000000000000000000000000000000000000010100000000000000
   11728 00000000000000000000000000000000000000000000000001001001000000000000000000000000000000000000000000000000000000000000101000000010
   11744 00000000000000000000000000000000000000000000000000000011101000010000000000000000000000000000000000000000000000000000000000001010
   11760 00000010000000000000000000000000000000000000000000000000101000010000000000000000000000000000000000000000000000000000000000000001
   11776 01000000000000000000000000000000000000000000000000000000000000000100101000000000000000000000000000000000000000000000000000000000
   11792 00001011000000100000000000000000000000000000000000000000000000000000001110100010000000000000000000000000000000000000000000000000
   11808 00000000000010110000001000000000000000000000000000000000000000000000000010100010000000000000000000000000000000000000000000000000
   11824 00000000000000010100000000000000000000000000000000000000000000000000000000000000010010110000000000000000000000000000000000000000
   11840 00000000000000000000110000000010000000000000000000000000000000000000000000000000000000111010001100000000000000000000000000000000
   11856 00000000000000000000000000001100000000100000000000000000000000000000000000000000000000001010001100000000000000000000000000000000
   11872 00000000000000000000000000000001010000000000000000000000000000000000000000000000000000000000000001001100000000000000000000000000
   11888 00000000000000000000000000000000000011010000001000000000000000000000000000000000000000000000000000000011101001000000000000000000
   11904 00000000000000000000000000000000000000000000110100000010000000000000000000000000000000000000000000000000101001000000000000000000
   11920 00000000000000000000000000000000000000000000000101000000000000000000000000000000000000000000000000000000000000000100110100000000
   11936 00000000000000000000000000000000000000000000000000001110000000100000000000000000000000000000000000000000000000000000001110100101
   11952 00000000000000000000000000000000000000000000000000000000000011100000001000000000000000000000000000000000000000000000000010100101
   11968 00000000000000000000000000000000000000000000000000000000000000010100000000000000000000000000000000000000000000000000000000000000
   11984 01001110000000000000000000000000000000000000000000000000000000000000111100000010000000000000000000000000000000000000000000000000
   12000 00000011101001100000000000000000000000000000000000000000000000000000000000001111000000100000000000000000000000000000000000000000
   12016 00000000101001100000000000000000000000000000000000000000000000000000000000000001010000000000000000000000000000000000000000000000
   12032 00000000000000000100111100000000000000000000000000000000000000000000000000000000000100000000001000000000000000000000000000000000
   12048 00000000000000000000001110100111000000000000000000000000000000000000000000000000000000000001000000000010000000000000000000000000
   12064 00000000000000000000000010100111000000000000000000000000000000000000000000000000000000000000000101000001000000000000000000000000
   12080 00000000000000000000000000000000010010000000000000000000000000000000000000000000000000000000000000010001000000100000000000000000
   12096 00000000000000000000000000000000000000111010000100000000000000000000000000000000000000000000000000000000000100010000001000000000
   12112 00000000000000000000000000000000000000001010000100000000000000000000000000000000000000000000000000000000000000010100000100000000
   12128 00000000000000000000000000000000000000000000000001001001000000000000000000000000000000000000000000000000000000000001001000000010
   12144 00000000000000000000000000000000000000000000000000000011101000100000000000000000000000000000000000000000000000000000000000010010
   12160 00000010000000000000000000000000000000000000000000000000101000100000000000000000000000000000000000000000000000000000000000000001
   12176 01000001000000000000000000000000000000000000000000000000000000000100101000000000000000000000000000000000000000000000000000000000
   12192 00010011000000100000000000000000000000000000000000000000000000000000001110100011000000000000000000000000000000000000000000000000
   12208 00000000000100110000001000000000000000000000000000000000000000000000000010100011000000000000000000000000000000000000000000000000
   12224 00000000000000010100000100000000000000000000000000000000000000000000000000000000010010110000000000000000000000000000000000000000
   12240 00000000000000000001010000000010000000000000000000000000000000000000000000000000000000111010010000000000000000000000000000000000
   12256 00000000000000000000000000010100000000100000000000000000000000000000000000000000000000001010010000000000000000000000000000000000
   12272 00000000000000000000000000000001010000010000000000000000000000000000000000000000000000000000000001001100000000000000000000000000
   12288 00000000000000000000000000000000000101010000001000000000000000000000000000000000000000000000000000000011101001010000000000000000
   12304 00000000000000000000000000000000000000000001010100000010000000000000000000000000000000000000000000000000101001010000000000000000
   12320 00000000000000000000000000000000000000000000000101000001000000000000000000000000000000000000000000000000000000000100110100000000
   12336 00000000000000000000000000000000000000000000000000010110000000100000000000000000000000000000000000000000000000000000001110100110
   12352 00000000000000000000000000000000000000000000000000000000000101100000001000000000000000000000000000000000000000000000000010100110
   12368 00000000000000000000000000000000000000000000000000000000000000010100000100000000000000000000000000000000000000000000000000000000
   12384 01001110000000000000000000000000000000000000000000000000000000000001011100000010000000000000000000000000000000000000000000000000
   12400 00000011101001110000000000000000000000000000000000000000000000000000000000010111000000100000000000000000000000000000000000000000
   12416 00000000101001110000000000000000000000000000000000000000000000000000000000000001010000010000000000000000000000000000000000000000
   12432 00000000000000000100111100000000000000000000000000000000000000000000000000000000000110000000001000000000000000000000000000000000
   12448 00000000000000000000001110101000000000000000000000000000000000000000000000000000000000000001100000000010000000000000000000000000
   12464 00000000000000000000000010101000000000000000000000000000000000000000000000000000000000000000000101000010000000000000000000000000
   12480 00000000000000000000000000000000010010000000000000000000000000000000000000000000000000000000000000011001000000100000000000000000
   12496 00000000000000000000000000000000000000111010001000000000000000000000000000000000000000000000000000000000000110010000001000000000
   12512 00000000000000000000000000000000000000001010001000000000000000000000000000000000000000000000000000000000000000010100001000000000
   12528 00000000000000000000000000000000000000000000000001001001000000000000000000000000000000000000000000000000000000000001101000000010
   12544 00000000000000000000000000000000000000000000000000000011101000110000000000000000000000000000000000000000000000000000000000011010
   12560 00000010000000000000000000000000000000000000000000000000101000110000000000000000000000000000000000000000000000000000000000000001
   12576 01000010000000000000000000000000000000000000000000000000000000000100101000000000000000000000000000000000000000000000000000000000
   12592 00011011000000100000000000000000000000000000000000000000000000000000001110100100000000000000000000000000000000000000000000000000
   12608 00000000000110110000001000000000000000000000000000000000000000000000000010100100000000000000000000000000000000000000000000000000
   12624 00000000000000010100001000000000000000000000000000000000000000000000000000000000010010110000000000000000000000000000000000000000
   12640 00000000000000000001110000000010000000000000000000000000000000000000000000000000000000111010010100000000000000000000000000000000
   12656 00000000000000000000000000011100000000100000000000000000000000000000000000000000000000001010010100000000000000000000000000000000
   12672 00000000000000000000000000000001010000100000000000000000000000000000000000000000000000000000000001001100000000000000000000000000
   12688 00000000000000000000000000000000000111010000001000000000000000000000000000000000000000000000000000000011101001100000000000000000
   12704 00000000000000000000000000000000000000000001110100000010000000000000000000000000000000000000000000000000101001100000000000000000
   12720 00000000000000000000000000000000000000000000000101000010000000000000000000000000000000000000000000000000000000000100110100000000
   12736 00000000000000000000000000000000000000000000000000011110000000100000000000000000000000000000000000000000000000000000001110100111
   12752 00000000000000000000000000000000000000000000000000000000000111100000001000000000000000000000000000000000000000000000000010100111
   12768 00000000000000000000000000000000000000000000000000000000000000010100001000000000000000000000000000000000000000000000000000000000
   12784 01001110000000000000000000000000000000000000000000000000000000000001111100000010000000000000000000000000000000000000000000000000
   12800 00000011101010000000000000000000000000000000000000000000000000000000000000011111000000100000000000000000000000000000000000000000
   12816 00000000101010000000000000000000000000000000000000000000000000000000000000000001010000100000000000000000000000000000000000000000
   12832 00000000000000000100111100000000000000000000000000000000000000000000000000000000001000000000001000000000000000000000000000000000
   12848 00000000000000000000001110101001000000000000000000000000000000000000000000000000000000000010000000000010000000000000000000000000
   12864 00000000000000000000000010101001000000000000000000000000000000000000000000000000000000000000000101000011000000000000000000000000
   12880 00000000000000000000000000000000010010000000000000000000000000000000000000000000000000000000000000100001000000100000000000000000
   12896 00000000000000000000000000000000000000111010001100000000000000000000000000000000000000000000000000000000001000010000001000000000
   12912 00000000000000000000000000000000000000001010001100000000000000000000000000000000000000000000000000000000000000010100001100000000
   12928 00000000000000000000000000000000000000000000000001001001000000000000000000000000000000000000000000000000000000000010001000000010
   12944 00000000000000000000000000000000000000000000000000000011101001000000000000000000000000000000000000000000000000000000000000100010
   12960 00000010000000000000000000000000000000000000000000000000101001000000000000000000000000000000000000000000000000000000000000000001
   12976 01000011000000000000000000000000000000000000000000000000000000000100101000000000000000000000000000000000000000000000000000000000
   12992 00100011000000100000000000000000000000000000000000000000000000000000001110100101000000000000000000000000000000000000000000000000
   13008 00000000001000110000001000000000000000000000000000000000000000000000000010100101000000000000000000000000000000000000000000000000
   13024 00000000000000010100001100000000000000000000000000000000000000000000000000000000010010110000000000000000000000000000000000000000
   13040 00000000000000000010010000000010000000000000000000000000000000000000000000000000000000111010011000000000000000000000000000000000
   13056 00000000000000000000000000100100000000100000000000000000000000000000000000000000000000001010011000000000000000000000000000000000
   13072 00000000000000000000000000000001010000110000000000000000000000000000000000000000000000000000000001001100000000000000000000000000
   13088 00000000000000000000000000000000001001010000001000000000000000000000000000000000000000000000000000000011101001110000000000000000
   13104 00000000000000000000000000000000000000000010010100000010000000000000000000000000000000000000000000000000101001110000000000000000
   13120 00000000000000000000000000000000000000000000000101000011000000000000000000000000000000000000000000000000000000000100110100000000
   13136 00000000000000000000000000000000000000000000000000100110000000100000000000000000000000000000000000000000000000000000001110101000
   13152 00000000000000000000000000000000000000000000000000000000001001100000001000000000000000000000000000000000000000000000000010101000
   13168 00000000000000000000000000000000000000000000000000000000000000010100001100000000000000000000000000000000000000000000000000000000
   13184 01001110000000000000000000000000000000000000000000000000000000000010011100000010000000000000000000000000000000000000000000000000
   13200 00000011101010010000000000000000000000000000000000000000000000000000000000100111000000100000000000000000000000000000000000000000
   13216 00000000101010010000000000000000000000000000000000000000000000000000000000000001010000110000000000000000000000000000000000000000
   13232 00000000000000000100111100000000000000000000000000000000000000000000000000000000001010000000001000000000000000000000000000000000
   13248 00000000000000000000001110101010000000000000000000000000000000000000000000000000000000000010100000000010000000000000000000000000
   13264 00000000000000000000000010101010000000000000000000000000000000000000000000000000000000000000000101000100000000000000000000000000
   13280 00000000000000000000000000000000010010000000000000000000000000000000000000000000000000000000000000101001000000100000000000000000
   13296 00000000000000000000000000000000000000111010010000000000000000000000000000000000000000000000000000000000001010010000001000000000
   13312 00000000000000000000000000000000000000001010010000000000000000000000000000000000000000000000000000000000000000010100010000000000
   13328 00000000000000000000000000000000000000000000000001001001000000000000000000000000000000000000000000000000000000000010101000000010
   13344 00000000000000000000000000000000000000000000000000000011101001010000000000000000000000000000000000000000000000000000000000101010
   13360 00000010000000000000000000000000000000000000000000000000101001010000000000000000000000000000000000000000000000000000000000000001
   13376 01000100000000000000000000000000000000000000000000000000000000000100101000000000000000000000000000000000000000000000000000000000
   13392 00101011000000100000000000000000000000000000000000000000000000000000001110100110000000000000000000000000000000000000000000000000
   13408 00000000001010110000001000000000000000000000000000000000000000000000000010100110000000000000000000000000000000000000000000000000
   13424 00000000000000010100010000000000000000000000000000000000000000000000000000000000010010110000000000000000000000000000000000000000
   13440 00000000000000000010110000000010000000000000000000000000000000000000000000000000000000111010011100000000000000000000000000000000
   13456 00000000000000000000000000101100000000100000000000000000000000000000000000000000000000001010011100000000000000000000000000000000
   13472 00000000000000000000000000000001010001000000000000000000000000000000000000000000000000000000000001001100000000000000000000000000
   13488 00000000000000000000000000000000001011010000001000000000000000000000000000000000000000000000000000000011101010000000000000000000
   13504 00000000000000000000000000000000000000000010110100000010000000000000000000000000000000000000000000000000101010000000000000000000
   13520 00000000000000000000000000000000000000000000000101000100000000000000000000000000000000000000000000000000000000000100110100000000
   13536 00000000000000000000000000000000000000000000000000101110000000100000000000000000000000000000000000000000000000000000001110101001
   13552 00000000000000000000000000000000000000000000000000000000001011100000001000000000000000000000000000000000000000000000000010101001
   13568 00000000000000000000000000000000000000000000000000000000000000010100010000000000000000000000000000000000000000000000000000000000
   13584 01001110000000000000000000000000000000000000000000000000000000000010111100000010000000000000000000000000000000000000000000000000
   13600 00000011101010100000000000000000000000000000000000000000000000000000000000101111000000100000000000000000000000000000000000000000
   13616 00000000101010100000000000000000000000000000000000000000000000000000000000000001010001000000000000000000000000000000000000000000
   13632 00000000000000000100111100000000000000000000000000000000000000000000000000000000001100000000001000000000000000000000000000000000
   13648 00000000000000000000001110101011000000000000000000000000000000000000000000000000000000000011000000000010000000000000000000000000
   13664 00000000000000000000000010101011000000000000000000000000000000000000000000000000000000000000000101000101000000000000000000000000
   13680 00000000000000000000000000000000010010000000000000000000000000000000000000000000000000000000000000110001000000100000000000000000
   13696 00000000000000000000000000000000000000111010010100000000000000000000000000000000000000000000000000000000001100010000001000000000
   13712 00000000000000000000000000000000000000001010010100000000000000000000000000000000000000000000000000000000000000010100010100000000
   13728 00000000000000000000000000000000000000000000000001001001000000000000000000000000000000000000000000000000000000000011001000000010
   13744 00000000000000000000000000000000000000000000000000000011101001100000000000000000000000000000000000000000000000000000000000110010
   13760 00000010000000000000000000000000000000000000000000000000101001100000000000000000000000000000000000000000000000000000000000000001
   13776 01000101000000000000000000000000000000000000000000000000000000000100101000000000000000000000000000000000000000000000000000000000
   13792 00110011000000100000000000000000000000000000000000000000000000000000001110100111000000000000000000000000000000000000000000000000
   13808 00000000001100110000001000000000000000000000000000000000000000000000000010100111000000000000000000000000000000000000000000000000
   13824 00000000000000010100010100000000000000000000000000000000000000000000000000000000010010110000000000000000000000000000000000000000
   13840 00000000000000000011010000000010000000000000000000000000000000000000000000000000000000111010100000000000000000000000000000000000
   13856 00000000000000000000000000110100000000100000000000000000000000000000000000000000000000001010100000000000000000000000000000000000
   13872 00000000000000000000000000000001010001010000000000000000000000000000000000000000000000000000000001001100000000000000000000000000
   13888 00000000000000000000000000000000001101010000001000000000000000000000000000000000000000000000000000000011101010010000000000000000
   13904 00000000000000000000000000000000000000000011010100000010000000000000000000000000000000000000000000000000101010010000000000000000
   13920 00000000000000000000000000000000000000000000000101000101000000000000000000000000000000000000000000000000000000000100110100000000
   13936 00000000000000000000000000000000000000000000000000110110000000100000000000000000000000000000000000000000000000000000001110101010
   13952 00000000000000000000000000000000000000000000000000000000001101100000001000000000000000000000000000000000000000000000000010101010
   13968 00000000000000000000000000000000000000000000000000000000000000010100010100000000000000000000000000000000000000000000000000000000
   13984 01001110000000000000000000000000000000000000000000000000000000000011011100000010000000000000000000000000000000000000000000000000
   14000 00000011101010110000000000000000000000000000000000000000000000000000000000110111000000100000000000000000000000000000000000000000
   14016 00000000101010110000000000000000000000000000000000000000000000000000000000000001010001010000000000000000000000000000000000000000
   14032 00000000000000000100111100000000000000000000000000000000000000000000000000000000001110000000001000000000000000000000000000000000
   14048 00000000000000000000001110101100000000000000000000000000000000000000000000000000000000000011100000000010000000000000000000000000
   14064 00000000000000000000000010101100000000000000000000000000000000000000000000000000000000000000000101000110000000000000000000000000
   14080 00000000000000000000000000000000010010000000000000000000000000000000000000000000000000000000000000111001000000100000000000000000
   14096 00000000000000000000000000000000000000111010011000000000000000000000000000000000000000000000000000000000001110010000001000000000
   14112 00000000000000000000000000000000000000001010011000000000000000000000000000000000000000000000000000000000000000010100011000000000
   14128 00000000000000000000000000000000000000000000000001001001000000000000000000000000000000000000000000000000000000000011101000000010
   14144 00000000000000000000000000000000000000000000000000000011101001110000000000000000000000000000000000000000000000000000000000111010
   14160 00000010000000000000000000000000000000000000000000000000101001110000000000000000000000000000000000000000000000000000000000000001
   14176 01000110000000000000000000000000000000000000000000000000000000000100101000000000000000000000000000000000000000000000000000000000
   14192 00111011000000100000000000000000000000000000000000000000000000000000001110101000000000000000000000000000000000000000000000000000
   14208 00000000001110110000001000000000000000000000000000000000000000000000000010101000000000000000000000000000000000000000000000000000
   14224 00000000000000010100011000000000000000000000000000000000000000000000000000000000010010110000000000000000000000000000000000000000
   14240 00000000000000000011110000000010000000000000000000000000000000000000000000000000000000111010100100000000000000000000000000000000
   14256 00000000000000000000000000111100000000100000000000000000000000000000000000000000000000001010100100000000000000000000000000000000
   14272 00000000000000000000000000000001010001100000000000000000000000000000000000000000000000000000000001001100000000000000000000000000
   14288 00000000000000000000000000000000001111010000001000000000000000000000000000000000000000000000000000000011101010100000000000000000
   14304 00000000000000000000000000000000000000000011110100000010000000000000000000000000000000000000000000000000101010100000000000000000
   14320 00000000000000000000000000000000000000000000000101000110000000000000000000000000000000000000000000000000000000000100110100000000
   14336 00000000000000000000000000000000000000000000000000111110000000100000000000000000000000000000000000000000000000000000001110101011
   14352 00000000000000000000000000000000000000000000000000000000001111100000001000000000000000000000000000000000000000000000000010101011
   14368 00000000000000000000000000000000000000000000000000000000000000010100011000000000000000000000000000000000000000000000000000000000
   14384 01001110000000000000000000000000000000000000000000000000000000000011111100000010000000000000000000000000000000000000000000000000
   14400 00000011101011000000000000000000000000000000000000000000000000000000000000111111000000100000000000000000000000000000000000000000
   14416 00000000101011000000000000000000000000000000000000000000000000000000000000000001010001100000000000000000000000000000000000000000
   14432 00000000000000000100111100000000000000000000000000000000000000000000000000000000010000000000001000000000000000000000000000000000
   14448 00000000000000000000001110101101000000000000000000000000000000000000000000000000000000000100000000000010000000000000000000000000
   14464 00000000000000000000000010101101000000000000000000000000000000000000000000000000000000000000000101000111000000000000000000000000
   14480 00000000000000000000000000000000010010000000000000000000000000000000000000000000000000000000000001000001000000100000000000000000
   14496 00000000000000000000000000000000000000111010011100000000000000000000000000000000000000000000000000000000010000010000001000000000
   14512 00000000000000000000000000000000000000001010011100000000000000000000000000000000000000000000000000000000000000010100011100000000
   14528 00000000000000000000000000000000000000000000000001001001000000000000000000000000000000000000000000000000000000000100001000000010
   14544 00000000000000000000000000000000000000000000000000000011101010000000000000000000000000000000000000000000000000000000000001000010
   14560 00000010000000000000000000000000000000000000000000000000101010000000000000000000000000000000000000000000000000000000000000000001
   14576 01000111000000000000000000000000000000000000000000000000000000000100101000000000000000000000000000000000000000000000000000000000
   14592 01000011000000100000000000000000000000000000000000000000000000000000001110101001000000000000000000000000000000000000000000000000
   14608 00000000010000110000001000000000000000000000000000000000000000000000000010101001000000000000000000000000000000000000000000000000
   14624 00000000000000010100011100000000000000000000000000000000000000000000000000000000010010110000000000000000000000000000000000000000
   14640 00000000000000000100010000000010000000000000000000000000000000000000000000000000000000111010101000000000000000000000000000000000
   14656 00000000000000000000000001000100000000100000000000000000000000000000000000000000000000001010101000000000000000000000000000000000
   14672 00000000000000000000000000000001010001110000000000000000000000000000000000000000000000000000000001001100000000000000000000000000
   14688 00000000000000000000000000000000010001010000001000000000000000000000000000000000000000000000000000000011101010110000000000000000
   14704 00000000000000000000000000000000000000000100010100000010000000000000000000000000000000000000000000000000101010110000000000000000
   14720 00000000000000000000000000000000000000000000000101000111000000000000000000000000000000000000000000000000000000000100110100000000
   14736 00000000000000000000000000000000000000000000000001000110000000100000000000000000000000000000000000000000000000000000001110101100
   14752 00000000000000000000000000000000000000000000000000000000010001100000001000000000000000000000000000000000000000000000000010101100
   14768 00000000000000000000000000000000000000000000000000000000000000010100011100000000000000000000000000000000000000000000000000000000
   14784 01001110000000000000000000000000000000000000000000000000000000000100011100000010000000000000000000000000000000000000000000000000
   14800 00000011101011010000000000000000000000000000000000000000000000000000000001000111000000100000000000000000000000000000000000000000
   14816 00000000101011010000000000000000000000000000000000000000000000000000000000000001010001110000000000000000000000000000000000000000
   14832 00000000000000000100111100000000000000000000000000000000000000000000000000000000010010000000001000000000000000000000000000000000
   14848 00000000000000000000001110101110000000000000000000000000000000000000000000000000000000000100100000000010000000000000000000000000
   14864 00000000000000000000000010101110000000000000000000000000000000000000000000000000000000000000000101010000000000000000000000000000
   14880 00000000000000000000000000000000010110000000000000000000000000000000000000000000000000000000000001011001000000100000000000000000
   14896 00000000000000000000000000000000000000110100100100000010000000000000000000000000000000000000000000000000010110010000001000000000
   14912 00000000000000000000000000000000000000000100100100000010000000000000000000000000000000000000000000000000000000010101000000000000
   14928 00000000000000000000000000000000000000000000000001011001000000000000000000000000000000000000000000000000000000000101101000000010
   14944 00000000000000000000000000000000000000000000000000000011010010100000001000000000000000000000000000000000000000000000000001011010
   14960 00000010000000000000000000000000000000000000000000000000010010100000001000000000000000000000000000000000000000000000000000000001
   14976 01010000000000000000000000000000000000000000000000000000000000000101101000000000000000000000000000000000000000000000000000000000
   14992 01011011000000100000000000000000000000000000000000000000000000000000001101001011000000100000000000000000000000000000000000000000
   15008 00000000010110110000001000000000000000000000000000000000000000000000000001001011000000100000000000000000000000000000000000000000
   15024 00000000000000010101000000000000000000000000000000000000000000000000000000000000010110110000000000000000000000000000000000000000
   15040 00000000000000000101110000000010000000000000000000000000000000000000000000000000000000110100110000000010000000000000000000000000
   15056 00000000000000000000000001011100000000100000000000000000000000000000000000000000000000000100110000000010000000000000000000000000
   15072 00000000000000000000000000000001010100000000000000000000000000000000000000000000000000000000000001011100000000000000000000000000
   15088 00000000000000000000000000000000010111010000001000000000000000000000000000000000000000000000000000000011010011010000001000000000
   15104 00000000000000000000000000000000000000000101110100000010000000000000000000000000000000000000000000000000010011010000001000000000
   15120 00000000000000000000000000000000000000000000000101010000000000000000000000000000000000000000000000000000000000000101110100000000
   15136 00000000000000000000000000000000000000000000000001011110000000100000000000000000000000000000000000000000000000000000001101001110
   15152 00000010000000000000000000000000000000000000000000000000010111100000001000000000000000000000000000000000000000000000000001001110
   15168 00000010000000000000000000000000000000000000000000000000000000010101000000000000000000000000000000000000000000000000000000000000
   15184 01011110000000000000000000000000000000000000000000000000000000000101111100000010000000000000000000000000000000000000000000000000
   15200 00000011010011110000001000000000000000000000000000000000000000000000000001011111000000100000000000000000000000000000000000000000
   15216 00000000010011110000001000000000000000000000000000000000000000000000000000000001010100000000000000000000000000000000000000000000
   15232 00000000000000000101111100000000000000000000000000000000000000000000000000000000011000000000001000000000000000000000000000000000
   15248 00000000000000000000001101010000000000100000000000000000000000000000000000000000000000000110000000000010000000000000000000000000
   15264 00000000000000000000000001010000000000100000000000000000000000000000000000000000000000000000000101010001000000000000000000000000
   15280 00000000000000000000000000000000010110000000000000000000000000000000000000000000000000000000000001100001000000100000000000000000
   15296 00000000000000000000000000000000000000110100101000000010000000000000000000000000000000000000000000000000011000010000001000000000
   15312 00000000000000000000000000000000000000000100101000000010000000000000000000000000000000000000000000000000000000010101000100000000
   15328 00000000000000000000000000000000000000000000000001011001000000000000000000000000000000000000000000000000000000000110001000000010
   15344 00000000000000000000000000000000000000000000000000000011010010110000001000000000000000000000000000000000000000000000000001100010
   15360 00000010000000000000000000000000000000000000000000000000010010110000001000000000000000000000000000000000000000000000000000000001
   15376 01010001000000000000000000000000000000000000000000000000000000000101101000000000000000000000000000000000000000000000000000000000
   15392 01100011000000100000000000000000000000000000000000000000000000000000001101001100000000100000000000000000000000000000000000000000
   15408 00000000011000110000001000000000000000000000000000000000000000000000000001001100000000100000000000000000000000000000000000000000
   15424 00000000000000010101000100000000000000000000000000000000000000000000000000000000010110110000000000000000000000000000000000000000
   15440 00000000000000000110010000000010000000000000000000000000000000000000000000000000000000110100110100000010000000000000000000000000
   15456 00000000000000000000000001100100000000100000000000000000000000000000000000000000000000000100110100000010000000000000000000000000
   15472 00000000000000000000000000000001010100010000000000000000000000000000000000000000000000000000000001011100000000000000000000000000
   15488 00000000000000000000000000000000011001010000001000000000000000000000000000000000000000000000000000000011010011100000001000000000
   15504 00000000000000000000000000000000000000000110010100000010000000000000000000000000000000000000000000000000010011100000001000000000
   15520 00000000000000000000000000000000000000000000000101010001000000000000000000000000000000000000000000000000000000000101110100000000
   15536 00000000000000000000000000000000000000000000000001100110000000100000000000000000000000000000000000000000000000000000001101001111
   15552 00000010000000000000000000000000000000000000000000000000011001100000001000000000000000000000000000000000000000000000000001001111
   15568 00000010000000000000000000000000000000000000000000000000000000010101000100000000000000000000000000000000000000000000000000000000
   15584 01011110000000000000000000000000000000000000000000000000000000000110011100000010000000000000000000000000000000000000000000000000
   15600 00000011010100000000001000000000000000000000000000000000000000000000000001100111000000100000000000000000000000000000000000000000
   15616 00000000010100000000001000000000000000000000000000000000000000000000000000000001010100010000000000000000000000000000000000000000
   15632 00000000000000000101111100000000000000000000000000000000000000000000000000000000011010000000001000000000000000000000000000000000
   15648 00000000000000000000001101010001000000100000000000000000000000000000000000000000000000000110100000000010000000000000000000000000
   15664 00000000000000000000000001010001000000100000000000000000000000000000000000000000000000000000000101010010000000000000000000000000
   15680 00000000000000000000000000000000010110000000000000000000000000000000000000000000000000000000000001101001000000100000000000000000
   15696 00000000000000000000000000000000000000110100101100000010000000000000000000000000000000000000000000000000011010010000001000000000
   15712 00000000000000000000000000000000000000000100101100000010000000000000000000000000000000000000000000000000000000010101001000000000
   15728 00000000000000000000000000000000000000000000000001011001000000000000000000000000000000000000000000000000000000000110101000000010
   15744 00000000000000000000000000000000000000000000000000000011010011000000001000000000000000000000000000000000000000000000000001101010
   15760 00000010000000000000000000000000000000000000000000000000010011000000001000000000000000000000000000000000000000000000000000000001
   15776 01010010000000000000000000000000000000000000000000000000000000000101101000000000000000000000000000000000000000000000000000000000
   15792 01101011000000100000000000000000000000000000000000000000000000000000001101001101000000100000000000000000000000000000000000000000
   15808 00000000011010110000001000000000000000000000000000000000000000000000000001001101000000100000000000000000000000000000000000000000
   15824 00000000000000010101001000000000000000000000000000000000000000000000000000000000010110110000000000000000000000000000000000000000
   15840 00000000000000000110110000000010000000000000000000000000000000000000000000000000000000110100111000000010000000000000000000000000
   15856 00000000000000000000000001101100000000100000000000000000000000000000000000000000000000000100111000000010000000000000000000000000
   15872 00000000000000000000000000000001010100100000000000000000000000000000000000000000000000000000000001011100000000000000000000000000
   15888 00000000000000000000000000000000011011010000001000000000000000000000000000000000000000000000000000000011010011110000001000000000
   15904 00000000000000000000000000000000000000000110110100000010000000000000000000000000000000000000000000000000010011110000001000000000
   15920 00000000000000000000000000000000000000000000000101010010000000000000000000000000000000000000000000000000000000000101110100000000
   15936 00000000000000000000000000000000000000000000000001101110000000100000000000000000000000000000000000000000000000000000001101010000
   15952 00000010000000000000000000000000000000000000000000000000011011100000001000000000000000000000000000000000000000000000000001010000
   15968 00000010000000000000000000000000000000000000000000000000000000010101001000000000000000000000000000000000000000000000000000000000
   15984 01011110000000000000000000000000000000000000000000000000000000000110111100000010000000000000000000000000000000000000000000000000
   16000 00000011010100010000001000000000000000000000000000000000000000000000000001101111000000100000000000000000000000000000000000000000
   16016 00000000010100010000001000000000000000000000000000000000000000000000000000000001010100100000000000000000000000000000000000000000
   16032 00000000000000000101111100000000000000000000000000000000000000000000000000000000011100000000001000000000000000000000000000000000
   16048 00000000000000000000001101010010000000100000000000000000000000000000000000000000000000000111000000000010000000000000000000000000
   16064 00000000000000000000000001010010000000100000000000000000000000000000000000000000000000000000000101010011000000000000000000000000
   16080 00000000000000000000000000000000010110000000000000000000000000000000000000000000000000000000000001110001000000100000000000000000
   16096 00000000000000000000000000000000000000110100110000000010000000000000000000000000000000000000000000000000011100010000001000000000
   16112 00000000000000000000000000000000000000000100110000000010000000000000000000000000000000000000000000000000000000010101001100000000
   16128 00000000000000000000000000000000000000000000000001011001000000000000000000000000000000000000000000000000000000000111001000000010
   16144 00000000000000000000000000000000000000000000000000000011010011010000001000000000000000000000000000000000000000000000000001110010
   16160 00000010000000000000000000000000000000000000000000000000010011010000001000000000000000000000000000000000000000000000000000000001
   16176 01010011000000000000000000000000000000000000000000000000000000000101101000000000000000000000000000000000000000000000000000000000
   16192 01110011000000100000000000000000000000000000000000000000000000000000001101001110000000100000000000000000000000000000000000000000
   16208 00000000011100110000001000000000000000000000000000000000000000000000000001001110000000100000000000000000000000000000000000000000
   16224 00000000000000010101001100000000000000000000000000000000000000000000000000000000010110110000000000000000000000000000000000000000
   16240 00000000000000000111010000000010000000000000000000000000000000000000000000000000000000110100111100000010000000000000000000000000
   16256 00000000000000000000000001110100000000100000000000000000000000000000000000000000000000000100111100000010000000000000000000000000
   16272 00000000000000000000000000000001010100110000000000000000000000000000000000000000000000000000000001011100000000000000000000000000
   16288 00000000000000000000000000000000011101010000001000000000000000000000000000000000000000000000000000000011010100000000001000000000
   16304 00000000000000000000000000000000000000000111010100000010000000000000000000000000000000000000000000000000010100000000001000000000
   16320 00000000000000000000000000000000000000000000000101010011000000000000000000000000000000000000000000000000000000000101110100000000
   16336 00000000000000000000000000000000000000000000000001110110000000100000000000000000000000000000000000000000000000000000001101010001
   16352 00000010000000000000000000000000000000000000000000000000011101100000001000000000000000000000000000000000000000000000000001010001
   16368 00000010000000000000000000000000000000000000000000000000000000010101001100000000000000000000000000000000000000000000000000000000
   16384 01011110000000000000000000000000000000000000000000000000000000000111011100000010000000000000000000000000000000000000000000000000
   16400 00000011010100100000001000000000000000000000000000000000000000000000000001110111000000100000000000000000000000000000000000000000
   16416 00000000010100100000001000000000000000000000000000000000000000000000000000000001010100110000000000000000000000000000000000000000
   16432 00000000000000000101111100000000000000000000000000000000000000000000000000000000011110000000001000000000000000000000000000000000
   16448 00000000000000000000001101010011000000100000000000000000000000000000000000000000000000000111100000000010000000000000000000000000
   16464 00000000000000000000000001010011000000100000000000000000000000000000000000000000000000000000000101010100000000000000000000000000
   16480 00000000000000000000000000000000010110000000000000000000000000000000000000000000000000000000000001111001000000100000000000000000
   16496 00000000000000000000000000000000000000110100110100000010000000000000000000000000000000000000000000000000011110010000001000000000
   16512 00000000000000000000000000000000000000000100110100000010000000000000000000000000000000000000000000000000000000010101010000000000
   16528 00000000000000000000000000000000000000000000000001011001000000000000000000000000000000000000000000000000000000000111101000000010
   16544 00000000000000000000000000000000000000000000000000000011010011100000001000000000000000000000000000000000000000000000000001111010
   16560 00000010000000000000000000000000000000000000000000000000010011100000001000000000000000000000000000000000000000000000000000000001
   16576 01010100000000000000000000000000000000000000000000000000000000000101101000000000000000000000000000000000000000000000000000000000
   16592 01111011000000100000000000000000000000000000000000000000000000000000001101001111000000100000000000000000000000000000000000000000
   16608 00000000011110110000001000000000000000000000000000000000000000000000000001001111000000100000000000000000000000000000000000000000
   16624 00000000000000010101010000000000000000000000000000000000000000000000000000000000010110110000000000000000000000000000000000000000
   16640 00000000000000000111110000000010000000000000000000000000000000000000000000000000000000110101000000000010000000000000000000000000
   16656 00000000000000000000000001111100000000100000000000000000000000000000000000000000000000000101000000000010000000000000000000000000
   16672 00000000000000000000000000000001010101000000000000000000000000000000000000000000000000000000000001011100000000000000000000000000
   16688 00000000000000000000000000000000011111010000001000000000000000000000000000000000000000000000000000000011010100010000001000000000
   16704 00000000000000000000000000000000000000000111110100000010000000000000000000000000000000000000000000000000010100010000001000000000
   16720 00000000000000000000000000000000000000000000000101010100000000000000000000000000000000000000000000000000000000000101110100000000
   16736 00000000000000000000000000000000000000000000000001111110000000100000000000000000000000000000000000000000000000000000001101010010
   16752 00000010000000000000000000000000000000000000000000000000011111100000001000000000000000000000000000000000000000000000000001010010
   16768 00000010000000000000000000000000000000000000000000000000000000010101010000000000000000000000000000000000000000000000000000000000
   16784 01011110000000000000000000000000000000000000000000000000000000000111111100000010000000000000000000000000000000000000000000000000
   16800 00000011010100110000001000000000000000000000000000000000000000000000000001111111000000100000000000000000000000000000000000000000
   16816 00000000010100110000001000000000000000000000000000000000000000000000000000000001010101000000000000000000000000000000000000000000
   16832 00000000000000000101111100000000000000000000000000000000000000000000000000000000100000000000001000000000000000000000000000000000
   16848 00000000000000000000001101010100000000100000000000000000000000000000000000000000000000001000000000000010000000000000000000000000
   16864 00000000000000000000000001010100000000100000000000000000000000000000000000000000000000000000000101010101000000000000000000000000
   16880 00000000000000000000000000000000010110000000000000000000000000000000000000000000000000000000000010000001000000100000000000000000
   16896 00000000000000000000000000000000000000110100111000000010000000000000000000000000000000000000000000000000100000010000001000000000
   16912 00000000000000000000000000000000000000000100111000000010000000000000000000000000000000000000000000000000000000010101010100000000
   16928 00000000000000000000000000000000000000000000000001011001000000000000000000000000000000000000000000000000000000001000001000000010
   16944 00000000000000000000000000000000000000000000000000000011010011110000001000000000000000000000000000000000000000000000000010000010
   16960 00000010000000000000000000000000000000000000000000000000010011110000001000000000000000000000000000000000000000000000000000000001
   16976 01010101000000000000000000000000000000000000000000000000000000000101101000000000000000000000000000000000000000000000000000000000
   16992 10000011000000100000000000000000000000000000000000000000000000000000001101010000000000100000000000000000000000000000000000000000
   17008 00000000100000110000001000000000000000000000000000000000000000000000000001010000000000100000000000000000000000000000000000000000
   17024 00000000000000010101010100000000000000000000000000000000000000000000000000000000010110110000000000000000000000000000000000000000
   17040 00000000000000001000010000000010000000000000000000000000000000000000000000000000000000110101000100000010000000000000000000000000
   17056 00000000000000000000000010000100000000100000000000000000000000000000000000000000000000000101000100000010000000000000000000000000
   17072 00000000000000000000000000000001010101010000000000000000000000000000000000000000000000000000000001011100000000000000000000000000
   17088 00000000000000000000000000000000100001010000001000000000000000000000000000000000000000000000000000000011010100100000001000000000
   17104 00000000000000000000000000000000000000001000010100000010000000000000000000000000000000000000000000000000010100100000001000000000
   17120 00000000000000000000000000000000000000000000000101010101000000000000000000000000000000000000000000000000000000000101110100000000
   17136 00000000000000000000000000000000000000000000000010000110000000100000000000000000000000000000000000000000000000000000001101010011
   17152 00000010000000000000000000000000000000000000000000000000100001100000001000000000000000000000000000000000000000000000000001010011
   17168 00000010000000000000000000000000000000000000000000000000000000010101010100000000000000000000000000000000000000000000000000000000
   17184 01011110000000000000000000000000000000000000000000000000000000001000011100000010000000000000000000000000000000000000000000000000
   17200 00000011010101000000001000000000000000000000000000000000000000000000000010000111000000100000000000000000000000000000000000000000
   17216 00000000010101000000001000000000000000000000000000000000000000000000000000000001010101010000000000000000000000000000000000000000
   17232 00000000000000000101111100000000000000000000000000000000000000000000000000000000100010000000001000000000000000000000000000000000
   17248 00000000000000000000001101010101000000100000000000000000000000000000000000000000000000001000100000000010000000000000000000000000
   17264 00000000000000000000000001010101000000100000000000000000000000000000000000000000000000000000000101010110000000000000000000000000
   17280 00000000000000000000000000000000010110000000000000000000000000000000000000000000000000000000000010001001000000100000000000000000
   17296 00000000000000000000000000000000000000110100111100000010000000000000000000000000000000000000000000000000100010010000001000000000
   17312 00000000000000000000000000000000000000000100111100000010000000000000000000000000000000000000000000000000000000010101011000000000
   17328 00000000000000000000000000000000000000000000000001011001000000000000000000000000000000000000000000000000000000001000101000000010
   17344 00000000000000000000000000000000000000000000000000000011010100000000001000000000000000000000000000000000000000000000000010001010
   17360 00000010000000000000000000000000000000000000000000000000010100000000001000000000000000000000000000000000000000000000000000000001
   17376 01010110000000000000000000000000000000000000000000000000000000000101101000000000000000000000000000000000000000000000000000000000
   17392 10001011000000100000000000000000000000000000000000000000000000000000001101010001000000100000000000000000000000000000000000000000
   17408 00000000100010110000001000000000000000000000000000000000000000000000000001010001000000100000000000000000000000000000000000000000
   17424 00000000000000010101011000000000000000000000000000000000000000000000000000000000010110110000000000000000000000000000000000000000
   17440 00000000000000001000110000000010000000000000000000000000000000000000000000000000000000110101001000000010000000000000000000000000
   17456 00000000000000000000000010001100000000100000000000000000000000000000000000000000000000000101001000000010000000000000000000000000
   17472 00000000000000000000000000000001010101100000000000000000000000000000000000000000000000000000000001011100000000000000000000000000
   17488 00000000000000000000000000000000100011010000001000000000000000000000000000000000000000000000000000000011010100110000001000000000
   17504 00000000000000000000000000000000000000001000110100000010000000000000000000000000000000000000000000000000010100110000001000000000
   17520 00000000000000000000000000000000000000000000000101010110000000000000000000000000000000000000000000000000000000000101110100000000
   17536 00000000000000000000000000000000000000000000000010001110000000100000000000000000000000000000000000000000000000000000001101010100
   17552 00000010000000000000000000000000000000000000000000000000100011100000001000000000000000000000000000000000000000000000000001010100
   17568 00000010000000000000000000000000000000000000000000000000000000010101011000000000000000000000000000000000000000000000000000000000
   17584 01011110000000000000000000000000000000000000000000000000000000001000111100000010000000000000000000000000000000000000000000000000
   17600 00000011010101010000001000000000000000000000000000000000000000000000000010001111000000100000000000000000000000000000000000000000
   17616 00000000010101010000001000000000000000000000000000000000000000000000000000000001010101100000000000000000000000000000000000000000
   17632 00000000000000000101111100000000000000000000000000000000000000000000000000000000100100000000001000000000000000000000000000000000
   17648 00000000000000000000001101010110000000100000000000000000000000000000000000000000000000001001000000000010000000000000000000000000
   17664 00000000000000000000000001010110000000100000000000000000000000000000000000000000000000000000000101010111000000000000000000000000
   17680 00000000000000000000000000000000010110000000000000000000000000000000000000000000000000000000000010010001000000100000000000000000
   17696 00000000000000000000000000000000000000110101000000000010000000000000000000000000000000000000000000000000100100010000001000000000
   17712 00000000000000000000000000000000000000000101000000000010000000000000000000000000000000000000000000000000000000010101011100000000
   17728 00000000000000000000000000000000000000000000000001011001000000000000000000000000000000000000000000000000000000001001001000000010
   17744 00000000000000000000000000000000000000000000000000000011010100010000001000000000000000000000000000000000000000000000000010010010
   17760 00000010000000000000000000000000000000000000000000000000010100010000001000000000000000000000000000000000000000000000000000000001
   17776 01010111000000000000000000000000000000000000000000000000000000000101101000000000000000000000000000000000000000000000000000000000
   17792 10010011000000100000000000000000000000000000000000000000000000000000001101010010000000100000000000000000000000000000000000000000
   17808 00000000100100110000001000000000000000000000000000000000000000000000000001010010000000100000000000000000000000000000000000000000
   17824 00000000000000010101011100000000000000000000000000000000000000000000000000000000010110110000000000000000000000000000000000000000
   17840 00000000000000001001010000000010000000000000000000000000000000000000000000000000000000110101001100000010000000000000000000000000
   17856 00000000000000000000000010010100000000100000000000000000000000000000000000000000000000000101001100000010000000000000000000000000
   17872 00000000000000000000000000000001010101110000000000000000000000000000000000000000000000000000000001011100000000000000000000000000
   17888 00000000000000000000000000000000100101010000001000000000000000000000000000000000000000000000000000000011010101000000001000000000
   17904 00000000000000000000000000000000000000001001010100000010000000000000000000000000000000000000000000000000010101000000001000000000
   17920 00000000000000000000000000000000000000000000000101010111000000000000000000000000000000000000000000000000000000000101110100000000
   17936 00000000000000000000000000000000000000000000000010010110000000100000000000000000000000000000000000000000000000000000001101010101
   17952 00000010000000000000000000000000000000000000000000000000100101100000001000000000000000000000000000000000000000000000000001010101
   17968 00000010000000000000000000000000000000000000000000000000000000010101011100000000000000000000000000000000000000000000000000000000
   17984 01011110000000000000000000000000000000000000000000000000000000001001011100000010000000000000000000000000000000000000000000000000
   18000 00000011010101100000001000000000000000000000000000000000000000000000000010010111000000100000000000000000000000000000000000000000
   18016 00000000010101100000001000000000000000000000000000000000000000000000000000000001010101110000000000000000000000000000000000000000
   18032 00000000000000000101111100000000000000000000000000000000000000000000000000000000100110000000001000000000000000000000000000000000
   18048 00000000000000000000001101010111000000100000000000000000000000000000000000000000000000001001100000000010000000000000000000000000
   18064 00000000000000000000000001010111000000100000000000000000000000000000000000000000000000000000010001001001000000100000000000000000
   18080 00000000000000000000000000000000010010010000001000000000000000000000000000000000000000000000000010011001000000100000000000000000
   18096 00000000000000000000000000000000000000010100000000000000000000000000000000000000000000000000000000000000100110010000001000000000
   18112 00000000000000000000000000000000000000001001101000000010000000000000000000000000000000000000000000000000000001000100101000000010
   18128 00000000000000000000000000000000000000000000000001001010000000100000000000000000000000000000000000000000000000001001101100000010
   18144 00000000000000000000000000000000000000000000000000000001010000010000000000000000000000000000000000000000000000000000000010011011
   18160 00000010000000000000000000000000000000000000000000000000100111000000001000000000000000000000000000000000000000000000000000000011
   18176 01000001000000000000000000000000000000000000000000000000000000000100101000000010000000000000000000000000000000000000000000000000
   18192 10011101000000100000000000000000000000000000000000000000000000000000010010011101000000100000000000000000000000000000000000000000
   18208 00000000100111010000001000000000000000000000000000000000000000000000000010011110000000100000000000000000000000000000000000000000
   18224 00000000000000011001111000000010000000000000000000000000000000000000000000000000100110100000001000000000000000000000000000000000
   18240 00000000000000001001111100000010000000000000000000000000000000000000000000000000000000101001110000000010000000000000000000000000
   18256 00000000000000000000000010011111000000100000000000000000000000000000000000000000000000001010000000000010000000000000000000000000
   18272 00000000000000000000000000000100010010110000001000000000000000000000000000000000000000000000000001001011000000100000000000000000
   18288 00000000000000000000000000000000101000010000001000000000000000000000000000000000000000000000000000000001010000100000000000000000
   18304 00000000000000000000000000000000000000001010000100000010000000000000000000000000000000000000000000000000101000100000001000000000
   18320 00000000000000000000000000000000000000000000001101000010000000000000000000000000000000000000000000000000000000000100101100000010
   18336 00000000000000000000000000000000000000000000000010100011000000100000000000000000000000000000000000000000000000000000010010100011
   18352 00000010000000000000000000000000000000000000000000000000101000110000001000000000000000000000000000000000000000000000000010100100
   18368 00000010000000000000000000000000000000000000000000000000000000011010010000000010000000000000000000000000000000000000000000000000
   18384 10100000000000100000000000000000000000000000000000000000000000001010010100000010000000000000000000000000000000000000000000000000
   18400 00000010101000100000001000000000000000000000000000000000000000000000000010100101000000100000000000000000000000000000000000000000
   18416 00000000101001100000001000000000000000000000000000000000000000000000000000000100010011000000001000000000000000000000000000000000
   18432 00000000000000000100110000000010000000000000000000000000000000000000000000000000101001110000001000000000000000000000000000000000
   18448 00000000000000000000000101000011000000000000000000000000000000000000000000000000000000001010011100000010000000000000000000000000
   18464 00000000000000000000000010101000000000100000000000000000000000000000000000000000000000000000001101000011000000000000000000000000
   18480 00000000000000000000000000000000010011000000001000000000000000000000000000000000000000000000000010101001000000100000000000000000
   18496 00000000000000000000000000000000000001001010100100000010000000000000000000000000000000000000000000000000101010010000001000000000
   18512 00000000000000000000000000000000000000001010101000000010000000000000000000000000000000000000000000000000000000011010101000000010
   18528 00000000000000000000000000000000000000000000000010100110000000100000000000000000000000000000000000000000000000001010101100000010
   18544 00000000000000000000000000000000000000000000000000000010101010000000001000000000000000000000000000000000000000000000000010101011
   18560 00000010000000000000000000000000000000000000000000000000101011000000001000000000000000000000000000000000000000000000000000000100
   18576 01001101000000100000000000000000000000000000000000000000000000000100110100000010000000000000000000000000000000000000000000000000
   18592 10101101000000100000000000000000000000000000000000000000000000000000000101000100000000000000000000000000000000000000000000000000
   18608 00000000101011010000001000000000000000000000000000000000000000000000000010101110000000100000000000000000000000000000000000000000
   18624 00000000000000110100010000000000000000000000000000000000000000000000000000000000010011010000001000000000000000000000000000000000
   18640 00000000000000001010111100000010000000000000000000000000000000000000000000000000000001001010111100000010000000000000000000000000
   18656 00000000000000000000000010101111000000100000000000000000000000000000000000000000000000001011000000000010000000000000000000000000
   18672 00000000000000000000000000000001101100000000001000000000000000000000000000000000000000000000000010101100000000100000000000000000
   18688 00000000000000000000000000000000101100010000001000000000000000000000000000000000000000000000000000000010101011100000001000000000
   18704 00000000000000000000000000000000000000001011000100000010000000000000000000000000000000000000000000000000101100100000001000000000
   18720 00000000000000000000000000000000000000000000010001001110000000100000000000000000000000000000000000000000000000000100111000000010
   18736 00000000000000000000000000000000000000000000000010110011000000100000000000000000000000000000000000000000000000000000000101000101
   18752 00000000000000000000000000000000000000000000000000000000101100110000001000000000000000000000000000000000000000000000000010110100
   18768 00000010000000000000000000000000000000000000000000000000000000110100010100000000000000000000000000000000000000000000000000000000
   18784 01001110000000100000000000000000000000000000000000000000000000001011010100000010000000000000000000000000000000000000000000000000
   18800 00000100101101010000001000000000000000000000000000000000000000000000000010110101000000100000000000000000000000000000000000000000
   18816 00000000101101100000001000000000000000000000000000000000000000000000000000000001101101100000001000000000000000000000000000000000
   18832 00000000000000001011001000000010000000000000000000000000000000000000000000000000101101110000001000000000000000000000000000000000
   18848 00000000000000000000001010110100000000100000000000000000000000000000000000000000000000001011011100000010000000000000000000000000
   18864 00000000000000000000000010111000000000100000000000000000000000000000000000000000000000000000010001001111000000100000000000000000
   18880 00000000000000000000000000000000010011110000001000000000000000000000000000000000000000000000000010111001000000100000000000000000
   18896 00000000000000000000000000000000000000010100011000000000000000000000000000000000000000000000000000000000101110010000001000000000
   18912 00000000000000000000000000000000000000001011101000000010000000000000000000000000000000000000000000000000000000110100011000000000
   18928 00000000000000000000000000000000000000000000000001001111000000100000000000000000000000000000000000000000000000001011101100000010
   18944 00000000000000000000000000000000000000000000000000000100101110110000001000000000000000000000000000000000000000000000000010111011
   18960 00000010000000000000000000000000000000000000000000000000101111000000001000000000000000000000000000000000000000000000000000000001
   18976 10111100000000100000000000000000000000000000000000000000000000001011100000000010000000000000000000000000000000000000000000000000
   18992 10111101000000100000000000000000000000000000000000000000000000000000001010111010000000100000000000000000000000000000000000000000
   19008 00000000101111010000001000000000000000000000000000000000000000000000000010111110000000100000000000000000000000000000000000000000
   19024 00000000000001000101000000000010000000000000000000000000000000000000000000000000010100000000001000000000000000000000000000000000
   19040 00000000000000001011111100000010000000000000000000000000000000000000000000000000000000010100011100000000000000000000000000000000
   19056 00000000000000000000000010111111000000100000000000000000000000000000000000000000000000001100000000000010000000000000000000000000
   19072 00000000000000000000000000000011010001110000000000000000000000000000000000000000000000000000000001010000000000100000000000000000
   19088 00000000000000000000000000000000110000010000001000000000000000000000000000000000000000000000000000000100110000010000001000000000
   19104 00000000000000000000000000000000000000001100000100000010000000000000000000000000000000000000000000000000110000100000001000000000
   19120 00000000000000000000000000000000000000000000000111000010000000100000000000000000000000000000000000000000000000001011111000000010
   19136 00000000000000000000000000000000000000000000000011000011000000100000000000000000000000000000000000000000000000000000001011000000
   19152 00000010000000000000000000000000000000000000000000000000110000110000001000000000000000000000000000000000000000000000000011000100
   19168 00000010000000000000000000000000000000000000000000000000000001001100010000000010000000000000000000000000000000000000000000000000
   19184 11000100000000100000000000000000000000000000000000000000000000001100010100000010000000000000000000000000000000000000000000000000
   19200 00000001101000000000000000000000000000000000000000000000000000000000000011000101000000100000000000000000000000000000000000000000
   19216 00000000101000000000000000000000000000000000000000000000000000000000000000000001101000010000000000000000000000000000000000000000
   19232 00000000000000001100010100000010000000000000000000000000000000000000000000000000101000010000000000000000000000000000000000000000
   19248 00000000000000000000000110100010000000000000000000000000000000000000000000000000000000001100010100000010000000000000000000000000
   19264 00000000000000000000000010100010000000000000000000000000000000000000000000000000000000000000000110100011000000000000000000000000
   19280 00000000000000000000000000000000110001010000001000000000000000000000000000000000000000000000000010100011000000000000000000000000
   19296 00000000000000000000000000000000000000011010010000000000000000000000000000000000000000000000000000000000110001010000001000000000
   19312 00000000000000000000000000000000000000001010010000000000000000000000000000000000000000000000000000000000000000011010010100000000
   19328 00000000000000000000000000000000000000000000000011000101000000100000000000000000000000000000000000000000000000001010010100000000
   19344 00000000000000000000000000000000000000000000000000000001101001100000000000000000000000000000000000000000000000000000000011000101
   19360 00000010000000000000000000000000000000000000000000000000101001100000000000000000000000000000000000000000000000000000000000000001
   19376 10100111000000000000000000000000000000000000000000000000000000001100010100000010000000000000000000000000000000000000000000000000
   19392 10100111000000000000000000000000000000000000000000000000000000000000000110101000000000000000000000000000000000000000000000000000
   19408 00000000110001010000001000000000000000000000000000000000000000000000000010101000000000000000000000000000000000000000000000000000
   19424 00000000000000011010100100000000000000000000000000000000000000000000000000000000110001010000001000000000000000000000000000000000
   19440 00000000000000001010100100000000000000000000000000000000000000000000000000000000000000011010101000000000000000000000000000000000
   19456 00000000000000000000000011000101000000100000000000000000000000000000000000000000000000001010101000000000000000000000000000000000
   19472 00000000000000000000000000000001101010110000000000000000000000000000000000000000000000000000000011000101000000100000000000000000
   19488 00000000000000000000000000000000101010110000000000000000000000000000000000000000000000000000000000000001101011000000000000000000
   19504 00000000000000000000000000000000000000001100010100000010000000000000000000000000000000000000000000000000101011000000000000000000
   19520 00000000000000000000000000000000000000000000000110101101000000000000000000000000000000000000000000000000000000001100010100000010
   19536 00000000000000000000000000000000000000000000000010101101000000000000000000000000000000000000000000000000000000000000000110101110
   19552 00000000000000000000000000000000000000000000000000000000110001010000001000000000000000000000000000000000000000000000000010101110
   19568 00000000000000000000000000000000000000000000000000000000000000011010111100000000000000000000000000000000000000000000000000000000
   19584 11000101000000100000000000000000000000000000000000000000000000001010111100000000000000000000000000000000000000000000000000000000
   19600 00000100100100000000000000000000000000000000000000000000000000000000000010010000000000000000000000000000000000000000000000000000
   19616 00000000110001100000001000000000000000000000000000000000000000000000000000000001101000000000000000000000000000000000000000000000
   19632 00000000000000001100011000000010000000000000000000000000000000000000000000000000110001110000001000000000000000000000000000000000
   19648 00000000000000000000001110010000000000000000000000000000000000000000000000000000000000001010000000000000000000000000000000000000
   19664 00000000000000000000000011001000000000100000000000000000000000000000000000000000000000000000010011001000000000100000000000000000
   19680 00000000000000000000000000000000110010000000001000000000000000000000000000000000000000000000000011001001000000100000000000000000
   19696 00000000000000000000000000000000000001001001000100000000000000000000000000000000000000000000000000000000100100010000000000000000
   19712 00000000000000000000000000000000000000001100101000000010000000000000000000000000000000000000000000000000000000011010000100000000
   19728 00000000000000000000000000000000000000000000000011001010000000100000000000000000000000000000000000000000000000001100101100000010
   19744 00000000000000000000000000000000000000000000000000000011100100010000000000000000000000000000000000000000000000000000000010100001
   19760 00000000000000000000000000000000000000000000000000000000110011000000001000000000000000000000000000000000000000000000000000000100
   19776 11001100000000100000000000000000000000000000000000000000000000001100110000000010000000000000000000000000000000000000000000000000
   19792 11001101000000100000000000000000000000000000000000000000000000000000010010010010000000000000000000000000000000000000000000000000
   19808 00000000100100100000000000000000000000000000000000000000000000000000000011001110000000100000000000000000000000000000000000000000
   19824 00000000000000011010001000000000000000000000000000000000000000000000000000000000110011100000001000000000000000000000000000000000
   19840 00000000000000001100111100000010000000000000000000000000000000000000000000000000000000111001001000000000000000000000000000000000
   19856 00000000000000000000000010100010000000000000000000000000000000000000000000000000000000001101000000000010000000000000000000000000
   19872 00000000000000000000000000000100110100000000001000000000000000000000000000000000000000000000000011010000000000100000000000000000
   19888 00000000000000000000000000000000110100010000001000000000000000000000000000000000000000000000000000000100100100110000000000000000
   19904 00000000000000000000000000000000000000001001001100000000000000000000000000000000000000000000000000000000110100100000001000000000
   19920 00000000000000000000000000000000000000000000000110100011000000000000000000000000000000000000000000000000000000001101001000000010
   19936 00000000000000000000000000000000000000000000000011010011000000100000000000000000000000000000000000000000000000000000001110010011
   19952 00000000000000000000000000000000000000000000000000000000101000110000000000000000000000000000000000000000000000000000000011010100
   19968 00000010000000000000000000000000000000000000000000000000000001001101010000000010000000000000000000000000000000000000000000000000
   19984 11010100000000100000000000000000000000000000000000000000000000001101010100000010000000000000000000000000000000000000000000000000
   20000 00000100100101000000000000000000000000000000000000000000000000000000000010010100000000000000000000000000000000000000000000000000
   20016 00000000110101100000001000000000000000000000000000000000000000000000000000000001101001000000000000000000000000000000000000000000
   20032 00000000000000001101011000000010000000000000000000000000000000000000000000000000110101110000001000000000000000000000000000000000
   20048 00000000000000000000001110010100000000000000000000000000000000000000000000000000000000001010010000000000000000000000000000000000
   20064 00000000000000000000000011011000000000100000000000000000000000000000000000000000000000000000010011011000000000100000000000000000
   20080 00000000000000000000000000000000110110000000001000000000000000000000000000000000000000000000000011011001000000100000000000000000
   20096 00000000000000000000000000000000000001001001010100000000000000000000000000000000000000000000000000000000100101010000000000000000
   20112 00000000000000000000000000000000000000001101101000000010000000000000000000000000000000000000000000000000000000011010010100000000
   20128 00000000000000000000000000000000000000000000000011011010000000100000000000000000000000000000000000000000000000001101101100000010
   20144 00000000000000000000000000000000000000000000000000000011100101010000000000000000000000000000000000000000000000000000000010100101
   20160 00000000000000000000000000000000000000000000000000000000110111000000001000000000000000000000000000000000000000000000000000000100
   20176 11011100000000100000000000000000000000000000000000000000000000001101110000000010000000000000000000000000000000000000000000000000
   20192 11011101000000100000000000000000000000000000000000000000000000000000010010010110000000000000000000000000000000000000000000000000
   20208 00000000100101100000000000000000000000000000000000000000000000000000000011011110000000100000000000000000000000000000000000000000
   20224 00000000000000011010011000000000000000000000000000000000000000000000000000000000110111100000001000000000000000000000000000000000
   20240 00000000000000001101111100000010000000000000000000000000000000000000000000000000000000111001011000000000000000000000000000000000
   20256 00000000000000000000000010100110000000000000000000000000000000000000000000000000000000001110000000000010000000000000000000000000
   20272 00000000000000000000000000000100111000000000001000000000000000000000000000000000000000000000000011100000000000100000000000000000
   20288 00000000000000000000000000000000111000010000001000000000000000000000000000000000000000000000000000000100100101110000000000000000
   20304 00000000000000000000000000000000000000001001011100000000000000000000000000000000000000000000000000000000111000100000001000000000
   20320 00000000000000000000000000000000000000000000000110100111000000000000000000000000000000000000000000000000000000001110001000000010
   20336 00000000000000000000000000000000000000000000000011100011000000100000000000000000000000000000000000000000000000000000001110010111
   20352 00000000000000000000000000000000000000000000000000000000101001110000000000000000000000000000000000000000000000000000000011100100
   20368 00000010000000000000000000000000000000000000000000000000000001001110010000000010000000000000000000000000000000000000000000000000
   20384 11100100000000100000000000000000000000000000000000000000000000001110010100000010000000000000000000000000000000000000000000000000
   20400 00000100100110000000000000000000000000000000000000000000000000000000000010011000000000000000000000000000000000000000000000000000
   20416 00000000111001100000001000000000000000000000000000000000000000000000000000000001101010000000000000000000000000000000000000000000
   20432 00000000000000001110011000000010000000000000000000000000000000000000000000000000111001110000001000000000000000000000000000000000
   20448 00000000000000000000001110011000000000000000000000000000000000000000000000000000000000001010100000000000000000000000000000000000
   20464 00000000000000000000000011101000000000100000000000000000000000000000000000000000000000000000010011101000000000100000000000000000
   20480 00000000000000000000000000000000111010000000001000000000000000000000000000000000000000000000000011101001000000100000000000000000
   20496 00000000000000000000000000000000000001001001100100000000000000000000000000000000000000000000000000000000100110010000000000000000
   20512 00000000000000000000000000000000000000001110101000000010000000000000000000000000000000000000000000000000000000011010100100000000
   20528 00000000000000000000000000000000000000000000000011101010000000100000000000000000000000000000000000000000000000001110101100000010
   20544 00000000000000000000000000000000000000000000000000000011100110010000000000000000000000000000000000000000000000000000000010101001
   20560 00000000000000000000000000000000000000000000000000000000111011000000001000000000000000000000000000000000000000000000000000000100
   20576 11101100000000100000000000000000000000000000000000000000000000001110110000000010000000000000000000000000000000000000000000000000
   20592 11101101000000100000000000000000000000000000000000000000000000000000010010011010000000000000000000000000000000000000000000000000
   20608 00000000100110100000000000000000000000000000000000000000000000000000000011101110000000100000000000000000000000000000000000000000
   20624 00000000000000011010101000000000000000000000000000000000000000000000000000000000111011100000001000000000000000000000000000000000
   20640 00000000000000001110111100000010000000000000000000000000000000000000000000000000000000111001101000000000000000000000000000000000
   20656 00000000000000000000000010101010000000000000000000000000000000000000000000000000000000001111000000000010000000000000000000000000
   20672 00000000000000000000000000000100111100000000001000000000000000000000000000000000000000000000000011110000000000100000000000000000
   20688 00000000000000000000000000000000111100010000001000000000000000000000000000000000000000000000000000000100100110110000000000000000
   20704 00000000000000000000000000000000000000001001101100000000000000000000000000000000000000000000000000000000111100100000001000000000
   20720 00000000000000000000000000000000000000000000000110101011000000000000000000000000000000000000000000000000000000001111001000000010
   20736 00000000000000000000000000000000000000000000000011110011000000100000000000000000000000000000000000000000000000000000001110011011
   20752 00000000000000000000000000000000000000000000000000000000101010110000000000000000000000000000000000000000000000000000000011110100
   20768 00000010000000000000000000000000000000000000000000000000000001001111010000000010000000000000000000000000000000000000000000000000
   20784 11110100000000100000000000000000000000000000000000000000000000001111010100000010000000000000000000000000000000000000000000000000
   20800 00000100100111000000000000000000000000000000000000000000000000000000000010011100000000000000000000000000000000000000000000000000
   20816 00000000111101100000001000000000000000000000000000000000000000000000000000000001101011000000000000000000000000000000000000000000
   20832 00000000000000001111011000000010000000000000000000000000000000000000000000000000111101110000001000000000000000000000000000000000
   20848 00000000000000000000001110011100000000000000000000000000000000000000000000000000000000001010110000000000000000000000000000000000
   20864 00000000000000000000000011111000000000100000000000000000000000000000000000000000000000000000010011111000000000100000000000000000
   20880 00000000000000000000000000000000111110000000001000000000000000000000000000000000000000000000000011111001000000100000000000000000
   20896 00000000000000000000000000000000000001001001110100000000000000000000000000000000000000000000000000000000100111010000000000000000
   20912 00000000000000000000000000000000000000001111101000000010000000000000000000000000000000000000000000000000000000011010110100000000
   20928 00000000000000000000000000000000000000000000000011111010000000100000000000000000000000000000000000000000000000001111101100000010
   20944 00000000000000000000000000000000000000000000000000000011100111010000000000000000000000000000000000000000000000000000000010101101
   20960 00000000000000000000000000000000000000000000000000000000111111000000001000000000000000000000000000000000000000000000000000000100
   20976 11111100000000100000000000000000000000000000000000000000000000001111110000000010000000000000000000000000000000000000000000000000
   20992 11111101000000100000000000000000000000000000000000000000000000000000010010011110000000000000000000000000000000000000000000000000
   21008 00000000100111100000000000000000000000000000000000000000000000000000000011111110000000100000000000000000000000000000000000000000
   21024 00000000000000011010111000000000000000000000000000000000000000000000000000000000111111100000001000000000000000000000000000000000
   21040 00000000000000001111111100000010000000000000000000000000000000000000000000000000000000111001111000000000000000000000000000000000
   21056 00000000000000000000000010101110000000000000000000000000000000000000000000000000000000000000000000000011000000000000000000000000
   21072 00000000000000000000000000000100000000000000001100000000000000000000000000000000000000000000000000000000000000110000000000000000
   21088 00000000000000000000000000000000000000010000001100000000000000000000000000000000000000000000000000000100100111110000000000000000
   21104 00000000000000000000000000000000000000001001111100000000000000000000000000000000000000000000000000000000000000100000001100000000
   21120 00000000000000000000000000000000000000000000000110101111000000000000000000000000000000000000000000000000000000000000001000000011
   21136 00000000000000000000000000000000000000000000000000000011000000110000000000000000000000000000000000000000000000000000001110011111
   21152 00000000000000000000000000000000000000000000000000000000101011110000000000000000000000000000000000000000000000000000000000000100
   21168 00000011000000000000000000000000000000000000000000000000000001000000010000000011000000000000000000000000000000000000000000000000
   21184 00000100000000110000000000000000000000000000000000000000000000000000010100000011000000000000000000000000000000000000000000000000
   21200 00000001110011010000001000000000000000000000000000000000000000000000000011000111000000100000000000000000000000000000000000000000
   21216 00000000000001100000001100000000000000000000000000000000000000000000000000000010110010110000001000000000000000000000000000000000
   21232 00000000000000000000011000000011000000000000000000000000000000000000000000000000000001110000001100000000000000000000000000000000
   21248 00000000000000000000000111001101000000100000000000000000000000000000000000000000000000001100100100000010000000000000000000000000
   21264 00000000000000000000000000001000000000110000000000000000000000000000000000000000000000000000000111010001000000100000000000000000
   21280 00000000000000000000000000000000110010110000001000000000000000000000000000000000000000000000000000001001000000110000000000000000
   21296 00000000000000000000000000000000000000101100111100000010000000000000000000000000000000000000000000000000000010010000001100000000
   21312 00000000000000000000000000000000000000000000101000000011000000000000000000000000000000000000000000000000000000011101000100000010
   21328 00000000000000000000000000000000000000000000000011001101000000100000000000000000000000000000000000000000000000000000101100000011
   21344 00000000000000000000000000000000000000000000000000000001110101010000001000000000000000000000000000000000000000000000000011001111
   21360 00000010000000000000000000000000000000000000000000000000000011000000001100000000000000000000000000000000000000000000000000000010
   21376 11010011000000100000000000000000000000000000000000000000000000000000110000000011000000000000000000000000000000000000000000000000
   21392 00001101000000110000000000000000000000000000000000000000000000000000000111010101000000100000000000000000000000000000000000000000
   21408 00000000110100010000001000000000000000000000000000000000000000000000000000001110000000110000000000000000000000000000000000000000
   21424 00000000000000011101100100000010000000000000000000000000000000000000000000000000110100110000001000000000000000000000000000000000
   21440 00000000000000000000111100000011000000000000000000000000000000000000000000000000000000101101011100000010000000000000000000000000
   21456 00000000000000000000000000001111000000110000000000000000000000000000000000000000000000000001000000000011000000000000000000000000
   21472 00000000000000000000000000000001110110010000001000000000000000000000000000000000000000000000000011010101000000100000000000000000
   21488 00000000000000000000000000000000000100010000001100000000000000000000000000000000000000000000000000000001110111010000001000000000
   21504 00000000000000000000000000000000000000001101011100000010000000000000000000000000000000000000000000000000000100100000001100000000
   21520 00000000000000000000000000000000000000000000001011011011000000100000000000000000000000000000000000000000000000000001001000000011
   21536 00000000000000000000000000000000000000000000000000010011000000110000000000000000000000000000000000000000000000000000000111011101
   21552 00000010000000000000000000000000000000000000000000000000110110010000001000000000000000000000000000000000000000000000000000010100
   21568 00000011000000000000000000000000000000000000000000000000000000011110000100000010000000000000000000000000000000000000000000000000
   21584 11011011000000100000000000000000000000000000000000000000000000000001010100000011000000000000000000000000000000000000000000000000
   21600 00000010110111110000001000000000000000000000000000000000000000000000000000010101000000110000000000000000000000000000000000000000
   21616 00000000000101100000001100000000000000000000000000000000000000000000000000000001111000010000001000000000000000000000000000000000
   21632 00000000000000001101110100000010000000000000000000000000000000000000000000000000000101110000001100000000000000000000000000000000
   21648 00000000000000000000000111100101000000100000000000000000000000000000000000000000000000001101111100000010000000000000000000000000
   21664 00000000000000000000000000011000000000110000000000000000000000000000000000000000000000000000001011100011000000100000000000000000
   21680 00000000000000000000000000000000000110000000001100000000000000000000000000000000000000000000000000011001000000110000000000000000
   21696 00000000000000000000000000000000000000011110010100000010000000000000000000000000000000000000000000000000111000010000001000000000
   21712 00000000000000000000000000000000000000000001101000000011000000000000000000000000000000000000000000000000000000011110100100000010
   21728 00000000000000000000000000000000000000000000000011100011000000100000000000000000000000000000000000000000000000000001101100000011
   21744 00000000000000000000000000000000000000000000000000000010111001110000001000000000000000000000000000000000000000000000000000011011
   21760 00000011000000000000000000000000000000000000000000000000000111000000001100000000000000000000000000000000000000000000000000000001
   21776 11101001000000100000000000000000000000000000000000000000000000001110010100000010000000000000000000000000000000000000000000000000
   21792 00011101000000110000000000000000000000000000000000000000000000000000000111101101000000100000000000000000000000000000000000000000
   21808 00000000111001110000001000000000000000000000000000000000000000000000000000011110000000110000000000000000000000000000000000000000
   21824 00000000000000101110101100000010000000000000000000000000000000000000000000000000000111100000001100000000000000000000000000000000
   21840 00000000000000000001111100000011000000000000000000000000000000000000000000000000000000011110110100000010000000000000000000000000
   21856 00000000000000000000000011101001000000100000000000000000000000000000000000000000000000000010000000000011000000000000000000000000
   21872 00000000000000000000000000000001111100010000001000000000000000000000000000000000000000000000000011101011000000100000000000000000
   21888 00000000000000000000000000000000001000010000001100000000000000000000000000000000000000000000000000000010111011110000001000000000
   21904 00000000000000000000000000000000000000000010000100000011000000000000000000000000000000000000000000000000001000100000001100000000
   21920 00000000000000000000000000000000000000000000000111110001000000100000000000000000000000000000000000000000000000001110110100000010
   21936 00000000000000000000000000000000000000000000000000100011000000110000000000000000000000000000000000000000000000000000000111110101
   21952 00000010000000000000000000000000000000000000000000000000111011110000001000000000000000000000000000000000000000000000000000100100
   21968 00000011000000000000000000000000000000000000000000000000000000101111001100000010000000000000000000000000000000000000000000000000
   21984 00100100000000110000000000000000000000000000000000000000000000000010010100000011000000000000000000000000000000000000000000000000
   22000 00000001111101010000001000000000000000000000000000000000000000000000000011110001000000100000000000000000000000000000000000000000
   22016 00000000001001100000001100000000000000000000000000000000000000000000000000000001111110010000001000000000000000000000000000000000
   22032 00000000000000001111001100000010000000000000000000000000000000000000000000000000001001110000001100000000000000000000000000000000
   22048 00000000000000000000001011110111000000100000000000000000000000000000000000000000000000000010011100000011000000000000000000000000
   22064 00000000000000000000000000101000000000110000000000000000000000000000000000000000000000000000000111111001000000100000000000000000
   22080 00000000000000000000000000000000111101010000001000000000000000000000000000000000000000000000000000101001000000110000000000000000
   22096 00000000000000000000000000000000000000011111110100000010000000000000000000000000000000000000000000000000111101110000001000000000
   22112 00000000000000000000000000000000000000000010101000000011000000000000000000000000000000000000000000000000000000101111101100000010
   22128 00000000000000000000000000000000000000000000000000101010000000110000000000000000000000000000000000000000000000000010101100000011
   22144 00000000000000000000000000000000000000000000000000000001111111010000001000000000000000000000000000000000000000000000000011111001
   22160 00000010000000000000000000000000000000000000000000000000001011000000001100000000000000000000000000000000000000000000000000000001
   22176 00000001000000110000000000000000000000000000000000000000000000001111101100000010000000000000000000000000000000000000000000000000
   22192 00101101000000110000000000000000000000000000000000000000000000000000001011111111000000100000000000000000000000000000000000000000
   22208 00000000001011010000001100000000000000000000000000000000000000000000000000101110000000110000000000000000000000000000000000000000
   22224 00000000000000010000000100000011000000000000000000000000000000000000000000000000111111010000001000000000000000000000000000000000
   22240 00000000000000000010111100000011000000000000000000000000000000000000000000000000000000010000010100000011000000000000000000000000
   22256 00000000000000000000000011111111000000100000000000000000000000000000000000000000000000000011000000000011000000000000000000000000
   22272 00000000000000000000000000000010000000110000001100000000000000000000000000000000000000000000000000110000000000110000000000000000
   22288 00000000000000000000000000000000001100010000001100000000000000000000000000000000000000000000000000000001000001010000001100000000
   22304 00000000000000000000000000000000000000000000000100000011000000000000000000000000000000000000000000000000001100100000001100000000
   22320 00000000000000000000000000000000000000000000000100001011000000110000000000000000000000000000000000000000000000001100011100000010
   22336 00000000000000000000000000000000000000000000000000110011000000110000000000000000000000000000000000000000000000000000001000001010
   22352 00000011000000000000000000000000000000000000000000000000001100110000001100000000000000000000000000000000000000000000000000110100
   22368 00000011000000000000000000000000000000000000000000000000000000010000101100000011000000000000000000000000000000000000000000000000
   22384 11001001000000100000000000000000000000000000000000000000000000000011010100000011000000000000000000000000000000000000000000000000
   22400 00000001000011100000001100000000000000000000000000000000000000000000000000000111000000110000000000000000000000000000000000000000
   22416 00000000001101100000001100000000000000000000000000000000000000000000000000000010000011010000001100000000000000000000000000000000
   22432 00000000000000000011011000000011000000000000000000000000000000000000000000000000001101110000001100000000000000000000000000000000
   22448 00000000000000000000000100001110000000110000000000000000000000000000000000000000000000000000100000000011000000000000000000000000
   22464 00000000000000000000000000111000000000110000000000000000000000000000000000000000000000000000000100010001000000110000000000000000
   22480 00000000000000000000000000000000000010100000001100000000000000000000000000000000000000000000000000111001000000110000000000000000
   22496 00000000000000000000000000000000000000100001000000000011000000000000000000000000000000000000000000000000001110010000001100000000
   22512 00000000000000000000000000000000000000000011101000000011000000000000000000000000000000000000000000000000000000010001000100000011
   22528 00000000000000000000000000000000000000000000000000001011000000110000000000000000000000000000000000000000000000000011101100000011
   22544 00000000000000000000000000000000000000000000000000000001000101000000001100000000000000000000000000000000000000000000000000001101
   22560 00000011000000000000000000000000000000000000000000000000001111000000001100000000000000000000000000000000000000000000000000000010
   22576 00010011000000110000000000000000000000000000000000000000000000000011110000000011000000000000000000000000000000000000000000000000
   22592 00111101000000110000000000000000000000000000000000000000000000000000000100010100000000110000000000000000000000000000000000000000
   22608 00000000000011100000001100000000000000000000000000000000000000000000000000111110000000110000000000000000000000000000000000000000
   22624 00000000000000010001011100000011000000000000000000000000000000000000000000000000000100000000001100000000000000000000000000000000
   22640 00000000000000000011111100000011000000000000000000000000000000000000000000000000000000100001011000000011000000000000000000000000
   22656 00000000000000000000000000111111000000110000000000000000000000000000000000000000000000000100000000000011000000000000000000000000
   22672 00000000000000000000000000000001000101110000001100000000000000000000000000000000000000000000000000010001000000110000000000000000
   22688 00000000000000000000000000000000010000010000001100000000000000000000000000000000000000000000000000000001000110100000001100000000
   22704 00000000000000000000000000000000000000000001001100000011000000000000000000000000000000000000000000000000010000100000001100000000
   22720 00000000000000000000000000000000000000000000001000011001000000110000000000000000000000000000000000000000000000000100001000000011
   22736 00000000000000000000000000000000000000000000000001000011000000110000000000000000000000000000000000000000000000000000000100011010
   22752 00000011000000000000000000000000000000000000000000000000000101000000001100000000000000000000000000000000000000000000000001000100
   22768 00000011000000000000000000000000000000000000000000000000000000010001110100000011000000000000000000000000000000000000000000000000
   22784 00010110000000110000000000000000000000000000000000000000000000000100010100000011000000000000000000000000000000000000000000000000
   22800 00000010000111000000001100000000000000000000000000000000000000000000000001000101000000110000000000000000000000000000000000000000
   22816 00000000010001100000001100000000000000000000000000000000000000000000000000000001000111010000001100000000000000000000000000000000
   22832 00000000000000000001011100000011000000000000000000000000000000000000000000000000010001110000001100000000000000000000000000000000
   22848 00000000000000000000000100100000000000110000000000000000000000000000000000000000000000000001100100000011000000000000000000000000
   22864 00000000000000000000000001001000000000110000000000000000000000000000000000000000000000000000001000011111000000110000000000000000
   22880 00000000000000000000000000000000010010000000001100000000000000000000000000000000000000000000000001001001000000110000000000000000
   22896 00000000000000000000000000000000000000010010000000000011000000000000000000000000000000000000000000000000000110100000001100000000
   22912 00000000000000000000000000000000000000000100101000000011000000000000000000000000000000000000000000000000000000010010001100000011
   22928 00000000000000000000000000000000000000000000000000011100000000110000000000000000000000000000000000000000000000000100101100000011
   22944 00000000000000000000000000000000000000000000000000000010001000100000001100000000000000000000000000000000000000000000000001001011
   22960 00000011000000000000000000000000000000000000000000000000010011000000001100000000000000000000000000000000000000000000000000000001
   22976 00100011000000110000000000000000000000000000000000000000000000000001110100000011000000000000000000000000000000000000000000000000
   22992 01001101000000110000000000000000000000000000000000000000000000000000000100100110000000110000000000000000000000000000000000000000
   23008 00000000000111110000001100000000000000000000000000000000000000000000000001001110000000110000000000000000000000000000000000000000
   23024 00000000000000100010010100000011000000000000000000000000000000000000000000000000010011100000001100000000000000000000000000000000
   23040 00000000000000000100111100000011000000000000000000000000000000000000000000000000000000010010011000000011000000000000000000000000
   23056 00000000000000000000000000100000000000110000000000000000000000000000000000000000000000000101000000000011000000000000000000000000
   23072 00000000000000000000000000000001001010010000001100000000000000000000000000000000000000000000000000100010000000110000000000000000
   23088 00000000000000000000000000000000010100010000001100000000000000000000000000000000000000000000000000000010001010000000001100000000
   23104 00000000000000000000000000000000000000000101000100000011000000000000000000000000000000000000000000000000010100100000001100000000
   23120 00000000000000000000000000000000000000000000000100101001000000110000000000000000000000000000000000000000000000000010001100000011
   23136 00000000000000000000000000000000000000000000000001010011000000110000000000000000000000000000000000000000000000000000000100101100
   23152 00000011000000000000000000000000000000000000000000000000001001010000001100000000000000000000000000000000000000000000000001010100
   23168 00000011000000000000000000000000000000000000000000000000000000100010101100000011000000000000000000000000000000000000000000000000
   23184 01010100000000110000000000000000000000000000000000000000000000000101010100000011000000000000000000000000000000000000000000000000
   23200 00000001001011000000001100000000000000000000000000000000000000000000000000100110000000110000000000000000000000000000000000000000
   23216 00000000010101100000001100000000000000000000000000000000000000000000000000000001001011110000001100000000000000000000000000000000
   23232 00000000000000000010100000000011000000000000000000000000000000000000000000000000010101110000001100000000000000000000000000000000
   23248 00000000000000000000001000101110000000110000000000000000000000000000000000000000000000000101011100000011000000000000000000000000
   23264 00000000000000000000000001011000000000110000000000000000000000000000000000000000000000000000000100101111000000110000000000000000
   23280 00000000000000000000000000000000001010010000001100000000000000000000000000000000000000000000000001011001000000110000000000000000
   23296 00000000000000000000000000000000000000010011001000000011000000000000000000000000000000000000000000000000001010110000001100000000
   23312 00000000000000000000000000000000000000000101101000000011000000000000000000000000000000000000000000000000000000100011000100000011
   23328 00000000000000000000000000000000000000000000000001011010000000110000000000000000000000000000000000000000000000000101101100000011
   23344 00000000000000000000000000000000000000000000000000000001001100100000001100000000000000000000000000000000000000000000000000101100
   23360 00000011000000000000000000000000000000000000000000000000010111000000001100000000000000000000000000000000000000000000000000000001
   23376 00111011000000110000000000000000000000000000000000000000000000001100011100000010000000000000000000000000000000000000000000000000
   23392 01011101000000110000000000000000000000000000000000000000000000000000001000111010000000110000000000000000000000000000000000000000
   23408 00000000010111010000001100000000000000000000000000000000000000000000000001011110000000110000000000000000000000000000000000000000
   23424 00000000000000010011101100000011000000000000000000000000000000000000000000000000110010010000001000000000000000000000000000000000
   23440 00000000000000000101111100000011000000000000000000000000000000000000000000000000000000010011111000000011000000000000000000000000
   23456 00000000000000000000000000000111000000110000000000000000000000000000000000000000000000000110000000000011000000000000000000000000
   23472 00000000000000000000000000000010001111010000001100000000000000000000000000000000000000000000000001100000000000110000000000000000
   23488 00000000000000000000000000000000011000010000001100000000000000000000000000000000000000000000000000000001001111100000001100000000
   23504 00000000000000000000000000000000000000000000100000000011000000000000000000000000000000000000000000000000011000100000001100000000
   23520 00000000000000000000000000000000000000000000000101000001000000110000000000000000000000000000000000000000000000000011010000000011
   23536 00000000000000000000000000000000000000000000000001100011000000110000000000000000000000000000000000000000000000000000001001000000
   23552 00000011000000000000000000000000000000000000000000000000011000110000001100000000000000000000000000000000000000000000000001100100
   23568 00000011000000000000000000000000000000000000000000000000000000010100000100000011000000000000000000000000000000000000000000000000
   23584 00110101000000110000000000000000000000000000000000000000000000000110010100000011000000000000000000000000000000000000000000000000
   23600 00000001010001000000001100000000000000000000000000000000000000000000000000110111000000110000000000000000000000000000000000000000
   23616 00000000011001100000001100000000000000000000000000000000000000000000000000000010010000110000001100000000000000000000000000000000
   23632 00000000000000000110011000000011000000000000000000000000000000000000000000000000011001110000001100000000000000000000000000000000
   23648 00000000000000000000000101000100000000110000000000000000000000000000000000000000000000000011100000000011000000000000000000000000
   23664 00000000000000000000000001101000000000110000000000000000000000000000000000000000000000000000000101000111000000110000000000000000
   23680 00000000000000000000000000000000001110100000001100000000000000000000000000000000000000000000000001101001000000110000000000000000
   23696 00000000000000000000000000000000000000100100011000000011000000000000000000000000000000000000000000000000011010010000001100000000
   23712 00000000000000000000000000000000000000000110101000000011000000000000000000000000000000000000000000000000000000010100011100000011
   23728 00000000000000000000000000000000000000000000000000111011000000110000000000000000000000000000000000000000000000000110101100000011
   23744 00000000000000000000000000000000000000000000000000000001010010100000001100000000000000000000000000000000000000000000000000111101
   23760 00000011000000000000000000000000000000000000000000000000011011000000001100000000000000000000000000000000000000000000000000000010
   23776 01001001000000110000000000000000000000000000000000000000000000000110110000000011000000000000000000000000000000000000000000000000
   23792 01101101000000110000000000000000000000000000000000000000000000000000000101001010000000110000000000000000000000000000000000000000
   23808 00000000001111100000001100000000000000000000000000000000000000000000000001101110000000110000000000000000000000000000000000000000
   23824 00000000000000010100110100000011000000000000000000000000000000000000000000000000010000000000001100000000000000000000000000000000
   23840 00000000000000000110111100000011000000000000000000000000000000000000000000000000000000100100110000000011000000000000000000000000
   23856 00000000000000000000000001101111000000110000000000000000000000000000000000000000000000000111000000000011000000000000000000000000
   23872 00000000000000000000000000000001010011010000001100000000000000000000000000000000000000000000000001000001000000110000000000000000
   23888 00000000000000000000000000000000011100010000001100000000000000000000000000000000000000000000000000000001010100000000001100000000
   23904 00000000000000000000000000000000000000000100001100000011000000000000000000000000000000000000000000000000011100100000001100000000
   23920 00000000000000000000000000000000000000000000001001001111000000110000000000000000000000000000000000000000000000000111001000000011
   23936 00000000000000000000000000000000000000000000000001110011000000110000000000000000000000000000000000000000000000000000000101010000
   23952 00000011000000000000000000000000000000000000000000000000010001000000001100000000000000000000000000000000000000000000000001110100
   23968 00000011000000000000000000000000000000000000000000000000000000010101001100000011000000000000000000000000000000000000000000000000
   23984 01000110000000110000000000000000000000000000000000000000000000000111010100000011000000000000000000000000000000000000000000000000
   24000 00000010010100100000001100000000000000000000000000000000000000000000000001110101000000110000000000000000000000000000000000000000
   24016 00000000011101100000001100000000000000000000000000000000000000000000000000000001010100110000001100000000000000000000000000000000
   24032 00000000000000000100011100000011000000000000000000000000000000000000000000000000011101110000001100000000000000000000000000000000
   24048 00000000000000000000000101010110000000110000000000000000000000000000000000000000000000000100100100000011000000000000000000000000
   24064 00000000000000000000000001111000000000110000000000000000000000000000000000000000000000000000001001010101000000110000000000000000
   24080 00000000000000000000000000000000011110000000001100000000000000000000000000000000000000000000000001111001000000110000000000000000
   24096 00000000000000000000000000000000000000010101011000000011000000000000000000000000000000000000000000000000010010100000001100000000
   24112 00000000000000000000000000000000000000000111101000000011000000000000000000000000000000000000000000000000000000010101100100000011
   24128 00000000000000000000000000000000000000000000000001001100000000110000000000000000000000000000000000000000000000000111101100000011
   24144 00000000000000000000000000000000000000000000000000000010010110000000001100000000000000000000000000000000000000000000000001111011
   24160 00000011000000000000000000000000000000000000000000000000011111000000001100000000000000000000000000000000000000000000000000000001
   24176 01011001000000110000000000000000000000000000000000000000000000000100110100000011000000000000000000000000000000000000000000000000
   24192 01111101000000110000000000000000000000000000000000000000000000000000000101011100000000110000000000000000000000000000000000000000
   24208 00000000010011110000001100000000000000000000000000000000000000000000000001111110000000110000000000000000000000000000000000000000
   24224 00000000000000100101101100000011000000000000000000000000000000000000000000000000011111100000001100000000000000000000000000000000
   24240 00000000000000000111111100000011000000000000000000000000000000000000000000000000000000010101110000000011000000000000000000000000
   24256 00000000000000000000000001010000000000110000000000000000000000000000000000000000000000001000000000000011000000000000000000000000
   24272 00000000000000000000000000000001011010110000001100000000000000000000000000000000000000000000000011000111000000100000000000000000
   24288 00000000000000000000000000000000100000010000001100000000000000000000000000000000000000000000000000000010011010100000001100000000
   24304 00000000000000000000000000000000000000001000000100000011000000000000000000000000000000000000000000000000100000100000001100000000
   24320 00000000000000000000000000000000000000000000000101101011000000110000000000000000000000000000000000000000000000001100100100000010
   24336 00000000000000000000000000000000000000000000000010000011000000110000000000000000000000000000000000000000000000000000000101101110
   24352 00000011000000000000000000000000000000000000000000000000000001110000001100000000000000000000000000000000000000000000000010000100
   24368 00000011000000000000000000000000000000000000000000000000000000100110110100000011000000000000000000000000000000000000000000000000
   24384 10000100000000110000000000000000000000000000000000000000000000001000010100000011000000000000000000000000000000000000000000000000
   24400 00000001011011100000001100000000000000000000000000000000000000000000000000001000000000110000000000000000000000000000000000000000
   24416 00000000100001100000001100000000000000000000000000000000000000000000000000000001011100010000001100000000000000000000000000000000
   24432 00000000000000000011010000000011000000000000000000000000000000000000000000000000100001110000001100000000000000000000000000000000
   24448 00000000000000000000001001110000000000110000000000000000000000000000000000000000000000001000011100000011000000000000000000000000
   24464 00000000000000000000000010001000000000110000000000000000000000000000000000000000000000000000000101110001000000110000000000000000
   24480 00000000000000000000000000000000001101010000001100000000000000000000000000000000000000000000000010001001000000110000000000000000
   24496 00000000000000000000000000000000000000010111010000000011000000000000000000000000000000000000000000000000001101110000001100000000
   24512 00000000000000000000000000000000000000001000101000000011000000000000000000000000000000000000000000000000000000100111001100000011
   24528 00000000000000000000000000000000000000000000000010001010000000110000000000000000000000000000000000000000000000001000101100000011
   24544 00000000000000000000000000000000000000000000000000000001011101000000001100000000000000000000000000000000000000000000000000111000
   24560 00000011000000000000000000000000000000000000000000000000100011000000001100000000000000000000000000000000000000000000000000000001
   24576 01110111000000110000000000000000000000000000000000000000000000000101111000000011000000000000000000000000000000000000000000000000
   24592 10001101000000110000000000000000000000000000000000000000000000000000001001110110000000110000000000000000000000000000000000000000
   24608 00000000100011010000001100000000000000000000000000000000000000000000000010001110000000110000000000000000000000000000000000000000
   24624 00000000000000010111011100000011000000000000000000000000000000000000000000000000010111110000001100000000000000000000000000000000
   24640 00000000000000001000111100000011000000000000000000000000000000000000000000000000000000010111101000000011000000000000000000000000
   24656 00000000000000000000000001100001000000110000000000000000000000000000000000000000000000001001000000000011000000000000000000000000
   24672 00000000000000000000000000000010011110010000001100000000000000000000000000000000000000000000000010010000000000110000000000000000
   24688 00000000000000000000000000000000100100010000001100000000000000000000000000000000000000000000000000000001011110100000001100000000
   24704 00000000000000000000000000000000000000000110001000000011000000000000000000000000000000000000000000000000100100100000001100000000
   24720 00000000000000000000000000000000000000000000000101111101000000110000000000000000000000000000000000000000000000000110010000000011
   24736 00000000000000000000000000000000000000000000000010010011000000110000000000000000000000000000000000000000000000000000001001111100
   24752 00000011000000000000000000000000000000000000000000000000100100110000001100000000000000000000000000000000000000000000000010010100
   24768 00000011000000000000000000000000000000000000000000000000000000010111110100000011000000000000000000000000000000000000000000000000
   24784 01100101000000110000000000000000000000000000000000000000000000001001010100000011000000000000000000000000000000000000000000000000
   24800 00000001100000000000001100000000000000000000000000000000000000000000000001100111000000110000000000000000000000000000000000000000
   24816 00000000100101100000001100000000000000000000000000000000000000000000000000000010011111110000001100000000000000000000000000000000
   24832 00000000000000001001011000000011000000000000000000000000000000000000000000000000100101110000001100000000000000000000000000000000
   24848 00000000000000000000000110000000000000110000000000000000000000000000000000000000000000000110100000000011000000000000000000000000
   24864 00000000000000000000000010011000000000110000000000000000000000000000000000000000000000000000001010010111000000110000000000000000
   24880 00000000000000000000000000000000100101110000001100000000000000000000000000000000000000000000000011000000000000000000000000000000
   24896 00000000000000000000000000000000000001001100000000000000000000000000000000000000000000000000000000000000110000000000000000000000
   24912 00000000000000000000000000000000000000001001100100000011000000000000000000000000000000000000000000000000000000010100000000000000
   24928 00000000000000000000000000000000000000000000000011000000000000000000000000000000000000000000000000000000000000001001101000000011
   24944 00000000000000000000000000000000000000000000000000000001000000000000000000000000000000000000000000000000000000000000000010011001
   24960 00000011000000000000000000000000000000000000000000000000100110110000001100000000000000000000000000000000000000000000000000000010
   24976 10011010000000110000000000000000000000000000000000000000000000001001101100000011000000000000000000000000000000000000000000000000
   24992 00000000000000000000000000000000000000000000000000000000000000000000010011000000000000000000000000000000000000000000000000000000
   25008 00000000110000000000000000000000000000000000000000000000000000000000000010011101000000110000000000000000000000000000000000000000
   25024 00000000000000010100000100000000000000000000000000000000000000000000000000000000110000000000000000000000000000000000000000000000
   25040 00000000000000001001111000000011000000000000000000000000000000000000000000000000000000010000000100000000000000000000000000000000
   25056 00000000000000000000000010011101000000110000000000000000000000000000000000000000000000001001111100000011000000000000000000000000
   25072 00000000000000000000000000000010100111100000001100000000000000000000000000000000000000000000000010011111000000110000000000000000
   25088 00000000000000000000000000000000000000010000000000000000000000000000000000000000000000000000000000000100110000000000000000000000
   25104 00000000000000000000000000000000000000001100000000000000000000000000000000000000000000000000000000000000101000010000001100000000
   25120 00000000000000000000000000000000000000000000000101000010000000000000000000000000000000000000000000000000000000001100000000000000
   25136 00000000000000000000000000000000000000000000000010100010000000110000000000000000000000000000000000000000000000000000000100000010
   25152 00000000000000000000000000000000000000000000000000000000101000010000001100000000000000000000000000000000000000000000000010100011
   25168 00000011000000000000000000000000000000000000000000000000000000101010001000000011000000000000000000000000000000000000000000000000
   25184 10100011000000110000000000000000000000000000000000000000000000000000001000000000000000000000000000000000000000000000000000000000
   25200 00000100110000000000000000000000000000000000000000000000000000000000000011000000000000000000000000000000000000000000000000000000
   25216 00000000101001010000001100000000000000000000000000000000000000000000000000000001010000110000000000000000000000000000000000000000
   25232 00000000000000001100000000000000000000000000000000000000000000000000000000000000101001100000001100000000000000000000000000000000
   25248 00000000000000000000000100000011000000000000000000000000000000000000000000000000000000001010010100000011000000000000000000000000
   25264 00000000000000000000000010100111000000110000000000000000000000000000000000000000000000000000001010100110000000110000000000000000
   25280 00000000000000000000000000000000101001110000001100000000000000000000000000000000000000000000000000000011000000000000000000000000
   25296 00000000000000000000000000000000000001001100000000000000000000000000000000000000000000000000000000000000110000000000000000000000
   25312 00000000000000000000000000000000000000001010100100000011000000000000000000000000000000000000000000000000000000010100010000000000
   25328 00000000000000000000000000000000000000000000000011000000000000000000000000000000000000000000000000000000000000001010101000000011
   25344 00000000000000000000000000000000000000000000000000000001000001000000000000000000000000000000000000000000000000000000000010101001
   25360 00000011000000000000000000000000000000000000000000000000101010110000001100000000000000000000000000000000000000000000000000000010
   25376 10101010000000110000000000000000000000000000000000000000000000001010101100000011000000000000000000000000000000000000000000000000
   25392 00000100000000000000000000000000000000000000000000000000000000000000010011000000000000000000000000000000000000000000000000000000
   25408 00000000110000000000000000000000000000000000000000000000000000000000000010101101000000110000000000000000000000000000000000000000
   25424 00000000000000010100010100000000000000000000000000000000000000000000000000000000110000000000000000000000000000000000000000000000
   25440 00000000000000001010111000000011000000000000000000000000000000000000000000000000000000010000010100000000000000000000000000000000
   25456 00000000000000000000000010101101000000110000000000000000000000000000000000000000000000001010111100000011000000000000000000000000
   25472 00000000000000000000000000000010101011100000001100000000000000000000000000000000000000000000000010101111000000110000000000000000
   25488 00000000000000000000000000000000000001010000000000000000000000000000000000000000000000000000000000000100110000000000000000000000
   25504 00000000000000000000000000000000000000001100000000000000000000000000000000000000000000000000000000000000101100010000001100000000
   25520 00000000000000000000000000000000000000000000000101000110000000000000000000000000000000000000000000000000000000001100000000000000
   25536 00000000000000000000000000000000000000000000000010110010000000110000000000000000000000000000000000000000000000000000000100000110
   25552 00000000000000000000000000000000000000000000000000000000101100010000001100000000000000000000000000000000000000000000000010110011
   25568 00000011000000000000000000000000000000000000000000000000000000101011001000000011000000000000000000000000000000000000000000000000
   25584 10110011000000110000000000000000000000000000000000000000000000000000011000000000000000000000000000000000000000000000000000000000
   25600 00000100110000000000000000000000000000000000000000000000000000000000000011000000000000000000000000000000000000000000000000000000
   25616 00000000101101010000001100000000000000000000000000000000000000000000000000000001010001110000000000000000000000000000000000000000
   25632 00000000000000001100000000000000000000000000000000000000000000000000000000000000101101100000001100000000000000000000000000000000
   25648 00000000000000000000000100000111000000000000000000000000000000000000000000000000000000001011010100000011000000000000000000000000
   25664 00000000000000000000000010110111000000110000000000000000000000000000000000000000000000000000001010110110000000110000000000000000
   25680 00000000000000000000000000000000101101110000001100000000000000000000000000000000000000000000000000000111000000000000000000000000
   25696 00000000000000000000000000000000000001001100000000000000000000000000000000000000000000000000000000000000110000000000000000000000
   25712 00000000000000000000000000000000000000001011100100000011000000000000000000000000000000000000000000000000000000010100100000000000
   25728 00000000000000000000000000000000000000000000000011000000000000000000000000000000000000000000000000000000000000001011101000000011
   25744 00000000000000000000000000000000000000000000000000000001000010000000000000000000000000000000000000000000000000000000000010111001
   25760 00000011000000000000000000000000000000000000000000000000101110110000001100000000000000000000000000000000000000000000000000000010
   25776 10111010000000110000000000000000000000000000000000000000000000001011101100000011000000000000000000000000000000000000000000000000
   25792 00001000000000000000000000000000000000000000000000000000000000000000010011000000000000000000000000000000000000000000000000000000
   25808 00000000110000000000000000000000000000000000000000000000000000000000000010111101000000110000000000000000000000000000000000000000
   25824 00000000000000010100100100000000000000000000000000000000000000000000000000000000110000000000000000000000000000000000000000000000
   25840 00000000000000001011111000000011000000000000000000000000000000000000000000000000000000010000100100000000000000000000000000000000
   25856 00000000000000000000000010111101000000110000000000000000000000000000000000000000000000001011111100000011000000000000000000000000
   25872 00000000000000000000000000000010101111100000001100000000000000000000000000000000000000000000000010111111000000110000000000000000
   25888 00000000000000000000000000000000000010010000000000000000000000000000000000000000000000000000000000000100110000000000000000000000
   25904 00000000000000000000000000000000000000001100000000000000000000000000000000000000000000000000000000000000110000010000001100000000
   25920 00000000000000000000000000000000000000000000000101001010000000000000000000000000000000000000000000000000000000001100000000000000
   25936 00000000000000000000000000000000000000000000000011000010000000110000000000000000000000000000000000000000000000000000000100001010
   25952 00000000000000000000000000000000000000000000000000000000110000010000001100000000000000000000000000000000000000000000000011000011
   25968 00000011000000000000000000000000000000000000000000000000000000101100001000000011000000000000000000000000000000000000000000000000
   25984 11000011000000110000000000000000000000000000000000000000000000000000101000000000000000000000000000000000000000000000000000000000
   26000 00000100110000000000000000000000000000000000000000000000000000000000000011000000000000000000000000000000000000000000000000000000
   26016 00000000110001010000001100000000000000000000000000000000000000000000000000000001010010110000000000000000000000000000000000000000
   26032 00000000000000001100000000000000000000000000000000000000000000000000000000000000110001100000001100000000000000000000000000000000
   26048 00000000000000000000000100001011000000000000000000000000000000000000000000000000000000001100010100000011000000000000000000000000
   26064 00000000000000000000000011000111000000110000000000000000000000000000000000000000000000000000001011000110000000110000000000000000
   26080 00000000000000000000000000000000110001110000001100000000000000000000000000000000000000000000000000001011000000000000000000000000
   26096 00000000000000000000000000000000000001001100000000000000000000000000000000000000000000000000000000000000110000000000000000000000
   26112 00000000000000000000000000000000000000001100100100000011000000000000000000000000000000000000000000000000000000010100110000000000
   26128 00000000000000000000000000000000000000000000000011000000000000000000000000000000000000000000000000000000000000001100101000000011
   26144 00000000000000000000000000000000000000000000000000000001000011000000000000000000000000000000000000000000000000000000000011001001
   26160 00000011000000000000000000000000000000000000000000000000110010110000001100000000000000000000000000000000000000000000000000000010
   26176 11001010000000110000000000000000000000000000000000000000000000001100101100000011000000000000000000000000000000000000000000000000
   26192 00001100000000000000000000000000000000000000000000000000000000000000010011000000000000000000000000000000000000000000000000000000
   26208 00000000110000000000000000000000000000000000000000000000000000000000000011001101000000110000000000000000000000000000000000000000
   26224 00000000000000010100110100000000000000000000000000000000000000000000000000000000110000000000000000000000000000000000000000000000
   26240 00000000000000001100111000000011000000000000000000000000000000000000000000000000000000010000110100000000000000000000000000000000
   26256 00000000000000000000000011001101000000110000000000000000000000000000000000000000000000001100111100000011000000000000000000000000
   26272 00000000000000000000000000000010110011100000001100000000000000000000000000000000000000000000000011001111000000110000000000000000
   26288 00000000000000000000000000000000000011010000000000000000000000000000000000000000000000000000000000000100110000000000000000000000
   26304 00000000000000000000000000000000000000001100000000000000000000000000000000000000000000000000000000000000110100010000001100000000
   26320 00000000000000000000000000000000000000000000000101001110000000000000000000000000000000000000000000000000000000001100000000000000
   26336 00000000000000000000000000000000000000000000000011010010000000110000000000000000000000000000000000000000000000000000000100001110
   26352 00000000000000000000000000000000000000000000000000000000110100010000001100000000000000000000000000000000000000000000000011010011
   26368 00000011000000000000000000000000000000000000000000000000000000101101001000000011000000000000000000000000000000000000000000000000
   26384 11010011000000110000000000000000000000000000000000000000000000000000111000000000000000000000000000000000000000000000000000000000
   26400 00000100110000000000000000000000000000000000000000000000000000000000000011000000000000000000000000000000000000000000000000000000
   26416 00000000110101010000001100000000000000000000000000000000000000000000000000000001010011110000000000000000000000000000000000000000
   26432 00000000000000001100000000000000000000000000000000000000000000000000000000000000110101100000001100000000000000000000000000000000
   26448 00000000000000000000000100001111000000000000000000000000000000000000000000000000000000001101010100000011000000000000000000000000
   26464 00000000000000000000000011010111000000110000000000000000000000000000000000000000000000000000001011010110000000110000000000000000
   26480 00000000000000000000000000000000110101110000001100000000000000000000000000000000000000000000000000001111000000000000000000000000
   26496 00000000000000000000000000000000000001001100000000000000000000000000000000000000000000000000000000000000110000000000000000000000
   26512 00000000000000000000000000000000000000001101100100000011000000000000000000000000000000000000000000000000000000010101000000000000
   26528 00000000000000000000000000000000000000000000000011000000000000000000000000000000000000000000000000000000000000001101101000000011
   26544 00000000000000000000000000000000000000000000000000000001000100000000000000000000000000000000000000000000000000000000000011011001
   26560 00000011000000000000000000000000000000000000000000000000110110110000001100000000000000000000000000000000000000000000000000000010
   26576 11011010000000110000000000000000000000000000000000000000000000001101101100000011000000000000000000000000000000000000000000000000
   26592 00010000000000000000000000000000000000000000000000000000000000000000010011000000000000000000000000000000000000000000000000000000
   26608 00000000110000000000000000000000000000000000000000000000000000000000000011011101000000110000000000000000000000000000000000000000
   26624 00000000000000010101000100000000000000000000000000000000000000000000000000000000110000000000000000000000000000000000000000000000
   26640 00000000000000001101111000000011000000000000000000000000000000000000000000000000000000010001000100000000000000000000000000000000
   26656 00000000000000000000000011011101000000110000000000000000000000000000000000000000000000001101111100000011000000000000000000000000
   26672 00000000000000000000000000000010110111100000001100000000000000000000000000000000000000000000000011011111000000110000000000000000
   26688 00000000000000000000000000000000000100010000000000000000000000000000000000000000000000000000000000000100110000000000000000000000
   26704 00000000000000000000000000000000000000001100000000000000000000000000000000000000000000000000000000000000111000010000001100000000
   26720 00000000000000000000000000000000000000000000000101010010000000000000000000000000000000000000000000000000000000001100000000000000
   26736 00000000000000000000000000000000000000000000000011100010000000110000000000000000000000000000000000000000000000000000000100010010
   26752 00000000000000000000000000000000000000000000000000000000111000010000001100000000000000000000000000000000000000000000000011100011
   26768 00000011000000000000000000000000000000000000000000000000000000101110001000000011000000000000000000000000000000000000000000000000
   26784 11100011000000110000000000000000000000000000000000000000000000000001001000000000000000000000000000000000000000000000000000000000
   26800 00000100110000000000000000000000000000000000000000000000000000000000000011000000000000000000000000000000000000000000000000000000
   26816 00000000111001010000001100000000000000000000000000000000000000000000000000000001010100110000000000000000000000000000000000000000
   26832 00000000000000001100000000000000000000000000000000000000000000000000000000000000111001100000001100000000000000000000000000000000
   26848 00000000000000000000000100010011000000000000000000000000000000000000000000000000000000001110010100000011000000000000000000000000
   26864 00000000000000000000000011100111000000110000000000000000000000000000000000000000000000000000001011100110000000110000000000000000
   26880 00000000000000000000000000000000111001110000001100000000000000000000000000000000000000000000000000010011000000000000000000000000
   26896 00000000000000000000000000000000000001001100000000000000000000000000000000000000000000000000000000000000110000000000000000000000
   26912 00000000000000000000000000000000000000001110100100000011000000000000000000000000000000000000000000000000000000010101010000000000
   26928 00000000000000000000000000000000000000000000000011000000000000000000000000000000000000000000000000000000000000001110101000000011
   26944 00000000000000000000000000000000000000000000000000000001000101000000000000000000000000000000000000000000000000000000000011101001
   26960 00000011000000000000000000000000000000000000000000000000111010110000001100000000000000000000000000000000000000000000000000000010
   26976 11101010000000110000000000000000000000000000000000000000000000001110101100000011000000000000000000000000000000000000000000000000
   26992 00010100000000000000000000000000000000000000000000000000000000000000010011000000000000000000000000000000000000000000000000000000
   27008 00000000110000000000000000000000000000000000000000000000000000000000000011101101000000110000000000000000000000000000000000000000
   27024 00000000000000010101010100000000000000000000000000000000000000000000000000000000110000000000000000000000000000000000000000000000
   27040 00000000000000001110111000000011000000000000000000000000000000000000000000000000000000010001010100000000000000000000000000000000
   27056 00000000000000000000000011101101000000110000000000000000000000000000000000000000000000001110111100000011000000000000000000000000
   27072 00000000000000000000000000000010111011100000001100000000000000000000000000000000000000000000000011101111000000110000000000000000
   27088 00000000000000000000000000000000000101010000000000000000000000000000000000000000000000000000000000000100110000000000000000000000
   27104 00000000000000000000000000000000000000001100000000000000000000000000000000000000000000000000000000000000111100010000001100000000
   27120 00000000000000000000000000000000000000000000000101010110000000000000000000000000000000000000000000000000000000001100000000000000
   27136 00000000000000000000000000000000000000000000000011110010000000110000000000000000000000000000000000000000000000000000000100010110
   27152 00000000000000000000000000000000000000000000000000000000111100010000001100000000000000000000000000000000000000000000000011110011
   27168 00000011000000000000000000000000000000000000000000000000000000101111001000000011000000000000000000000000000000000000000000000000
   27184 11110011000000110000000000000000000000000000000000000000000000000001011000000000000000000000000000000000000000000000000000000000
   27200 00000100110000000000000000000000000000000000000000000000000000000000000011000000000000000000000000000000000000000000000000000000
   27216 00000000111101010000001100000000000000000000000000000000000000000000000000000001010101110000000000000000000000000000000000000000
   27232 00000000000000001100000000000000000000000000000000000000000000000000000000000000111101100000001100000000000000000000000000000000
   27248 00000000000000000000000100010111000000000000000000000000000000000000000000000000000000001111010100000011000000000000000000000000
   27264 00000000000000000000000011110111000000110000000000000000000000000000000000000000000000000000001011110110000000110000000000000000
   27280 00000000000000000000000000000000111101110000001100000000000000000000000000000000000000000000000000010111000000000000000000000000
   27296 00000000000000000000000000000000000001001100000000000000000000000000000000000000000000000000000000000000110000000000000000000000
   27312 00000000000000000000000000000000000000001111100100000011000000000000000000000000000000000000000000000000000000010101100000000000
   27328 00000000000000000000000000000000000000000000000011000000000000000000000000000000000000000000000000000000000000001111101000000011
   27344 00000000000000000000000000000000000000000000000000000001000110000000000000000000000000000000000000000000000000000000000011111001
   27360 00000011000000000000000000000000000000000000000000000000111110110000001100000000000000000000000000000000000000000000000000000010
   27376 11111010000000110000000000000000000000000000000000000000000000001111101100000011000000000000000000000000000000000000000000000000
   27392 00011000000000000000000000000000000000000000000000000000000000000000010011000000000000000000000000000000000000000000000000000000
   27408 00000000110000000000000000000000000000000000000000000000000000000000000011111101000000110000000000000000000000000000000000000000
   27424 00000000000000010101100100000000000000000000000000000000000000000000000000000000110000000000000000000000000000000000000000000000
   27440 00000000000000001111111000000011000000000000000000000000000000000000000000000000000000010001100100000000000000000000000000000000
   27456 00000000000000000000000011111101000000110000000000000000000000000000000000000000000000001111111100000011000000000000000000000000
   27472 00000000000000000000000000000010111111100000001100000000000000000000000000000000000000000000000011111111000000110000000000000000
   27488 00000000000000000000000000000000000110010000000000000000000000000000000000000000000000000000000000000100110000000000000000000000
   27504 00000000000000000000000000000000000000001100000000000000000000000000000000000000000000000000000000000000000000010000010000000000
   27520 00000000000000000000000000000000000000000000000101011010000000000000000000000000000000000000000000000000000000001100000000000000
   27536 00000000000000000000000000000000000000000000000000000010000001000000000000000000000000000000000000000000000000000000000100011010
   27552 00000000000000000000000000000000000000000000000000000000000000010000010000000000000000000000000000000000000000000000000000000011
   27568 00000100000000000000000000000000000000000000000000000000000000100000001000000100000000000000000000000000000000000000000000000000
   27584 00000011000001000000000000000000000000000000000000000000000000000001101000000000000000000000000000000000000000000000000000000000
   27600 00000100110000000000000000000000000000000000000000000000000000000000000011000000000000000000000000000000000000000000000000000000
   27616 00000000000001010000010000000000000000000000000000000000000000000000000000000001010110110000000000000000000000000000000000000000
   27632 00000000000000001100000000000000000000000000000000000000000000000000000000000000000001100000010000000000000000000000000000000000
   27648 00000000000000000000000100011011000000000000000000000000000000000000000000000000000000000000010100000100000000000000000000000000
   27664 00000000000000000000000000000111000001000000000000000000000000000000000000000000000000000000001000000110000001000000000000000000
   27680 00000000000000000000000000000000000001110000010000000000000000000000000000000000000000000000000000011011000000000000000000000000
   27696 00000000000000000000000000000000000001001100000000000000000000000000000000000000000000000000000000000000110000000000000000000000
   27712 00000000000000000000000000000000000000000000100100000100000000000000000000000000000000000000000000000000000000010101110000000000
   27728 00000000000000000000000000000000000000000000000011000000000000000000000000000000000000000000000000000000000000000000101000000100
   27744 00000000000000000000000000000000000000000000000000000001000111000000000000000000000000000000000000000000000000000000000000001001
   27760 00000100000000000000000000000000000000000000000000000000000010110000010000000000000000000000000000000000000000000000000000000010
   27776 00001010000001000000000000000000000000000000000000000000000000000000101100000100000000000000000000000000000000000000000000000000
   27792 00011100000000000000000000000000000000000000000000000000000000000000010011000000000000000000000000000000000000000000000000000000
   27808 00000000110000000000000000000000000000000000000000000000000000000000000000001101000001000000000000000000000000000000000000000000
   27824 00000000000000010101110100000000000000000000000000000000000000000000000000000000110000000000000000000000000000000000000000000000
   27840 00000000000000000000111000000100000000000000000000000000000000000000000000000000000000010001110100000000000000000000000000000000
   27856 00000000000000000000000000001101000001000000000000000000000000000000000000000000000000000000111100000100000000000000000000000000
   27872 00000000000000000000000000000010000011100000010000000000000000000000000000000000000000000000000000001111000001000000000000000000
   27888 00000000000000000000000000000000000111010000000000000000000000000000000000000000000000000000000000000100110000000000000000000000
   27904 00000000000000000000000000000000000000001100000000000000000000000000000000000000000000000000000000000000000100010000010000000000
   27920 00000000000000000000000000000000000000000000000101011110000000000000000000000000000000000000000000000000000000001100000000000000
   27936 00000000000000000000000000000000000000000000000000010010000001000000000000000000000000000000000000000000000000000000000100011110
   27952 00000000000000000000000000000000000000000000000000000000000100010000010000000000000000000000000000000000000000000000000000010011
   27968 00000100000000000000000000000000000000000000000000000000000000100001001000000100000000000000000000000000000000000000000000000000
   27984 00010011000001000000000000000000000000000000000000000000000000000001111000000000000000000000000000000000000000000000000000000000
   28000 00000100110000000000000000000000000000000000000000000000000000000000000011000000000000000000000000000000000000000000000000000000
   28016 00000000000101010000010000000000000000000000000000000000000000000000000000000001010111110000000000000000000000000000000000000000
   28032 00000000000000001100000000000000000000000000000000000000000000000000000000000000000101100000010000000000000000000000000000000000
   28048 00000000000000000000000100011111000000000000000000000000000000000000000000000000000000000001010100000100000000000000000000000000
   28064 00000000000000000000000000010111000001000000000000000000000000000000000000000000000000000000001000010110000001000000000000000000
   28080 00000000000000000000000000000000000101110000010000000000000000000000000000000000000000000000000000011111000000000000000000000000
   28096 00000000000000000000000000000000000001001100000000000000000000000000000000000000000000000000000000000000110000000000000000000000
   28112 00000000000000000000000000000000000000000001100100000100000000000000000000000000000000000000000000000000000000010110000000000000
   28128 00000000000000000000000000000000000000000000000011000000000000000000000000000000000000000000000000000000000000000001101000000100
   28144 00000000000000000000000000000000000000000000000000000001001000000000000000000000000000000000000000000000000000000000000000011001
   28160 00000100000000000000000000000000000000000000000000000000000110110000010000000000000000000000000000000000000000000000000000000010
   28176 00011010000001000000000000000000000000000000000000000000000000000001101100000100000000000000000000000000000000000000000000000000
   28192 00100000000000000000000000000000000000000000000000000000000000000000010011000000000000000000000000000000000000000000000000000000
   28208 00000000110000000000000000000000000000000000000000000000000000000000000000011101000001000000000000000000000000000000000000000000
   28224 00000000000000010110000100000000000000000000000000000000000000000000000000000000110000000000000000000000000000000000000000000000
   28240 00000000000000000001111000000100000000000000000000000000000000000000000000000000000000010010000100000000000000000000000000000000
   28256 00000000000000000000000000011101000001000000000000000000000000000000000000000000000000000001111100000100000000000000000000000000
   28272 00000000000000000000000000000010000111100000010000000000000000000000000000000000000000000000000000011111000001000000000000000000
   28288 00000000000000000000000000000000001000010000000000000000000000000000000000000000000000000000000000000100110000000000000000000000
   28304 00000000000000000000000000000000000000001100000000000000000000000000000000000000000000000000000000000000001000010000010000000000
   28320 00000000000000000000000000000000000000000000000101100010000000000000000000000000000000000000000000000000000000001100000000000000
   28336 00000000000000000000000000000000000000000000000000100010000001000000000000000000000000000000000000000000000000000000000100100010
   28352 00000000000000000000000000000000000000000000000000000000001000010000010000000000000000000000000000000000000000000000000000100011
   28368 00000100000000000000000000000000000000000000000000000000000000100010001000000100000000000000000000000000000000000000000000000000
   28384 00100011000001000000000000000000000000000000000000000000000000000010001000000000000000000000000000000000000000000000000000000000
   28400 00000100110000000000000000000000000000000000000000000000000000000000000011000000000000000000000000000000000000000000000000000000
   28416 00000000001001010000010000000000000000000000000000000000000000000000000000000001011000110000000000000000000000000000000000000000
   28432 00000000000000001100000000000000000000000000000000000000000000000000000000000000001001100000010000000000000000000000000000000000
   28448 00000000000000000000000100100011000000000000000000000000000000000000000000000000000000000010010100000100000000000000000000000000
   28464 00000000000000000000000000100111000001000000000000000000000000000000000000000000000000000000001000100110000001000000000000000000
   28480 00000000000000000000000000000000001001110000010000000000000000000000000000000000000000000000000000100011000000000000000000000000
   28496 00000000000000000000000000000000000001001100000000000000000000000000000000000000000000000000000000000000110000000000000000000000
   28512 00000000000000000000000000000000000000000010100100000100000000000000000000000000000000000000000000000000000000010110010000000000
   28528 00000000000000000000000000000000000000000000000011000000000000000000000000000000000000000000000000000000000000000010101000000100
   28544 00000000000000000000000000000000000000000000000000000001001001000000000000000000000000000000000000000000000000000000000000101001
   28560 00000100000000000000000000000000000000000000000000000000001010110000010000000000000000000000000000000000000000000000000000000010
   28576 00101010000001000000000000000000000000000000000000000000000000000010101100000100000000000000000000000000000000000000000000000000
   28592 00100100000000000000000000000000000000000000000000000000000000000000010011000000000000000000000000000000000000000000000000000000
   28608 00000000110000000000000000000000000000000000000000000000000000000000000000101101000001000000000000000000000000000000000000000000
   28624 00000000000000010110010100000000000000000000000000000000000000000000000000000000110000000000000000000000000000000000000000000000
   28640 00000000000000000010111000000100000000000000000000000000000000000000000000000000000000010010010100000000000000000000000000000000
   28656 00000000000000000000000000101101000001000000000000000000000000000000000000000000000000000010111100000100000000000000000000000000
   28672 00000000000000000000000000000010001011100000010000000000000000000000000000000000000000000000000000101111000001000000000000000000
   28688 00000000000000000000000000000000001001010000000000000000000000000000000000000000000000000000000000000100110000000000000000000000
   28704 00000000000000000000000000000000000000001100000000000000000000000000000000000000000000000000000000000000001100010000010000000000
   28720 00000000000000000000000000000000000000000000000101100110000000000000000000000000000000000000000000000000000000001100000000000000
   28736 00000000000000000000000000000000000000000000000000110010000001000000000000000000000000000000000000000000000000000000000100100110
   28752 00000000000000000000000000000000000000000000000000000000001100010000010000000000000000000000000000000000000000000000000000110011
   28768 00000100000000000000000000000000000000000000000000000000000000100011001000000100000000000000000000000000000000000000000000000000
   28784 00110011000001000000000000000000000000000000000000000000000000000010011000000000000000000000000000000000000000000000000000000000
   28800 00000100110000000000000000000000000000000000000000000000000000000000000011000000000000000000000000000000000000000000000000000000
   28816 00000000001101010000010000000000000000000000000000000000000000000000000000000001011001110000000000000000000000000000000000000000
   28832 00000000000000001100000000000000000000000000000000000000000000000000000000000000001101100000010000000000000000000000000000000000
   28848 00000000000000000000000100100111000000000000000000000000000000000000000000000000000000000011010100000100000000000000000000000000
   28864 00000000000000000000000000110111000001000000000000000000000000000000000000000000000000000000001000110110000001000000000000000000
   28880 00000000000000000000000000000000001101110000010000000000000000000000000000000000000000000000000000100111000000000000000000000000
   28896 00000000000000000000000000000000000001001100000000000000000000000000000000000000000000000000000000000000110000000000000000000000
   28912 00000000000000000000000000000000000000000011100100000100000000000000000000000000000000000000000000000000000000010110100000000000
   28928 00000000000000000000000000000000000000000000000011000000000000000000000000000000000000000000000000000000000000000011101000000100
   28944 00000000000000000000000000000000000000000000000000000001001010000000000000000000000000000000000000000000000000000000000000111001
   28960 00000100000000000000000000000000000000000000000000000000001110110000010000000000000000000000000000000000000000000000000000000010
   28976 00111010000001000000000000000000000000000000000000000000000000000011101100000100000000000000000000000000000000000000000000000000
   28992 00101000000000000000000000000000000000000000000000000000000000000000010011000000000000000000000000000000000000000000000000000000
   29008 00000000110000000000000000000000000000000000000000000000000000000000000000111101000001000000000000000000000000000000000000000000
   29024 00000000000000010110100100000000000000000000000000000000000000000000000000000000110000000000000000000000000000000000000000000000
   29040 00000000000000000011111000000100000000000000000000000000000000000000000000000000000000010010100100000000000000000000000000000000
   29056 00000000000000000000000000111101000001000000000000000000000000000000000000000000000000000011111100000100000000000000000000000000
   29072 00000000000000000000000000000010001111100000010000000000000000000000000000000000000000000000000000111111000001000000000000000000
   29088 00000000000000000000000000000000001010010000000000000000000000000000000000000000000000000000000000000100110000000000000000000000
   29104 00000000000000000000000000000000000000001100000000000000000000000000000000000000000000000000000000000000010000010000010000000000
   29120 00000000000000000000000000000000000000000000000101101010000000000000000000000000000000000000000000000000000000001100000000000000
   29136 00000000000000000000000000000000000000000000000001000010000001000000000000000000000000000000000000000000000000000000000100101010
   29152 00000000000000000000000000000000000000000000000000000000010000010000010000000000000000000000000000000000000000000000000001000011
   29168 00000100000000000000000000000000000000000000000000000000000000100100001000000100000000000000000000000000000000000000000000000000
   29184 01000011000001000000000000000000000000000000000000000000000000000010101000000000000000000000000000000000000000000000000000000000
   29200 00000100110000000000000000000000000000000000000000000000000000000000000011000000000000000000000000000000000000000000000000000000
   29216 00000000010001010000010000000000000000000000000000000000000000000000000000000001011010110000000000000000000000000000000000000000
   29232 00000000000000001100000000000000000000000000000000000000000000000000000000000000010001100000010000000000000000000000000000000000
   29248 00000000000000000000000100101011000000000000000000000000000000000000000000000000000000000100010100000100000000000000000000000000
   29264 00000000000000000000000001000111000001000000000000000000000000000000000000000000000000000000001001000110000001000000000000000000
   29280 00000000000000000000000000000000010001110000010000000000000000000000000000000000000000000000000000101011000000000000000000000000
   29296 00000000000000000000000000000000000001001100000000000000000000000000000000000000000000000000000000000000110000000000000000000000
   29312 00000000000000000000000000000000000000000100100100000100000000000000000000000000000000000000000000000000000000010110110000000000
   29328 00000000000000000000000000000000000000000000000011000000000000000000000000000000000000000000000000000000000000000100101000000100
   29344 00000000000000000000000000000000000000000000000000000001001011000000000000000000000000000000000000000000000000000000000001001001
   29360 00000100000000000000000000000000000000000000000000000000010010110000010000000000000000000000000000000000000000000000000000000010
   29376 01001010000001000000000000000000000000000000000000000000000000000100101100000100000000000000000000000000000000000000000000000000
   29392 00101100000000000000000000000000000000000000000000000000000000000000010011000000000000000000000000000000000000000000000000000000
   29408 00000000110000000000000000000000000000000000000000000000000000000000000001001101000001000000000000000000000000000000000000000000
   29424 00000000000000010110110100000000000000000000000000000000000000000000000000000000110000000000000000000000000000000000000000000000
   29440 00000000000000000100111000000100000000000000000000000000000000000000000000000000000000010010110100000000000000000000000000000000
   29456 00000000000000000000000001001101000001000000000000000000000000000000000000000000000000000100111100000100000000000000000000000000
   29472 00000000000000000000000000000010010011100000010000000000000000000000000000000000000000000000000001001111000001000000000000000000
   29488 00000000000000000000000000000000001011010000000000000000000000000000000000000000000000000000000000000100110000000000000000000000
   29504 00000000000000000000000000000000000000001100000000000000000000000000000000000000000000000000000000000000010100010000010000000000
   29520 00000000000000000000000000000000000000000000000101101110000000000000000000000000000000000000000000000000000000001100000000000000
   29536 00000000000000000000000000000000000000000000000001010010000001000000000000000000000000000000000000000000000000000000000100101110
   29552 00000000000000000000000000000000000000000000000000000000010100010000010000000000000000000000000000000000000000000000000001010011
   29568 00000100000000000000000000000000000000000000000000000000000000100101001000000100000000000000000000000000000000000000000000000000
   29584 01010011000001000000000000000000000000000000000000000000000000000010111000000000000000000000000000000000000000000000000000000000
   29600 00000100110000000000000000000000000000000000000000000000000000000000000011000000000000000000000000000000000000000000000000000000
   29616 00000000010101010000010000000000000000000000000000000000000000000000000000000001011011110000000000000000000000000000000000000000
   29632 00000000000000001100000000000000000000000000000000000000000000000000000000000000010101100000010000000000000000000000000000000000
   29648 00000000000000000000000100101111000000000000000000000000000000000000000000000000000000000101010100000100000000000000000000000000
   29664 00000000000000000000000001010111000001000000000000000000000000000000000000000000000000000000001001010110000001000000000000000000
   29680 00000000000000000000000000000000010101110000010000000000000000000000000000000000000000000000000000101111000000000000000000000000
   29696 00000000000000000000000000000000000001001100000000000000000000000000000000000000000000000000000000000000110000000000000000000000
   29712 00000000000000000000000000000000000000000101100100000100000000000000000000000000000000000000000000000000000000010111000000000000
   29728 00000000000000000000000000000000000000000000000011000000000000000000000000000000000000000000000000000000000000000101101000000100
   29744 00000000000000000000000000000000000000000000000000000001001100000000000000000000000000000000000000000000000000000000000001011001
   29760 00000100000000000000000000000000000000000000000000000000010110110000010000000000000000000000000000000000000000000000000000000010
   29776 01011010000001000000000000000000000000000000000000000000000000000101101100000100000000000000000000000000000000000000000000000000
   29792 00110000000000000000000000000000000000000000000000000000000000000000010011000000000000000000000000000000000000000000000000000000
   29808 00000000110000000000000000000000000000000000000000000000000000000000000001011101000001000000000000000000000000000000000000000000
   29824 00000000000000010111000100000000000000000000000000000000000000000000000000000000110000000000000000000000000000000000000000000000
   29840 00000000000000000101111000000100000000000000000000000000000000000000000000000000000000010011000100000000000000000000000000000000
   29856 00000000000000000000000001011101000001000000000000000000000000000000000000000000000000000101111100000100000000000000000000000000
   29872 00000000000000000000000000000010010111100000010000000000000000000000000000000000000000000000000001011111000001000000000000000000
   29888 00000000000000000000000000000000001100010000000000000000000000000000000000000000000000000000000000000100110000000000000000000000
   29904 00000000000000000000000000000000000000001100000000000000000000000000000000000000000000000000000000000000011000010000010000000000
   29920 00000000000000000000000000000000000000000000000101110010000000000000000000000000000000000000000000000000000000001100000000000000
   29936 00000000000000000000000000000000000000000000000001100010000001000000000000000000000000000000000000000000000000000000000100110010
   29952 00000000000000000000000000000000000000000000000000000000011000010000010000000000000000000000000000000000000000000000000001100011
   29968 00000100000000000000000000000000000000000000000000000000000000100110001000000100000000000000000000000000000000000000000000000000
   29984 01100011000001000000000000000000000000000000000000000000000000000011001000000000000000000000000000000000000000000000000000000000
   30000 00000100110000000000000000000000000000000000000000000000000000000000000011000000000000000000000000000000000000000000000000000000
   30016 00000000011001010000010000000000000000000000000000000000000000000000000000000001011100110000000000000000000000000000000000000000
   30032 00000000000000001100000000000000000000000000000000000000000000000000000000000000011001100000010000000000000000000000000000000000
   30048 00000000000000000000000100110011000000000000000000000000000000000000000000000000000000000110010100000100000000000000000000000000
   30064 00000000000000000000000001100111000001000000000000000000000000000000000000000000000000000000001001100110000001000000000000000000
   30080 00000000000000000000000000000000011001110000010000000000000000000000000000000000000000000000000000110011000000000000000000000000
   30096 00000000000000000000000000000000000001001100000000000000000000000000000000000000000000000000000000000000110000000000000000000000
   30112 00000000000000000000000000000000000000000110100100000100000000000000000000000000000000000000000000000000000000010111010000000000
   30128 00000000000000000000000000000000000000000000000011000000000000000000000000000000000000000000000000000000000000000110101000000100
   30144 00000000000000000000000000000000000000000000000000000001001101000000000000000000000000000000000000000000000000000000000001101001
   30160 00000100000000000000000000000000000000000000000000000000011010110000010000000000000000000000000000000000000000000000000000000010
   30176 01101010000001000000000000000000000000000000000000000000000000000110101100000100000000000000000000000000000000000000000000000000
   30192 00110100000000000000000000000000000000000000000000000000000000000000010011000000000000000000000000000000000000000000000000000000
   30208 00000000110000000000000000000000000000000000000000000000000000000000000001101101000001000000000000000000000000000000000000000000
   30224 00000000000000010111010100000000000000000000000000000000000000000000000000000000110000000000000000000000000000000000000000000000
   30240 00000000000000000110111000000100000000000000000000000000000000000000000000000000000000010011010100000000000000000000000000000000
   30256 00000000000000000000000001101101000001000000000000000000000000000000000000000000000000000110111100000100000000000000000000000000
   30272 00000000000000000000000000000010011011100000010000000000000000000000000000000000000000000000000001101111000001000000000000000000
   30288 00000000000000000000000000000000001101010000000000000000000000000000000000000000000000000000000000000100110000000000000000000000
   30304 00000000000000000000000000000000000000001100000000000000000000000000000000000000000000000000000000000000011100010000010000000000
   30320 00000000000000000000000000000000000000000000000101110110000000000000000000000000000000000000000000000000000000001100000000000000
   30336 00000000000000000000000000000000000000000000000001110010000001000000000000000000000000000000000000000000000000000000000100110110
   30352 00000000000000000000000000000000000000000000000000000000011100010000010000000000000000000000000000000000000000000000000001110011
   30368 00000100000000000000000000000000000000000000000000000000000000100111001000000100000000000000000000000000000000000000000000000000
   30384 01110011000001000000000000000000000000000000000000000000000000000011011000000000000000000000000000000000000000000000000000000000
   30400 00000100110000000000000000000000000000000000000000000000000000000000000011000000000000000000000000000000000000000000000000000000
   30416 00000000011101010000010000000000000000000000000000000000000000000000000000000001011101110000000000000000000000000000000000000000
   30432 00000000000000001100000000000000000000000000000000000000000000000000000000000000011101100000010000000000000000000000000000000000
   30448 00000000000000000000000100110111000000000000000000000000000000000000000000000000000000000111010100000100000000000000000000000000
   30464 00000000000000000000000001110111000001000000000000000000000000000000000000000000000000000000001001110110000001000000000000000000
   30480 00000000000000000000000000000000011101110000010000000000000000000000000000000000000000000000000000110111000000000000000000000000
   30496 00000000000000000000000000000000000001001100000000000000000000000000000000000000000000000000000000000000110000000000000000000000
   30512 00000000000000000000000000000000000000000111100100000100000000000000000000000000000000000000000000000000000000010111100000000000
   30528 00000000000000000000000000000000000000000000000011000000000000000000000000000000000000000000000000000000000000000111101000000100
   30544 00000000000000000000000000000000000000000000000000000001001110000000000000000000000000000000000000000000000000000000000001111001
   30560 00000100000000000000000000000000000000000000000000000000011110110000010000000000000000000000000000000000000000000000000000000010
   30576 01111010000001000000000000000000000000000000000000000000000000000111101100000100000000000000000000000000000000000000000000000000
   30592 00111000000000000000000000000000000000000000000000000000000000000000010011000000000000000000000000000000000000000000000000000000
   30608 00000000110000000000000000000000000000000000000000000000000000000000000001111101000001000000000000000000000000000000000000000000
   30624 00000000000000010111100100000000000000000000000000000000000000000000000000000000110000000000000000000000000000000000000000000000
   30640 00000000000000000111111000000100000000000000000000000000000000000000000000000000000000010011100100000000000000000000000000000000
   30656 00000000000000000000000001111101000001000000000000000000000000000000000000000000000000000111111100000100000000000000000000000000
   30672 00000000000000000000000000000010011111100000010000000000000000000000000000000000000000000000000001111111000001000000000000000000
   30688 00000000000000000000000000000000001110010000000000000000000000000000000000000000000000000000000000000100110000000000000000000000
   30704 00000000000000000000000000000000000000001100000000000000000000000000000000000000000000000000000000000000100000010000010000000000
   30720 00000000000000000000000000000000000000000000000101111010000000000000000000000000000000000000000000000000000000001100000000000000
   30736 00000000000000000000000000000000000000000000000010000010000001000000000000000000000000000000000000000000000000000000000100111010
   30752 00000000000000000000000000000000000000000000000000000000100000010000010000000000000000000000000000000000000000000000000010000011
   30768 00000100000000000000000000000000000000000000000000000000000000101000001000000100000000000000000000000000000000000000000000000000
   30784 10000011000001000000000000000000000000000000000000000000000000000011101000000000000000000000000000000000000000000000000000000000
   30800 00000100110000000000000000000000000000000000000000000000000000000000000011000000000000000000000000000000000000000000000000000000
   30816 00000000100001010000010000000000000000000000000000000000000000000000000000000001011110110000000000000000000000000000000000000000
   30832 00000000000000001100000000000000000000000000000000000000000000000000000000000000100001100000010000000000000000000000000000000000
   30848 00000000000000000000000100111011000000000000000000000000000000000000000000000000000000001000010100000100000000000000000000000000
   30864 00000000000000000000000010000111000001000000000000000000000000000000000000000000000000000000001010000110000001000000000000000000
   30880 00000000000000000000000000000000100001110000010000000000000000000000000000000000000000000000000000111011000000000000000000000000
   30896 00000000000000000000000000000000000001001100000000000000000000000000000000000000000000000000000000000000110000000000000000000000
   30912 00000000000000000000000000000000000000001000100100000100000000000000000000000000000000000000000000000000000000010111110000000000
   30928 00000000000000000000000000000000000000000000000011000000000000000000000000000000000000000000000000000000000000001000101000000100
   30944 00000000000000000000000000000000000000000000000000000001001111000000000000000000000000000000000000000000000000000000000010001001
   30960 00000100000000000000000000000000000000000000000000000000100010110000010000000000000000000000000000000000000000000000000000000010
   30976 10001010000001000000000000000000000000000000000000000000000000001000101100000100000000000000000000000000000000000000000000000000
   30992 00111100000000000000000000000000000000000000000000000000000000000000010011000000000000000000000000000000000000000000000000000000
   31008 00000000110000000000000000000000000000000000000000000000000000000000000010001101000001000000000000000000000000000000000000000000
   31024 00000000000000010111110100000000000000000000000000000000000000000000000000000000110000000000000000000000000000000000000000000000
   31040 00000000000000001000111000000100000000000000000000000000000000000000000000000000000000010011110100000000000000000000000000000000
   31056 00000000000000000000000010001101000001000000000000000000000000000000000000000000000000001000111100000100000000000000000000000000
   31072 00000000000000000000000000000010100011100000010000000000000000000000000000000000000000000000000010001111000001000000000000000000
   31088 00000000000000000000000000000000001111010000000000000000000000000000000000000000000000000000000000000100110000000000000000000000
   31104 00000000000000000000000000000000000000001100000000000000000000000000000000000000000000000000000000000000100100010000010000000000
   31120 00000000000000000000000000000000000000000000000101111110000000000000000000000000000000000000000000000000000000001100000000000000
   31136 00000000000000000000000000000000000000000000000010010010000001000000000000000000000000000000000000000000000000000000000100111110
   31152 00000000000000000000000000000000000000000000000000000000100100010000010000000000000000000000000000000000000000000000000010010011
   31168 00000100000000000000000000000000000000000000000000000000000000101001001000000100000000000000000000000000000000000000000000000000
   31184 10010011000001000000000000000000000000000000000000000000000000000011111000000000000000000000000000000000000000000000000000000000
   31200 00000100110000000000000000000000000000000000000000000000000000000000000011000000000000000000000000000000000000000000000000000000
   31216 00000000100101010000010000000000000000000000000000000000000000000000000000000001011111110000000000000000000000000000000000000000
   31232 00000000000000001100000000000000000000000000000000000000000000000000000000000000100101100000010000000000000000000000000000000000
   31248 00000000000000000000000100111111000000000000000000000000000000000000000000000000000000001001010100000100000000000000000000000000
   31264 00000000000000000000000010010111000001000000000000000000000000000000000000000000000000000000001010010110000001000000000000000000
   31280 00000000000000000000000000000000100101110000010000000000000000000000000000000000000000000000000000111111000000000000000000000000
   31296 00000000000000000000000000000000000000100000000000000000000000000000000000000000000000000000000000000000000000000000000000000000
   31312 00000000000000000000000000000000000000000000000100000000000100000000000000000000000000000000000000000000000000100000000100000000
   31328 00000000000000000000000000000000000000000000000000000001000000000000000000000000000000000000000000000000000000000000001000000000
   31344 00010000000000000000000000000000000000000000000000000010000000100000000000000000000000000000000000000000000000000000000000000010
   31360 00000000000000000000000000000000000000000000000000000000000000110000000000010000000000000000000000000000000000000000000000000010
   31376 00000011000000000000000000000000000000000000000000000000000000000000001100000000000000000000000000000000000000000000000000000000
   31392 00000100000000000001000000000000000000000000000000000000000000000000001000000100000000000000000000000000000000000000000000000000
   31408 00000000000001000000000000000000000000000000000000000000000000000000000000000101000000000001000000000000000000000000000000000000
   31424 00000000000000100000010100000000000000000000000000000000000000000000000000000000000001010000000000000000000000000000000000000000
   31440 00000000000000000000011000000000000100000000000000000000000000000000000000000000000000100000011000000000000000000000000000000000
   31456 00000000000000000000000000000110000000000000000000000000000000000000000000000000000000000000011100000000000100000000000000000000
   31472 00000000000000000000000000000010000001110000000000000000000000000000000000000000000000000000000000000111000000000000000000000000
   31488 00000000000000000000000000000000000010000000000000010000000000000000000000000000000000000000000000000010000010000000000000000000
   31504 00000000000000000000000000000000000000000000100000000000000000000000000000000000000000000000000000000000000110100000000000010000
   31520 00000000000000000000000000000000000000000000001000001001000000000000000000000000000000000000000000000000000000000000100100000000
   31536 00000000000000000000000000000000000000000000000000011011000000000001000000000000000000000000000000000000000000000000001000001010
   31552 00000000000000000000000000000000000000000000000000000000000010100000000000000000000000000000000000000000000000000000000000011100
   31568 00000000000100000000000000000000000000000000000000000000000000100000101100000000000000000000000000000000000000000000000000000000
   31584 00001011000000000000000000000000000000000000000000000000000000000001110100000000000100000000000000000000000000000000000000000000
   31600 00000010000011000000000000000000000000000000000000000000000000000000000000001100000000000000000000000000000000000000000000000000
   31616 00000000000111100000000000010000000000000000000000000000000000000000000000000010000011010000000000000000000000000000000000000000
   31632 00000000000000000000110100000000000000000000000000000000000000000000000000000000000111110000000000010000000000000000000000000000
   31648 00000000000000000000001000001110000000000000000000000000000000000000000000000000000000000000111000000000000000000000000000000000
   31664 00000000000000000000000000100000000000000001000000000000000000000000000000000000000000000000001000001111000000000000000000000000
   31680 00000000000000000000000000000000000011110000000000000000000000000000000000000000000000000000000000100001000000000001000000000000
   31696 00000000000000000000000000000000000000100001000000000000000000000000000000000000000000000000000000000000000100000000000000000000
   31712 00000000000000000000000000000000000000000011001100000000000100000000000000000000000000000000000000000000000000100001000100000000
   31728 00000000000000000000000000000000000000000000000000010001000000000000000000000000000000000000000000000000000000000011010000000000
   31744 00010000000000000000000000000000000000000000000000000010000100100000000000000000000000000000000000000000000000000000000000010010
   31760 00000000000000000000000000000000000000000000000000000000001101010000000000010000000000000000000000000000000000000000000000000010
   31776 00010011000000000000000000000000000000000000000000000000000000000001001100000000000000000000000000000000000000000000000000000000
   31792 00110110000000000001000000000000000000000000000000000000000000000000001000010100000000000000000000000000000000000000000000000000
   31808 00000000000101000000000000000000000000000000000000000000000000000000000000110111000000000001000000000000000000000000000000000000
   31824 00000000000000100001010100000000000000000000000000000000000000000000000000000000000101010000000000000000000000000000000000000000
   31840 00000000000000000011100000000000000100000000000000000000000000000000000000000000000000100001011000000000000000000000000000000000
   31856 00000000000000000000000000010110000000000000000000000000000000000000000000000000000000000011100100000000000100000000000000000000
   31872 00000000000000000000000000000010000101110000000000000000000000000000000000000000000000000000000000010111000000000000000000000000
   31888 00000000000000000000000000000000001110100000000000010000000000000000000000000000000000000000000000000010000110000000000000000000
   31904 00000000000000000000000000000000000000000001100000000000000000000000000000000000000000000000000000000000010011000000000000010000
   31920 00000000000000000000000000000000000000000000001000011001000000000000000000000000000000000000000000000000000000000001100100000000
   31936 00000000000000000000000000000000000000000000000001001101000000000001000000000000000000000000000000000000000000000000001000011010
   31952 00000000000000000000000000000000000000000000000000000000000110100000000000000000000000000000000000000000000000000000000001001110
   31968 00000000000100000000000000000000000000000000000000000000000000100001101100000000000000000000000000000000000000000000000000000000
   31984 00011011000000000000000000000000000000000000000000000000000000000100111100000000000100000000000000000000000000000000000000000000
   32000 00000010000111000000000000000000000000000000000000000000000000000000000000011100000000000000000000000000000000000000000000000000
   32016 00000000010100000000000000010000000000000000000000000000000000000000000000000010000111010000000000000000000000000000000000000000
   32032 00000000000000000001110100000000000000000000000000000000000000000000000000000000010100010000000000010000000000000000000000000000
   32048 00000000000000000000001000011110000000000000000000000000000000000000000000000000000000000001111000000000000000000000000000000000
   32064 00000000000000000000000001010010000000000001000000000000000000000000000000000000000000000000001000011111000000000000000000000000
   32080 00000000000000000000000000000000000111110000000000000000000000000000000000000000000000000000000001010011000000000001000000000000
   32096 00000000000000000000000000000000000000100011111100000000000010000000000000000000000000000000000000000000001111110000000000001000
   32112 00000000000000000000000000000000000000000000000000000000000010000000000000000000000000000000000000000000000000100100000100000000
   32128 00001000000000000000000000000000000000000000000001000001000000000000100000000000000000000000000000000000000000000100000000000000
   32144 00001000000000000000000000000000000000000000000000000010000000000000000000001000000000000000000000000000000000000000000000000000
   32160 00000000000010000000000000000000000000000000000000000000000000010000000000001000000000000000000000000000000000000000000000000010
   32176 01000010000000000000100000000000000000000000000000000000000000000100001000000000000010000000000000000000000000000000000000000000
   32192 01000001000000000000100000000000000000000000000000000000000000000000001000000001000000000000100000000000000000000000000000000000
   32208 00000000000000010000000000001000000000000000000000000000000000000000000000000010000000000000100000000000000000000000000000000000
   32224 00000000000000100100001100000000000010000000000000000000000000000000000000000000010000110000000000001000000000000000000000000000
   32240 00000000000000000100001000000000000010000000000000000000000000000000000000000000000000100000001000000000000010000000000000000000
   32256 00000000000000000000000000000010000000000000100000000000000000000000000000000000000000000000001100000000000010000000000000000000
   32272 00000000000000000000000000000010010001000000000000001000000000000000000000000000000000000000000001000100000000000000100000000000
   32288 00000000000000000000000000000000010000110000000000001000000000000000000000000000000000000000000000000010000000110000000000001000
   32304 00000000000000000000000000000000000000000000001100000000000010000000000000000000000000000000000000000000000001000000000000001000
   32320 00000000000000000000000000000000000000000000001001000101000000000000100000000000000000000000000000000000000000000100010100000000
   32336 00001000000000000000000000000000000000000000000001000100000000000000100000000000000000000000000000000000000000000000001000000100
   32352 00000000000010000000000000000000000000000000000000000000000001000000000000001000000000000000000000000000000000000000000000000101
   32368 00000000000010000000000000000000000000000000000000000000000000100100011000000000000010000000000000000000000000000000000000000000
   32384 01000110000000000000100000000000000000000000000000000000000000000100010100000000000010000000000000000000000000000000000000000000
   32400 00000010000001010000000000001000000000000000000000000000000000000000000000000101000000000000100000000000000000000000000000000000
   32416 00000000000001100000000000001000000000000000000000000000000000000000000000000010010001110000000000001000000000000000000000000000
   32432 00000000000000000100011100000000000010000000000000000000000000000000000000000000010001100000000000001000000000000000000000000000
   32448 00000000000000000000001000000110000000000000100000000000000000000000000000000000000000000000011000000000000010000000000000000000
   32464 00000000000000000000000000000111000000000000100000000000000000000000000000000000000000000000001001001000000000000000100000000000
   32480 00000000000000000000000000000000010010000000000000001000000000000000000000000000000000000000000001000111000000000000100000000000
   32496 00000000000000000000000000000000000000100000011100000000000010000000000000000000000000000000000000000000000001110000000000001000
   32512 00000000000000000000000000000000000000000000100000000000000010000000000000000000000000000000000000000000000000100100100100000000
   32528 00001000000000000000000000000000000000000000000001001001000000000000100000000000000000000000000000000000000000000100100000000000
   32544 00001000000000000000000000000000000000000000000000000010000010000000000000001000000000000000000000000000000000000000000000001000
   32560 00000000000010000000000000000000000000000000000000000000000010010000000000001000000000000000000000000000000000000000000000000010
   32576 01001010000000000000100000000000000000000000000000000000000000000100101000000000000010000000000000000000000000000000000000000000
   32592 01001001000000000000100000000000000000000000000000000000000000000000001000001001000000000000100000000000000000000000000000000000
   32608 00000000000010010000000000001000000000000000000000000000000000000000000000001010000000000000100000000000000000000000000000000000
   32624 00000000000000100100101100000000000010000000000000000000000000000000000000000000010010110000000000001000000000000000000000000000
   32640 00000000000000000100101000000000000010000000000000000000000000000000000000000000000000100000101000000000000010000000000000000000
   32656 00000000000000000000000000001010000000000000100000000000000000000000000000000000000000000000101100000000000010000000000000000000
   32672 00000000000000000000000000000010010011000000000000001000000000000000000000000000000000000000000001001100000000000000100000000000
   32688 00000000000000000000000000000000010010110000000000001000000000000000000000000000000000000000000000000010000010110000000000001000
   32704 00000000000000000000000000000000000000000000101100000000000010000000000000000000000000000000000000000000000011000000000000001000
   32720 00000000000000000000000000000000000000000000001001001101000000000000100000000000000000000000000000000000000000000100110100000000
   32736 00001000000000000000000000000000000000000000000001001100000000000000100000000000000000000000000000000000000000000000001000001100
   32752 00000000000010000000000000000000000000000000000000000000000011000000000000001000000000000000000000000000000000000000000000001101
   32768 00000000000010000000000000000000000000000000000000000000000000100100111000000000000010000000000000000000000000000000000000000000
   32784 01001110000000000000100000000000000000000000000000000000000000000100110100000000000010000000000000000000000000000000000000000000
   32800 00000010000011010000000000001000000000000000000000000000000000000000000000001101000000000000100000000000000000000000000000000000
   32816 00000000000011100000000000001000000000000000000000000000000000000000000000000010010011110000000000001000000000000000000000000000
   32832 00000000000000000100111100000000000010000000000000000000000000000000000000000000010011100000000000001000000000000000000000000000
   32848 00000000000000000000001000001110000000000000100000000000000000000000000000000000000000000000111000000000000010000000000000000000
   32864 00000000000000000000000000001111000000000000100000000000000000000000000000000000000000000000001001010000000000000000100000000000
   32880 00000000000000000000000000000000010100000000000000001000000000000000000000000000000000000000000001001111000000000000100000000000
   32896 00000000000000000000000000000000000000100000111100000000000010000000000000000000000000000000000000000000000011110000000000001000
   32912 00000000000000000000000000000000000000000001000000000000000010000000000000000000000000000000000000000000000000100101000100000000
   32928 00001000000000000000000000000000000000000000000001010001000000000000100000000000000000000000000000000000000000000101000000000000
   32944 00001000000000000000000000000000000000000000000000000010000100000000000000001000000000000000000000000000000000000000000000010000
   32960 00000000000010000000000000000000000000000000000000000000000100010000000000001000000000000000000000000000000000000000000000000010
   32976 01010010000000000000100000000000000000000000000000000000000000000101001000000000000010000000000000000000000000000000000000000000
   32992 01010001000000000000100000000000000000000000000000000000000000000000001000010001000000000000100000000000000000000000000000000000
   33008 00000000000100010000000000001000000000000000000000000000000000000000000000010010000000000000100000000000000000000000000000000000
   33024 00000000000000100101001100000000000010000000000000000000000000000000000000000000010100110000000000001000000000000000000000000000
   33040 00000000000000000101001000000000000010000000000000000000000000000000000000000000000000100001001000000000000010000000000000000000
   33056 00000000000000000000000000010010000000000000100000000000000000000000000000000000000000000001001100000000000010000000000000000000
   33072 00000000000000000000000000000010010101000000000000001000000000000000000000000000000000000000000001010100000000000000100000000000
   33088 00000000000000000000000000000000010100110000000000001000000000000000000000000000000000000000000000000010000100110000000000001000
   33104 00000000000000000000000000000000000000000001001100000000000010000000000000000000000000000000000000000000000101000000000000001000
   33120 00000000000000000000000000000000000000000000001001010101000000000000100000000000000000000000000000000000000000000101010100000000
   33136 00001000000000000000000000000000000000000000000001010100000000000000100000000000000000000000000000000000000000000000001000010100
   33152 00000000000010000000000000000000000000000000000000000000000101000000000000001000000000000000000000000000000000000000000000010101
   33168 00000000000010000000000000000000000000000000000000000000000000100101011000000000000010000000000000000000000000000000000000000000
   33184 01010110000000000000100000000000000000000000000000000000000000000101010100000000000010000000000000000000000000000000000000000000
   33200 00000010000101010000000000001000000000000000000000000000000000000000000000010101000000000000100000000000000000000000000000000000
   33216 00000000000101100000000000001000000000000000000000000000000000000000000000000010010101110000000000001000000000000000000000000000
   33232 00000000000000000101011100000000000010000000000000000000000000000000000000000000010101100000000000001000000000000000000000000000
   33248 00000000000000000000001000010110000000000000100000000000000000000000000000000000000000000001011000000000000010000000000000000000
   33264 00000000000000000000000000010111000000000000100000000000000000000000000000000000000000000000001001011000000000000000100000000000
   33280 00000000000000000000000000000000010110000000000000001000000000000000000000000000000000000000000001010111000000000000100000000000
   33296 00000000000000000000000000000000000000100001011100000000000010000000000000000000000000000000000000000000000101110000000000001000
   33312 00000000000000000000000000000000000000000001100000000000000010000000000000000000000000000000000000000000000000100101100100000000
   33328 00001000000000000000000000000000000000000000000001011001000000000000100000000000000000000000000000000000000000000101100000000000
   33344 00001000000000000000000000000000000000000000000000000010000110000000000000001000000000000000000000000000000000000000000000011000
   33360 00000000000010000000000000000000000000000000000000000000000110010000000000001000000000000000000000000000000000000000000000000010
   33376 01011010000000000000100000000000000000000000000000000000000000000101101000000000000010000000000000000000000000000000000000000000
   33392 01011001000000000000100000000000000000000000000000000000000000000000001000011001000000000000100000000000000000000000000000000000
   33408 00000000000110010000000000001000000000000000000000000000000000000000000000011010000000000000100000000000000000000000000000000000
   33424 00000000000000100101101100000000000010000000000000000000000000000000000000000000010110110000000000001000000000000000000000000000
   33440 00000000000000000101101000000000000010000000000000000000000000000000000000000000000000100001101000000000000010000000000000000000
   33456 00000000000000000000000000011010000000000000100000000000000000000000000000000000000000000001101100000000000010000000000000000000
   33472 00000000000000000000000000000010010111000000000000001000000000000000000000000000000000000000000001011100000000000000100000000000
   33488 00000000000000000000000000000000010110110000000000001000000000000000000000000000000000000000000000000010000110110000000000001000
   33504 00000000000000000000000000000000000000000001101100000000000010000000000000000000000000000000000000000000000111000000000000001000
   33520 00000000000000000000000000000000000000000000001001011101000000000000100000000000000000000000000000000000000000000101110100000000
   33536 00001000000000000000000000000000000000000000000001011100000000000000100000000000000000000000000000000000000000000000001000011100
   33552 00000000000010000000000000000000000000000000000000000000000111000000000000001000000000000000000000000000000000000000000000011101
   33568 00000000000010000000000000000000000000000000000000000000000000100101111000000000000010000000000000000000000000000000000000000000
   33584 01011110000000000000100000000000000000000000000000000000000000000101110100000000000010000000000000000000000000000000000000000000
   33600 00000010000111010000000000001000000000000000000000000000000000000000000000011101000000000000100000000000000000000000000000000000
   33616 00000000000111100000000000001000000000000000000000000000000000000000000000000010010111110000000000001000000000000000000000000000
   33632 00000000000000000101111100000000000010000000000000000000000000000000000000000000010111100000000000001000000000000000000000000000
   33648 00000000000000000000001000011110000000000000100000000000000000000000000000000000000000000001111000000000000010000000000000000000
   33664 00000000000000000000000000011111000000000000100000000000000000000000000000000000000000000000001001100000000000000000100000000000
   33680 00000000000000000000000000000000011000000000000000001000000000000000000000000000000000000000000001011111000000000000100000000000
   33696 00000000000000000000000000000000000000100001111100000000000010000000000000000000000000000000000000000000000111110000000000001000
   33712 00000000000000000000000000000000000000000010000000000000000010000000000000000000000000000000000000000000000000100110000100000000
   33728 00001000000000000000000000000000000000000000000001100001000000000000100000000000000000000000000000000000000000000110000000000000
   33744 00001000000000000000000000000000000000000000000000000010001000000000000000001000000000000000000000000000000000000000000000100000
   33760 00000000000010000000000000000000000000000000000000000000001000010000000000001000000000000000000000000000000000000000000000000010
   33776 01100010000000000000100000000000000000000000000000000000000000000110001000000000000010000000000000000000000000000000000000000000
   33792 01100001000000000000100000000000000000000000000000000000000000000000001000100001000000000000100000000000000000000000000000000000
   33808 00000000001000010000000000001000000000000000000000000000000000000000000000100010000000000000100000000000000000000000000000000000
   33824 00000000000000100110001100000000000010000000000000000000000000000000000000000000011000110000000000001000000000000000000000000000
   33840 00000000000000000110001000000000000010000000000000000000000000000000000000000000000000100010001000000000000010000000000000000000
   33856 00000000000000000000000000100010000000000000100000000000000000000000000000000000000000000010001100000000000010000000000000000000
   33872 00000000000000000000000000000010011001000000000000001000000000000000000000000000000000000000000001100100000000000000100000000000
   33888 00000000000000000000000000000000011000110000000000001000000000000000000000000000000000000000000000000010001000110000000000001000
   33904 00000000000000000000000000000000000000000010001100000000000010000000000000000000000000000000000000000000001001000000000000001000
   33920 00000000000000000000000000000000000000000000001001100101000000000000100000000000000000000000000000000000000000000110010100000000
   33936 00001000000000000000000000000000000000000000000001100100000000000000100000000000000000000000000000000000000000000000001000100100
   33952 00000000000010000000000000000000000000000000000000000000001001000000000000001000000000000000000000000000000000000000000000100101
   33968 00000000000010000000000000000000000000000000000000000000000000100110011000000000000010000000000000000000000000000000000000000000
   33984 01100110000000000000100000000000000000000000000000000000000000000110010100000000000010000000000000000000000000000000000000000000
   34000 00000010001001010000000000001000000000000000000000000000000000000000000000100101000000000000100000000000000000000000000000000000
   34016 00000000001001100000000000001000000000000000000000000000000000000000000000000010011001110000000000001000000000000000000000000000
   34032 00000000000000000110011100000000000010000000000000000000000000000000000000000000011001100000000000001000000000000000000000000000
   34048 00000000000000000000001000100110000000000000100000000000000000000000000000000000000000000010011000000000000010000000000000000000
   34064 00000000000000000000000000100111000000000000100000000000000000000000000000000000000000000000001001101000000000000000100000000000
   34080 00000000000000000000000000000000011010000000000000001000000000000000000000000000000000000000000001100111000000000000100000000000
   34096 00000000000000000000000000000000000000100010011100000000000010000000000000000000000000000000000000000000001001110000000000001000
   34112 00000000000000000000000000000000000000000010100000000000000010000000000000000000000000000000000000000000000000100110100100000000
   34128 00001000000000000000000000000000000000000000000001101001000000000000100000000000000000000000000000000000000000000110100000000000
   34144 00001000000000000000000000000000000000000000000000000010001010000000000000001000000000000000000000000000000000000000000000101000
   34160 00000000000010000000000000000000000000000000000000000000001010010000000000001000000000000000000000000000000000000000000000000010
   34176 01101010000000000000100000000000000000000000000000000000000000000110101000000000000010000000000000000000000000000000000000000000
   34192 01101001000000000000100000000000000000000000000000000000000000000000001000101001000000000000100000000000000000000000000000000000
   34208 00000000001010010000000000001000000000000000000000000000000000000000000000101010000000000000100000000000000000000000000000000000
   34224 00000000000000100110101100000000000010000000000000000000000000000000000000000000011010110000000000001000000000000000000000000000
   34240 00000000000000000110101000000000000010000000000000000000000000000000000000000000000000100010101000000000000010000000000000000000
   34256 00000000000000000000000000101010000000000000100000000000000000000000000000000000000000000010101100000000000010000000000000000000
   34272 00000000000000000000000000000010011011000000000000001000000000000000000000000000000000000000000001101100000000000000100000000000
   34288 00000000000000000000000000000000011010110000000000001000000000000000000000000000000000000000000000000010001010110000000000001000
   34304 00000000000000000000000000000000000000000010101100000000000010000000000000000000000000000000000000000000001011000000000000001000
   34320 00000000000000000000000000000000000000000000001001101101000000000000100000000000000000000000000000000000000000000110110100000000
   34336 00001000000000000000000000000000000000000000000001101100000000000000100000000000000000000000000000000000000000000000001000101100
   34352 00000000000010000000000000000000000000000000000000000000001011000000000000001000000000000000000000000000000000000000000000101101
   34368 00000000000010000000000000000000000000000000000000000000000000100110111000000000000010000000000000000000000000000000000000000000
   34384 01101110000000000000100000000000000000000000000000000000000000000110110100000000000010000000000000000000000000000000000000000000
   34400 00000010001011010000000000001000000000000000000000000000000000000000000000101101000000000000100000000000000000000000000000000000
   34416 00000000001011100000000000001000000000000000000000000000000000000000000000000010011011110000000000001000000000000000000000000000
   34432 00000000000000000110111100000000000010000000000000000000000000000000000000000000011011100000000000001000000000000000000000000000
   34448 00000000000000000000001000101110000000000000100000000000000000000000000000000000000000000010111000000000000010000000000000000000
   34464 00000000000000000000000000101111000000000000100000000000000000000000000000000000000000000000001001110000000000000000100000000000
   34480 00000000000000000000000000000000011100000000000000001000000000000000000000000000000000000000000001101111000000000000100000000000
   34496 00000000000000000000000000000000000000100010111100000000000010000000000000000000000000000000000000000000001011110000000000001000
   34512 00000000000000000000000000000000000000000011000000000000000010000000000000000000000000000000000000000000000000100111000100000000
   34528 00001000000000000000000000000000000000000000000001110001000000000000100000000000000000000000000000000000000000000111000000000000
   34544 00001000000000000000000000000000000000000000000000000010001100000000000000001000000000000000000000000000000000000000000000110000
   34560 00000000000010000000000000000000000000000000000000000000001100010000000000001000000000000000000000000000000000000000000000000010
   34576 01110010000000000000100000000000000000000000000000000000000000000111001000000000000010000000000000000000000000000000000000000000
   34592 01110001000000000000100000000000000000000000000000000000000000000000001000110001000000000000100000000000000000000000000000000000
   34608 00000000001100010000000000001000000000000000000000000000000000000000000000110010000000000000100000000000000000000000000000000000
   34624 00000000000000100111001100000000000010000000000000000000000000000000000000000000011100110000000000001000000000000000000000000000
   34640 00000000000000000111001000000000000010000000000000000000000000000000000000000000000000100011001000000000000010000000000000000000
   34656 00000000000000000000000000110010000000000000100000000000000000000000000000000000000000000011001100000000000010000000000000000000
   34672 00000000000000000000000000000010011101000000000000001000000000000000000000000000000000000000000001110100000000000000100000000000
   34688 00000000000000000000000000000000011100110000000000001000000000000000000000000000000000000000000000000010001100110000000000001000
   34704 00000000000000000000000000000000000000000011001100000000000010000000000000000000000000000000000000000000001101000000000000001000
   34720 00000000000000000000000000000000000000000000001001110101000000000000100000000000000000000000000000000000000000000111010100000000
   34736 00001000000000000000000000000000000000000000000001110100000000000000100000000000000000000000000000000000000000000000001000110100
   34752 00000000000010000000000000000000000000000000000000000000001101000000000000001000000000000000000000000000000000000000000000110101
   34768 00000000000010000000000000000000000000000000000000000000000000100111011000000000000010000000000000000000000000000000000000000000
   34784 01110110000000000000100000000000000000000000000000000000000000000111010100000000000010000000000000000000000000000000000000000000
   34800 00000010001101010000000000001000000000000000000000000000000000000000000000110101000000000000100000000000000000000000000000000000
   34816 00000000001101100000000000001000000000000000000000000000000000000000000000000010011101110000000000001000000000000000000000000000
   34832 00000000000000000111011100000000000010000000000000000000000000000000000000000000011101100000000000001000000000000000000000000000
   34848 00000000000000000000001000110110000000000000100000000000000000000000000000000000000000000011011000000000000010000000000000000000
   34864 00000000000000000000000000110111000000000000100000000000000000000000000000000000000000000000001001111000000000000000100000000000
   34880 00000000000000000000000000000000011110000000000000001000000000000000000000000000000000000000000001110111000000000000100000000000
   34896 00000000000000000000000000000000000000100011011100000000000010000000000000000000000000000000000000000000001101110000000000001000
   34912 00000000000000000000000000000000000000000011100000000000000010000000000000000000000000000000000000000000000000100111100100000000
   34928 00001000000000000000000000000000000000000000000001111001000000000000100000000000000000000000000000000000000000000111100000000000
   34944 00001000000000000000000000000000000000000000000000000010001110000000000000001000000000000000000000000000000000000000000000111000
   34960 00000000000010000000000000000000000000000000000000000000001110010000000000001000000000000000000000000000000000000000000000000010
   34976 01111010000000000000100000000000000000000000000000000000000000000111101000000000000010000000000000000000000000000000000000000000
   34992 01111001000000000000100000000000000000000000000000000000000000000000001000111001000000000000100000000000000000000000000000000000
   35008 00000000001110010000000000001000000000000000000000000000000000000000000000111010000000000000100000000000000000000000000000000000
   35024 00000000000000100111101100000000000010000000000000000000000000000000000000000000011110110000000000001000000000000000000000000000
   35040 00000000000000000111101000000000000010000000000000000000000000000000000000000000000000100011101000000000000010000000000000000000
   35056 00000000000000000000000000111010000000000000100000000000000000000000000000000000000000000011101100000000000010000000000000000000
   35072 00000000000000000000000000000010011111000000000000001000000000000000000000000000000000000000000001111100000000000000100000000000
   35088 00000000000000000000000000000000011110110000000000001000000000000000000000000000000000000000000000000010001110110000000000001000
   35104 00000000000000000000000000000000000000000011101100000000000010000000000000000000000000000000000000000000001111000000000000001000
   35120 00000000000000000000000000000000000000000000001001111101000000000000100000000000000000000000000000000000000000000111110100000000
   35136 00001000000000000000000000000000000000000000000001111100000000000000100000000000000000000000000000000000000000000000001000111100
   35152 00000000000010000000000000000000000000000000000000000000001111000000000000001000000000000000000000000000000000000000000000111101
   35168 00000000000010000000000000000000000000000000000000000000000000100111111000000000000010000000000000000000000000000000000000000000
   35184 01111110000000000000100000000000000000000000000000000000000000000111110100000000000010000000000000000000000000000000000000000000
   35200 00000010001111010000000000001000000000000000000000000000000000000000000000111101000000000000100000000000000000000000000000000000
   35216 00000000001111100000000000001000000000000000000000000000000000000000000000000010011111110000000000001000000000000000000000000000
   35232 00000000000000000111111100000000000010000000000000000000000000000000000000000000011111100000000000001000000000000000000000000000
   35248 00000000000000000000001000111110000000000000100000000000000000000000000000000000000000000011111000000000000010000000000000000000
   35264 00000000000000000000000000111111000000000000100000000000000000000000000000000000000000000000001001000000000000000000100000000000
   35280 00000000000000000000000000000000010000000000000000001000000000000000000000000000000000000000000001111111000000000000100000000000
   35296 00000000000000000000000000000000000000010000000000000000000010000000000000000000000000000000000000000000010000000000000000001000
   35312 00000000000000000000000000000000000000001101100100000100000000000000000000000000000000000000000000000000000000011101100100000100
   35328 00000000000000000000000000000000000000000000000000001000000000000000000000000000000000000000000000000000000000001000000000000000
   35344 00001000000000000000000000000000000000000000000000000001000000010000000000001000000000000000000000000000000000000000000001000001
   35360 00000000000010000000000000000000000000000000000000000000110110110000010000000000000000000000000000000000000000000000000000000001
   35376 11011011000001000000000000000000000000000000000000000000000000000000100100000000000000000000000000000000000000000000000000000000
   35392 10000001000000000000100000000000000000000000000000000000000000000000000100000010000000000000100000000000000000000000000000000000
   35408 00000000010000100000000000001000000000000000000000000000000000000000000011011101000001000000000000000000000000000000000000000000
   35424 00000000000000011101110100000100000000000000000000000000000000000000000000000000000010100000000000000000000000000000000000000000
   35440 00000000000000001000001000000000000010000000000000000000000000000000000000000000000000010000001100000000000010000000000000000000
   35456 00000000000000000000000001000011000000000000100000000000000000000000000000000000000000001101111100000100000000000000000000000000
   35472 00000000000000000000000000000001110111110000010000000000000000000000000000000000000000000000000000001011000000000000000000000000
   35488 00000000000000000000000000000000100000110000000000001000000000000000000000000000000000000000000000000001000001000000000000001000
   35504 00000000000000000000000000000000000000000100010000000000000010000000000000000000000000000000000000000000111000010000010000000000
   35520 00000000000000000000000000000000000000000000000111100001000001000000000000000000000000000000000000000000000000000000110000000000
   35536 00000000000000000000000000000000000000000000000010000100000000000000100000000000000000000000000000000000000000000000000100000101
   35552 00000000000010000000000000000000000000000000000000000000010001010000000000001000000000000000000000000000000000000000000011100011
   35568 00000100000000000000000000000000000000000000000000000000000000011110001100000100000000000000000000000000000000000000000000000000
   35584 00001101000000000000000000000000000000000000000000000000000000001000010100000000000010000000000000000000000000000000000000000000
   35600 00000001000001100000000000001000000000000000000000000000000000000000000001000110000000000000100000000000000000000000000000000000
   35616 00000000111001010000010000000000000000000000000000000000000000000000000000000001111001010000010000000000000000000000000000000000
   35632 00000000000000000000111000000000000000000000000000000000000000000000000000000000100001100000000000001000000000000000000000000000
   35648 00000000000000000000000100000111000000000000100000000000000000000000000000000000000000000100011100000000000010000000000000000000
   35664 00000000000000000000000011100111000001000000000000000000000000000000000000000000000000000000000111100111000001000000000000000000
   35680 00000000000000000000000000000000000011110000000000000000000000000000000000000000000000000000000010000111000000000000100000000000
   35696 00000000000000000000000000000000000000010000100000000000000010000000000000000000000000000000000000000000010010000000000000001000
   35712 00000000000000000000000000000000000000001110100100000100000000000000000000000000000000000000000000000000000000011110100100000100
   35728 00000000000000000000000000000000000000000000000000001000000000000000000000000000000000000000000000000000000000001000100000000000
   35744 00001000000000000000000000000000000000000000000000000001000010010000000000001000000000000000000000000000000000000000000001001001
   35760 00000000000010000000000000000000000000000000000000000000111010110000010000000000000000000000000000000000000000000000000000000001
   35776 11101011000001000000000000000000000000000000000000000000000000000000100100000000000000000000000000000000000000000000000000000000
   35792 10001001000000000000100000000000000000000000000000000000000000000000000100001010000000000000100000000000000000000000000000000000
   35808 00000000010010100000000000001000000000000000000000000000000000000000000011101101000001000000000000000000000000000000000000000000
   35824 00000000000000011110110100000100000000000000000000000000000000000000000000000000000010100000000000000000000000000000000000000000
   35840 00000000000000001000101000000000000010000000000000000000000000000000000000000000000000010000101100000000000010000000000000000000
   35856 00000000000000000000000001001011000000000000100000000000000000000000000000000000000000001110111100000100000000000000000000000000
   35872 00000000000000000000000000000001111011110000010000000000000000000000000000000000000000000000000000001011000000000000000000000000
   35888 00000000000000000000000000000000100010110000000000001000000000000000000000000000000000000000000000000001000011000000000000001000
   35904 00000000000000000000000000000000000000000100110000000000000010000000000000000000000000000000000000000000111100010000010000000000
   35920 00000000000000000000000000000000000000000000000111110001000001000000000000000000000000000000000000000000000000000000110000000000
   35936 00000000000000000000000000000000000000000000000010001100000000000000100000000000000000000000000000000000000000000000000100001101
   35952 00000000000010000000000000000000000000000000000000000000010011010000000000001000000000000000000000000000000000000000000011110011
   35968 00000100000000000000000000000000000000000000000000000000000000011111001100000100000000000000000000000000000000000000000000000000
   35984 00001101000000000000000000000000000000000000000000000000000000001000110100000000000010000000000000000000000000000000000000000000
   36000 00000001000011100000000000001000000000000000000000000000000000000000000001001110000000000000100000000000000000000000000000000000
   36016 00000000111101010000010000000000000000000000000000000000000000000000000000000001111101010000010000000000000000000000000000000000
   36032 00000000000000000000111000000000000000000000000000000000000000000000000000000000100011100000000000001000000000000000000000000000
   36048 00000000000000000000000100001111000000000000100000000000000000000000000000000000000000000100111100000000000010000000000000000000
   36064 00000000000000000000000011110111000001000000000000000000000000000000000000000000000000000000000111110111000001000000000000000000
   36080 00000000000000000000000000000000000011110000000000000000000000000000000000000000000000000000000010001111000000000000100000000000
   36096 00000000000000000000000000000000000000010001000000000000000010000000000000000000000000000000000000000000010100000000000000001000
   36112 00000000000000000000000000000000000000001111100100000100000000000000000000000000000000000000000000000000000000011111100100000100
   36128 00000000000000000000000000000000000000000000000000001000000000000000000000000000000000000000000000000000000000001001000000000000
   36144 00001000000000000000000000000000000000000000000000000001000100010000000000001000000000000000000000000000000000000000000001010001
   36160 00000000000010000000000000000000000000000000000000000000111110110000010000000000000000000000000000000000000000000000000000000001
   36176 11111011000001000000000000000000000000000000000000000000000000000000100100000000000000000000000000000000000000000000000000000000
   36192 10010001000000000000100000000000000000000000000000000000000000000000000100010010000000000000100000000000000000000000000000000000
   36208 00000000010100100000000000001000000000000000000000000000000000000000000011111101000001000000000000000000000000000000000000000000
   36224 00000000000000011111110100000100000000000000000000000000000000000000000000000000000010100000000000000000000000000000000000000000
   36240 00000000000000001001001000000000000010000000000000000000000000000000000000000000000000010001001100000000000010000000000000000000
   36256 00000000000000000000000001010011000000000000100000000000000000000000000000000000000000001111111100000100000000000000000000000000
   36272 00000000000000000000000000000001111111110000010000000000000000000000000000000000000000000000000000001011000000000000000000000000
   36288 00000000000000000000000000000000100100110000000000001000000000000000000000000000000000000000000000000001000101000000000000001000
   36304 00000000000000000000000000000000000000000101010000000000000010000000000000000000000000000000000000000000000000010000010100000000
   36320 00000000000000000000000000000000000000000000000100000001000001010000000000000000000000000000000000000000000000000000110000000000
   36336 00000000000000000000000000000000000000000000000010010100000000000000100000000000000000000000000000000000000000000000000100010101
   36352 00000000000010000000000000000000000000000000000000000000010101010000000000001000000000000000000000000000000000000000000000000011
   36368 00000101000000000000000000000000000000000000000000000000000000010000001100000101000000000000000000000000000000000000000000000000
   36384 00001101000000000000000000000000000000000000000000000000000000001001010100000000000010000000000000000000000000000000000000000000
   36400 00000001000101100000000000001000000000000000000000000000000000000000000001010110000000000000100000000000000000000000000000000000
   36416 00000000000001010000010100000000000000000000000000000000000000000000000000000001000001010000010100000000000000000000000000000000
   36432 00000000000000000000111000000000000000000000000000000000000000000000000000000000100101100000000000001000000000000000000000000000
   36448 00000000000000000000000100010111000000000000100000000000000000000000000000000000000000000101011100000000000010000000000000000000
   36464 00000000000000000000000000000111000001010000000000000000000000000000000000000000000000000000000100000111000001010000000000000000
   36480 00000000000000000000000000000000000011110000000000000000000000000000000000000000000000000000000010010111000000000000100000000000
   36496 00000000000000000000000000000000000000010001100000000000000010000000000000000000000000000000000000000000010110000000000000001000
   36512 00000000000000000000000000000000000000000000100100000101000000000000000000000000000000000000000000000000000000010000100100000101
   36528 00000000000000000000000000000000000000000000000000001000000000000000000000000000000000000000000000000000000000001001100000000000
   36544 00001000000000000000000000000000000000000000000000000001000110010000000000001000000000000000000000000000000000000000000001011001
   36560 00000000000010000000000000000000000000000000000000000000000010110000010100000000000000000000000000000000000000000000000000000001
   36576 00001011000001010000000000000000000000000000000000000000000000000000100100000000000000000000000000000000000000000000000000000000
   36592 10011001000000000000100000000000000000000000000000000000000000000000000100011010000000000000100000000000000000000000000000000000
   36608 00000000010110100000000000001000000000000000000000000000000000000000000000001101000001010000000000000000000000000000000000000000
   36624 00000000000000010000110100000101000000000000000000000000000000000000000000000000000010100000000000000000000000000000000000000000
   36640 00000000000000001001101000000000000010000000000000000000000000000000000000000000000000010001101100000000000010000000000000000000
   36656 00000000000000000000000001011011000000000000100000000000000000000000000000000000000000000000111100000101000000000000000000000000
   36672 00000000000000000000000000000001000011110000010100000000000000000000000000000000000000000000000000001011000000000000000000000000
   36688 00000000000000000000000000000000100110110000000000001000000000000000000000000000000000000000000000000001000111000000000000001000
   36704 00000000000000000000000000000000000000000101110000000000000010000000000000000000000000000000000000000000000100010000010100000000
   36720 00000000000000000000000000000000000000000000000100010001000001010000000000000000000000000000000000000000000000000000110000000000
   36736 00000000000000000000000000000000000000000000000010011100000000000000100000000000000000000000000000000000000000000000000100011101
   36752 00000000000010000000000000000000000000000000000000000000010111010000000000001000000000000000000000000000000000000000000000010011
   36768 00000101000000000000000000000000000000000000000000000000000000010001001100000101000000000000000000000000000000000000000000000000
   36784 00001101000000000000000000000000000000000000000000000000000000001001110100000000000010000000000000000000000000000000000000000000
   36800 00000001000111100000000000001000000000000000000000000000000000000000000001011110000000000000100000000000000000000000000000000000
   36816 00000000000101010000010100000000000000000000000000000000000000000000000000000001000101010000010100000000000000000000000000000000
   36832 00000000000000000000111000000000000000000000000000000000000000000000000000000000100111100000000000001000000000000000000000000000
   36848 00000000000000000000000100011111000000000000100000000000000000000000000000000000000000000101111100000000000010000000000000000000
   36864 00000000000000000000000000010111000001010000000000000000000000000000000000000000000000000000000100010111000001010000000000000000
   36880 00000000000000000000000000000000000011110000000000000000000000000000000000000000000000000000000010011111000000000000100000000000
   36896 00000000000000000000000000000000000000010010000000000000000010000000000000000000000000000000000000000000011000000000000000001000
   36912 00000000000000000000000000000000000000000001100100000101000000000000000000000000000000000000000000000000000000010001100100000101
   36928 00000000000000000000000000000000000000000000000000001000000000000000000000000000000000000000000000000000000000001010000000000000
   36944 00001000000000000000000000000000000000000000000000000001001000010000000000001000000000000000000000000000000000000000000001100001
   36960 00000000000010000000000000000000000000000000000000000000000110110000010100000000000000000000000000000000000000000000000000000001
   36976 00011011000001010000000000000000000000000000000000000000000000000000100100000000000000000000000000000000000000000000000000000000
   36992 10100001000000000000100000000000000000000000000000000000000000000000000100100010000000000000100000000000000000000000000000000000
   37008 00000000011000100000000000001000000000000000000000000000000000000000000000011101000001010000000000000000000000000000000000000000
   37024 00000000000000010001110100000101000000000000000000000000000000000000000000000000000010100000000000000000000000000000000000000000
   37040 00000000000000001010001000000000000010000000000000000000000000000000000000000000000000010010001100000000000010000000000000000000
   37056 00000000000000000000000001100011000000000000100000000000000000000000000000000000000000000001111100000101000000000000000000000000
   37072 00000000000000000000000000000001000111110000010100000000000000000000000000000000000000000000000000001011000000000000000000000000
   37088 00000000000000000000000000000000101000110000000000001000000000000000000000000000000000000000000000000001001001000000000000001000
   37104 00000000000000000000000000000000000000000110010000000000000010000000000000000000000000000000000000000000001000010000010100000000
   37120 00000000000000000000000000000000000000000000000100100001000001010000000000000000000000000000000000000000000000000000110000000000
   37136 00000000000000000000000000000000000000000000000010100100000000000000100000000000000000000000000000000000000000000000000100100101
   37152 00000000000010000000000000000000000000000000000000000000011001010000000000001000000000000000000000000000000000000000000000100011
   37168 00000101000000000000000000000000000000000000000000000000000000010010001100000101000000000000000000000000000000000000000000000000
   37184 00001101000000000000000000000000000000000000000000000000000000001010010100000000000010000000000000000000000000000000000000000000
   37200 00000001001001100000000000001000000000000000000000000000000000000000000001100110000000000000100000000000000000000000000000000000
   37216 00000000001001010000010100000000000000000000000000000000000000000000000000000001001001010000010100000000000000000000000000000000
   37232 00000000000000000000111000000000000000000000000000000000000000000000000000000000101001100000000000001000000000000000000000000000
   37248 00000000000000000000000100100111000000000000100000000000000000000000000000000000000000000110011100000000000010000000000000000000
   37264 00000000000000000000000000100111000001010000000000000000000000000000000000000000000000000000000100100111000001010000000000000000
   37280 00000000000000000000000000000000000011110000000000000000000000000000000000000000000000000000000010100111000000000000100000000000
   37296 00000000000000000000000000000000000000010010100000000000000010000000000000000000000000000000000000000000011010000000000000001000
   37312 00000000000000000000000000000000000000000010100100000101000000000000000000000000000000000000000000000000000000010010100100000101
   37328 00000000000000000000000000000000000000000000000000001000000000000000000000000000000000000000000000000000000000001010100000000000
   37344 00001000000000000000000000000000000000000000000000000001001010010000000000001000000000000000000000000000000000000000000001101001
   37360 00000000000010000000000000000000000000000000000000000000001010110000010100000000000000000000000000000000000000000000000000000001
   37376 00101011000001010000000000000000000000000000000000000000000000000000100100000000000000000000000000000000000000000000000000000000
   37392 10101001000000000000100000000000000000000000000000000000000000000000000100101010000000000000100000000000000000000000000000000000
   37408 00000000011010100000000000001000000000000000000000000000000000000000000000101101000001010000000000000000000000000000000000000000
   37424 00000000000000010010110100000101000000000000000000000000000000000000000000000000000010100000000000000000000000000000000000000000
   37440 00000000000000001010101000000000000010000000000000000000000000000000000000000000000000010010101100000000000010000000000000000000
   37456 00000000000000000000000001101011000000000000100000000000000000000000000000000000000000000010111100000101000000000000000000000000
   37472 00000000000000000000000000000001001011110000010100000000000000000000000000000000000000000000000000001011000000000000000000000000
   37488 00000000000000000000000000000000101010110000000000001000000000000000000000000000000000000000000000000001001011000000000000001000
   37504 00000000000000000000000000000000000000000110110000000000000010000000000000000000000000000000000000000000001100010000010100000000
   37520 00000000000000000000000000000000000000000000000100110001000001010000000000000000000000000000000000000000000000000000110000000000
   37536 00000000000000000000000000000000000000000000000010101100000000000000100000000000000000000000000000000000000000000000000100101101
   37552 00000000000010000000000000000000000000000000000000000000011011010000000000001000000000000000000000000000000000000000000000110011
   37568 00000101000000000000000000000000000000000000000000000000000000010011001100000101000000000000000000000000000000000000000000000000
   37584 00001101000000000000000000000000000000000000000000000000000000001010110100000000000010000000000000000000000000000000000000000000
   37600 00000001001011100000000000001000000000000000000000000000000000000000000001101110000000000000100000000000000000000000000000000000
   37616 00000000001101010000010100000000000000000000000000000000000000000000000000000001001101010000010100000000000000000000000000000000
   37632 00000000000000000000111000000000000000000000000000000000000000000000000000000000101011100000000000001000000000000000000000000000
   37648 00000000000000000000000100101111000000000000100000000000000000000000000000000000000000000110111100000000000010000000000000000000
   37664 00000000000000000000000000110111000001010000000000000000000000000000000000000000000000000000000100110111000001010000000000000000
   37680 00000000000000000000000000000000000011110000000000000000000000000000000000000000000000000000000010101111000000000000100000000000
   37696 00000000000000000000000000000000000000010011000000000000000010000000000000000000000000000000000000000000011100000000000000001000
   37712 00000000000000000000000000000000000000000011100100000101000000000000000000000000000000000000000000000000000000010011100100000101
   37728 00000000000000000000000000000000000000000000000000001000000000000000000000000000000000000000000000000000000000001011000000000000
   37744 00001000000000000000000000000000000000000000000000000001001100010000000000001000000000000000000000000000000000000000000001110001
   37760 00000000000010000000000000000000000000000000000000000000001110110000010100000000000000000000000000000000000000000000000000000001
   37776 00111011000001010000000000000000000000000000000000000000000000000000100100000000000000000000000000000000000000000000000000000000
   37792 10110001000000000000100000000000000000000000000000000000000000000000000100110010000000000000100000000000000000000000000000000000
   37808 00000000011100100000000000001000000000000000000000000000000000000000000000111101000001010000000000000000000000000000000000000000
   37824 00000000000000010011110100000101000000000000000000000000000000000000000000000000000010100000000000000000000000000000000000000000
   37840 00000000000000001011001000000000000010000000000000000000000000000000000000000000000000010011001100000000000010000000000000000000
   37856 00000000000000000000000001110011000000000000100000000000000000000000000000000000000000000011111100000101000000000000000000000000
   37872 00000000000000000000000000000001001111110000010100000000000000000000000000000000000000000000000000001011000000000000000000000000
   37888 00000000000000000000000000000000101100110000000000001000000000000000000000000000000000000000000000000001001101000000000000001000
   37904 00000000000000000000000000000000000000000111010000000000000010000000000000000000000000000000000000000000010000010000010100000000
   37920 00000000000000000000000000000000000000000000000101000001000001010000000000000000000000000000000000000000000000000000110000000000
   37936 00000000000000000000000000000000000000000000000010110100000000000000100000000000000000000000000000000000000000000000000100110101
   37952 00000000000010000000000000000000000000000000000000000000011101010000000000001000000000000000000000000000000000000000000001000011
   37968 00000101000000000000000000000000000000000000000000000000000000010100001100000101000000000000000000000000000000000000000000000000
   37984 00001101000000000000000000000000000000000000000000000000000000001011010100000000000010000000000000000000000000000000000000000000
   38000 00000001001101100000000000001000000000000000000000000000000000000000000001110110000000000000100000000000000000000000000000000000
   38016 00000000010001010000010100000000000000000000000000000000000000000000000000000001010001010000010100000000000000000000000000000000
   38032 00000000000000000000111000000000000000000000000000000000000000000000000000000000101101100000000000001000000000000000000000000000
   38048 00000000000000000000000100110111000000000000100000000000000000000000000000000000000000000111011100000000000010000000000000000000
   38064 00000000000000000000000001000111000001010000000000000000000000000000000000000000000000000000000101000111000001010000000000000000
   38080 00000000000000000000000000000000000011110000000000000000000000000000000000000000000000000000000010110111000000000000100000000000
   38096 00000000000000000000000000000000000000010011100000000000000010000000000000000000000000000000000000000000011110000000000000001000
   38112 00000000000000000000000000000000000000000100100100000101000000000000000000000000000000000000000000000000000000010100100100000101
   38128 00000000000000000000000000000000000000000000000000001000000000000000000000000000000000000000000000000000000000001011100000000000
   38144 00001000000000000000000000000000000000000000000000000001001110010000000000001000000000000000000000000000000000000000000001111001
   38160 00000000000010000000000000000000000000000000000000000000010010110000010100000000000000000000000000000000000000000000000000000001
   38176 01001011000001010000000000000000000000000000000000000000000000000000100100000000000000000000000000000000000000000000000000000000
   38192 10111001000000000000100000000000000000000000000000000000000000000000000100111010000000000000100000000000000000000000000000000000
   38208 00000000011110100000000000001000000000000000000000000000000000000000000001001101000001010000000000000000000000000000000000000000
   38224 00000000000000010100110100000101000000000000000000000000000000000000000000000000000010100000000000000000000000000000000000000000
   38240 00000000000000001011101000000000000010000000000000000000000000000000000000000000000000010011101100000000000010000000000000000000
   38256 00000000000000000000000001111011000000000000100000000000000000000000000000000000000000000100111100000101000000000000000000000000
   38272 00000000000000000000000000000001010011110000010100000000000000000000000000000000000000000000000000001011000000000000000000000000
   38288 00000000000000000000000000000000101110110000000000001000000000000000000000000000000000000000000000000001001111000000000000001000
   38304 00000000000000000000000000000000000000000111110000000000000010000000000000000000000000000000000000000000010100010000010100000000
   38320 00000000000000000000000000000000000000000000000101010001000001010000000000000000000000000000000000000000000000000000110000000000
   38336 00000000000000000000000000000000000000000000000010111100000000000000100000000000000000000000000000000000000000000000000100111101
   38352 00000000000010000000000000000000000000000000000000000000011111010000000000001000000000000000000000000000000000000000000001010011
   38368 00000101000000000000000000000000000000000000000000000000000000010101001100000101000000000000000000000000000000000000000000000000
   38384 00001101000000000000000000000000000000000000000000000000000000001011110100000000000010000000000000000000000000000000000000000000
   38400 00000001001111100000000000001000000000000000000000000000000000000000000001111110000000000000100000000000000000000000000000000000
   38416 00000000010101010000010100000000000000000000000000000000000000000000000000000001010101010000010100000000000000000000000000000000
   38432 00000000000000000000111000000000000000000000000000000000000000000000000000000000101111100000000000001000000000000000000000000000
   38448 00000000000000000000000100111111000000000000100000000000000000000000000000000000000000000111111100000000000010000000000000000000
   38464 00000000000000000000000001010111000001010000000000000000000000000000000000000000000000000000000101010111000001010000000000000000
   38480 00000000000000000000000000000000000011110000000000000000000000000000000000000000000000000000000010111111000000000000100000000000
   38496 00000000000000000000000000000000000000101000000000000000000010000000000000000000000000000000000000000000100000000000000000001000
   38512 00000000000000000000000000000000000000001000000000000000000000000000000000000000000000000000000000000000000000101000000100000000
   38528 00001000000000000000000000000000000000000000000010000001000000000000100000000000000000000000000000000000000000001000000100000000
   38544 00000000000000000000000000000000000000000000000000000010100000100000000000001000000000000000000000000000000000000000000010000010
   38560 00000000000010000000000000000000000000000000000000000000100000100000000000000000000000000000000000000000000000000000000000000010
   38576 10000011000000000000100000000000000000000000000000000000000000001000001100000000000010000000000000000000000000000000000000000000
   38592 10000011000000000000000000000000000000000000000000000000000000000000001010000100000000000000100000000000000000000000000000000000
   38608 00000000100001000000000000001000000000000000000000000000000000000000000010000100000000000000000000000000000000000000000000000000
   38624 00000000000000101000010100000000000010000000000000000000000000000000000000000000100001010000000000001000000000000000000000000000
   38640 00000000000000001000010100000000000000000000000000000000000000000000000000000000000000101000011000000000000010000000000000000000
   38656 00000000000000000000000010000110000000000000100000000000000000000000000000000000000000001000011000000000000000000000000000000000
   38672 00000000000000000000000000000010100001110000000000001000000000000000000000000000000000000000000010000111000000000000100000000000
   38688 00000000000000000000000000000000100001110000000000000000000000000000000000000000000000000000000000000010100010000000000000001000
   38704 00000000000000000000000000000000000000001000100000000000000010000000000000000000000000000000000000000000100010000000000000000000
   38720 00000000000000000000000000000000000000000000001010001001000000000000100000000000000000000000000000000000000000001000100100000000
   38736 00001000000000000000000000000000000000000000000010001001000000000000000000000000000000000000000000000000000000000000001010001010
   38752 00000000000010000000000000000000000000000000000000000000100010100000000000001000000000000000000000000000000000000000000010001010
   38768 00000000000000000000000000000000000000000000000000000000000000101000101100000000000010000000000000000000000000000000000000000000
   38784 10001011000000000000100000000000000000000000000000000000000000001000101100000000000000000000000000000000000000000000000000000000
   38800 00000010100011000000000000001000000000000000000000000000000000000000000010001100000000000000100000000000000000000000000000000000
   38816 00000000100011000000000000000000000000000000000000000000000000000000000000000010100011010000000000001000000000000000000000000000
   38832 00000000000000001000110100000000000010000000000000000000000000000000000000000000100011010000000000000000000000000000000000000000
   38848 00000000000000000000001010001110000000000000100000000000000000000000000000000000000000001000111000000000000010000000000000000000
   38864 00000000000000000000000010001110000000000000000000000000000000000000000000000000000000000000001010001111000000000000100000000000
   38880 00000000000000000000000000000000100011110000000000001000000000000000000000000000000000000000000010001111000000000000000000000000
   38896 00000000000000000000000000000000000000100000000000000000000000000000000000000000000000000000000000000000000000000000000000000000
   38912 00000000000000000000000000000000000000000000000100000000001000000000000000000000000000000000000000000000000000100000000100000000
   38928 00000000000000000000000000000000000000000000000000000001000000000000000000000000000000000000000000000000000000000000001000000000
   38944 00100000000000000000000000000000000000000000000000000010000000100000000000000000000000000000000000000000000000000000000000000010
   38960 00000000000000000000000000000000000000000000000000000000000000110000000000100000000000000000000000000000000000000000000000000010
   38976 00000011000000000000000000000000000000000000000000000000000000000000001100000000000000000000000000000000000000000000000000000000
   38992 00000100000000000010000000000000000000000000000000000000000000000000001000000100000000000000000000000000000000000000000000000000
   39008 00000000000001000000000000000000000000000000000000000000000000000000000000000101000000000010000000000000000000000000000000000000
   39024 00000000000000100000010100000000000000000000000000000000000000000000000000000000000001010000000000000000000000000000000000000000
   39040 00000000000000000000011000000000001000000000000000000000000000000000000000000000000000100000011000000000000000000000000000000000
   39056 00000000000000000000000000000110000000000000000000000000000000000000000000000000000000000000011100000000001000000000000000000000
   39072 00000000000000000000000000000010000001110000000000000000000000000000000000000000000000000000000000000111000000000000000000000000
   39088 00000000000000000000000000000000000010000000000000100000000000000000000000000000000000000000000000000010000010000000000000000000
   39104 00000000000000000000000000000000000000000000100000000000000000000000000000000000000000000000000000000000000110100000000000100000
   39120 00000000000000000000000000000000000000000000001000001001000000000000000000000000000000000000000000000000000000000000100100000000
   39136 00000000000000000000000000000000000000000000000000011011000000000010000000000000000000000000000000000000000000000000001000001010
   39152 00000000000000000000000000000000000000000000000000000000000010100000000000000000000000000000000000000000000000000000000000011100
   39168 00000000001000000000000000000000000000000000000000000000000000100000101100000000000000000000000000000000000000000000000000000000
   39184 00001011000000000000000000000000000000000000000000000000000000000001110100000000001000000000000000000000000000000000000000000000
   39200 00000010000011000000000000000000000000000000000000000000000000000000000000001100000000000000000000000000000000000000000000000000
   39216 00000000000111100000000000100000000000000000000000000000000000000000000000000010000011010000000000000000000000000000000000000000
   39232 00000000000000000000110100000000000000000000000000000000000000000000000000000000000111110000000000100000000000000000000000000000
   39248 00000000000000000000001000001110000000000000000000000000000000000000000000000000000000000000111000000000000000000000000000000000
   39264 00000000000000000000000000100000000000000010000000000000000000000000000000000000000000000000001000001111000000000000000000000000
   39280 00000000000000000000000000000000000011110000000000000000000000000000000000000000000000000000000000100001000000000010000000000000
   39296 00000000000000000000000000000000000000100001000000000000000000000000000000000000000000000000000000000000000100000000000000000000
   39312 00000000000000000000000000000000000000000011001100000000001000000000000000000000000000000000000000000000000000100001000100000000
   39328 00000000000000000000000000000000000000000000000000010001000000000000000000000000000000000000000000000000000000000011010000000000
   39344 00100000000000000000000000000000000000000000000000000010000100100000000000000000000000000000000000000000000000000000000000010010
   39360 00000000000000000000000000000000000000000000000000000000001101010000000000100000000000000000000000000000000000000000000000000010
   39376 00010011000000000000000000000000000000000000000000000000000000000001001100000000000000000000000000000000000000000000000000000000
   39392 00110110000000000010000000000000000000000000000000000000000000000000001000010100000000000000000000000000000000000000000000000000
   39408 00000000000101000000000000000000000000000000000000000000000000000000000000110111000000000010000000000000000000000000000000000000
   39424 00000000000000100001010100000000000000000000000000000000000000000000000000000000000101010000000000000000000000000000000000000000
   39440 00000000000000000011100000000000001000000000000000000000000000000000000000000000000000100001011000000000000000000000000000000000
   39456 00000000000000000000000000010110000000000000000000000000000000000000000000000000000000000011100100000000001000000000000000000000
   39472 00000000000000000000000000000010000101110000000000000000000000000000000000000000000000000000000000010111000000000000000000000000
   39488 00000000000000000000000000000000001110100000000000100000000000000000000000000000000000000000000000000010000110000000000000000000
   39504 00000000000000000000000000000000000000000001100000000000000000000000000000000000000000000000000000000000010011000000000000100000
   39520 00000000000000000000000000000000000000000000001000011001000000000000000000000000000000000000000000000000000000000001100100000000
   39536 00000000000000000000000000000000000000000000000001001101000000000010000000000000000000000000000000000000000000000000001000011010
   39552 00000000000000000000000000000000000000000000000000000000000110100000000000000000000000000000000000000000000000000000000001001110
   39568 00000000001000000000000000000000000000000000000000000000000000100001101100000000000000000000000000000000000000000000000000000000
   39584 00011011000000000000000000000000000000000000000000000000000000000100111100000000001000000000000000000000000000000000000000000000
   39600 00000010000111000000000000000000000000000000000000000000000000000000000000011100000000000000000000000000000000000000000000000000
   39616 00000000010100000000000000100000000000000000000000000000000000000000000000000010000111010000000000000000000000000000000000000000
   39632 00000000000000000001110100000000000000000000000000000000000000000000000000000000010100010000000000100000000000000000000000000000
   39648 00000000000000000000001000011110000000000000000000000000000000000000000000000000000000000001111000000000000000000000000000000000
   39664 00000000000000000000000001010010000000000010000000000000000000000000000000000000000000000000001000011111000000000000000000000000
   39680 00000000000000000000000000000000000111110000000000000000000000000000000000000000000000000000000001010011000000000010000000000000
   39696 00000000000000000000000000000000000000100001000000000000000000000000000000000000000000000000000000000000000100000000000000000000
   39712 00000000000000000000000000000000000000000100000000000110001000000000000000000000000000000000000000000000000000100001000000000000
   39728 00000000000000000000000000000000000000000000000000010000000000000000000000000000000000000000000000000000000000000100000100000110
   39744 00100000000000000000000000000000000000000000000000000010000100000000000000000000000000000000000000000000000000000000000000010000
   39760 00000000000000000000000000000000000000000000000000000000010010010000011000100000000000000000000000000000000000000000000000000010
   39776 00010000000000000000000000000000000000000000000000000000000000000001000000000000000000000000000000000000000000000000000000000000
   39792 01010001000001100010000000000000000000000000000000000000000000000000001000010001000000000000000000000000000000000000000000000000
   39808 00000000000100010000000000000000000000000000000000000000000000000000000001011001000001100010000000000000000000000000000000000000
   39824 00000000000000100001000100000000000000000000000000000000000000000000000000000000000100010000000000000000000000000000000000000000
   39840 00000000000000000101101000000110001000000000000000000000000000000000000000000000000000100001000100000000000000000000000000000000
   39856 00000000000000000000000000010001000000000000000000000000000000000000000000000000000000000110001000000110001000000000000000000000
   39872 00000000000000000000000000000010000100010000000000000000000000000000000000000000000000000000000000010001000000000000000000000000
   39888 00000000000000000000000000000000011010100000011000100000000000000000000000000000000000000000000000000010000100100000000000000000
   39904 00000000000000000000000000000000000000000001001000000000000000000000000000000000000000000000000000000000011100100000011000100000
   39920 00000000000000000000000000000000000000000000001000010010000000000000000000000000000000000000000000000000000000000001001000000000
   39936 00000000000000000000000000000000000000000000000001110011000001100010000000000000000000000000000000000000000000000000001000010010
   39952 00000000000000000000000000000000000000000000000000000000000100100000000000000000000000000000000000000000000000000000000001111011
   39968 00000110001000000000000000000000000000000000000000000000000000100001001000000000000000000000000000000000000000000000000000000000
   39984 00010010000000000000000000000000000000000000000000000000000000001000001100000110001000000000000000000000000000000000000000000000
   40000 00000010000100110000000000000000000000000000000000000000000000000000000000010011000000000000000000000000000000000000000000000000
   40016 00000000100010110000011000100000000000000000000000000000000000000000000000000010000100110000000000000000000000000000000000000000
   40032 00000000000000000001001100000000000000000000000000000000000000000000000000000000100011000000011000100000000000000000000000000000
   40048 00000000000000000000001000010011000000000000000000000000000000000000000000000000000000000001001100000000000000000000000000000000
   40064 00000000000000000000000010010100000001100010000000000000000000000000000000000000000000000000001000010011000000000000000000000000
   40080 00000000000000000000000000000000000100110000000000000000000000000000000000000000000000000000000010011100000001100010000000000000
   40096 00000000000000000000000000000000000000100001010000000000000000000000000000000000000000000000000000000000000101000000000000000000
   40112 00000000000000000000000000000000000000001010010000000110001000000000000000000000000000000000000000000000000000100001010000000000
   40128 00000000000000000000000000000000000000000000000000010100000000000000000000000000000000000000000000000000000000001010010100000110
   40144 00100000000000000000000000000000000000000000000000000010000101000000000000000000000000000000000000000000000000000000000000010100
   40160 00000000000000000000000000000000000000000000000000000000101011010000011000100000000000000000000000000000000000000000000000000010
   40176 00010100000000000000000000000000000000000000000000000000000000000001010000000000000000000000000000000000000000000000000000000000
   40192 10110101000001100010000000000000000000000000000000000000000000000000001000010101000000000000000000000000000000000000000000000000
   40208 00000000000101010000000000000000000000000000000000000000000000000000000010111101000001100010000000000000000000000000000000000000
   40224 00000000000000100001010100000000000000000000000000000000000000000000000000000000000101010000000000000000000000000000000000000000
   40240 00000000000000001011111000000110001000000000000000000000000000000000000000000000000000100001010100000000000000000000000000000000
   40256 00000000000000000000000000010101000000000000000000000000000000000000000000000000000000001100011000000110001000000000000000000000
   40272 00000000000000000000000000000010000101010000000000000000000000000000000000000000000000000000000000010101000000000000000000000000
   40288 00000000000000000000000000000000110011100000011000100000000000000000000000000000000000000000000000000010000101100000000000000000
   40304 00000000000000000000000000000000000000000001011000000000000000000000000000000000000000000000000000000000110101100000011000100000
   40320 00000000000000000000000000000000000000000000001000010110000000000000000000000000000000000000000000000000000000000001011000000000
   40336 00000000000000000000000000000000000000000000000011010111000001100010000000000000000000000000000000000000000000000000001000010110
   40352 00000000000000000000000000000000000000000000000000000000000101100000000000000000000000000000000000000000000000000000000011011111
   40368 00000110001000000000000000000000000000000000000000000000000000100001011000000000000000000000000000000000000000000000000000000000
   40384 00010110000000000000000000000000000000000000000000000000000000001110011100000110001000000000000000000000000000000000000000000000
   40400 00000010000101110000000000000000000000000000000000000000000000000000000000010111000000000000000000000000000000000000000000000000
   40416 00000000111011110000011000100000000000000000000000000000000000000000000000000010000101110000000000000000000000000000000000000000
   40432 00000000000000000001011100000000000000000000000000000000000000000000000000000000111100000000011000100000000000000000000000000000
   40448 00000000000000000000001000010111000000000000000000000000000000000000000000000000000000000001011100000000000000000000000000000000
   40464 00000000000000000000000011111000000001100010000000000000000000000000000000000000000000000000001000010111000000000000000000000000
   40480 00000000000000000000000000000000000101110000000000000000000000000000000000000000000000000000000000000000000001110010000000000000
   40496 00000000000000000000000000000000000000011010000000000000000000000000000000000000000000000000000000000000001000000000000000000000
   40512 00000000000000000000000000000000000000000101100100000110000000000000000000000000000000000000000000000000000000111010000000000000
   40528 00000000000000000000000000000000000000000000000001011001000001100000000000000000000000000000000000000000000000001010000000000000
   40544 00000000000000000000000000000000000000000000000000000001101000010000000000000000000000000000000000000000000000000000000000100001
   40560 00000000000000000000000000000000000000000000000000000000010110110000011000000000000000000000000000000000000000000000000000000011
   40576 10100000000000000000000000000000000000000000000000000000000000000101101100000110000000000000000000000000000000000000000000000000
   40592 10100000000000000000000000000000000000000000000000000000000000000000000110100010000000000000000000000000000000000000000000000000
   40608 00000000001000100000000000000000000000000000000000000000000000000000000001011101000001100000000000000000000000000000000000000000
   40624 00000000000000111010000000000000000000000000000000000000000000000000000000000000010111010000011000000000000000000000000000000000
   40640 00000000000000001010000000000000000000000000000000000000000000000000000000000000000000011010001100000000000000000000000000000000
   40656 00000000000000000000000000100011000000000000000000000000000000000000000000000000000000000101111100000110000000000000000000000000
   40672 00000000000000000000000000000011101000000000000000000000000000000000000000000000000000000000000001011111000001100000000000000000
   40688 00000000000000000000000000000000101000000000000000000000000000000000000000000000000000000000000000000001101000010000000000000000
   40704 00000000000000000000000000000000000000000010000000000000000000000000000000000000000000000000000000000000011000010000011000000000
   40720 00000000000000000000000000000000000000000000001110100001000000000000000000000000000000000000000000000000000000000110000100000110
   40736 00000000000000000000000000000000000000000000000010100001000000000000000000000000000000000000000000000000000000000000000110100010
   40752 00000000000000000000000000000000000000000000000000000000001000010000000000000000000000000000000000000000000000000000000001100011
   40768 00000110000000000000000000000000000000000000000000000000000000111010000100000000000000000000000000000000000000000000000000000000
   40784 01100011000001100000000000000000000000000000000000000000000000001010000100000000000000000000000000000000000000000000000000000000
   40800 00000001101000110000000000000000000000000000000000000000000000000000000000100010000000000000000000000000000000000000000000000000
   40816 00000000011001010000011000000000000000000000000000000000000000000000000000000011101000010000000000000000000000000000000000000000
   40832 00000000000000000110010100000110000000000000000000000000000000000000000000000000101000010000000000000000000000000000000000000000
   40848 00000000000000000000000110100100000000000000000000000000000000000000000000000000000000000010001100000000000000000000000000000000
   40864 00000000000000000000000001100111000001100000000000000000000000000000000000000000000000000000001110100001000000000000000000000000
   40880 00000000000000000000000000000000011001110000011000000000000000000000000000000000000000000000000010100001000000000000000000000000
   40896 00000000000000000000000000000000000000011010001000000000000000000000000000000000000000000000000000000000001000000000000000000000
   40912 00000000000000000000000000000000000000000110100100000110000000000000000000000000000000000000000000000000000000111010001000000000
   40928 00000000000000000000000000000000000000000000000001101001000001100000000000000000000000000000000000000000000000001010001000000000
   40944 00000000000000000000000000000000000000000000000000000001101000110000000000000000000000000000000000000000000000000000000000100001
   40960 00000000000000000000000000000000000000000000000000000000011010110000011000000000000000000000000000000000000000000000000000000011
   40976 10100010000000000000000000000000000000000000000000000000000000000110101100000110000000000000000000000000000000000000000000000000
   40992 10100010000000000000000000000000000000000000000000000000000000000000000110100100000000000000000000000000000000000000000000000000
   41008 00000000001000100000000000000000000000000000000000000000000000000000000001101101000001100000000000000000000000000000000000000000
   41024 00000000000000111010001000000000000000000000000000000000000000000000000000000000011011010000011000000000000000000000000000000000
   41040 00000000000000001010001000000000000000000000000000000000000000000000000000000000000000011010010100000000000000000000000000000000
   41056 00000000000000000000000000100011000000000000000000000000000000000000000000000000000000000110111100000110000000000000000000000000
   41072 00000000000000000000000000000011101000100000000000000000000000000000000000000000000000000000000001101111000001100000000000000000
   41088 00000000000000000000000000000000101000100000000000000000000000000000000000000000000000000000000000000001101000110000000000000000
   41104 00000000000000000000000000000000000000000010000000000000000000000000000000000000000000000000000000000000011100010000011000000000
   41120 00000000000000000000000000000000000000000000001110100011000000000000000000000000000000000000000000000000000000000111000100000110
   41136 00000000000000000000000000000000000000000000000010100011000000000000000000000000000000000000000000000000000000000000000110100100
   41152 00000000000000000000000000000000000000000000000000000000001000010000000000000000000000000000000000000000000000000000000001110011
   41168 00000110000000000000000000000000000000000000000000000000000000111010001100000000000000000000000000000000000000000000000000000000
   41184 01110011000001100000000000000000000000000000000000000000000000001010001100000000000000000000000000000000000000000000000000000000
   41200 00000001101001010000000000000000000000000000000000000000000000000000000000100010000000000000000000000000000000000000000000000000
   41216 00000000011101010000011000000000000000000000000000000000000000000000000000000011101000110000000000000000000000000000000000000000
   41232 00000000000000000111010100000110000000000000000000000000000000000000000000000000101000110000000000000000000000000000000000000000
   41248 00000000000000000000000110100110000000000000000000000000000000000000000000000000000000000010001100000000000000000000000000000000
   41264 00000000000000000000000001110111000001100000000000000000000000000000000000000000000000000000001110100011000000000000000000000000
   41280 00000000000000000000000000000000011101110000011000000000000000000000000000000000000000000000000010100011000000000000000000000000
   41296 00000000000000000000000000000000000000011010010000000000000000000000000000000000000000000000000000000000001000000000000000000000
   41312 00000000000000000000000000000000000000000111100100000110000000000000000000000000000000000000000000000000000000111010010000000000
   41328 00000000000000000000000000000000000000000000000001111001000001100000000000000000000000000000000000000000000000001010010000000000
   41344 00000000000000000000000000000000000000000000000000000001101001010000000000000000000000000000000000000000000000000000000000100001
   41360 00000000000000000000000000000000000000000000000000000000011110110000011000000000000000000000000000000000000000000000000000000011
   41376 10100100000000000000000000000000000000000000000000000000000000000111101100000110000000000000000000000000000000000000000000000000
   41392 10100100000000000000000000000000000000000000000000000000000000000000000110100110000000000000000000000000000000000000000000000000
   41408 00000000001000100000000000000000000000000000000000000000000000000000000001111101000001100000000000000000000000000000000000000000
   41424 00000000000000111010010000000000000000000000000000000000000000000000000000000000011111010000011000000000000000000000000000000000
   41440 00000000000000001010010000000000000000000000000000000000000000000000000000000000000000011010011100000000000000000000000000000000
   41456 00000000000000000000000000100011000000000000000000000000000000000000000000000000000000000111111100000110000000000000000000000000
   41472 00000000000000000000000000000011101001000000000000000000000000000000000000000000000000000000000001111111000001100000000000000000
   41488 00000000000000000000000000000000101001000000000000000000000000000000000000000000000000000000000000000001101001010000000000000000
   41504 00000000000000000000000000000000000000000010000000000000000000000000000000000000000000000000000000000000100000010000011000000000
   41520 00000000000000000000000000000000000000000000001110100101000000000000000000000000000000000000000000000000000000001000000100000110
   41536 00000000000000000000000000000000000000000000000010100101000000000000000000000000000000000000000000000000000000000000000110100110
   41552 00000000000000000000000000000000000000000000000000000000001000010000000000000000000000000000000000000000000000000000000010000011
   41568 00000110000000000000000000000000000000000000000000000000000000111010010100000000000000000000000000000000000000000000000000000000
   41584 10000011000001100000000000000000000000000000000000000000000000001010010100000000000000000000000000000000000000000000000000000000
   41600 00000001101001110000000000000000000000000000000000000000000000000000000000100010000000000000000000000000000000000000000000000000
   41616 00000000100001010000011000000000000000000000000000000000000000000000000000000011101001010000000000000000000000000000000000000000
   41632 00000000000000001000010100000110000000000000000000000000000000000000000000000000101001010000000000000000000000000000000000000000
   41648 00000000000000000000000110101000000000000000000000000000000000000000000000000000000000000010001100000000000000000000000000000000
   41664 00000000000000000000000010000111000001100000000000000000000000000000000000000000000000000000001110100101000000000000000000000000
   41680 00000000000000000000000000000000100001110000011000000000000000000000000000000000000000000000000010100101000000000000000000000000
   41696 00000000000000000000000000000000000000011010011000000000000000000000000000000000000000000000000000000000001000000000000000000000
   41712 00000000000000000000000000000000000000001000100100000110000000000000000000000000000000000000000000000000000000111010011000000000
   41728 00000000000000000000000000000000000000000000000010001001000001100000000000000000000000000000000000000000000000001010011000000000
   41744 00000000000000000000000000000000000000000000000000000001101001110000000000000000000000000000000000000000000000000000000000100001
   41760 00000000000000000000000000000000000000000000000000000000100010110000011000000000000000000000000000000000000000000000000000000011
   41776 10100110000000000000000000000000000000000000000000000000000000001000101100000110000000000000000000000000000000000000000000000000
   41792 10100110000000000000000000000000000000000000000000000000000000000000000110101000000000000000000000000000000000000000000000000000
   41808 00000000001000100000000000000000000000000000000000000000000000000000000010001101000001100000000000000000000000000000000000000000
   41824 00000000000000111010011000000000000000000000000000000000000000000000000000000000100011010000011000000000000000000000000000000000
   41840 00000000000000001010011000000000000000000000000000000000000000000000000000000000000000011010100100000000000000000000000000000000
   41856 00000000000000000000000000100011000000000000000000000000000000000000000000000000000000001000111100000110000000000000000000000000
   41872 00000000000000000000000000000011101001100000000000000000000000000000000000000000000000000000000010001111000001100000000000000000
   41888 00000000000000000000000000000000101001100000000000000000000000000000000000000000000000000000000000000001101001110000000000000000
   41904 00000000000000000000000000000000000000000010000000000000000000000000000000000000000000000000000000000000100100010000011000000000
   41920 00000000000000000000000000000000000000000000001110100111000000000000000000000000000000000000000000000000000000001001000100000110
   41936 00000000000000000000000000000000000000000000000010100111000000000000000000000000000000000000000000000000000000000000000110101000
   41952 00000000000000000000000000000000000000000000000000000000001000010000000000000000000000000000000000000000000000000000000010010011
   41968 00000110000000000000000000000000000000000000000000000000000000111010011100000000000000000000000000000000000000000000000000000000
   41984 10010011000001100000000000000000000000000000000000000000000000001010011100000000000000000000000000000000000000000000000000000000
   42000 00000001101010010000000000000000000000000000000000000000000000000000000000100010000000000000000000000000000000000000000000000000
   42016 00000000100101010000011000000000000000000000000000000000000000000000000000000011101001110000000000000000000000000000000000000000
   42032 00000000000000001001010100000110000000000000000000000000000000000000000000000000101001110000000000000000000000000000000000000000
   42048 00000000000000000000000110101010000000000000000000000000000000000000000000000000000000000010001100000000000000000000000000000000
   42064 00000000000000000000000010010111000001100000000000000000000000000000000000000000000000000000001110100111000000000000000000000000
   42080 00000000000000000000000000000000100101110000011000000000000000000000000000000000000000000000000010100111000000000000000000000000
   42096 00000000000000000000000000000000000000011010100000000000000000000000000000000000000000000000000000000000001000000000000000000000
   42112 00000000000000000000000000000000000000001001100100000110000000000000000000000000000000000000000000000000000000111010100000000000
   42128 00000000000000000000000000000000000000000000000010011001000001100000000000000000000000000000000000000000000000001010100000000000
   42144 00000000000000000000000000000000000000000000000000000001101010010000000000000000000000000000000000000000000000000000000000100001
   42160 00000000000000000000000000000000000000000000000000000000100110110000011000000000000000000000000000000000000000000000000000000011
   42176 10101000000000000000000000000000000000000000000000000000000000001001101100000110000000000000000000000000000000000000000000000000
   42192 10101000000000000000000000000000000000000000000000000000000000000000000110101010000000000000000000000000000000000000000000000000
   42208 00000000001000100000000000000000000000000000000000000000000000000000000010011101000001100000000000000000000000000000000000000000
   42224 00000000000000111010100000000000000000000000000000000000000000000000000000000000100111010000011000000000000000000000000000000000
   42240 00000000000000001010100000000000000000000000000000000000000000000000000000000000000000011010101100000000000000000000000000000000
   42256 00000000000000000000000000100011000000000000000000000000000000000000000000000000000000001001111100000110000000000000000000000000
   42272 00000000000000000000000000000011101010000000000000000000000000000000000000000000000000000000000010011111000001100000000000000000
   42288 00000000000000000000000000000000101010000000000000000000000000000000000000000000000000000000000000000001101010010000000000000000
   42304 00000000000000000000000000000000000000000010000000000000000000000000000000000000000000000000000000000000101000010000011000000000
   42320 00000000000000000000000000000000000000000000001110101001000000000000000000000000000000000000000000000000000000001010000100000110
   42336 00000000000000000000000000000000000000000000000010101001000000000000000000000000000000000000000000000000000000000000000110101010
   42352 00000000000000000000000000000000000000000000000000000000001000010000000000000000000000000000000000000000000000000000000010100011
   42368 00000110000000000000000000000000000000000000000000000000000000111010100100000000000000000000000000000000000000000000000000000000
   42384 10100011000001100000000000000000000000000000000000000000000000001010100100000000000000000000000000000000000000000000000000000000
   42400 00000001101010110000000000000000000000000000000000000000000000000000000000100010000000000000000000000000000000000000000000000000
   42416 00000000101001010000011000000000000000000000000000000000000000000000000000000011101010010000000000000000000000000000000000000000
   42432 00000000000000001010010100000110000000000000000000000000000000000000000000000000101010010000000000000000000000000000000000000000
   42448 00000000000000000000000110101100000000000000000000000000000000000000000000000000000000000010001100000000000000000000000000000000
   42464 00000000000000000000000010100111000001100000000000000000000000000000000000000000000000000000001110101001000000000000000000000000
   42480 00000000000000000000000000000000101001110000011000000000000000000000000000000000000000000000000010101001000000000000000000000000
   42496 00000000000000000000000000000000000000011010101000000000000000000000000000000000000000000000000000000000001000000000000000000000
   42512 00000000000000000000000000000000000000001010100100000110000000000000000000000000000000000000000000000000000000111010101000000000
   42528 00000000000000000000000000000000000000000000000010101001000001100000000000000000000000000000000000000000000000001010101000000000
   42544 00000000000000000000000000000000000000000000000000000001101010110000000000000000000000000000000000000000000000000000000000100001
   42560 00000000000000000000000000000000000000000000000000000000101010110000011000000000000000000000000000000000000000000000000000000011
   42576 10101010000000000000000000000000000000000000000000000000000000001010101100000110000000000000000000000000000000000000000000000000
   42592 10101010000000000000000000000000000000000000000000000000000000000000000110101100000000000000000000000000000000000000000000000000
   42608 00000000001000100000000000000000000000000000000000000000000000000000000010101101000001100000000000000000000000000000000000000000
   42624 00000000000000111010101000000000000000000000000000000000000000000000000000000000101011010000011000000000000000000000000000000000
   42640 00000000000000001010101000000000000000000000000000000000000000000000000000000000000000011010110100000000000000000000000000000000
   42656 00000000000000000000000000100011000000000000000000000000000000000000000000000000000000001010111100000110000000000000000000000000
   42672 00000000000000000000000000000011101010100000000000000000000000000000000000000000000000000000000010101111000001100000000000000000
   42688 00000000000000000000000000000000101010100000000000000000000000000000000000000000000000000000000000000001101010110000000000000000
   42704 00000000000000000000000000000000000000000010000000000000000000000000000000000000000000000000000000000000101100010000011000000000
   42720 00000000000000000000000000000000000000000000001110101011000000000000000000000000000000000000000000000000000000001011000100000110
   42736 00000000000000000000000000000000000000000000000010101011000000000000000000000000000000000000000000000000000000000000000110101100
   42752 00000000000000000000000000000000000000000000000000000000001000010000000000000000000000000000000000000000000000000000000010110011
   42768 00000110000000000000000000000000000000000000000000000000000000111010101100000000000000000000000000000000000000000000000000000000
   42784 10110011000001100000000000000000000000000000000000000000000000001010101100000000000000000000000000000000000000000000000000000000
   42800 00000001101011010000000000000000000000000000000000000000000000000000000000100010000000000000000000000000000000000000000000000000
   42816 00000000101101010000011000000000000000000000000000000000000000000000000000000011101010110000000000000000000000000000000000000000
   42832 00000000000000001011010100000110000000000000000000000000000000000000000000000000101010110000000000000000000000000000000000000000
   42848 00000000000000000000000110101110000000000000000000000000000000000000000000000000000000000010001100000000000000000000000000000000
   42864 00000000000000000000000010110111000001100000000000000000000000000000000000000000000000000000001110101011000000000000000000000000
   42880 00000000000000000000000000000000101101110000011000000000000000000000000000000000000000000000000010101011000000000000000000000000
   42896 00000000000000000000000000000000000000011010110000000000000000000000000000000000000000000000000000000000001000000000000000000000
   42912 00000000000000000000000000000000000000001011100100000110000000000000000000000000000000000000000000000000000000111010110000000000
   42928 00000000000000000000000000000000000000000000000010111001000001100000000000000000000000000000000000000000000000001010110000000000
   42944 00000000000000000000000000000000000000000000000000000001101011010000000000000000000000000000000000000000000000000000000000100001
   42960 00000000000000000000000000000000000000000000000000000000101110110000011000000000000000000000000000000000000000000000000000000011
   42976 10101100000000000000000000000000000000000000000000000000000000001011101100000110000000000000000000000000000000000000000000000000
   42992 10101100000000000000000000000000000000000000000000000000000000000000000110101110000000000000000000000000000000000000000000000000
   43008 00000000001000100000000000000000000000000000000000000000000000000000000010111101000001100000000000000000000000000000000000000000
   43024 00000000000000111010110000000000000000000000000000000000000000000000000000000000101111010000011000000000000000000000000000000000
   43040 00000000000000001010110000000000000000000000000000000000000000000000000000000000000000011010111100000000000000000000000000000000
   43056 00000000000000000000000000100011000000000000000000000000000000000000000000000000000000001011111100000110000000000000000000000000
   43072 00000000000000000000000000000011101011000000000000000000000000000000000000000000000000000000000010111111000001100000000000000000
   43088 00000000000000000000000000000000101011000000000000000000000000000000000000000000000000000000000000000001101011010000000000000000
   43104 00000000000000000000000000000000000000000010000000000000000000000000000000000000000000000000000000000000110000010000011000000000
   43120 00000000000000000000000000000000000000000000001110101101000000000000000000000000000000000000000000000000000000001100000100000110
   43136 00000000000000000000000000000000000000000000000010101101000000000000000000000000000000000000000000000000000000000000000110101110
   43152 00000000000000000000000000000000000000000000000000000000001000010000000000000000000000000000000000000000000000000000000011000011
   43168 00000110000000000000000000000000000000000000000000000000000000111010110100000000000000000000000000000000000000000000000000000000
   43184 11000011000001100000000000000000000000000000000000000000000000001010110100000000000000000000000000000000000000000000000000000000
   43200 00000001101011110000000000000000000000000000000000000000000000000000000000100010000000000000000000000000000000000000000000000000
   43216 00000000110001010000011000000000000000000000000000000000000000000000000000000011101011010000000000000000000000000000000000000000
   43232 00000000000000001100010100000110000000000000000000000000000000000000000000000000101011010000000000000000000000000000000000000000
   43248 00000000000000000000000110101110000000000000000000000000000000000000000000000000000000000010000000000000000000000000000000000000
   43264 00000000000000000000000011000111000001100000000000000000000000000000000000000000000000000000001110101110000000000000000000000000
   43280 00000000000000000000000000000000110001110000011000000000000000000000000000000000000000000000000010101110000000000000000000000000
   43296 00000000000000000000000000000000000000011010111100000000000000000000000000000000000000000000000000000000001000010000000000000000
   43312 00000000000000000000000000000000000000001100100100000110000000000000000000000000000000000000000000000000000000111010111000000000
   43328 00000000000000000000000000000000000000000000000011001001000001100000000000000000000000000000000000000000000000001010111000000000
   43344 00000000000000000000000000000000000000000000000000000001101011110000000000000000000000000000000000000000000000000000000000100000
   43360 00000000000000000000000000000000000000000000000000000000110010110000011000000000000000000000000000000000000000000000000000000011
   43376 10101111000000000000000000000000000000000000000000000000000000001100101100000110000000000000000000000000000000000000000000000000
   43392 10101111000000000000000000000000000000000000000000000000000000000000000110000000000000000000100000000000000000000000000000000000
   43408 00000000001010000000000000000000000000000000000000000000000000000000000011001101000001100000000000000000000000000000000000000000
   43424 00000000000000101100110100000110000000000000000000000000000000000000000000000000001100000000000000000000000000000000000000000000
   43440 00000000000000001000000000000000000000000000000000000000000000000000000000000000000000011000000100000000000010000000000000000000
   43456 00000000000000000000000000101001000000000000000000000000000000000000000000000000000000001100111100000110000000000000000000000000
   43472 00000000000000000000000000000010110011110000011000000000000000000000000000000000000000000000000000110001000000000000000000000000
   43488 00000000000000000000000000000000100000010000000000000000000000000000000000000000000000000000000000000001100000100000000000001000
   43504 00000000000000000000000000000000000000000010101000000000000000000000000000000000000000000000000000000000110100010000011000000000
   43520 00000000000000000000000000000000000000000000001011010001000001100000000000000000000000000000000000000000000000000011001000000000
   43536 00000000000000000000000000000000000000000000000010000010000000000000000000000000000000000000000000000000000000000000000110000011
   43552 00000000000010000000000000000000000000000000000000000000001010110000000000000000000000000000000000000000000000000000000011010011
   43568 00000110000000000000000000000000000000000000000000000000000000101101001100000110000000000000000000000000000000000000000000000000
   43584 00110011000000000000000000000000000000000000000000000000000000001000001100000000000000000000000000000000000000000000000000000000
   43600 00000001100001000000000000001000000000000000000000000000000000000000000000101100000000000000000000000000000000000000000000000000
   43616 00000000110101010000011000000000000000000000000000000000000000000000000000000010110101010000011000000000000000000000000000000000
   43632 00000000000000000011010000000000000000000000000000000000000000000000000000000000100001000000000000000000000000000000000000000000
   43648 00000000000000000000000110000101000000000000100000000000000000000000000000000000000000000010110100000000000000000000000000000000
   43664 00000000000000000000000011010111000001100000000000000000000000000000000000000000000000000000001011010111000001100000000000000000
   43680 00000000000000000000000000000000001101010000000000000000000000000000000000000000000000000000000010000101000000000000000000000000
   43696 00000000000000000000000000000000000000011000011000000000000010000000000000000000000000000000000000000000001011100000000000000000
   43712 00000000000000000000000000000000000000001101100100000110000000000000000000000000000000000000000000000000000000101101100100000110
   43728 00000000000000000000000000000000000000000000000000110110000000000000000000000000000000000000000000000000000000001000011000000000
   43744 00000000000000000000000000000000000000000000000000000001100001110000000000001000000000000000000000000000000000000000000000101111
   43760 00000000000000000000000000000000000000000000000000000000110110110000011000000000000000000000000000000000000000000000000000000010
   43776 11011011000001100000000000000000000000000000000000000000000000000011011100000000000000000000000000000000000000000000000000000000
   43792 10000111000000000000000000000000000000000000000000000000000000000000000110001000000000000000100000000000000000000000000000000000
   43808 00000000001010000000000000000000000000000000000000000000000000000000000011011101000001100000000000000000000000000000000000000000
   43824 00000000000000101101110100000110000000000000000000000000000000000000000000000000001100000000000000000000000000000000000000000000
   43840 00000000000000001000100000000000000000000000000000000000000000000000000000000000000000011000100100000000000010000000000000000000
   43856 00000000000000000000000000101001000000000000000000000000000000000000000000000000000000001101111100000110000000000000000000000000
   43872 00000000000000000000000000000010110111110000011000000000000000000000000000000000000000000000000000110001000000000000000000000000
   43888 00000000000000000000000000000000100010010000000000000000000000000000000000000000000000000000000000000001100010100000000000001000
   43904 00000000000000000000000000000000000000000010101000000000000000000000000000000000000000000000000000000000111000010000011000000000
   43920 00000000000000000000000000000000000000000000001011100001000001100000000000000000000000000000000000000000000000000011001000000000
   43936 00000000000000000000000000000000000000000000000010001010000000000000000000000000000000000000000000000000000000000000000110001011
   43952 00000000000010000000000000000000000000000000000000000000001010110000000000000000000000000000000000000000000000000000000011100011
   43968 00000110000000000000000000000000000000000000000000000000000000101110001100000110000000000000000000000000000000000000000000000000
   43984 00110011000000000000000000000000000000000000000000000000000000001000101100000000000000000000000000000000000000000000000000000000
   44000 00000001100011000000000000001000000000000000000000000000000000000000000000101100000000000000000000000000000000000000000000000000
   44016 00000000111001010000011000000000000000000000000000000000000000000000000000000010111001010000011000000000000000000000000000000000
   44032 00000000000000000011010000000000000000000000000000000000000000000000000000000000100011000000000000000000000000000000000000000000
   44048 00000000000000000000000110001101000000000000100000000000000000000000000000000000000000000010110100000000000000000000000000000000
   44064 00000000000000000000000011100111000001100000000000000000000000000000000000000000000000000000001011100111000001100000000000000000
   44080 00000000000000000000000000000000001101010000000000000000000000000000000000000000000000000000000010001101000000000000000000000000
   44096 00000000000000000000000000000000000000011000111000000000000010000000000000000000000000000000000000000000001011100000000000000000
   44112 00000000000000000000000000000000000000001110100100000110000000000000000000000000000000000000000000000000000000101110100100000110
   44128 00000000000000000000000000000000000000000000000000110110000000000000000000000000000000000000000000000000000000001000111000000000
   44144 00000000000000000000000000000000000000000000000000000001100011110000000000001000000000000000000000000000000000000000000000101111
   44160 00000000000000000000000000000000000000000000000000000000111010110000011000000000000000000000000000000000000000000000000000000010
   44176 11101011000001100000000000000000000000000000000000000000000000000011011100000000000000000000000000000000000000000000000000000000
   44192 10001111000000000000000000000000000000000000000000000000000000000000010000111011000000000000000000000000000000000000000000000000
   44208 00000000001110110000000000000000000000000000000000000000000000000000000011101101000001100000000000000000000000000000000000000000
   44224 00000000000001000011100000000000000000000000000000000000000000000000000000000000001110000000000000000000000000000000000000000000
   44240 00000000000000001110111000000110000000000000000000000000000000000000000000000000000001000011100100000000000000000000000000000000
   44256 00000000000000000000000000111001000000000000000000000000000000000000000000000000000000001110111100000110000000000000000000000000
   44272 00000000000000000000000000000001111011100000011000000000000000000000000000000000000000000000000011101111000001100000000000000000
   44288 00000000000000000000000000000000111100000000011000000000000000000000000000000000000000000000000000000100001110100000000000000000
   44304 00000000000000000000000000000000000000000011101000000000000000000000000000000000000000000000000000000000111100010000011000000000
   44320 00000000000000000000000000000000000000000000000111110000000001100000000000000000000000000000000000000000000000001111000100000110
   44336 00000000000000000000000000000000000000000000000011110010000001100000000000000000000000000000000000000000000000000000010000111001
   44352 00000000000000000000000000000000000000000000000000000000001110010000000000000000000000000000000000000000000000000000000011110011
   44368 00000110000000000000000000000000000000000000000000000000000000010011100000000000000000000000000000000000000000000000000000000000
   44384 11110011000001100000000000000000000000000000000000000000000000001111010000000110000000000000000000000000000000000000000000000000
   44400 00000100001110100000000000000000000000000000000000000000000000000000000000111010000000000000000000000000000000000000000000000000
   44416 00000000111101010000011000000000000000000000000000000000000000000000000000000001111101000000011000000000000000000000000000000000
   44432 00000000000000001111010100000110000000000000000000000000000000000000000000000000111101100000011000000000000000000000000000000000
   44448 00000000000000000000010000111000000000000000000000000000000000000000000000000000000000000011100000000000000000000000000000000000
   44464 00000000000000000000000011110111000001100000000000000000000000000000000000000000000000000000000111110111000001100000000000000000
   44480 00000000000000000000000000000000001110010000000000000000000000000000000000000000000000000000000011111000000001100000000000000000
   44496 00000000000000000000000000000000000001000011101000000000000000000000000000000000000000000000000000000000001110100000000000000000
   44512 00000000000000000000000000000000000000001111100100000110000000000000000000000000000000000000000000000000000000011111100000000110
   44528 00000000000000000000000000000000000000000000000011111001000001100000000000000000000000000000000000000000000000001111101000000110
   44544 00000000000000000000000000000000000000000000000000000001001110000000000000000000000000000000000000000000000000000000000000111001
   44560 00000000000000000000000000000000000000000000000000000000111110110000011000000000000000000000000000000000000000000000000000000100
   44576 00111010000000000000000000000000000000000000000000000000000000000011101000000000000000000000000000000000000000000000000000000000
   44592 11111100000001100000000000000000000000000000000000000000000000000000000111111011000001100000000000000000000000000000000000000000
   44608 00000000111111000000011000000000000000000000000000000000000000000000000011111101000001100000000000000000000000000000000000000000
   44624 00000000000001000011100000000000000000000000000000000000000000000000000000000000001110000000000000000000000000000000000000000000
   44640 00000000000000001111111000000110000000000000000000000000000000000000000000000000000001000011100100000000000000000000000000000000
   44656 00000000000000000000000000111001000000000000000000000000000000000000000000000000000000001111111100000110000000000000000000000000
   44672 00000000000000000000000000000001111111100000011000000000000000000000000000000000000000000000000011111111000001100000000000000000
   44688 00000000000000000000000000000000000000000000011100000000000000000000000000000000000000000000000000000001000000000000011100000000
   44704 00000000000000000000000000000000000000000011101000000000000000000000000000000000000000000000000000000000000000010000011100000000
   44720 00000000000000000000000000000000000000000000010000111001000000000000000000000000000000000000000000000000000000000011100100000000
   44736 00000000000000000000000000000000000000000000000000000010000001110000000000000000000000000000000000000000000000000000000100111000
   44752 00000000000000000000000000000000000000000000000000000000000000100000011100000000000000000000000000000000000000000000000000000011
   44768 00000111000000000000000000000000000000000000000000000000000000010000001100000111000000000000000000000000000000000000000000000000
   44784 00111010000000000000000000000000000000000000000000000000000000000000010000000111000000000000000000000000000000000000000000000000
   44800 00000100001110000000000000000000000000000000000000000000000000000000000000111000000000000000000000000000000000000000000000000000
   44816 00000000000001010000011100000000000000000000000000000000000000000000000000000001000001010000011100000000000000000000000000000000
   44832 00000000000000000011100100000000000000000000000000000000000000000000000000000000000001100000011100000000000000000000000000000000
   44848 00000000000000000000000100000110000001110000000000000000000000000000000000000000000000000011101000000000000000000000000000000000
   44864 00000000000000000000000000000111000001110000000000000000000000000000000000000000000000000000000100111000000000000000000000000000
   44880 00000000000000000000000000000000001110010000000000000000000000000000000000000000000000000000000000001000000001110000000000000000
   44896 00000000000000000000000000000000000000010000100000000111000000000000000000000000000000000000000000000000001110100000000000000000
   44912 00000000000000000000000000000000000000000000100100000111000000000000000000000000000000000000000000000000000000011111001000000110
   44928 00000000000000000000000000000000000000000000000011101101000001100000000000000000000000000000000000000000000000000000101000000111
   44944 00000000000000000000000000000000000000000000000000000001111100100000011000000000000000000000000000000000000000000000000000111011
   44960 00000000000000000000000000000000000000000000000000000000000010110000011100000000000000000000000000000000000000000000000000000001
   44976 00000000000000000000000000000000000000000000000000000000000000000000101000000111000000000000000000000000000000000000000000000000
   44992 00001100000001110000000000000000000000000000000000000000000000000000001000001100000001110000000000000000000000000000000000000000
   45008 00000000000011000000011100000000000000000000000000000000000000000000000000000001000000000001000000000000000000000000000000000000
   45024 00000000000000010000000000000000000000000000000000000000000000000000000000000000000010110000011100000000000000000000000000000000
   45040 00000000000000000000111000000111000000000000000000000000000000000000000000000000000000100000111000000111000000000000000000000000
   45056 00000000000000000000000000001110000001110000000000000000000000000000000000000000000000000000000100000000000100000000000000000000
   45072 00000000000000000000000000000001000000010000000000000000000000000000000000000000000000000000000000001010000001110000000000000000
   45088 00000000000000000000000000000000000100000000011100000000000000000000000000000000000000000000000000000010000100000000011100000000
   45104 00000000000000000000000000000000000000000001000000000111000000000000000000000000000000000000000000000000000000100000000000010000
   45120 00000000000000000000000000000000000000000000000100000001000000000000000000000000000000000000000000000000000000000000101100000111
   45136 00000000000000000000000000000000000000000000000000010010000001110000000000000000000000000000000000000000000000000000001000010010
   45152 00000111000000000000000000000000000000000000000000000000000100100000011100000000000000000000000000000000000000000000000000000010
   45168 00000000000100000000000000000000000000000000000000000000000000010000001000000000000000000000000000000000000000000000000000000000
   45184 00001010000001110000000000000000000000000000000000000000000000000001010000000111000000000000000000000000000000000000000000000000
   45200 00000010000101000000011100000000000000000000000000000000000000000000000000010100000001110000000000000000000000000000000000000000
   45216 00000000000000110000000000010000000000000000000000000000000000000000000000000001000000100000000000000000000000000000000000000000
   45232 00000000000000000000101100000111000000000000000000000000000000000000000000000000000101100000011100000000000000000000000000000000
   45248 00000000000000000000001000010110000001110000000000000000000000000000000000000000000000000001011000000111000000000000000000000000
   45264 00000000000000000000000000000011000000000001000000000000000000000000000000000000000000000000000100000011000000000000000000000000
   45280 00000000000000000000000000000000000010100000011100000000000000000000000000000000000000000000000000011000000001110000000000000000
   45296 00000000000000000000000000000000000000100001100000000111000000000000000000000000000000000000000000000000000110000000011100000000
   45312 00000000000000000000000000000000000000000000010000000000000100000000000000000000000000000000000000000000000000010000001100000000
   45328 00000000000000000000000000000000000000000000000000001011000001110000000000000000000000000000000000000000000000000001101000000111
   45344 00000000000000000000000000000000000000000000000000000010000110100000011100000000000000000000000000000000000000000000000000011010
   45360 00000111000000000000000000000000000000000000000000000000000001000000000000010000000000000000000000000000000000000000000000000001
   45376 00000100000000000000000000000000000000000000000000000000000000000000101000000111000000000000000000000000000000000000000000000000
   45392 00011100000001110000000000000000000000000000000000000000000000000000001000011100000001110000000000000000000000000000000000000000
   45408 00000000000111000000011100000000000000000000000000000000000000000000000000000101000000000001000000000000000000000000000000000000
   45424 00000000000000010000010000000000000000000000000000000000000000000000000000000000000010110000011100000000000000000000000000000000
   45440 00000000000000000001111000000111000000000000000000000000000000000000000000000000000000100001111000000111000000000000000000000000
   45456 00000000000000000000000000011110000001110000000000000000000000000000000000000000000000000000010100000000000100000000000000000000
   45472 00000000000000000000000000000001000001010000000000000000000000000000000000000000000000000000000000001010000001110000000000000000
   45488 00000000000000000000000000000000001000000000011100000000000000000000000000000000000000000000000000000010001000000000011100000000
   45504 00000000000000000000000000000000000000000010000000000111000000000000000000000000000000000000000000000000000001100000000000010000
   45520 00000000000000000000000000000000000000000000000100000101000000000000000000000000000000000000000000000000000000000000101100000111
   45536 00000000000000000000000000000000000000000000000000100010000001110000000000000000000000000000000000000000000000000000001000100010
   45552 00000111000000000000000000000000000000000000000000000000001000100000011100000000000000000000000000000000000000000000000000000110
   45568 00000000000100000000000000000000000000000000000000000000000000010000011000000000000000000000000000000000000000000000000000000000
   45584 00001010000001110000000000000000000000000000000000000000000000000010010000000111000000000000000000000000000000000000000000000000
   45600 00000010001001000000011100000000000000000000000000000000000000000000000000100100000001110000000000000000000000000000000000000000
   45616 00000000000001110000000000010000000000000000000000000000000000000000000000000001000001100000000000000000000000000000000000000000
   45632 00000000000000000000101100000111000000000000000000000000000000000000000000000000001001100000011100000000000000000000000000000000
   45648 00000000000000000000001000100110000001110000000000000000000000000000000000000000000000000010011000000111000000000000000000000000
   45664 00000000000000000000000000000111000000000001000000000000000000000000000000000000000000000000000100000111000000000000000000000000
   45680 00000000000000000000000000000000000010100000011100000000000000000000000000000000000000000000000000101000000001110000000000000000
   45696 00000000000000000000000000000000000000100010100000000111000000000000000000000000000000000000000000000000001010000000011100000000
   45712 00000000000000000000000000000000000000000000100000000000000100000000000000000000000000000000000000000000000000010000011100000000
   45728 00000000000000000000000000000000000000000000000000001011000001110000000000000000000000000000000000000000000000000010101000000111
   45744 00000000000000000000000000000000000000000000000000000010001010100000011100000000000000000000000000000000000000000000000000101010
   45760 00000111000000000000000000000000000000000000000000000000000010000000000000010000000000000000000000000000000000000000000000000001
   45776 00001000000000000000000000000000000000000000000000000000000000000000101000000111000000000000000000000000000000000000000000000000
   45792 00101100000001110000000000000000000000000000000000000000000000000000001000101100000001110000000000000000000000000000000000000000
   45808 00000000001011000000011100000000000000000000000000000000000000000000000000000101000000000001000000000000000000000000000000000000
   45824 00000000000000010000100000000000000000000000000000000000000000000000000000000000000010110000011100000000000000000000000000000000
   45840 00000000000000000010111000000111000000000000000000000000000000000000000000000000000000100010111000000111000000000000000000000000
   45856 00000000000000000000000000101110000001110000000000000000000000000000000000000000000000000000010000000000000100000000000000000000
   45872 00000000000000000000000000000001000010010000000000000000000000000000000000000000000000000000000000001010000001110000000000000000
   45888 00000000000000000000000000000000001100000000011100000000000000000000000000000000000000000000000000000010001100000000011100000000
   45904 00000000000000000000000000000000000000000011000000000111000000000000000000000000000000000000000000000000000001100000000000010000
   45920 00000000000000000000000000000000000000000000000100001001000000000000000000000000000000000000000000000000000000000000101100000111
   45936 00000000000000000000000000000000000000000000000000110010000001110000000000000000000000000000000000000000000000000000001000110010
   45952 00000111000000000000000000000000000000000000000000000000001100100000011100000000000000000000000000000000000000000000000000000101
   45968 00000000000100000000000000000000000000000000000000000000000000010000101000000000000000000000000000000000000000000000000000000000
   45984 00001010000001110000000000000000000000000000000000000000000000000011010000000111000000000000000000000000000000000000000000000000
   46000 00000010001101000000011100000000000000000000000000000000000000000000000000110100000001110000000000000000000000000000000000000000
   46016 00000000000001110000000000010000000000000000000000000000000000000000000000000001000010100000000000000000000000000000000000000000
   46032 00000000000000000000101100000111000000000000000000000000000000000000000000000000001101100000011100000000000000000000000000000000
   46048 00000000000000000000001000110110000001110000000000000000000000000000000000000000000000000011011000000111000000000000000000000000
   46064 00000000000000000000000000000110000000000001000000000000000000000000000000000000000000000000000100001011000000000000000000000000
   46080 00000000000000000000000000000000000010100000011100000000000000000000000000000000000000000000000000111000000001110000000000000000
   46096 00000000000000000000000000000000000000100011100000000111000000000000000000000000000000000000000000000000001110000000011100000000
   46112 00000000000000000000000000000000000000000000100000000000000100000000000000000000000000000000000000000000000000010000101100000000
   46128 00000000000000000000000000000000000000000000000000001011000001110000000000000000000000000000000000000000000000000011101000000111
   46144 00000000000000000000000000000000000000000000000000000010001110100000011100000000000000000000000000000000000000000000000000111010
   46160 00000111000000000000000000000000000000000000000000000000000001110000000000010000000000000000000000000000000000000000000000000001
   46176 00001100000000000000000000000000000000000000000000000000000000000000101000000111000000000000000000000000000000000000000000000000
   46192 00111100000001110000000000000000000000000000000000000000000000000000001000111100000001110000000000000000000000000000000000000000
   46208 00000000001111000000011100000000000000000000000000000000000000000000000000001001000000000001000000000000000000000000000000000000
   46224 00000000000000010000110000000000000000000000000000000000000000000000000000000000000010110000011100000000000000000000000000000000
   46240 00000000000000000011111000000111000000000000000000000000000000000000000000000000000000100011111000000111000000000000000000000000
   46256 00000000000000000000000000111110000001110000000000000000000000000000000000000000000000000000100000000000000100000000000000000000
   46272 00000000000000000000000000000001000011010000000000000000000000000000000000000000000000000000000000001010000001110000000000000000
   46288 00000000000000000000000000000000010000000000011100000000000000000000000000000000000000000000000000000010010000000000011100000000
   46304 00000000000000000000000000000000000000000100000000000111000000000000000000000000000000000000000000000000000010100000000000010000
   46320 00000000000000000000000000000000000000000000000100001101000000000000000000000000000000000000000000000000000000000000101100000111
   46336 00000000000000000000000000000000000000000000000001000010000001110000000000000000000000000000000000000000000000000000001001000010
   46352 00000111000000000000000000000000000000000000000000000000010000100000011100000000000000000000000000000000000000000000000000001001
   46368 00000000000100000000000000000000000000000000000000000000000000010000111000000000000000000000000000000000000000000000000000000000
   46384 00001010000001110000000000000000000000000000000000000000000000000100010000000111000000000000000000000000000000000000000000000000
   46400 00000010010001000000011100000000000000000000000000000000000000000000000001000100000001110000000000000000000000000000000000000000
   46416 00000000000010110000000000010000000000000000000000000000000000000000000000000001000011100000000000000000000000000000000000000000
   46432 00000000000000000000101100000111000000000000000000000000000000000000000000000000010001100000011100000000000000000000000000000000
   46448 00000000000000000000001001000110000001110000000000000000000000000000000000000000000000000100011000000111000000000000000000000000
   46464 00000000000000000000000000001010000000000001000000000000000000000000000000000000000000000000000100001111000000000000000000000000
   46480 00000000000000000000000000000000000010100000011100000000000000000000000000000000000000000000000001001000000001110000000000000000
   46496 00000000000000000000000000000000000000100100100000000111000000000000000000000000000000000000000000000000010010000000011100000000
   46512 00000000000000000000000000000000000000000000110000000000000100000000000000000000000000000000000000000000000000010000111100000000
   46528 00000000000000000000000000000000000000000000000000001011000001110000000000000000000000000000000000000000000000000100101000000111
   46544 00000000000000000000000000000000000000000000000000000010010010100000011100000000000000000000000000000000000000000000000001001010
   46560 00000111000000000000000000000000000000000000000000000000000010110000000000010000000000000000000000000000000000000000000000000001
   46576 00010000000000000000000000000000000000000000000000000000000000000000101000000111000000000000000000000000000000000000000000000000
   46592 01001100000001110000000000000000000000000000000000000000000000000000001001001100000001110000000000000000000000000000000000000000
   46608 00000000010011000000011100000000000000000000000000000000000000000000000000001001000000000001000000000000000000000000000000000000
   46624 00000000000000010001000000000000000000000000000000000000000000000000000000000000000010110000011100000000000000000000000000000000
   46640 00000000000000000100111000000111000000000000000000000000000000000000000000000000000000100100111000000111000000000000000000000000
   46656 00000000000000000000000001001110000001110000000000000000000000000000000000000000000000000000011100000000000100000000000000000000
   46672 00000000000000000000000000000001000100010000000000000000000000000000000000000000000000000000000000001010000001110000000000000000
   46688 00000000000000000000000000000000010100000000011100000000000000000000000000000000000000000000000000000010010100000000011100000000
   46704 00000000000000000000000000000000000000000101000000000111000000000000000000000000000000000000000000000000000010100000000000010000
   46720 00000000000000000000000000000000000000000000000100010001000000000000000000000000000000000000000000000000000000000000101100000111
   46736 00000000000000000000000000000000000000000000000001010010000001110000000000000000000000000000000000000000000000000000001001010010
   46752 00000111000000000000000000000000000000000000000000000000010100100000011100000000000000000000000000000000000000000000000000001000
   46768 00000000000100000000000000000000000000000000000000000000000000010001001000000000000000000000000000000000000000000000000000000000
   46784 00001010000001110000000000000000000000000000000000000000000000000101010000000111000000000000000000000000000000000000000000000000
   46800 00000010010101000000011100000000000000000000000000000000000000000000000001010100000001110000000000000000000000000000000000000000
   46816 00000000000010110000000000010000000000000000000000000000000000000000000000000001000100100000000000000000000000000000000000000000
   46832 00000000000000000000101100000111000000000000000000000000000000000000000000000000010101100000011100000000000000000000000000000000
   46848 00000000000000000000001001010110000001110000000000000000000000000000000000000000000000000101011000000111000000000000000000000000
   46864 00000000000000000000000000001001000000000001000000000000000000000000000000000000000000000000000100010011000000000000000000000000
   46880 00000000000000000000000000000000000010100000011100000000000000000000000000000000000000000000000001011000000001110000000000000000
   46896 00000000000000000000000000000000000000100101100000000111000000000000000000000000000000000000000000000000010110000000011100000000
   46912 00000000000000000000000000000000000000000000110000000000000100000000000000000000000000000000000000000000000000010001001100000000
   46928 00000000000000000000000000000000000000000000000000001011000001110000000000000000000000000000000000000000000000000101101000000111
   46944 00000000000000000000000000000000000000000000000000000010010110100000011100000000000000000000000000000000000000000000000001011010
   46960 00000111000000000000000000000000000000000000000000000000000010100000000000010000000000000000000000000000000000000000000000000001
   46976 00010100000000000000000000000000000000000000000000000000000000000000101000000111000000000000000000000000000000000000000000000000
   46992 01011100000001110000000000000000000000000000000000000000000000000000001001011100000001110000000000000000000000000000000000000000
   47008 00000000010111000000011100000000000000000000000000000000000000000000000000001101000000000001000000000000000000000000000000000000
   47024 00000000000000010001010000000000000000000000000000000000000000000000000000000000000010110000011100000000000000000000000000000000
   47040 00000000000000000101111000000111000000000000000000000000000000000000000000000000000000100101111000000111000000000000000000000000
   47056 00000000000000000000000001011110000001110000000000000000000000000000000000000000000000000000101100000000000100000000000000000000
   47072 00000000000000000000000000000001000101010000000000000000000000000000000000000000000000000000000000001010000001110000000000000000
   47088 00000000000000000000000000000000011000000000011100000000000000000000000000000000000000000000000000000010011000000000011100000000
   47104 00000000000000000000000000000000000000000110000000000111000000000000000000000000000000000000000000000000000011100000000000010000
   47120 00000000000000000000000000000000000000000000000100010101000000000000000000000000000000000000000000000000000000000000101100000111
   47136 00000000000000000000000000000000000000000000000001100010000001110000000000000000000000000000000000000000000000000000001001100010
   47152 00000111000000000000000000000000000000000000000000000000011000100000011100000000000000000000000000000000000000000000000000001100
   47168 00000000000100000000000000000000000000000000000000000000000000010001011000000000000000000000000000000000000000000000000000000000
   47184 00001010000001110000000000000000000000000000000000000000000000000110010000000111000000000000000000000000000000000000000000000000
   47200 00000010011001000000011100000000000000000000000000000000000000000000000001100100000001110000000000000000000000000000000000000000
   47216 00000000000011110000000000010000000000000000000000000000000000000000000000000001000101100000000000000000000000000000000000000000
   47232 00000000000000000000101100000111000000000000000000000000000000000000000000000000011001100000011100000000000000000000000000000000
   47248 00000000000000000000001001100110000001110000000000000000000000000000000000000000000000000110011000000111000000000000000000000000
   47264 00000000000000000000000000001101000000000001000000000000000000000000000000000000000000000000000100010111000000000000000000000000
   47280 00000000000000000000000000000000000010100000011100000000000000000000000000000000000000000000000001101000000001110000000000000000
   47296 00000000000000000000000000000000000000100110100000000111000000000000000000000000000000000000000000000000011010000000011100000000
   47312 00000000000000000000000000000000000000000001000000000000000100000000000000000000000000000000000000000000000000010001011100000000
   47328 00000000000000000000000000000000000000000000000000001011000001110000000000000000000000000000000000000000000000000110101000000111
   47344 00000000000000000000000000000000000000000000000000000010011010100000011100000000000000000000000000000000000000000000000001101010
   47360 00000111000000000000000000000000000000000000000000000000000011100000000000010000000000000000000000000000000000000000000000000001
   47376 00011000000000000000000000000000000000000000000000000000000000000000101000000111000000000000000000000000000000000000000000000000
   47392 01101100000001110000000000000000000000000000000000000000000000000000001001101100000001110000000000000000000000000000000000000000
   47408 00000000011011000000011100000000000000000000000000000000000000000000000000001101000000000001000000000000000000000000000000000000
   47424 00000000000000010001100000000000000000000000000000000000000000000000000000000000000010110000011100000000000000000000000000000000
   47440 00000000000000000110111000000111000000000000000000000000000000000000000000000000000000100110111000000111000000000000000000000000
   47456 00000000000000000000000001101110000001110000000000000000000000000000000000000000000000000000101000000000000100000000000000000000
   47472 00000000000000000000000000000001000110010000000000000000000000000000000000000000000000000000000000001010000001110000000000000000
   47488 00000000000000000000000000000000011100000000011100000000000000000000000000000000000000000000000000000010011100000000011100000000
   47504 00000000000000000000000000000000000000000111000000000111000000000000000000000000000000000000000000000000000011100000000000010000
   47520 00000000000000000000000000000000000000000000000100011001000000000000000000000000000000000000000000000000000000000000101100000111
   47536 00000000000000000000000000000000000000000000000001110010000001110000000000000000000000000000000000000000000000000000001001110010
   47552 00000111000000000000000000000000000000000000000000000000011100100000011100000000000000000000000000000000000000000000000000001011
   47568 00000000000100000000000000000000000000000000000000000000000000010001101000000000000000000000000000000000000000000000000000000000
   47584 00001010000001110000000000000000000000000000000000000000000000000111010000000111000000000000000000000000000000000000000000000000
   47600 00000010011101000000011100000000000000000000000000000000000000000000000001110100000001110000000000000000000000000000000000000000
   47616 00000000000011110000000000010000000000000000000000000000000000000000000000000001000110100000000000000000000000000000000000000000
   47632 00000000000000000000101100000111000000000000000000000000000000000000000000000000011101100000011100000000000000000000000000000000
   47648 00000000000000000000001001110110000001110000000000000000000000000000000000000000000000000111011000000111000000000000000000000000
   47664 00000000000000000000000000001100000000000001000000000000000000000000000000000000000000000000000100011011000000000000000000000000
   47680 00000000000000000000000000000000000010100000011100000000000000000000000000000000000000000000000001111000000001110000000000000000
   47696 00000000000000000000000000000000000000100111100000000111000000000000000000000000000000000000000000000000011110000000011100000000
   47712 00000000000000000000000000000000000000000001000000000000000100000000000000000000000000000000000000000000000000010001101100000000
   47728 00000000000000000000000000000000000000000000000000001011000001110000000000000000000000000000000000000000000000000111101000000111
   47744 00000000000000000000000000000000000000000000000000000010011110100000011100000000000000000000000000000000000000000000000001111010
   47760 00000111000000000000000000000000000000000000000000000000000011010000000000010000000000000000000000000000000000000000000000000001
   47776 00011100000000000000000000000000000000000000000000000000000000000000101000000111000000000000000000000000000000000000000000000000
   47792 01111100000001110000000000000000000000000000000000000000000000000000001001111100000001110000000000000000000000000000000000000000
   47808 00000000011111000000011100000000000000000000000000000000000000000000000000010001000000000001000000000000000000000000000000000000
   47824 00000000000000010001110000000000000000000000000000000000000000000000000000000000000010110000011100000000000000000000000000000000
   47840 00000000000000000111111000000111000000000000000000000000000000000000000000000000000000100111111000000111000000000000000000000000
   47856 00000000000000000000000001111110000001110000000000000000000000000000000000000000000000000000111000000000000100000000000000000000
   47872 00000000000000000000000000000001000111010000000000000000000000000000000000000000000000000000000000001010000001110000000000000000
   47888 00000000000000000000000000000000100000000000011100000000000000000000000000000000000000000000000000000010100000000000011100000000
   47904 00000000000000000000000000000000000000001000000000000111000000000000000000000000000000000000000000000000000100100000000000010000
   47920 00000000000000000000000000000000000000000000000100011101000000000000000000000000000000000000000000000000000000000000101100000111
   47936 00000000000000000000000000000000000000000000000010000010000001110000000000000000000000000000000000000000000000000000001010000010
   47952 00000111000000000000000000000000000000000000000000000000100000100000011100000000000000000000000000000000000000000000000000001111
   47968 00000000000100000000000000000000000000000000000000000000000000010001111000000000000000000000000000000000000000000000000000000000
   47984 00001010000001110000000000000000000000000000000000000000000000001000010000000111000000000000000000000000000000000000000000000000
   48000 00000010100001000000011100000000000000000000000000000000000000000000000010000100000001110000000000000000000000000000000000000000
   48016 00000000000100110000000000010000000000000000000000000000000000000000000000000001000111100000000000000000000000000000000000000000
   48032 00000000000000000000101100000111000000000000000000000000000000000000000000000000100001100000011100000000000000000000000000000000
   48048 00000000000000000000001010000110000001110000000000000000000000000000000000000000000000001000011000000111000000000000000000000000
   48064 00000000000000000000000000010000000000000001000000000000000000000000000000000000000000000000000100011111000000000000000000000000
   48080 00000000000000000000000000000000000010100000011100000000000000000000000000000000000000000000000010001000000001110000000000000000
   48096 00000000000000000000000000000000000000101000100000000111000000000000000000000000000000000000000000000000100010000000011100000000
   48112 00000000000000000000000000000000000000000001010000000000000100000000000000000000000000000000000000000000000000010001111100000000
   48128 00000000000000000000000000000000000000000000000000001011000001110000000000000000000000000000000000000000000000001000101000000111
   48144 00000000000000000000000000000000000000000000000000000010100010100000011100000000000000000000000000000000000000000000000010001010
   48160 00000111000000000000000000000000000000000000000000000000000100010000000000010000000000000000000000000000000000000000000000000001
   48176 11110110000001100000000000000000000000000000000000000000000000001110110100000110000000000000000000000000000000000000000000000000
   48192 10001100000001110000000000000000000000000000000000000000000000000000000111110110000001100000000000000000000000000000000000000000
   48208 00000000001110110000000000000000000000000000000000000000000000000000000010001101000001110000000000000000000000000000000000000000
   48224 00000000000000010000000000000000000000000000000000000000000000000000000000000000100011000000011100000000000000000000000000000000
   48240 00000000000000001000111000000111000000000000000000000000000000000000000000000000000000101000111000000111000000000000000000000000
   48256 00000000000000000000000010001110000001110000000000000000000000000000000000000000000000000000000100000000000100000000000000000000
   48272 00000000000000000000000000000001000000000000000000000000000000000000000000000000000000000000000010001101000001110000000000000000
   48288 00000000000000000000000000000000100100000000011100000000000000000000000000000000000000000000000000000010100100000000011100000000
   48304 00000000000000000000000000000000000000001001000000000111000000000000000000000000000000000000000000000000000000010000000000010000
   48320 00000000000000000000000000000000000000000000000100000001000000000000000000000000000000000000000000000000000000001000110000000111
   48336 00000000000000000000000000000000000000000000000010010010000001110000000000000000000000000000000000000000000000000000001010010010
   48352 00000111000000000000000000000000000000000000000000000000100100100000011100000000000000000000000000000000000000000000000000000010
   48368 00000000000100000000000000000000000000000000000000000000000000010000000100000000000000000000000000000000000000000000000000000000
   48384 10001101000001110000000000000000000000000000000000000000000000001001010000000111000000000000000000000000000000000000000000000000
   48400 00000010100101000000011100000000000000000000000000000000000000000000000010010100000001110000000000000000000000000000000000000000
   48416 00000000000000100000000000010000000000000000000000000000000000000000000000000001000000100000000000000000000000000000000000000000
   48432 00000000000000001000110000000111000000000000000000000000000000000000000000000000100101100000011100000000000000000000000000000000
   48448 00000000000000000000001010010110000001110000000000000000000000000000000000000000000000001001011000000111000000000000000000000000
   48464 00000000000000000000000000000011000000000001000000000000000000000000000000000000000000000000000100000010000000000000000000000000
   48480 00000000000000000000000000000000100011010000011100000000000000000000000000000000000000000000000010011000000001110000000000000000
   48496 00000000000000000000000000000000000000101001100000000111000000000000000000000000000000000000000000000000100110000000011100000000
   48512 00000000000000000000000000000000000000000000001100000000000100000000000000000000000000000000000000000000000000010000001100000000
   48528 00000000000000000000000000000000000000000000000010001100000001110000000000000000000000000000000000000000000000001001101000000111
   48544 00000000000000000000000000000000000000000000000000000010100110100000011100000000000000000000000000000000000000000000000010011010
   48560 00000111000000000000000000000000000000000000000000000000000001000000000000010000000000000000000000000000000000000000000000000001
   48576 00000011000000000000000000000000000000000000000000000000000000001000110100000111000000000000000000000000000000000000000000000000
   48592 10011100000001110000000000000000000000000000000000000000000000000000001010011100000001110000000000000000000000000000000000000000
   48608 00000000100111000000011100000000000000000000000000000000000000000000000000000100000000000001000000000000000000000000000000000000
   48624 00000000000000010000010000000000000000000000000000000000000000000000000000000000100011000000011100000000000000000000000000000000
   48640 00000000000000001001111000000111000000000000000000000000000000000000000000000000000000101001111000000111000000000000000000000000
   48656 00000000000000000000000010011110000001110000000000000000000000000000000000000000000000000000010100000000000100000000000000000000
   48672 00000000000000000000000000000001000001000000000000000000000000000000000000000000000000000000000010001101000001110000000000000000
   48688 00000000000000000000000000000000101000000000011100000000000000000000000000000000000000000000000000000010101000000000011100000000
   48704 00000000000000000000000000000000000000001010000000000111000000000000000000000000000000000000000000000000000001010000000000010000
   48720 00000000000000000000000000000000000000000000000100000101000000000000000000000000000000000000000000000000000000001000110000000111
   48736 00000000000000000000000000000000000000000000000010100010000001110000000000000000000000000000000000000000000000000000001010100010
   48752 00000111000000000000000000000000000000000000000000000000101000100000011100000000000000000000000000000000000000000000000000000110
   48768 00000000000100000000000000000000000000000000000000000000000000010000010100000000000000000000000000000000000000000000000000000000
   48784 10001101000001110000000000000000000000000000000000000000000000001010010000000111000000000000000000000000000000000000000000000000
   48800 00000010101001000000011100000000000000000000000000000000000000000000000010100100000001110000000000000000000000000000000000000000
   48816 00000000000001100000000000010000000000000000000000000000000000000000000000000001000001100000000000000000000000000000000000000000
   48832 00000000000000001000110000000111000000000000000000000000000000000000000000000000101001100000011100000000000000000000000000000000
   48848 00000000000000000000001010100110000001110000000000000000000000000000000000000000000000001010011000000111000000000000000000000000
   48864 00000000000000000000000000000111000000000001000000000000000000000000000000000000000000000000000100000110000000000000000000000000
   48880 00000000000000000000000000000000100011010000011100000000000000000000000000000000000000000000000010101000000001110000000000000000
   48896 00000000000000000000000000000000000000101010100000000111000000000000000000000000000000000000000000000000101010000000011100000000
   48912 00000000000000000000000000000000000000000000011100000000000100000000000000000000000000000000000000000000000000010000011100000000
   48928 00000000000000000000000000000000000000000000000010001100000001110000000000000000000000000000000000000000000000001010101000000111
   48944 00000000000000000000000000000000000000000000000000000010101010100000011100000000000000000000000000000000000000000000000010101010
   48960 00000111000000000000000000000000000000000000000000000000000010000000000000010000000000000000000000000000000000000000000000000001
   48976 00000111000000000000000000000000000000000000000000000000000000001000110100000111000000000000000000000000000000000000000000000000
   48992 10101100000001110000000000000000000000000000000000000000000000000000001010101100000001110000000000000000000000000000000000000000
   49008 00000000101011000000011100000000000000000000000000000000000000000000000000001000000000000001000000000000000000000000000000000000
   49024 00000000000000010000100000000000000000000000000000000000000000000000000000000000100011000000011100000000000000000000000000000000
   49040 00000000000000001010111000000111000000000000000000000000000000000000000000000000000000101010111000000111000000000000000000000000
   49056 00000000000000000000000010101110000001110000000000000000000000000000000000000000000000000000100000000000000100000000000000000000
   49072 00000000000000000000000000000001000010000000000000000000000000000000000000000000000000000000000010001101000001110000000000000000
   49088 00000000000000000000000000000000101100000000011100000000000000000000000000000000000000000000000000000010101100000000011100000000
   49104 00000000000000000000000000000000000000001011000000000111000000000000000000000000000000000000000000000000000001100000000000010000
   49120 00000000000000000000000000000000000000000000000100001001000000000000000000000000000000000000000000000000000000001000110000000111
   49136 00000000000000000000000000000000000000000000000010110010000001110000000000000000000000000000000000000000000000000000001010110010
   49152 00000111000000000000000000000000000000000000000000000000101100100000011100000000000000000000000000000000000000000000000000001001
   49168 00000000000100000000000000000000000000000000000000000000000000010000100100000000000000000000000000000000000000000000000000000000
   49184 10001101000001110000000000000000000000000000000000000000000000001011010000000111000000000000000000000000000000000000000000000000
   49200 00000010101101000000011100000000000000000000000000000000000000000000000010110100000001110000000000000000000000000000000000000000
   49216 00000000000001110000000000010000000000000000000000000000000000000000000000000001000010100000000000000000000000000000000000000000
   49232 00000000000000001000110000000111000000000000000000000000000000000000000000000000101101100000011100000000000000000000000000000000
   49248 00000000000000000000001010110110000001110000000000000000000000000000000000000000000000001011011000000111000000000000000000000000
   49264 00000000000000000000000000001010000000000001000000000000000000000000000000000000000000000000000100001010000000000000000000000000
   49280 00000000000000000000000000000000100011010000011100000000000000000000000000000000000000000000000010111000000001110000000000000000
   49296 00000000000000000000000000000000000000101011100000000111000000000000000000000000000000000000000000000000101110000000011100000000
   49312 00000000000000000000000000000000000000000000100000000000000100000000000000000000000000000000000000000000000000010000101100000000
   49328 00000000000000000000000000000000000000000000000010001100000001110000000000000000000000000000000000000000000000001011101000000111
   49344 00000000000000000000000000000000000000000000000000000010101110100000011100000000000000000000000000000000000000000000000010111010
   49360 00000111000000000000000000000000000000000000000000000000000010110000000000010000000000000000000000000000000000000000000000000001
   49376 00001011000000000000000000000000000000000000000000000000000000001000110100000111000000000000000000000000000000000000000000000000
   49392 10111100000001110000000000000000000000000000000000000000000000000000001010111100000001110000000000000000000000000000000000000000
   49408 00000000101111000000011100000000000000000000000000000000000000000000000000001001000000000001000000000000000000000000000000000000
   49424 00000000000000010000110000000000000000000000000000000000000000000000000000000000100011000000011100000000000000000000000000000000
   49440 00000000000000001011111000000111000000000000000000000000000000000000000000000000000000101011111000000111000000000000000000000000
   49456 00000000000000000000000010111110000001110000000000000000000000000000000000000000000000000000110000000000000100000000000000000000
   49472 00000000000000000000000000000001000011000000000000000000000000000000000000000000000000000000000010001101000001110000000000000000
   49488 00000000000000000000000000000000110000000000011100000000000000000000000000000000000000000000000000000010110000000000011100000000
   49504 00000000000000000000000000000000000000001100000000000111000000000000000000000000000000000000000000000000000010100000000000010000
   49520 00000000000000000000000000000000000000000000000100001101000000000000000000000000000000000000000000000000000000001000110000000111
   49536 00000000000000000000000000000000000000000000000011000010000001110000000000000000000000000000000000000000000000000000001011000010
   49552 00000111000000000000000000000000000000000000000000000000110000100000011100000000000000000000000000000000000000000000000000001101
   49568 00000000000100000000000000000000000000000000000000000000000000010000110100000000000000000000000000000000000000000000000000000000
   49584 10001101000001110000000000000000000000000000000000000000000000001100010000000111000000000000000000000000000000000000000000000000
   49600 00000010110001000000011100000000000000000000000000000000000000000000000011000100000001110000000000000000000000000000000000000000
   49616 00000000000010110000000000010000000000000000000000000000000000000000000000000001000011100000000000000000000000000000000000000000
   49632 00000000000000001000110000000111000000000000000000000000000000000000000000000000110001100000011100000000000000000000000000000000
   49648 00000000000000000000001011000110000001110000000000000000000000000000000000000000000000001100011000000111000000000000000000000000
   49664 00000000000000000000000000001110000000000001000000000000000000000000000000000000000000000000000100001110000000000000000000000000
   49680 00000000000000000000000000000000100011010000011100000000000000000000000000000000000000000000000011001000000001110000000000000000
   49696 00000000000000000000000000000000000000101100100000000111000000000000000000000000000000000000000000000000110010000000011100000000
   49712 00000000000000000000000000000000000000000000110000000000000100000000000000000000000000000000000000000000000000010000111100000000
   49728 00000000000000000000000000000000000000000000000010001100000001110000000000000000000000000000000000000000000000001100101000000111
   49744 00000000000000000000000000000000000000000000000000000010110010100000011100000000000000000000000000000000000000000000000011001010
   49760 00000111000000000000000000000000000000000000000000000000000011110000000000010000000000000000000000000000000000000000000000000001
   49776 00001111000000000000000000000000000000000000000000000000000000001000110100000111000000000000000000000000000000000000000000000000
   49792 11001100000001110000000000000000000000000000000000000000000000000000001011001100000001110000000000000000000000000000000000000000
   49808 00000000110011000000011100000000000000000000000000000000000000000000000000001101000000000001000000000000000000000000000000000000
   49824 00000000000000010001000000000000000000000000000000000000000000000000000000000000100011000000011100000000000000000000000000000000
   49840 00000000000000001100111000000111000000000000000000000000000000000000000000000000000000101100111000000111000000000000000000000000
   49856 00000000000000000000000011001110000001110000000000000000000000000000000000000000000000000000111100000000000100000000000000000000
   49872 00000000000000000000000000000001000100000000000000000000000000000000000000000000000000000000000010001101000001110000000000000000
   49888 00000000000000000000000000000000110100000000011100000000000000000000000000000000000000000000000000000010110100000000011100000000
   49904 00000000000000000000000000000000000000001101000000000111000000000000000000000000000000000000000000000000000010110000000000010000
   49920 00000000000000000000000000000000000000000000000100010001000000000000000000000000000000000000000000000000000000001000110000000111
   49936 00000000000000000000000000000000000000000000000011010010000001110000000000000000000000000000000000000000000000000000001011010010
   49952 00000111000000000000000000000000000000000000000000000000110100100000011100000000000000000000000000000000000000000000000000010000
   49968 00000000000100000000000000000000000000000000000000000000000000010001000100000000000000000000000000000000000000000000000000000000
   49984 10001101000001110000000000000000000000000000000000000000000000001101010000000111000000000000000000000000000000000000000000000000
   50000 00000010110101000000011100000000000000000000000000000000000000000000000011010100000001110000000000000000000000000000000000000000
   50016 00000000000011000000000000010000000000000000000000000000000000000000000000000001000100100000000000000000000000000000000000000000
   50032 00000000000000001000110000000111000000000000000000000000000000000000000000000000110101100000011100000000000000000000000000000000
   50048 00000000000000000000001011010110000001110000000000000000000000000000000000000000000000001101011000000111000000000000000000000000
   50064 00000000000000000000000000010001000000000001000000000000000000000000000000000000000000000000000100010010000000000000000000000000
   50080 00000000000000000000000000000000100011010000011100000000000000000000000000000000000000000000000011011000000001110000000000000000
   50096 00000000000000000000000000000000000000101101100000000111000000000000000000000000000000000000000000000000110110000000011100000000
   50112 00000000000000000000000000000000000000000000110100000000000100000000000000000000000000000000000000000000000000010001001100000000
   50128 00000000000000000000000000000000000000000000000010001100000001110000000000000000000000000000000000000000000000001101101000000111
   50144 00000000000000000000000000000000000000000000000000000010110110100000011100000000000000000000000000000000000000000000000011011010
   50160 00000111000000000000000000000000000000000000000000000000000100100000000000010000000000000000000000000000000000000000000000000001
   50176 00010011000000000000000000000000000000000000000000000000000000001000110100000111000000000000000000000000000000000000000000000000
   50192 11011100000001110000000000000000000000000000000000000000000000000000001011011100000001110000000000000000000000000000000000000000
   50208 00000000110111000000011100000000000000000000000000000000000000000000000000001110000000000001000000000000000000000000000000000000
   50224 00000000000000010001010000000000000000000000000000000000000000000000000000000000100011000000011100000000000000000000000000000000
   50240 00000000000000001101111000000111000000000000000000000000000000000000000000000000000000101101111000000111000000000000000000000000
   50256 00000000000000000000000011011110000001110000000000000000000000000000000000000000000000000001001100000000000100000000000000000000
   50272 00000000000000000000000000000001000101000000000000000000000000000000000000000000000000000000000010001101000001110000000000000000
   50288 00000000000000000000000000000000111000000000011100000000000000000000000000000000000000000000000000000010111000000000011100000000
   50304 00000000000000000000000000000000000000001110000000000111000000000000000000000000000000000000000000000000000011110000000000010000
   50320 00000000000000000000000000000000000000000000000100010101000000000000000000000000000000000000000000000000000000001000110000000111
   50336 00000000000000000000000000000000000000000000000011100010000001110000000000000000000000000000000000000000000000000000001011100010
   50352 00000111000000000000000000000000000000000000000000000000111000100000011100000000000000000000000000000000000000000000000000010100
   50368 00000000000100000000000000000000000000000000000000000000000000010001010100000000000000000000000000000000000000000000000000000000
   50384 10001101000001110000000000000000000000000000000000000000000000001110010000000111000000000000000000000000000000000000000000000000
   50400 00000010111001000000011100000000000000000000000000000000000000000000000011100100000001110000000000000000000000000000000000000000
   50416 00000000000100000000000000010000000000000000000000000000000000000000000000000001000101100000000000000000000000000000000000000000
   50432 00000000000000001000110000000111000000000000000000000000000000000000000000000000111001100000011100000000000000000000000000000000
   50448 00000000000000000000001011100110000001110000000000000000000000000000000000000000000000001110011000000111000000000000000000000000
   50464 00000000000000000000000000010101000000000001000000000000000000000000000000000000000000000000000100010110000000000000000000000000
   50480 00000000000000000000000000000000100011010000011100000000000000000000000000000000000000000000000011101000000001110000000000000000
   50496 00000000000000000000000000000000000000101110100000000111000000000000000000000000000000000000000000000000111010000000011100000000
   50512 00000000000000000000000000000000000000000001000100000000000100000000000000000000000000000000000000000000000000010001011100000000
   50528 00000000000000000000000000000000000000000000000010001100000001110000000000000000000000000000000000000000000000001110101000000111
   50544 00000000000000000000000000000000000000000000000000000010111010100000011100000000000000000000000000000000000000000000000011101010
   50560 00000111000000000000000000000000000000000000000000000000000101100000000000010000000000000000000000000000000000000000000000000001
   50576 00010111000000000000000000000000000000000000000000000000000000001000110100000111000000000000000000000000000000000000000000000000
   50592 11101100000001110000000000000000000000000000000000000000000000000000001011101100000001110000000000000000000000000000000000000000
   50608 00000000111011000000011100000000000000000000000000000000000000000000000000010010000000000001000000000000000000000000000000000000
   50624 00000000000000010001100000000000000000000000000000000000000000000000000000000000100011000000011100000000000000000000000000000000
   50640 00000000000000001110111000000111000000000000000000000000000000000000000000000000000000101110111000000111000000000000000000000000
   50656 00000000000000000000000011101110000001110000000000000000000000000000000000000000000000000001011000000000000100000000000000000000
   50672 00000000000000000000000000000001000110000000000000000000000000000000000000000000000000000000000010001101000001110000000000000000
   50688 00000000000000000000000000000000111100000000011100000000000000000000000000000000000000000000000000000010111100000000011100000000
   50704 00000000000000000000000000000000000000001111000000000111000000000000000000000000000000000000000000000000000100000000000000010000
   50720 00000000000000000000000000000000000000000000000100011001000000000000000000000000000000000000000000000000000000001000110000000111
   50736 00000000000000000000000000000000000000000000000011110010000001110000000000000000000000000000000000000000000000000000001011110010
   50752 00000111000000000000000000000000000000000000000000000000111100100000011100000000000000000000000000000000000000000000000000010111
   50768 00000000000100000000000000000000000000000000000000000000000000010001100100000000000000000000000000000000000000000000000000000000
   50784 10001101000001110000000000000000000000000000000000000000000000001111010000000111000000000000000000000000000000000000000000000000
   50800 00000010111101000000011100000000000000000000000000000000000000000000000011110100000001110000000000000000000000000000000000000000
   50816 00000000000100010000000000010000000000000000000000000000000000000000000000000001000110100000000000000000000000000000000000000000
   50832 00000000000000001000110000000111000000000000000000000000000000000000000000000000111101100000011100000000000000000000000000000000
   50848 00000000000000000000001011110110000001110000000000000000000000000000000000000000000000001111011000000111000000000000000000000000
   50864 00000000000000000000000000011000000000000001000000000000000000000000000000000000000000000000000100011010000000000000000000000000
   50880 00000000000000000000000000000000100011010000011100000000000000000000000000000000000000000000000011111000000001110000000000000000
   50896 00000000000000000000000000000000000000101111100000000111000000000000000000000000000000000000000000000000111110000000011100000000
   50912 00000000000000000000000000000000000000000001001000000000000100000000000000000000000000000000000000000000000000010001101100000000
   50928 00000000000000000000000000000000000000000000000010001100000001110000000000000000000000000000000000000000000000001111101000000111
   50944 00000000000000000000000000000000000000000000000000000010111110100000011100000000000000000000000000000000000000000000000011111010
   50960 00000111000000000000000000000000000000000000000000000000000110010000000000010000000000000000000000000000000000000000000000000001
   50976 00011011000000000000000000000000000000000000000000000000000000001000110100000111000000000000000000000000000000000000000000000000
   50992 11111100000001110000000000000000000000000000000000000000000000000000001011111100000001110000000000000000000000000000000000000000
   51008 00000000111111000000011100000000000000000000000000000000000000000000000000010011000000000001000000000000000000000000000000000000
   51024 00000000000000010001110000000000000000000000000000000000000000000000000000000000100011000000011100000000000000000000000000000000
   51040 00000000000000001111111000000111000000000000000000000000000000000000000000000000000000101111111000000111000000000000000000000000
   51056 00000000000000000000000011111110000001110000000000000000000000000000000000000000000000000001101000000000000100000000000000000000
   51072 00000000000000000000000000000001000111000000000000000000000000000000000000000000000000000000000010001101000001110000000000000000
   51088 00000000000000000000000000000000000000000000100000000000000000000000000000000000000000000000000000000010000000000000100000000000
   51104 00000000000000000000000000000000000000000000000000001000000000000000000000000000000000000000000000000000000101000000000000010000
   51120 00000000000000000000000000000000000000000000000100011101000000000000000000000000000000000000000000000000000000001000110000000111
   51136 00000000000000000000000000000000000000000000000000000010000010000000000000000000000000000000000000000000000000000000001000000010
   51152 00001000000000000000000000000000000000000000000000000000000000100000100000000000000000000000000000000000000000000000000000011011
   51168 00000000000100000000000000000000000000000000000000000000000000010001110100000000000000000000000000000000000000000000000000000000
   51184 10001101000001110000000000000000000000000000000000000000000000000000010000001000000000000000000000000000000000000000000000000000
   51200 00000010000001000000100000000000000000000000000000000000000000000000000000000100000010000000000000000000000000000000000000000000
   51216 00000000000101010000000000010000000000000000000000000000000000000000000000000001000111100000000000000000000000000000000000000000
   51232 00000000000000001000110000000111000000000000000000000000000000000000000000000000000001100000100000000000000000000000000000000000
   51248 00000000000000000000001000000110000010000000000000000000000000000000000000000000000000000000011000001000000000000000000000000000
   51264 00000000000000000000000000011100000000000001000000000000000000000000000000000000000000000000000100011110000000000000000000000000
   51280 00000000000000000000000000000000100011010000011100000000000000000000000000000000000000000000000000001000000010000000000000000000
   51296 00000000000000000000000000000000000000100000100000001000000000000000000000000000000000000000000000000000000010000000100000000000
   51312 00000000000000000000000000000000000000000001011000000000000100000000000000000000000000000000000000000000000000010001111100000000
   51328 00000000000000000000000000000000000000000000000010001100000001110000000000000000000000000000000000000000000000000000101000001000
   51344 00000000000000000000000000000000000000000000000000000010000010100000100000000000000000000000000000000000000000000000000000001010
   51360 00001000000000000000000000000000000000000000000000000000000111010000000000010000000000000000000000000000000000000000000000000001
   51376 00011111000000000000000000000000000000000000000000000000000000001000110100000111000000000000000000000000000000000000000000000000
   51392 00001100000010000000000000000000000000000000000000000000000000000000001000001100000010000000000000000000000000000000000000000000
   51408 00000000000011000000100000000000000000000000000000000000000000000000000000010111000000000001000000000000000000000000000000000000
   51424 00000000000000011111101000000110000000000000000000000000000000000000000000000000111011010000011000000000000000000000000000000000
   51440 00000000000000000000111000001000000000000000000000000000000000000000000000000000000000011111101000000110000000000000000000000000
   51456 00000000000000000000000000111011000000000000000000000000000000000000000000000000000000000000111100001000000000000000000000000000
   51472 00000000000000000000000000000001000000000000000000000000000000000000000000000000000000000000000000001110000010000000000000000000
   51488 00000000000000000000000000000000000100000000100000000000000000000000000000000000000000000000000000000010000100000000100000000000
   51504 00000000000000000000000000000000000000000001000000001000000000000000000000000000000000000000000000000000000000010000000000010000
   51520 00000000000000000000000000000000000000000000000100000000000000000000000000000000000000000000000000000000000000000000111100001000
   51536 00000000000000000000000000000000000000000000000000010010000010000000000000000000000000000000000000000000000000000000001000010010
   51552 00001000000000000000000000000000000000000000000000000000000100100000100000000000000000000000000000000000000000000000000000000001
   51568 00000000000100000000000000000000000000000000000000000000000000010000000100000000000000000000000000000000000000000000000000000000
   51584 00001110000010000000000000000000000000000000000000000000000000000001010000001000000000000000000000000000000000000000000000000000
   51600 00000010000101000000100000000000000000000000000000000000000000000000000000010100000010000000000000000000000000000000000000000000
   51616 00000000000000100000000000010000000000000000000000000000000000000000000000000001000000010000000000000000000000000000000000000000
   51632 00000000000000000000111100001000000000000000000000000000000000000000000000000000000101100000100000000000000000000000000000000000
   51648 00000000000000000000001000010110000010000000000000000000000000000000000000000000000000000001011000001000000000000000000000000000
   51664 00000000000000000000000000000010000000000001000000000000000000000000000000000000000000000000000100000010000000000000000000000000
   51680 00000000000000000000000000000000000011100000100000000000000000000000000000000000000000000000000000011000000010000000000000000000
   51696 00000000000000000000000000000000000000100001100000001000000000000000000000000000000000000000000000000000000110000000100000000000
   51712 00000000000000000000000000000000000000000000001100000000000100000000000000000000000000000000000000000000000000010000001000000000
   51728 00000000000000000000000000000000000000000000000000001111000010000000000000000000000000000000000000000000000000000001101000001000
   51744 00000000000000000000000000000000000000000000000000000010000110100000100000000000000000000000000000000000000000000000000000011010
   51760 00001000000000000000000000000000000000000000000000000000000000110000000000010000000000000000000000000000000000000000000000000001
   51776 00000011000000000000000000000000000000000000000000000000000000000000111000001000000000000000000000000000000000000000000000000000
   51792 00011100000010000000000000000000000000000000000000000000000000000000001000011100000010000000000000000000000000000000000000000000
   51808 00000000000111000000100000000000000000000000000000000000000000000000000000000100000000000001000000000000000000000000000000000000
   51824 00000000000000010000001100000000000000000000000000000000000000000000000000000000000011110000100000000000000000000000000000000000
   51840 00000000000000000001111000001000000000000000000000000000000000000000000000000000000000100001111000001000000000000000000000000000
   51856 00000000000000000000000000011110000010000000000000000000000000000000000000000000000000000000010000000000000100000000000000000000
   51872 00000000000000000000000000000001000001000000000000000000000000000000000000000000000000000000000000001110000010000000000000000000
   51888 00000000000000000000000000000000001000000000100000000000000000000000000000000000000000000000000000000010001000000000100000000000
   51904 00000000000000000000000000000000000000000010000000001000000000000000000000000000000000000000000000000000000001010000000000010000
   51920 00000000000000000000000000000000000000000000000100000100000000000000000000000000000000000000000000000000000000000000111100001000
   51936 00000000000000000000000000000000000000000000000000100010000010000000000000000000000000000000000000000000000000000000001000100010
   51952 00001000000000000000000000000000000000000000000000000000001000100000100000000000000000000000000000000000000000000000000000000101
   51968 00000000000100000000000000000000000000000000000000000000000000010000010100000000000000000000000000000000000000000000000000000000
   51984 00001110000010000000000000000000000000000000000000000000000000000010010000001000000000000000000000000000000000000000000000000000
   52000 00000010001001000000100000000000000000000000000000000000000000000000000000100100000010000000000000000000000000000000000000000000
   52016 00000000000001100000000000010000000000000000000000000000000000000000000000000001000001010000000000000000000000000000000000000000
   52032 00000000000000000000111100001000000000000000000000000000000000000000000000000000001001100000100000000000000000000000000000000000
   52048 00000000000000000000001000100110000010000000000000000000000000000000000000000000000000000010011000001000000000000000000000000000
   52064 00000000000000000000000000000110000000000001000000000000000000000000000000000000000000000000000100000110000000000000000000000000
   52080 00000000000000000000000000000000000011100000100000000000000000000000000000000000000000000000000000101000000010000000000000000000
   52096 00000000000000000000000000000000000000100010100000001000000000000000000000000000000000000000000000000000001010000000100000000000
   52112 00000000000000000000000000000000000000000000011100000000000100000000000000000000000000000000000000000000000000010000011000000000
   52128 00000000000000000000000000000000000000000000000000001111000010000000000000000000000000000000000000000000000000000010101000001000
   52144 00000000000000000000000000000000000000000000000000000010001010100000100000000000000000000000000000000000000000000000000000101010
   52160 00001000000000000000000000000000000000000000000000000000000001110000000000010000000000000000000000000000000000000000000000000001
   52176 00000111000000000000000000000000000000000000000000000000000000000000111000001000000000000000000000000000000000000000000000000000
   52192 00101100000010000000000000000000000000000000000000000000000000000000001000101100000010000000000000000000000000000000000000000000
   52208 00000000001011000000100000000000000000000000000000000000000000000000000000001000000000000001000000000000000000000000000000000000
   52224 00000000000000010000011100000000000000000000000000000000000000000000000000000000000011110000100000000000000000000000000000000000
   52240 00000000000000000010111000001000000000000000000000000000000000000000000000000000000000100010111000001000000000000000000000000000
   52256 00000000000000000000000000101110000010000000000000000000000000000000000000000000000000000000100000000000000100000000000000000000
   52272 00000000000000000000000000000001000010000000000000000000000000000000000000000000000000000000000000001110000010000000000000000000
   52288 00000000000000000000000000000000001100000000100000000000000000000000000000000000000000000000000000000010001100000000100000000000
   52304 00000000000000000000000000000000000000000011000000001000000000000000000000000000000000000000000000000000000010110000000000010000
   52320 00000000000000000000000000000000000000000000000100001000000000000000000000000000000000000000000000000000000000000000111100001000
   52336 00000000000000000000000000000000000000000000000000110010000010000000000000000000000000000000000000000000000000000000001000110010
   52352 00001000000000000000000000000000000000000000000000000000001100100000100000000000000000000000000000000000000000000000000000001000
   52368 00000000000100000000000000000000000000000000000000000000000000010000100100000000000000000000000000000000000000000000000000000000
   52384 00001110000010000000000000000000000000000000000000000000000000000011010000001000000000000000000000000000000000000000000000000000
   52400 00000010001101000000100000000000000000000000000000000000000000000000000000110100000010000000000000000000000000000000000000000000
   52416 00000000000011000000000000010000000000000000000000000000000000000000000000000001000010010000000000000000000000000000000000000000
   52432 00000000000000000000111100001000000000000000000000000000000000000000000000000000001101100000100000000000000000000000000000000000
   52448 00000000000000000000001000110110000010000000000000000000000000000000000000000000000000000011011000001000000000000000000000000000
   52464 00000000000000000000000000001001000000000001000000000000000000000000000000000000000000000000000100001010000000000000000000000000
   52480 00000000000000000000000000000000000011100000100000000000000000000000000000000000000000000000000000111000000010000000000000000000
   52496 00000000000000000000000000000000000000100011100000001000000000000000000000000000000000000000000000000000001110000000100000000000
   52512 00000000000000000000000000000000000000000000110100000000000100000000000000000000000000000000000000000000000000010000101000000000
   52528 00000000000000000000000000000000000000000000000000001111000010000000000000000000000000000000000000000000000000000011101000001000
   52544 00000000000000000000000000000000000000000000000000000010001110100000100000000000000000000000000000000000000000000000000000111010
   52560 00001000000000000000000000000000000000000000000000000000000010100000000000010000000000000000000000000000000000000000000000000001
   52576 00001011000000000000000000000000000000000000000000000000000000000000111000001000000000000000000000000000000000000000000000000000
   52592 00111100000010000000000000000000000000000000000000000000000000000000001000111100000010000000000000000000000000000000000000000000
   52608 00000000001111000000100000000000000000000000000000000000000000000000000000001110000000000001000000000000000000000000000000000000
   52624 00000000000000010000101100000000000000000000000000000000000000000000000000000000000011110000100000000000000000000000000000000000
   52640 00000000000000000011111000001000000000000000000000000000000000000000000000000000000000100011111000001000000000000000000000000000
   52656 00000000000000000000000000111110000010000000000000000000000000000000000000000000000000000000101100000000000100000000000000000000
   52672 00000000000000000000000000000001000011000000000000000000000000000000000000000000000000000000000000001110000010000000000000000000
   52688 00000000000000000000000000000000010000000000100000000000000000000000000000000000000000000000000000000010010000000000100000000000
   52704 00000000000000000000000000000000000000000100000000001000000000000000000000000000000000000000000000000000000011110000000000010000
   52720 00000000000000000000000000000000000000000000000100001100000000000000000000000000000000000000000000000000000000000000111100001000
   52736 00000000000000000000000000000000000000000000000001000010000010000000000000000000000000000000000000000000000000000000001001000010
   52752 00001000000000000000000000000000000000000000000000000000010000100000100000000000000000000000000000000000000000000000000000001100
   52768 00000000000100000000000000000000000000000000000000000000000000010000110100000000000000000000000000000000000000000000000000000000
   52784 00001110000010000000000000000000000000000000000000000000000000000100010000001000000000000000000000000000000000000000000000000000
   52800 00000010010001000000100000000000000000000000000000000000000000000000000001000100000010000000000000000000000000000000000000000000
   52816 00000000000100000000000000010000000000000000000000000000000000000000000000000001000011010000000000000000000000000000000000000000
   52832 00000000000000000000111100001000000000000000000000000000000000000000000000000000010001100000100000000000000000000000000000000000
   52848 00000000000000000000001001000110000010000000000000000000000000000000000000000000000000000100011000001000000000000000000000000000
   52864 00000000000000000000000000001101000000000001000000000000000000000000000000000000000000000000000100001110000000000000000000000000
   52880 00000000000000000000000000000000000011100000100000000000000000000000000000000000000000000000000001001000000010000000000000000000
   52896 00000000000000000000000000000000000000100100100000001000000000000000000000000000000000000000000000000000010010000000100000000000
   52912 00000000000000000000000000000000000000000001000100000000000100000000000000000000000000000000000000000000000000010000111000000000
   52928 00000000000000000000000000000000000000000000000000001111000010000000000000000000000000000000000000000000000000000100101000001000
   52944 00000000000000000000000000000000000000000000000000000010010010100000100000000000000000000000000000000000000000000000000001001010
   52960 00001000000000000000000000000000000000000000000000000000000011100000000000010000000000000000000000000000000000000000000000000001
   52976 00001111000000000000000000000000000000000000000000000000000000000000111000001000000000000000000000000000000000000000000000000000
   52992 01001100000010000000000000000000000000000000000000000000000000000000001001001100000010000000000000000000000000000000000000000000
   53008 00000000010011000000100000000000000000000000000000000000000000000000000000010010000000000001000000000000000000000000000000000000
   53024 00000000000000010000111100000000000000000000000000000000000000000000000000000000000011110000100000000000000000000000000000000000
   53040 00000000000000000100111000001000000000000000000000000000000000000000000000000000000000100100111000001000000000000000000000000000
   53056 00000000000000000000000001001110000010000000000000000000000000000000000000000000000000000000111100000000000100000000000000000000
   53072 00000000000000000000000000000001000100000000000000000000000000000000000000000000000000000000000000001110000010000000000000000000
   53088 00000000000000000000000000000000010100000000100000000000000000000000000000000000000000000000000000000010010100000000100000000000
   53104 00000000000000000000000000000000000000000101000000001000000000000000000000000000000000000000000000000000000101010000000000010000
   53120 00000000000000000000000000000000000000000000000100010000000000000000000000000000000000000000000000000000000000000000111100001000
   53136 00000000000000000000000000000000000000000000000001010010000010000000000000000000000000000000000000000000000000000000001001010010
   53152 00001000000000000000000000000000000000000000000000000000010100100000100000000000000000000000000000000000000000000000000000001111
   53168 00000000000100000000000000000000000000000000000000000000000000010001000100000000000000000000000000000000000000000000000000000000
   53184 00001110000010000000000000000000000000000000000000000000000000000101010000001000000000000000000000000000000000000000000000000000
   53200 00000010010101000000100000000000000000000000000000000000000000000000000001010100000010000000000000000000000000000000000000000000
   53216 00000000000101100000000000010000000000000000000000000000000000000000000000000001000100010000000000000000000000000000000000000000
   53232 00000000000000000000111100001000000000000000000000000000000000000000000000000000010101100000100000000000000000000000000000000000
   53248 00000000000000000000001001010110000010000000000000000000000000000000000000000000000000000101011000001000000000000000000000000000
   53264 00000000000000000000000000010000000000000001000000000000000000000000000000000000000000000000000100010010000000000000000000000000
   53280 00000000000000000000000000000000000011100000100000000000000000000000000000000000000000000000000001011000000010000000000000000000
   53296 00000000000000000000000000000000000000100101100000001000000000000000000000000000000000000000000000000000010110000000100000000000
   53312 00000000000000000000000000000000000000000001011100000000000100000000000000000000000000000000000000000000000000010001001000000000
   53328 00000000000000000000000000000000000000000000000000001111000010000000000000000000000000000000000000000000000000000101101000001000
   53344 00000000000000000000000000000000000000000000000000000010010110100000100000000000000000000000000000000000000000000000000001011010
   53360 00001000000000000000000000000000000000000000000000000000000100010000000000010000000000000000000000000000000000000000000000000001
   53376 00010011000000000000000000000000000000000000000000000000000000000000111000001000000000000000000000000000000000000000000000000000
   53392 01011100000010000000000000000000000000000000000000000000000000000000001001011100000010000000000000000000000000000000000000000000
   53408 00000000010111000000100000000000000000000000000000000000000000000000000000011000000000000001000000000000000000000000000000000000
   53424 00000000000000010001001100000000000000000000000000000000000000000000000000000000000011110000100000000000000000000000000000000000
   53440 00000000000000000101111000001000000000000000000000000000000000000000000000000000000000100101111000001000000000000000000000000000
   53456 00000000000000000000000001011110000010000000000000000000000000000000000000000000000000000001001000000000000100000000000000000000
   53472 00000000000000000000000000000001000101000000000000000000000000000000000000000000000000000000000000001110000010000000000000000000
   53488 00000000000000000000000000000000011000000000100000000000000000000000000000000000000000000000000000000010011000000000100000000000
   53504 00000000000000000000000000000000000000000110000000001000000000000000000000000000000000000000000000000000000110010000000000010000
   53520 00000000000000000000000000000000000000000000000100010100000000000000000000000000000000000000000000000000000000000000111100001000
   53536 00000000000000000000000000000000000000000000000001100010000010000000000000000000000000000000000000000000000000000000001001100010
   53552 00001000000000000000000000000000000000000000000000000000011000100000100000000000000000000000000000000000000000000000000000010011
   53568 00000000000100000000000000000000000000000000000000000000000000010001010100000000000000000000000000000000000000000000000000000000
   53584 00001110000010000000000000000000000000000000000000000000000000000110010000001000000000000000000000000000000000000000000000000000
   53600 00000010011001000000100000000000000000000000000000000000000000000000000001100100000010000000000000000000000000000000000000000000
   53616 00000000000110100000000000010000000000000000000000000000000000000000000000000001000101010000000000000000000000000000000000000000
   53632 00000000000000000000111100001000000000000000000000000000000000000000000000000000011001100000100000000000000000000000000000000000
   53648 00000000000000000000001001100110000010000000000000000000000000000000000000000000000000000110011000001000000000000000000000000000
   53664 00000000000000000000000000010100000000000001000000000000000000000000000000000000000000000000000100010110000000000000000000000000
   53680 00000000000000000000000000000000000011100000100000000000000000000000000000000000000000000000000001101000000010000000000000000000
   53696 00000000000000000000000000000000000000100110100000001000000000000000000000000000000000000000000000000000011010000000100000000000
   53712 00000000000000000000000000000000000000000001101100000000000100000000000000000000000000000000000000000000000000010001011000000000
   53728 00000000000000000000000000000000000000000000000000001111000010000000000000000000000000000000000000000000000000000110101000001000
   53744 00000000000000000000000000000000000000000000000000000010011010100000100000000000000000000000000000000000000000000000000001101010
   53760 00001000000000000000000000000000000000000000000000000000000101010000000000010000000000000000000000000000000000000000000000000001
   53776 00010111000000000000000000000000000000000000000000000000000000000000111000001000000000000000000000000000000000000000000000000000
   53792 01101100000010000000000000000000000000000000000000000000000000000000001001101100000010000000000000000000000000000000000000000000
   53808 00000000011011000000100000000000000000000000000000000000000000000000000000011100000000000001000000000000000000000000000000000000
   53824 00000000000000010001011100000000000000000000000000000000000000000000000000000000000011110000100000000000000000000000000000000000
   53840 00000000000000000110111000001000000000000000000000000000000000000000000000000000000000100110111000001000000000000000000000000000
   53856 00000000000000000000000001101110000010000000000000000000000000000000000000000000000000000001011000000000000100000000000000000000
   53872 00000000000000000000000000000001000110000000000000000000000000000000000000000000000000000000000000001110000010000000000000000000
   53888 00000000000000000000000000000000011100000000100000000000000000000000000000000000000000000000000000000010011100000000100000000000
   53904 00000000000000000000000000000000000000000111000000001000000000000000000000000000000000000000000000000000000111110000000000010000
   53920 00000000000000000000000000000000000000000000000100011000000000000000000000000000000000000000000000000000000000000000111100001000
   53936 00000000000000000000000000000000000000000000000001110010000010000000000000000000000000000000000000000000000000000000001001110010
   53952 00001000000000000000000000000000000000000000000000000000011100100000100000000000000000000000000000000000000000000000000000010110
   53968 00000000000100000000000000000000000000000000000000000000000000010001100100000000000000000000000000000000000000000000000000000000
   53984 00001110000010000000000000000000000000000000000000000000000000000111010000001000000000000000000000000000000000000000000000000000
   54000 00000010011101000000100000000000000000000000000000000000000000000000000001110100000010000000000000000000000000000000000000000000
   54016 00000000001000000000000000010000000000000000000000000000000000000000000000000001000110010000000000000000000000000000000000000000
   54032 00000000000000000000111100001000000000000000000000000000000000000000000000000000011101100000100000000000000000000000000000000000
   54048 00000000000000000000001001110110000010000000000000000000000000000000000000000000000000000111011000001000000000000000000000000000
   54064 00000000000000000000000000010111000000000001000000000000000000000000000000000000000000000000000100011010000000000000000000000000
   54080 00000000000000000000000000000000000011100000100000000000000000000000000000000000000000000000000001111000000010000000000000000000
   54096 00000000000000000000000000000000000000100111100000001000000000000000000000000000000000000000000000000000011110000000100000000000
   54112 00000000000000000000000000000000000000000010000100000000000100000000000000000000000000000000000000000000000000010001101000000000
   54128 00000000000000000000000000000000000000000000000000001111000010000000000000000000000000000000000000000000000000000111101000001000
   54144 00000000000000000000000000000000000000000000000000000010011110100000100000000000000000000000000000000000000000000000000001111010
   54160 00001000000000000000000000000000000000000000000000000000000110000000000000010000000000000000000000000000000000000000000000000001
   54176 00011011000000000000000000000000000000000000000000000000000000000000111000001000000000000000000000000000000000000000000000000000
   54192 01111100000010000000000000000000000000000000000000000000000000000000001001111100000010000000000000000000000000000000000000000000
   54208 00000000011111000000100000000000000000000000000000000000000000000000000000100010000000000001000000000000000000000000000000000000
   54224 00000000000000010001101100000000000000000000000000000000000000000000000000000000000011110000100000000000000000000000000000000000
   54240 00000000000000000111111000001000000000000000000000000000000000000000000000000000000000100111111000001000000000000000000000000000
   54256 00000000000000000000000001111110000010000000000000000000000000000000000000000000000000000001100100000000000100000000000000000000
   54272 00000000000000000000000000000001000111000000000000000000000000000000000000000000000000000000000000001110000010000000000000000000
   54288 00000000000000000000000000000000100000000000100000000000000000000000000000000000000000000000000000000010100000000000100000000000
   54304 00000000000000000000000000000000000000001000000000001000000000000000000000000000000000000000000000000000001000110000000000010000
   54320 00000000000000000000000000000000000000000000000100011100000000000000000000000000000000000000000000000000000000000000111100001000
   54336 00000000000000000000000000000000000000000000000010000010000010000000000000000000000000000000000000000000000000000000001010000010
   54352 00001000000000000000000000000000000000000000000000000000100000100000100000000000000000000000000000000000000000000000000000011010
   54368 00000000000100000000000000000000000000000000000000000000000000010001110100000000000000000000000000000000000000000000000000000000
   54384 00001110000010000000000000000000000000000000000000000000000000001000010000001000000000000000000000000000000000000000000000000000
   54400 00000010100001000000100000000000000000000000000000000000000000000000000010000100000010000000000000000000000000000000000000000000
   54416 00000000001001000000000000010000000000000000000000000000000000000000000000000001000111010000000000000000000000000000000000000000
   54432 00000000000000000000111100001000000000000000000000000000000000000000000000000000100001100000100000000000000000000000000000000000
   54448 00000000000000000000001010000110000010000000000000000000000000000000000000000000000000001000011000001000000000000000000000000000
   54464 00000000000000000000000000011011000000000001000000000000000000000000000000000000000000000000000100011110000000000000000000000000
   54480 00000000000000000000000000000000000011100000100000000000000000000000000000000000000000000000000010001000000010000000000000000000
   54496 00000000000000000000000000000000000000101000100000001000000000000000000000000000000000000000000000000000100010000000100000000000
   54512 00000000000000000000000000000000000000000010010100000000000100000000000000000000000000000000000000000000000000010001111000000000
   54528 00000000000000000000000000000000000000000000000000001111000010000000000000000000000000000000000000000000000000001000101000001000
   54544 00000000000000000000000000000000000000000000000000000010100010100000100000000000000000000000000000000000000000000000000010001010
   54560 00001000000000000000000000000000000000000000000000000000000111000000000000010000000000000000000000000000000000000000000000000001
   54576 00011111000000000000000000000000000000000000000000000000000000000000111000001000000000000000000000000000000000000000000000000000
   54592 10001100000010000000000000000000000000000000000000000000000000000000001010001100000010000000000000000000000000000000000000000000
   54608 00000000100011000000100000000000000000000000000000000000000000000000000000100110000000000001000000000000000000000000000000000000
   54624 00000000000000010001111100000000000000000000000000000000000000000000000000000000000011110000100000000000000000000000000000000000
   54640 00000000000000001000111000001000000000000000000000000000000000000000000000000000000000101000111000001000000000000000000000000000
   54656 00000000000000000000000010001110000010000000000000000000000000000000000000000000000000000001110100000000000100000000000000000000
   54672 00000000000000000000000000000001111111010000011000000000000000000000000000000000000000000000000011101101000001100000000000000000
   54688 00000000000000000000000000000000100100000000100000000000000000000000000000000000000000000000000000000001111111010000011000000000
   54704 00000000000000000000000000000000000000000011101100000000000000000000000000000000000000000000000000000000100100010000100000000000
   54720 00000000000000000000000000000000000000000000000100000000000000000000000000000000000000000000000000000000000000001001000000001000
   54736 00000000000000000000000000000000000000000000000010010010000010000000000000000000000000000000000000000000000000000000001010010010
   54752 00001000000000000000000000000000000000000000000000000000100100100000100000000000000000000000000000000000000000000000000000000001
   54768 00000000000100000000000000000000000000000000000000000000000000010000000000000000000000000000000000000000000000000000000000000000
   54784 10010001000010000000000000000000000000000000000000000000000000001001010000001000000000000000000000000000000000000000000000000000
   54800 00000010100101000000100000000000000000000000000000000000000000000000000010010100000010000000000000000000000000000000000000000000
   54816 00000000000000010000000000010000000000000000000000000000000000000000000000000001000000010000000000000000000000000000000000000000
   54832 00000000000000001001000000001000000000000000000000000000000000000000000000000000100101100000100000000000000000000000000000000000
   54848 00000000000000000000001010010110000010000000000000000000000000000000000000000000000000001001011000001000000000000000000000000000
   54864 00000000000000000000000000000010000000000001000000000000000000000000000000000000000000000000000100000001000000000000000000000000
   54880 00000000000000000000000000000000100100010000100000000000000000000000000000000000000000000000000010011000000010000000000000000000
   54896 00000000000000000000000000000000000000101001100000001000000000000000000000000000000000000000000000000000100110000000100000000000
   54912 00000000000000000000000000000000000000000000001000000000000100000000000000000000000000000000000000000000000000010000001000000000
   54928 00000000000000000000000000000000000000000000000010010000000010000000000000000000000000000000000000000000000000001001101000001000
   54944 00000000000000000000000000000000000000000000000000000010100110100000100000000000000000000000000000000000000000000000000010011010
   54960 00001000000000000000000000000000000000000000000000000000000000110000000000010000000000000000000000000000000000000000000000000001
   54976 00000010000000000000000000000000000000000000000000000000000000001001000100001000000000000000000000000000000000000000000000000000
   54992 10011100000010000000000000000000000000000000000000000000000000000000001010011100000010000000000000000000000000000000000000000000
   55008 00000000100111000000100000000000000000000000000000000000000000000000000000000011000000000001000000000000000000000000000000000000
   55024 00000000000000010000001100000000000000000000000000000000000000000000000000000000100100000000100000000000000000000000000000000000
   55040 00000000000000001001111000001000000000000000000000000000000000000000000000000000000000101001111000001000000000000000000000000000
   55056 00000000000000000000000010011110000010000000000000000000000000000000000000000000000000000000010000000000000100000000000000000000
   55072 00000000000000000000000000000001000000110000000000000000000000000000000000000000000000000000000010010001000010000000000000000000
   55088 00000000000000000000000000000000101000000000100000000000000000000000000000000000000000000000000000000010101000000000100000000000
   55104 00000000000000000000000000000000000000001010000000001000000000000000000000000000000000000000000000000000000001000000000000010000
   55120 00000000000000000000000000000000000000000000000100000100000000000000000000000000000000000000000000000000000000001001000000001000
   55136 00000000000000000000000000000000000000000000000010100010000010000000000000000000000000000000000000000000000000000000001010100010
   55152 00001000000000000000000000000000000000000000000000000000101000100000100000000000000000000000000000000000000000000000000000000101
   55168 00000000000100000000000000000000000000000000000000000000000000010000010000000000000000000000000000000000000000000000000000000000
   55184 10010001000010000000000000000000000000000000000000000000000000001010010000001000000000000000000000000000000000000000000000000000
   55200 00000010101001000000100000000000000000000000000000000000000000000000000010100100000010000000000000000000000000000000000000000000
   55216 00000000000001010000000000010000000000000000000000000000000000000000000000000001000001010000000000000000000000000000000000000000
   55232 00000000000000001001000000001000000000000000000000000000000000000000000000000000101001100000100000000000000000000000000000000000
   55248 00000000000000000000001010100110000010000000000000000000000000000000000000000000000000001010011000001000000000000000000000000000
   55264 00000000000000000000000000000110000000000001000000000000000000000000000000000000000000000000000100000101000000000000000000000000
   55280 00000000000000000000000000000000100100010000100000000000000000000000000000000000000000000000000010101000000010000000000000000000
   55296 00000000000000000000000000000000000000101010100000001000000000000000000000000000000000000000000000000000101010000000100000000000
   55312 00000000000000000000000000000000000000000000011000000000000100000000000000000000000000000000000000000000000000010000011000000000
   55328 00000000000000000000000000000000000000000000000010010000000010000000000000000000000000000000000000000000000000001010101000001000
   55344 00000000000000000000000000000000000000000000000000000010101010100000100000000000000000000000000000000000000000000000000010101010
   55360 00001000000000000000000000000000000000000000000000000000000001110000000000010000000000000000000000000000000000000000000000000001
   55376 00000110000000000000000000000000000000000000000000000000000000001001000100001000000000000000000000000000000000000000000000000000
   55392 10101100000010000000000000000000000000000000000000000000000000000000001010101100000010000000000000000000000000000000000000000000
   55408 00000000101011000000100000000000000000000000000000000000000000000000000000000111000000000001000000000000000000000000000000000000
   55424 00000000000000010000011100000000000000000000000000000000000000000000000000000000100100000000100000000000000000000000000000000000
   55440 00000000000000001010111000001000000000000000000000000000000000000000000000000000000000101010111000001000000000000000000000000000
   55456 00000000000000000000000010101110000010000000000000000000000000000000000000000000000000000000100000000000000100000000000000000000
   55472 00000000000000000000000000000001000001110000000000000000000000000000000000000000000000000000000010010001000010000000000000000000
   55488 00000000000000000000000000000000101100000000100000000000000000000000000000000000000000000000000000000010101100000000100000000000
   55504 00000000000000000000000000000000000000001011000000001000000000000000000000000000000000000000000000000000000010000000000000010000
   55520 00000000000000000000000000000000000000000000000100001000000000000000000000000000000000000000000000000000000000001001000000001000
   55536 00000000000000000000000000000000000000000000000010110010000010000000000000000000000000000000000000000000000000000000001010110010
   55552 00001000000000000000000000000000000000000000000000000000101100100000100000000000000000000000000000000000000000000000000000001110
   55568 00000000000100000000000000000000000000000000000000000000000000010000100000000000000000000000000000000000000000000000000000000000
   55584 10010001000010000000000000000000000000000000000000000000000000001011010000001000000000000000000000000000000000000000000000000000
   55600 00000010101101000000100000000000000000000000000000000000000000000000000010110100000010000000000000000000000000000000000000000000
   55616 00000000000010100000000000010000000000000000000000000000000000000000000000000001000010010000000000000000000000000000000000000000
   55632 00000000000000001001000000001000000000000000000000000000000000000000000000000000101101100000100000000000000000000000000000000000
   55648 00000000000000000000001010110110000010000000000000000000000000000000000000000000000000001011011000001000000000000000000000000000
   55664 00000000000000000000000000001111000000000001000000000000000000000000000000000000000000000000000100001001000000000000000000000000
   55680 00000000000000000000000000000000100100010000100000000000000000000000000000000000000000000000000010111000000010000000000000000000
   55696 00000000000000000000000000000000000000101011100000001000000000000000000000000000000000000000000000000000101110000000100000000000
   55712 00000000000000000000000000000000000000000000101100000000000100000000000000000000000000000000000000000000000000010000101000000000
   55728 00000000000000000000000000000000000000000000000010010000000010000000000000000000000000000000000000000000000000001011101000001000
   55744 00000000000000000000000000000000000000000000000000000010101110100000100000000000000000000000000000000000000000000000000010111010
   55760 00001000000000000000000000000000000000000000000000000000000100000000000000010000000000000000000000000000000000000000000000000001
   55776 00001010000000000000000000000000000000000000000000000000000000001001000100001000000000000000000000000000000000000000000000000000
   55792 10111100000010000000000000000000000000000000000000000000000000000000001010111100000010000000000000000000000000000000000000000000
   55808 00000000101111000000100000000000000000000000000000000000000000000000000000001100000000000001000000000000000000000000000000000000
   55824 00000000000000010000101100000000000000000000000000000000000000000000000000000000100100000000100000000000000000000000000000000000
   55840 00000000000000001011111000001000000000000000000000000000000000000000000000000000000000101011111000001000000000000000000000000000
   55856 00000000000000000000000010111110000010000000000000000000000000000000000000000000000000000001000100000000000100000000000000000000
   55872 00000000000000000000000000000001000010110000000000000000000000000000000000000000000000000000000010010001000010000000000000000000
   55888 00000000000000000000000000000000110000000000100000000000000000000000000000000000000000000000000000000010110000000000100000000000
   55904 00000000000000000000000000000000000000001100000000001000000000000000000000000000000000000000000000000000000011010000000000010000
   55920 00000000000000000000000000000000000000000000000100001100000000000000000000000000000000000000000000000000000000001001000000001000
   55936 00000000000000000000000000000000000000000000000011000010000010000000000000000000000000000000000000000000000000000000001011000010
   55952 00001000000000000000000000000000000000000000000000000000110000100000100000000000000000000000000000000000000000000000000000010010
   55968 00000000000100000000000000000000000000000000000000000000000000010000110000000000000000000000000000000000000000000000000000000000
   55984 10010001000010000000000000000000000000000000000000000000000000001100010000001000000000000000000000000000000000000000000000000000
   56000 00000010110001000000100000000000000000000000000000000000000000000000000011000100000010000000000000000000000000000000000000000000
   56016 00000000000011100000000000010000000000000000000000000000000000000000000000000001000011010000000000000000000000000000000000000000
   56032 00000000000000001001000000001000000000000000000000000000000000000000000000000000110001100000100000000000000000000000000000000000
   56048 00000000000000000000001011000110000010000000000000000000000000000000000000000000000000001100011000001000000000000000000000000000
   56064 00000000000000000000000000010011000000000001000000000000000000000000000000000000000000000000000100001101000000000000000000000000
   56080 00000000000000000000000000000000100100010000100000000000000000000000000000000000000000000000000011001000000010000000000000000000
   56096 00000000000000000000000000000000000000101100100000001000000000000000000000000000000000000000000000000000110010000000100000000000
   56112 00000000000000000000000000000000000000000000111100000000000100000000000000000000000000000000000000000000000000010000111000000000
   56128 00000000000000000000000000000000000000000000000010010000000010000000000000000000000000000000000000000000000000001100101000001000
   56144 00000000000000000000000000000000000000000000000000000010110010100000100000000000000000000000000000000000000000000000000011001010
   56160 00001000000000000000000000000000000000000000000000000000000101000000000000010000000000000000000000000000000000000000000000000001
   56176 00001110000000000000000000000000000000000000000000000000000000001001000100001000000000000000000000000000000000000000000000000000
   56192 11001100000010000000000000000000000000000000000000000000000000000000001011001100000010000000000000000000000000000000000000000000
   56208 00000000110011000000100000000000000000000000000000000000000000000000000000010000000000000001000000000000000000000000000000000000
   56224 00000000000000010000111100000000000000000000000000000000000000000000000000000000100100000000100000000000000000000000000000000000
   56240 00000000000000001100111000001000000000000000000000000000000000000000000000000000000000101100111000001000000000000000000000000000
   56256 00000000000000000000000011001110000010000000000000000000000000000000000000000000000000000001010100000000000100000000000000000000
   56272 00000000000000000000000000000001000011110000000000000000000000000000000000000000000000000000000010010001000010000000000000000000
   56288 00000000000000000000000000000000110100000000100000000000000000000000000000000000000000000000000000000010110100000000100000000000
   56304 00000000000000000000000000000000000000001101000000001000000000000000000000000000000000000000000000000000000100010000000000010000
   56320 00000000000000000000000000000000000000000000000100010000000000000000000000000000000000000000000000000000000000001001000000001000
   56336 00000000000000000000000000000000000000000000000011010010000010000000000000000000000000000000000000000000000000000000001011010010
   56352 00001000000000000000000000000000000000000000000000000000110100100000100000000000000000000000000000000000000000000000000000011011
   56368 00000000000100000000000000000000000000000000000000000000000000010001000000000000000000000000000000000000000000000000000000000000
   56384 10010001000010000000000000000000000000000000000000000000000000001101010000001000000000000000000000000000000000000000000000000000
   56400 00000010110101000000100000000000000000000000000000000000000000000000000011010100000010000000000000000000000000000000000000000000
   56416 00000000000100110000000000010000000000000000000000000000000000000000000000000001000100010000000000000000000000000000000000000000
   56432 00000000000000001001000000001000000000000000000000000000000000000000000000000000110101100000100000000000000000000000000000000000
   56448 00000000000000000000001011010110000010000000000000000000000000000000000000000000000000001101011000001000000000000000000000000000
   56464 00000000000000000000000000011100000000000001000000000000000000000000000000000000000000000000000100010001000000000000000000000000
   56480 00000000000000000000000000000000100100010000100000000000000000000000000000000000000000000000000011011000000010000000000000000000
   56496 00000000000000000000000000000000000000101101100000001000000000000000000000000000000000000000000000000000110110000000100000000000
   56512 00000000000000000000000000000000000000000001010000000000000100000000000000000000000000000000000000000000000000010001001000000000
   56528 00000000000000000000000000000000000000000000000010010000000010000000000000000000000000000000000000000000000000001101101000001000
   56544 00000000000000000000000000000000000000000000000000000010110110100000100000000000000000000000000000000000000000000000000011011010
   56560 00001000000000000000000000000000000000000000000000000000000111010000000000010000000000000000000000000000000000000000000000000001
   56576 00010010000000000000000000000000000000000000000000000000000000001001000100001000000000000000000000000000000000000000000000000000
   56592 11011100000010000000000000000000000000000000000000000000000000000000001011011100000010000000000000000000000000000000000000000000
   56608 00000000110111000000100000000000000000000000000000000000000000000000000000010101000000000001000000000000000000000000000000000000
   56624 00000000000000010001001100000000000000000000000000000000000000000000000000000000100100000000100000000000000000000000000000000000
   56640 00000000000000001101111000001000000000000000000000000000000000000000000000000000000000101101111000001000000000000000000000000000
   56656 00000000000000000000000011011110000010000000000000000000000000000000000000000000000000000001111000000000000100000000000000000000
   56672 00000000000000000000000000000001000100110000000000000000000000000000000000000000000000000000000010010001000010000000000000000000
   56688 00000000000000000000000000000000111000000000100000000000000000000000000000000000000000000000000000000010111000000000100000000000
   56704 00000000000000000000000000000000000000001110000000001000000000000000000000000000000000000000000000000000000101100000000000010000
   56720 00000000000000000000000000000000000000000000000100010100000000000000000000000000000000000000000000000000000000001001000000001000
   56736 00000000000000000000000000000000000000000000000011100010000010000000000000000000000000000000000000000000000000000000001011100010
   56752 00001000000000000000000000000000000000000000000000000000111000100000100000000000000000000000000000000000000000000000000000011111
   56768 00000000000100000000000000000000000000000000000000000000000000010001010000000000000000000000000000000000000000000000000000000000
   56784 10010001000010000000000000000000000000000000000000000000000000001110010000001000000000000000000000000000000000000000000000000000
   56800 00000010111001000000100000000000000000000000000000000000000000000000000011100100000010000000000000000000000000000000000000000000
   56816 00000000000101110000000000010000000000000000000000000000000000000000000000000001000101010000000000000000000000000000000000000000
   56832 00000000000000001001000000001000000000000000000000000000000000000000000000000000111001100000100000000000000000000000000000000000
   56848 00000000000000000000001011100110000010000000000000000000000000000000000000000000000000001110011000001000000000000000000000000000
   56864 00000000000000000000000000100000000000000001000000000000000000000000000000000000000000000000000100010101000000000000000000000000
   56880 00000000000000000000000000000000100100010000100000000000000000000000000000000000000000000000000011101000000010000000000000000000
   56896 00000000000000000000000000000000000000101110100000001000000000000000000000000000000000000000000000000000111010000000100000000000
   56912 00000000000000000000000000000000000000000001100000000000000100000000000000000000000000000000000000000000000000010001011000000000
   56928 00000000000000000000000000000000000000000000000010010000000010000000000000000000000000000000000000000000000000001110101000001000
   56944 00000000000000000000000000000000000000000000000000000010111010100000100000000000000000000000000000000000000000000000000011101010
   56960 00001000000000000000000000000000000000000000000000000000001000010000000000010000000000000000000000000000000000000000000000000001
   56976 00010110000000000000000000000000000000000000000000000000000000001001000100001000000000000000000000000000000000000000000000000000
   56992 11101100000010000000000000000000000000000000000000000000000000000000001011101100000010000000000000000000000000000000000000000000
   57008 00000000111011000000100000000000000000000000000000000000000000000000000000011001000000000001000000000000000000000000000000000000
   57024 00000000000000010001011100000000000000000000000000000000000000000000000000000000100100000000100000000000000000000000000000000000
   57040 00000000000000001110111000001000000000000000000000000000000000000000000000000000000000101110111000001000000000000000000000000000
   57056 00000000000000000000000011101110000010000000000000000000000000000000000000000000000000000010001000000000000100000000000000000000
   57072 00000000000000000000000000000001000101110000000000000000000000000000000000000000000000000000000010010001000010000000000000000000
   57088 00000000000000000000000000000000111100000000100000000000000000000000000000000000000000000000000000000010111100000000100000000000
   57104 00000000000000000000000000000000000000001111000000001000000000000000000000000000000000000000000000000000000110100000000000010000
   57120 00000000000000000000000000000000000000000000000100011000000000000000000000000000000000000000000000000000000000001001000000001000
   57136 00000000000000000000000000000000000000000000000011110010000010000000000000000000000000000000000000000000000000000000001011110010
   57152 00001000000000000000000000000000000000000000000000000000111100100000100000000000000000000000000000000000000000000000000000101000
   57168 00000000000100000000000000000000000000000000000000000000000000010001100000000000000000000000000000000000000000000000000000000000
   57184 10010001000010000000000000000000000000000000000000000000000000001111010000001000000000000000000000000000000000000000000000000000
   57200 00000010111101000000100000000000000000000000000000000000000000000000000011110100000010000000000000000000000000000000000000000000
   57216 00000000000111000000000000010000000000000000000000000000000000000000000000000001000110010000000000000000000000000000000000000000
   57232 00000000000000001001000000001000000000000000000000000000000000000000000000000000111101100000100000000000000000000000000000000000
   57248 00000000000000000000001011110110000010000000000000000000000000000000000000000000000000001111011000001000000000000000000000000000
   57264 00000000000000000000000000101001000000000001000000000000000000000000000000000000000000000000000100011001000000000000000000000000
   57280 00000000000000000000000000000000100100010000100000000000000000000000000000000000000000000000000011111000000010000000000000000000
   57296 00000000000000000000000000000000000000101111100000001000000000000000000000000000000000000000000000000000111110000000100000000000
   57312 00000000000000000000000000000000000000000001110100000000000100000000000000000000000000000000000000000000000000010001101000000000
   57328 00000000000000000000000000000000000000000000000010010000000010000000000000000000000000000000000000000000000000001111101000001000
   57344 00000000000000000000000000000000000000000000000000000010111110100000100000000000000000000000000000000000000000000000000011111010
   57360 00001000000000000000000000000000000000000000000000000000001010100000000000010000000000000000000000000000000000000000000000000001
   57376 00011010000000000000000000000000000000000000000000000000000000001001000100001000000000000000000000000000000000000000000000000000
   57392 11111100000010000000000000000000000000000000000000000000000000000000001011111100000010000000000000000000000000000000000000000000
   57408 00000000111111000000100000000000000000000000000000000000000000000000000000011110000000000001000000000000000000000000000000000000
   57424 00000000000000010001101100000000000000000000000000000000000000000000000000000000100100000000100000000000000000000000000000000000
   57440 00000000000000001111111000001000000000000000000000000000000000000000000000000000000000101111111000001000000000000000000000000000
   57456 00000000000000000000000011111110000010000000000000000000000000000000000000000000000000000010101100000000000100000000000000000000
   57472 00000000000000000000000000000001000110110000000000000000000000000000000000000000000000000000000010010001000010000000000000000000
   57488 00000000000000000000000000000000000000000000100100000000000000000000000000000000000000000000000000000010000000000000100100000000
   57504 00000000000000000000000000000000000000000000000000001001000000000000000000000000000000000000000000000000000111110000000000010000
   57520 00000000000000000000000000000000000000000000000100011100000000000000000000000000000000000000000000000000000000001001000000001000
   57536 00000000000000000000000000000000000000000000000000000010000010010000000000000000000000000000000000000000000000000000001000000010
   57552 00001001000000000000000000000000000000000000000000000000000000100000100100000000000000000000000000000000000000000000000000101100
   57568 00000000000100000000000000000000000000000000000000000000000000010001110000000000000000000000000000000000000000000000000000000000
   57584 10010001000010000000000000000000000000000000000000000000000000000000010000001001000000000000000000000000000000000000000000000000
   57600 00000010000001000000100100000000000000000000000000000000000000000000000000000100000010010000000000000000000000000000000000000000
   57616 00000000001000000000000000010000000000000000000000000000000000000000000000000001000111010000000000000000000000000000000000000000
   57632 00000000000000001001000000001000000000000000000000000000000000000000000000000000000001100000100100000000000000000000000000000000
   57648 00000000000000000000001000000110000010010000000000000000000000000000000000000000000000000000011000001001000000000000000000000000
   57664 00000000000000000000000000101101000000000001000000000000000000000000000000000000000000000000000100011101000000000000000000000000
   57680 00000000000000000000000000000000100100010000100000000000000000000000000000000000000000000000000000001000000010010000000000000000
   57696 00000000000000000000000000000000000000100000100000001001000000000000000000000000000000000000000000000000000010000000100100000000
   57712 00000000000000000000000000000000000000000010000100000000000100000000000000000000000000000000000000000000000000010001111000000000
   57728 00000000000000000000000000000000000000000000000010010000000010000000000000000000000000000000000000000000000000000000101000001001
   57744 00000000000000000000000000000000000000000000000000000010000010100000100100000000000000000000000000000000000000000000000000001010
   57760 00001001000000000000000000000000000000000000000000000000001011100000000000010000000000000000000000000000000000000000000000000001
   57776 00011110000000000000000000000000000000000000000000000000000000001001000100001000000000000000000000000000000000000000000000000000
   57792 00001100000010010000000000000000000000000000000000000000000000000000001000001100000010010000000000000000000000000000000000000000
   57808 00000000000011000000100100000000000000000000000000000000000000000000000000100010000000000001000000000000000000000000000000000000
   57824 00000000000000010001111100000000000000000000000000000000000000000000000000000000100100000000100000000000000000000000000000000000
   57840 00000000000000000000111000001001000000000000000000000000000000000000000000000000000000100000111000001001000000000000000000000000
   57856 00000000000000000000000000001110000010010000000000000000000000000000000000000000000000000010111100000000000100000000000000000000
   57872 00000000000000000000000000000001000111110000000000000000000000000000000000000000000000000000000010010001000010000000000000000000
   57888 00000000000000000000000000000000000100000000100100000000000000000000000000000000000000000000000000000010000100000000100100000000
   57904 00000000000000000000000000000000000000000001000000001001000000000000000000000000000000000000000000000000001000110000000000010000
   57920 00000000000000000000000000000000000000000000000100000001000001110000000000000000000000000000000000000000000000001110110100000110
   57936 00000000000000000000000000000000000000000000000000010010000010010000000000000000000000000000000000000000000000000000000100000001
   57952 00000111000000000000000000000000000000000000000000000000001110110000000000000000000000000000000000000000000000000000000000010011
   57968 00001001000000000000000000000000000000000000000000000000000000010000000000000000000000000000000000000000000000000000000000000000
   57984 00010010000010010000000000000000000000000000000000000000000000000001010000001001000000000000000000000000000000000000000000000000
   58000 00000010000101000000100100000000000000000000000000000000000000000000000000010100000010010000000000000000000000000000000000000000
   58016 00000000000000010000000000010000000000000000000000000000000000000000000000000001000000000000000000000000000000000000000000000000
   58032 00000000000000000001001100001001000000000000000000000000000000000000000000000000000101100000100100000000000000000000000000000000
   58048 00000000000000000000001000010110000010010000000000000000000000000000000000000000000000000001011000001001000000000000000000000000
   58064 00000000000000000000000000000001000000000001000000000000000000000000000000000000000000000000000100000001000000000000000000000000
   58080 00000000000000000000000000000000000100100000100100000000000000000000000000000000000000000000000000011000000010010000000000000000
   58096 00000000000000000000000000000000000000100001100000001001000000000000000000000000000000000000000000000000000110000000100100000000
   58112 00000000000000000000000000000000000000000000001000000000000100000000000000000000000000000000000000000000000000010000000100000000
   58128 00000000000000000000000000000000000000000000000000010011000010010000000000000000000000000000000000000000000000000001101000001001
   58144 00000000000000000000000000000000000000000000000000000010000110100000100100000000000000000000000000000000000000000000000000011010
   58160 00001001000000000000000000000000000000000000000000000000000000100000000000010000000000000000000000000000000000000000000000000001
   58176 00000010000000000000000000000000000000000000000000000000000000000001001000001001000000000000000000000000000000000000000000000000
   58192 00011100000010010000000000000000000000000000000000000000000000000000001000011100000010010000000000000000000000000000000000000000
   58208 00000000000111000000100100000000000000000000000000000000000000000000000000000011000000000001000000000000000000000000000000000000
   58224 00000000000000010000001000000000000000000000000000000000000000000000000000000000000100110000100100000000000000000000000000000000
   58240 00000000000000000001111000001001000000000000000000000000000000000000000000000000000000100001111000001001000000000000000000000000
   58256 00000000000000000000000000011110000010010000000000000000000000000000000000000000000000000000001100000000000100000000000000000000
   58272 00000000000000000000000000000001000000110000000000000000000000000000000000000000000000000000000000010010000010010000000000000000
   58288 00000000000000000000000000000000001000000000100100000000000000000000000000000000000000000000000000000010001000000000100100000000
   58304 00000000000000000000000000000000000000000010000000001001000000000000000000000000000000000000000000000000000001000000000000010000
   58320 00000000000000000000000000000000000000000000000100000011000000000000000000000000000000000000000000000000000000000001001100001001
   58336 00000000000000000000000000000000000000000000000000100010000010010000000000000000000000000000000000000000000000000000001000100010
   58352 00001001000000000000000000000000000000000000000000000000001000100000100100000000000000000000000000000000000000000000000000000100
   58368 00000000000100000000000000000000000000000000000000000000000000010000010000000000000000000000000000000000000000000000000000000000
   58384 00010010000010010000000000000000000000000000000000000000000000000010010000001001000000000000000000000000000000000000000000000000
   58400 00000010001001000000100100000000000000000000000000000000000000000000000000100100000010010000000000000000000000000000000000000000
   58416 00000000000001010000000000010000000000000000000000000000000000000000000000000001000001000000000000000000000000000000000000000000
   58432 00000000000000000001001100001001000000000000000000000000000000000000000000000000001001100000100100000000000000000000000000000000
   58448 00000000000000000000001000100110000010010000000000000000000000000000000000000000000000000010011000001001000000000000000000000000
   58464 00000000000000000000000000000101000000000001000000000000000000000000000000000000000000000000000100000101000000000000000000000000
   58480 00000000000000000000000000000000000100100000100100000000000000000000000000000000000000000000000000101000000010010000000000000000
   58496 00000000000000000000000000000000000000100010100000001001000000000000000000000000000000000000000000000000001010000000100100000000
   58512 00000000000000000000000000000000000000000000011000000000000100000000000000000000000000000000000000000000000000010000010100000000
   58528 00000000000000000000000000000000000000000000000000010011000010010000000000000000000000000000000000000000000000000010101000001001
   58544 00000000000000000000000000000000000000000000000000000010001010100000100100000000000000000000000000000000000000000000000000101010
   58560 00001001000000000000000000000000000000000000000000000000000001100000000000010000000000000000000000000000000000000000000000000001
   58576 00000110000000000000000000000000000000000000000000000000000000000001001000001001000000000000000000000000000000000000000000000000
   58592 00101100000010010000000000000000000000000000000000000000000000000000001000101100000010010000000000000000000000000000000000000000
   58608 00000000001011000000100100000000000000000000000000000000000000000000000000000111000000000001000000000000000000000000000000000000
   58624 00000000000000010000011000000000000000000000000000000000000000000000000000000000000100110000100100000000000000000000000000000000
   58640 00000000000000000010111000001001000000000000000000000000000000000000000000000000000000100010111000001001000000000000000000000000
   58656 00000000000000000000000000101110000010010000000000000000000000000000000000000000000000000000011100000000000100000000000000000000
   58672 00000000000000000000000000000001000001110000000000000000000000000000000000000000000000000000000000010010000010010000000000000000
   58688 00000000000000000000000000000000001100000000100100000000000000000000000000000000000000000000000000000010001100000000100100000000
   58704 00000000000000000000000000000000000000000011000000001001000000000000000000000000000000000000000000000000000010000000000000010000
   58720 00000000000000000000000000000000000000000000000100000111000000000000000000000000000000000000000000000000000000000001001100001001
   58736 00000000000000000000000000000000000000000000000000110010000010010000000000000000000000000000000000000000000000000000001000110010
   58752 00001001000000000000000000000000000000000000000000000000001100100000100100000000000000000000000000000000000000000000000000001000
   58768 00000000000100000000000000000000000000000000000000000000000000010000100000000000000000000000000000000000000000000000000000000000
   58784 00010010000010010000000000000000000000000000000000000000000000000011010000001001000000000000000000000000000000000000000000000000
   58800 00000010001101000000100100000000000000000000000000000000000000000000000000110100000010010000000000000000000000000000000000000000
   58816 00000000000100010000000000010000000000000000000000000000000000000000000000000001000010000000000000000000000000000000000000000000
   58832 00000000000000000001001100001001000000000000000000000000000000000000000000000000001101100000100100000000000000000000000000000000
   58848 00000000000000000000001000110110000010010000000000000000000000000000000000000000000000000011011000001001000000000000000000000000
   58864 00000000000000000000000000001100000000000001000000000000000000000000000000000000000000000000000100001001000000000000000000000000
   58880 00000000000000000000000000000000000100100000100100000000000000000000000000000000000000000000000000111000000010010000000000000000
   58896 00000000000000000000000000000000000000100011100000001001000000000000000000000000000000000000000000000000001110000000100100000000
   58912 00000000000000000000000000000000000000000001001000000000000100000000000000000000000000000000000000000000000000010000100100000000
   58928 00000000000000000000000000000000000000000000000000010011000010010000000000000000000000000000000000000000000000000011101000001001
   58944 00000000000000000000000000000000000000000000000000000010001110100000100100000000000000000000000000000000000000000000000000111010
   58960 00001001000000000000000000000000000000000000000000000000000011010000000000010000000000000000000000000000000000000000000000000001
   58976 00001010000000000000000000000000000000000000000000000000000000000001001000001001000000000000000000000000000000000000000000000000
   58992 00111100000010010000000000000000000000000000000000000000000000000000001000111100000010010000000000000000000000000000000000000000
   59008 00000000001111000000100100000000000000000000000000000000000000000000000000010011000000000001000000000000000000000000000000000000
   59024 00000000000000010000101000000000000000000000000000000000000000000000000000000000000100110000100100000000000000000000000000000000
   59040 00000000000000000011111000001001000000000000000000000000000000000000000000000000000000100011111000001001000000000000000000000000
   59056 00000000000000000000000000111110000010010000000000000000000000000000000000000000000000000000111000000000000100000000000000000000
   59072 00000000000000000000000000000001000010110000000000000000000000000000000000000000000000000000000000010010000010010000000000000000
   59088 00000000000000000000000000000000010000000000100100000000000000000000000000000000000000000000000000000010010000000000100100000000
   59104 00000000000000000000000000000000000000000100000000001001000000000000000000000000000000000000000000000000000101000000000000010000
   59120 00000000000000000000000000000000000000000000000100001011000000000000000000000000000000000000000000000000000000000001001100001001
   59136 00000000000000000000000000000000000000000000000001000010000010010000000000000000000000000000000000000000000000000000001001000010
   59152 00001001000000000000000000000000000000000000000000000000010000100000100100000000000000000000000000000000000000000000000000001111
   59168 00000000000100000000000000000000000000000000000000000000000000010000110000000000000000000000000000000000000000000000000000000000
   59184 00010010000010010000000000000000000000000000000000000000000000000100010000001001000000000000000000000000000000000000000000000000
   59200 00000010010001000000100100000000000000000000000000000000000000000000000001000100000010010000000000000000000000000000000000000000
   59216 00000000000101010000000000010000000000000000000000000000000000000000000000000001000011000000000000000000000000000000000000000000
   59232 00000000000000000001001100001001000000000000000000000000000000000000000000000000010001100000100100000000000000000000000000000000
   59248 00000000000000000000001001000110000010010000000000000000000000000000000000000000000000000100011000001001000000000000000000000000
   59264 00000000000000000000000000010000000000000001000000000000000000000000000000000000000000000000000100001101000000000000000000000000
   59280 00000000000000000000000000000000000100100000100100000000000000000000000000000000000000000000000001001000000010010000000000000000
   59296 00000000000000000000000000000000000000100100100000001001000000000000000000000000000000000000000000000000010010000000100100000000
   59312 00000000000000000000000000000000000000000001011000000000000100000000000000000000000000000000000000000000000000010000110100000000
   59328 00000000000000000000000000000000000000000000000000010011000010010000000000000000000000000000000000000000000000000100101000001001
   59344 00000000000000000000000000000000000000000000000000000010010010100000100100000000000000000000000000000000000000000000000001001010
   59360 00001001000000000000000000000000000000000000000000000000000100010000000000010000000000000000000000000000000000000000000000000001
   59376 00001110000000000000000000000000000000000000000000000000000000000001001000001001000000000000000000000000000000000000000000000000
   59392 01001100000010010000000000000000000000000000000000000000000000000000001001001100000010010000000000000000000000000000000000000000
   59408 00000000010011000000100100000000000000000000000000000000000000000000000000010111000000000001000000000000000000000000000000000000
   59424 00000000000000010000111000000000000000000000000000000000000000000000000000000000000100110000100100000000000000000000000000000000
   59440 00000000000000000100111000001001000000000000000000000000000000000000000000000000000000100100111000001001000000000000000000000000
   59456 00000000000000000000000001001110000010010000000000000000000000000000000000000000000000000001001000000000000100000000000000000000
   59472 00000000000000000000000000000001000011110000000000000000000000000000000000000000000000000000000000010010000010010000000000000000
   59488 00000000000000000000000000000000010100000000100100000000000000000000000000000000000000000000000000000010010100000000100100000000
   59504 00000000000000000000000000000000000000000101000000001001000000000000000000000000000000000000000000000000000110000000000000010000
   59520 00000000000000000000000000000000000000000000000100001111000000000000000000000000000000000000000000000000000000000001001100001001
   59536 00000000000000000000000000000000000000000000000001010010000010010000000000000000000000000000000000000000000000000000001001010010
   59552 00001001000000000000000000000000000000000000000000000000010100100000100100000000000000000000000000000000000000000000000000010011
   59568 00000000000100000000000000000000000000000000000000000000000000010001000000000000000000000000000000000000000000000000000000000000
   59584 00010010000010010000000000000000000000000000000000000000000000000101010000001001000000000000000000000000000000000000000000000000
   59600 00000010010101000000100100000000000000000000000000000000000000000000000001010100000010010000000000000000000000000000000000000000
   59616 00000000001000010000000000010000000000000000000000000000000000000000000000000001000100000000000000000000000000000000000000000000
   59632 00000000000000000001001100001001000000000000000000000000000000000000000000000000010101100000100100000000000000000000000000000000
   59648 00000000000000000000001001010110000010010000000000000000000000000000000000000000000000000101011000001001000000000000000000000000
   59664 00000000000000000000000000010111000000000001000000000000000000000000000000000000000000000000000100010001000000000000000000000000
   59680 00000000000000000000000000000000000100100000100100000000000000000000000000000000000000000000000001011000000010010000000000000000
   59696 00000000000000000000000000000000000000100101100000001001000000000000000000000000000000000000000000000000010110000000100100000000
   59712 00000000000000000000000000000000000000000010001000000000000100000000000000000000000000000000000000000000000000010001000100000000
   59728 00000000000000000000000000000000000000000000000000010011000010010000000000000000000000000000000000000000000000000101101000001001
   59744 00000000000000000000000000000000000000000000000000000010010110100000100100000000000000000000000000000000000000000000000001011010
   59760 00001001000000000000000000000000000000000000000000000000000110000000000000010000000000000000000000000000000000000000000000000001
   59776 00010010000000000000000000000000000000000000000000000000000000000001001000001001000000000000000000000000000000000000000000000000
   59792 01011100000010010000000000000000000000000000000000000000000000000000001001011100000010010000000000000000000000000000000000000000
   59808 00000000010111000000100100000000000000000000000000000000000000000000000000100011000000000001000000000000000000000000000000000000
   59824 00000000000000010001001000000000000000000000000000000000000000000000000000000000000100110000100100000000000000000000000000000000
   59840 00000000000000000101111000001001000000000000000000000000000000000000000000000000000000100101111000001001000000000000000000000000
   59856 00000000000000000000000001011110000010010000000000000000000000000000000000000000000000000001100100000000000100000000000000000000
   59872 00000000000000000000000000000001000100110000000000000000000000000000000000000000000000000000000000010010000010010000000000000000
   59888 00000000000000000000000000000000011000000000100100000000000000000000000000000000000000000000000000000010011000000000100100000000
   59904 00000000000000000000000000000000000000000110000000001001000000000000000000000000000000000000000000000000001001000000000000010000
   59920 00000000000000000000000000000000000000000000000100010011000000000000000000000000000000000000000000000000000000000001001100001001
   59936 00000000000000000000000000000000000000000000000001100010000010010000000000000000000000000000000000000000000000000000001001100010
   59952 00001001000000000000000000000000000000000000000000000000011000100000100100000000000000000000000000000000000000000000000000011010
   59968 00000000000100000000000000000000000000000000000000000000000000010001010000000000000000000000000000000000000000000000000000000000
   59984 00010010000010010000000000000000000000000000000000000000000000000110010000001001000000000000000000000000000000000000000000000000
   60000 00000010011001000000100100000000000000000000000000000000000000000000000001100100000010010000000000000000000000000000000000000000
   60016 00000000001001010000000000010000000000000000000000000000000000000000000000000001000101000000000000000000000000000000000000000000
   60032 00000000000000000001001100001001000000000000000000000000000000000000000000000000011001100000100100000000000000000000000000000000
   60048 00000000000000000000001001100110000010010000000000000000000000000000000000000000000000000110011000001001000000000000000000000000
   60064 00000000000000000000000000011011000000000001000000000000000000000000000000000000000000000000000100010101000000000000000000000000
   60080 00000000000000000000000000000000000100100000100100000000000000000000000000000000000000000000000001101000000010010000000000000000
   60096 00000000000000000000000000000000000000100110100000001001000000000000000000000000000000000000000000000000011010000000100100000000
   60112 00000000000000000000000000000000000000000010011000000000000100000000000000000000000000000000000000000000000000010001010100000000
   60128 00000000000000000000000000000000000000000000000000010011000010010000000000000000000000000000000000000000000000000110101000001001
   60144 00000000000000000000000000000000000000000000000000000010011010100000100100000000000000000000000000000000000000000000000001101010
   60160 00001001000000000000000000000000000000000000000000000000000111000000000000010000000000000000000000000000000000000000000000000001
   60176 00010110000000000000000000000000000000000000000000000000000000000001001000001001000000000000000000000000000000000000000000000000
   60192 01101100000010010000000000000000000000000000000000000000000000000000001001101100000010010000000000000000000000000000000000000000
   60208 00000000011011000000100100000000000000000000000000000000000000000000000000100111000000000001000000000000000000000000000000000000
   60224 00000000000000010001011000000000000000000000000000000000000000000000000000000000000100110000100100000000000000000000000000000000
   60240 00000000000000000110111000001001000000000000000000000000000000000000000000000000000000100110111000001001000000000000000000000000
   60256 00000000000000000000000001101110000010010000000000000000000000000000000000000000000000000001110100000000000100000000000000000000
   60272 00000000000000000000000000000001000101110000000000000000000000000000000000000000000000000000000000010010000010010000000000000000
   60288 00000000000000000000000000000000011100000000100100000000000000000000000000000000000000000000000000000010011100000000100100000000
   60304 00000000000000000000000000000000000000000111000000001001000000000000000000000000000000000000000000000000001010000000000000010000
   60320 00000000000000000000000000000000000000000000000100010111000000000000000000000000000000000000000000000000000000000001001100001001
   60336 00000000000000000000000000000000000000000000000001110010000010010000000000000000000000000000000000000000000000000000001001110010
   60352 00001001000000000000000000000000000000000000000000000000011100100000100100000000000000000000000000000000000000000000000000011110
   60368 00000000000100000000000000000000000000000000000000000000000000010001100000000000000000000000000000000000000000000000000000000000
   60384 00010010000010010000000000000000000000000000000000000000000000000111010000001001000000000000000000000000000000000000000000000000
   60400 00000010011101000000100100000000000000000000000000000000000000000000000001110100000010010000000000000000000000000000000000000000
   60416 00000000001100010000000000010000000000000000000000000000000000000000000000000001000110000000000000000000000000000000000000000000
   60432 00000000000000000001001100001001000000000000000000000000000000000000000000000000011101100000100100000000000000000000000000000000
   60448 00000000000000000000001001110110000010010000000000000000000000000000000000000000000000000111011000001001000000000000000000000000
   60464 00000000000000000000000000100010000000000001000000000000000000000000000000000000000000000000000100011001000000000000000000000000
   60480 00000000000000000000000000000000000100100000100100000000000000000000000000000000000000000000000001111000000010010000000000000000
   60496 00000000000000000000000000000000000000100111100000001001000000000000000000000000000000000000000000000000011110000000100100000000
   60512 00000000000000000000000000000000000000000011001000000000000100000000000000000000000000000000000000000000000000010001100100000000
   60528 00000000000000000000000000000000000000000000000000010011000010010000000000000000000000000000000000000000000000000111101000001001
   60544 00000000000000000000000000000000000000000000000000000010011110100000100100000000000000000000000000000000000000000000000001111010
   60560 00001001000000000000000000000000000000000000000000000000001000110000000000010000000000000000000000000000000000000000000000000001
   60576 00011010000000000000000000000000000000000000000000000000000000000001001000001001000000000000000000000000000000000000000000000000
   60592 01111100000010010000000000000000000000000000000000000000000000000000001001111100000010010000000000000000000000000000000000000000
   60608 00000000011111000000100100000000000000000000000000000000000000000000000000110011000000000001000000000000000000000000000000000000
   60624 00000000000000010001101000000000000000000000000000000000000000000000000000000000000100110000100100000000000000000000000000000000
   60640 00000000000000000111111000001001000000000000000000000000000000000000000000000000000000100111111000001001000000000000000000000000
   60656 00000000000000000000000001111110000010010000000000000000000000000000000000000000000000000010010000000000000100000000000000000000
   60672 00000000000000000000000000000001000110110000000000000000000000000000000000000000000000000000000000010010000010010000000000000000
   60688 00000000000000000000000000000000100000000000100100000000000000000000000000000000000000000000000000000010100000000000100100000000
   60704 00000000000000000000000000000000000000001000000000001001000000000000000000000000000000000000000000000000001101000000000000010000
   60720 00000000000000000000000000000000000000000000000100011011000000000000000000000000000000000000000000000000000000000001001100001001
   60736 00000000000000000000000000000000000000000000000010000010000010010000000000000000000000000000000000000000000000000000001010000010
   60752 00001001000000000000000000000000000000000000000000000000100000100000100100000000000000000000000000000000000000000000000000100101
   60768 00000000000100000000000000000000000000000000000000000000000000010001110000000000000000000000000000000000000000000000000000000000
   60784 00010010000010010000000000000000000000000000000000000000000000001000010000001001000000000000000000000000000000000000000000000000
   60800 00000010100001000000100100000000000000000000000000000000000000000000000010000100000010010000000000000000000000000000000000000000
   60816 00000000001101010000000000010000000000000000000000000000000000000000000000000001000111000000000000000000000000000000000000000000
   60832 00000000000000000001001100001001000000000000000000000000000000000000000000000000100001100000100100000000000000000000000000000000
   60848 00000000000000000000001010000110000010010000000000000000000000000000000000000000000000001000011000001001000000000000000000000000
   60864 00000000000000000000000000100110000000000001000000000000000000000000000000000000000000000000000100011101000000000000000000000000
   60880 00000000000000000000000000000000000100100000100100000000000000000000000000000000000000000000000010001000000010010000000000000000
   60896 00000000000000000000000000000000000000101000100000001001000000000000000000000000000000000000000000000000100010000000100100000000
   60912 00000000000000000000000000000000000000000011011000000000000100000000000000000000000000000000000000000000000000010001110100000000
   60928 00000000000000000000000000000000000000000000000000010011000010010000000000000000000000000000000000000000000000001000101000001001
   60944 00000000000000000000000000000000000000000000000000000010100010100000100100000000000000000000000000000000000000000000000010001010
   60960 00001001000000000000000000000000000000000000000000000000001001110000000000010000000000000000000000000000000000000000000000000001
   60976 00011110000000000000000000000000000000000000000000000000000000000001001000001001000000000000000000000000000000000000000000000000
   60992 10001100000010010000000000000000000000000000000000000000000000000000001010001100000010010000000000000000000000000000000000000000
   61008 00000000100011000000100100000000000000000000000000000000000000000000000000110111000000000001000000000000000000000000000000000000
   61024 00000000000000010001111000000000000000000000000000000000000000000000000000000000000100110000100100000000000000000000000000000000
   61040 00000000000000001000111000001001000000000000000000000000000000000000000000000000000000101000111000001001000000000000000000000000
   61056 00000000000000000000000010001110000010010000000000000000000000000000000000000000000000000010100000000000000100000000000000000000
   61072 00000000000000000000000000000001000111110000000000000000000000000000000000000000000000000000000000010010000010010000000000000000
   61088 00000000000000000000000000000000100100000000100100000000000000000000000000000000000000000000000000000010100100000000100100000000
   61104 00000000000000000000000000000000000000001001000000001001000000000000000000000000000000000000000000000000001110000000000000010000
   61120 00000000000000000000000000000000000000000000000100011111000000000000000000000000000000000000000000000000000000000001001100001001
   61136 00000000000000000000000000000000000000000000000010010010000010010000000000000000000000000000000000000000000000000000001010010010
   61152 00001001000000000000000000000000000000000000000000000000100100100000100100000000000000000000000000000000000000000000000000101001
   61168 00000000000100000000000000000000000000000000000000000000000000010000010000000111000000000000000000000000000000000000000000000000
   61184 11101101000001100000000000000000000000000000000000000000000000001001010000001001000000000000000000000000000000000000000000000000
   61200 00000001000001000000011100000000000000000000000000000000000000000000000000111011000000000000000000000000000000000000000000000000
   61216 00000000100101010000100100000000000000000000000000000000000000000000000000000001000000000000000000000000000000000000000000000000
   61232 00000000000000001001010000001001000000000000000000000000000000000000000000000000100101100000100100000000000000000000000000000000
   61248 00000000000000000000001010010110000010010000000000000000000000000000000000000000000000001001011000001001000000000000000000000000
   61264 00000000000000000000000000000001000000000001000000000000000000000000000000000000000000000000000100000000000000000000000000000000
   61280 00000000000000000000000000000000100101010000100100000000000000000000000000000000000000000000000010011000000010010000000000000000
   61296 00000000000000000000000000000000000000101001100000001001000000000000000000000000000000000000000000000000100110000000100100000000
   61312 00000000000000000000000000000000000000000000000100000000000100000000000000000000000000000000000000000000000000010000000100000000
   61328 00000000000000000000000000000000000000000000000010010100000010010000000000000000000000000000000000000000000000001001101000001001
   61344 00000000000000000000000000000000000000000000000000000010100110100000100100000000000000000000000000000000000000000000000010011010
   61360 00001001000000000000000000000000000000000000000000000000000000100000000000010000000000000000000000000000000000000000000000000001
   61376 00000001000000000000000000000000000000000000000000000000000000001001010100001001000000000000000000000000000000000000000000000000
   61392 10011100000010010000000000000000000000000000000000000000000000000000001010011100000010010000000000000000000000000000000000000000
   61408 00000000100111000000100100000000000000000000000000000000000000000000000000000010000000000001000000000000000000000000000000000000
   61424 00000000000000010000001000000000000000000000000000000000000000000000000000000000100101000000100100000000000000000000000000000000
   61440 00000000000000001001111000001001000000000000000000000000000000000000000000000000000000101001111000001001000000000000000000000000
   61456 00000000000000000000000010011110000010010000000000000000000000000000000000000000000000000000001100000000000100000000000000000000
   61472 00000000000000000000000000000001000000100000000000000000000000000000000000000000000000000000000010010101000010010000000000000000
   61488 00000000000000000000000000000000101000000000100100000000000000000000000000000000000000000000000000000010101000000000100100000000
   61504 00000000000000000000000000000000000000001010000000001001000000000000000000000000000000000000000000000000000000110000000000010000
   61520 00000000000000000000000000000000000000000000000100000011000000000000000000000000000000000000000000000000000000001001010000001001
   61536 00000000000000000000000000000000000000000000000010100010000010010000000000000000000000000000000000000000000000000000001010100010
   61552 00001001000000000000000000000000000000000000000000000000101000100000100100000000000000000000000000000000000000000000000000000100
   61568 00000000000100000000000000000000000000000000000000000000000000010000001100000000000000000000000000000000000000000000000000000000
   61584 10010101000010010000000000000000000000000000000000000000000000001010010000001001000000000000000000000000000000000000000000000000
   61600 00000010101001000000100100000000000000000000000000000000000000000000000010100100000010010000000000000000000000000000000000000000
   61616 00000000000001000000000000010000000000000000000000000000000000000000000000000001000001000000000000000000000000000000000000000000
   61632 00000000000000001001010000001001000000000000000000000000000000000000000000000000101001100000100100000000000000000000000000000000
   61648 00000000000000000000001010100110000010010000000000000000000000000000000000000000000000001010011000001001000000000000000000000000
   61664 00000000000000000000000000000101000000000001000000000000000000000000000000000000000000000000000100000100000000000000000000000000
   61680 00000000000000000000000000000000100101010000100100000000000000000000000000000000000000000000000010101000000010010000000000000000
   61696 00000000000000000000000000000000000000101010100000001001000000000000000000000000000000000000000000000000101010000000100100000000
   61712 00000000000000000000000000000000000000000000010100000000000100000000000000000000000000000000000000000000000000010000010100000000
   61728 00000000000000000000000000000000000000000000000010010100000010010000000000000000000000000000000000000000000000001010101000001001
   61744 00000000000000000000000000000000000000000000000000000010101010100000100100000000000000000000000000000000000000000000000010101010
   61760 00001001000000000000000000000000000000000000000000000000000001100000000000010000000000000000000000000000000000000000000000000001
   61776 00000101000000000000000000000000000000000000000000000000000000001001010100001001000000000000000000000000000000000000000000000000
   61792 10101100000010010000000000000000000000000000000000000000000000000000001010101100000010010000000000000000000000000000000000000000
   61808 00000000101011000000100100000000000000000000000000000000000000000000000000000110000000000001000000000000000000000000000000000000
   61824 00000000000000010000011000000000000000000000000000000000000000000000000000000000100101000000100100000000000000000000000000000000
   61840 00000000000000001010111000001001000000000000000000000000000000000000000000000000000000101010111000001001000000000000000000000000
   61856 00000000000000000000000010101110000010010000000000000000000000000000000000000000000000000000011100000000000100000000000000000000
   61872 00000000000000000000000000000001000001100000000000000000000000000000000000000000000000000000000010010101000010010000000000000000
   61888 00000000000000000000000000000000101100000000100100000000000000000000000000000000000000000000000000000010101100000000100100000000
   61904 00000000000000000000000000000000000000001011000000001001000000000000000000000000000000000000000000000000000001110000000000010000
   61920 00000000000000000000000000000000000000000000000100000111000000000000000000000000000000000000000000000000000000001001010000001001
   61936 00000000000000000000000000000000000000000000000010110010000010010000000000000000000000000000000000000000000000000000001010110010
   61952 00001001000000000000000000000000000000000000000000000000101100100000100100000000000000000000000000000000000000000000000000001000
   61968 00000000000100000000000000000000000000000000000000000000000000010000011100000000000000000000000000000000000000000000000000000000
   61984 10010101000010010000000000000000000000000000000000000000000000001011010000001001000000000000000000000000000000000000000000000000
   62000 00000010101101000000100100000000000000000000000000000000000000000000000010110100000010010000000000000000000000000000000000000000
   62016 00000000000010000000000000010000000000000000000000000000000000000000000000000001000010000000000000000000000000000000000000000000
   62032 00000000000000001001010000001001000000000000000000000000000000000000000000000000101101100000100100000000000000000000000000000000
   62048 00000000000000000000001010110110000010010000000000000000000000000000000000000000000000001011011000001001000000000000000000000000
   62064 00000000000000000000000000010100000000000001000000000000000000000000000000000000000000000000000100001000000000000000000000000000
   62080 00000000000000000000000000000000100101010000100100000000000000000000000000000000000000000000000010111000000010010000000000000000
   62096 00000000000000000000000000000000000000101011100000001001000000000000000000000000000000000000000000000000101110000000100100000000
   62112 00000000000000000000000000000000000000000000111000000000000100000000000000000000000000000000000000000000000000010000100100000000
   62128 00000000000000000000000000000000000000000000000010010100000010010000000000000000000000000000000000000000000000001011101000001001
   62144 00000000000000000000000000000000000000000000000000000010101110100000100100000000000000000000000000000000000000000000000010111010
   62160 00001001000000000000000000000000000000000000000000000000000101010000000000010000000000000000000000000000000000000000000000000001
   62176 00001001000000000000000000000000000000000000000000000000000000001001010100001001000000000000000000000000000000000000000000000000
   62192 10111100000010010000000000000000000000000000000000000000000000000000001010111100000010010000000000000000000000000000000000000000
   62208 00000000101111000000100100000000000000000000000000000000000000000000000000001111000000000001000000000000000000000000000000000000
   62224 00000000000000010000101000000000000000000000000000000000000000000000000000000000100101000000100100000000000000000000000000000000
   62240 00000000000000001011111000001001000000000000000000000000000000000000000000000000000000101011111000001001000000000000000000000000
   62256 00000000000000000000000010111110000010010000000000000000000000000000000000000000000000000001011000000000000100000000000000000000
   62272 00000000000000000000000000000001000010100000000000000000000000000000000000000000000000000000000010010101000010010000000000000000
   62288 00000000000000000000000000000000110000000000100100000000000000000000000000000000000000000000000000000010110000000000100100000000
   62304 00000000000000000000000000000000000000001100000000001001000000000000000000000000000000000000000000000000000100000000000000010000
   62320 00000000000000000000000000000000000000000000000100001011000000000000000000000000000000000000000000000000000000001001010000001001
   62336 00000000000000000000000000000000000000000000000011000010000010010000000000000000000000000000000000000000000000000000001011000010
   62352 00001001000000000000000000000000000000000000000000000000110000100000100100000000000000000000000000000000000000000000000000010111
   62368 00000000000100000000000000000000000000000000000000000000000000010000101100000000000000000000000000000000000000000000000000000000
   62384 10010101000010010000000000000000000000000000000000000000000000001100010000001001000000000000000000000000000000000000000000000000
   62400 00000010110001000000100100000000000000000000000000000000000000000000000011000100000010010000000000000000000000000000000000000000
   62416 00000000000100010000000000010000000000000000000000000000000000000000000000000001000011000000000000000000000000000000000000000000
   62432 00000000000000001001010000001001000000000000000000000000000000000000000000000000110001100000100100000000000000000000000000000000
   62448 00000000000000000000001011000110000010010000000000000000000000000000000000000000000000001100011000001001000000000000000000000000
   62464 00000000000000000000000000011000000000000001000000000000000000000000000000000000000000000000000100001100000000000000000000000000
   62480 00000000000000000000000000000000100101010000100100000000000000000000000000000000000000000000000011001000000010010000000000000000
   62496 00000000000000000000000000000000000000101100100000001001000000000000000000000000000000000000000000000000110010000000100100000000
   62512 00000000000000000000000000000000000000000001001000000000000100000000000000000000000000000000000000000000000000010000110100000000
   62528 00000000000000000000000000000000000000000000000010010100000010010000000000000000000000000000000000000000000000001100101000001001
   62544 00000000000000000000000000000000000000000000000000000010110010100000100100000000000000000000000000000000000000000000000011001010
   62560 00001001000000000000000000000000000000000000000000000000000110010000000000010000000000000000000000000000000000000000000000000001
   62576 00001101000000000000000000000000000000000000000000000000000000001001010100001001000000000000000000000000000000000000000000000000
   62592 11001100000010010000000000000000000000000000000000000000000000000000001011001100000010010000000000000000000000000000000000000000
   62608 00000000110011000000100100000000000000000000000000000000000000000000000000010011000000000001000000000000000000000000000000000000
   62624 00000000000000010000111000000000000000000000000000000000000000000000000000000000100101000000100100000000000000000000000000000000
   62640 00000000000000001100111000001001000000000000000000000000000000000000000000000000000000101100111000001001000000000000000000000000
   62656 00000000000000000000000011001110000010010000000000000000000000000000000000000000000000000001101000000000000100000000000000000000
   62672 00000000000000000000000000000001000011100000000000000000000000000000000000000000000000000000000010010101000010010000000000000000
   62688 00000000000000000000000000000000110100000000100100000000000000000000000000000000000000000000000000000010110100000000100100000000
   62704 00000000000000000000000000000000000000001101000000001001000000000000000000000000000000000000000000000000000101000000000000010000
   62720 00000000000000000000000000000000000000000000000100001111000000000000000000000000000000000000000000000000000000001001010000001001
   62736 00000000000000000000000000000000000000000000000011010010000010010000000000000000000000000000000000000000000000000000001011010010
   62752 00001001000000000000000000000000000000000000000000000000110100100000100100000000000000000000000000000000000000000000000000011011
   62768 00000000000100000000000000000000000000000000000000000000000000010000111100000000000000000000000000000000000000000000000000000000
   62784 10010101000010010000000000000000000000000000000000000000000000001101010000001001000000000000000000000000000000000000000000000000
   62800 00000010110101000000100100000000000000000000000000000000000000000000000011010100000010010000000000000000000000000000000000000000
   62816 00000000000101010000000000010000000000000000000000000000000000000000000000000001000100000000000000000000000000000000000000000000
   62832 00000000000000001001010000001001000000000000000000000000000000000000000000000000110101100000100100000000000000000000000000000000
   62848 00000000000000000000001011010110000010010000000000000000000000000000000000000000000000001101011000001001000000000000000000000000
   62864 00000000000000000000000000100111000000000001000000000000000000000000000000000000000000000000000100010000000000000000000000000000
   62880 00000000000000000000000000000000100101010000100100000000000000000000000000000000000000000000000011011000000010010000000000000000
   62896 00000000000000000000000000000000000000101101100000001001000000000000000000000000000000000000000000000000110110000000100100000000
   62912 00000000000000000000000000000000000000000001101100000000000100000000000000000000000000000000000000000000000000010001000100000000
   62928 00000000000000000000000000000000000000000000000010010100000010010000000000000000000000000000000000000000000000001101101000001001
   62944 00000000000000000000000000000000000000000000000000000010110110100000100100000000000000000000000000000000000000000000000011011010
   62960 00001001000000000000000000000000000000000000000000000000001010000000000000010000000000000000000000000000000000000000000000000001
   62976 00010001000000000000000000000000000000000000000000000000000000001001010100001001000000000000000000000000000000000000000000000000
   62992 11011100000010010000000000000000000000000000000000000000000000000000001011011100000010010000000000000000000000000000000000000000
   63008 00000000110111000000100100000000000000000000000000000000000000000000000000011100000000000001000000000000000000000000000000000000
   63024 00000000000000010001001000000000000000000000000000000000000000000000000000000000100101000000100100000000000000000000000000000000
   63040 00000000000000001101111000001001000000000000000000000000000000000000000000000000000000101101111000001001000000000000000000000000
   63056 00000000000000000000000011011110000010010000000000000000000000000000000000000000000000000010100100000000000100000000000000000000
   63072 00000000000000000000000000000001000100100000000000000000000000000000000000000000000000000000000010010101000010010000000000000000
   63088 00000000000000000000000000000000111000000000100100000000000000000000000000000000000000000000000000000010111000000000100100000000
   63104 00000000000000000000000000000000000000001110000000001001000000000000000000000000000000000000000000000000000111010000000000010000
   63120 00000000000000000000000000000000000000000000000100010011000000000000000000000000000000000000000000000000000000001001010000001001
   63136 00000000000000000000000000000000000000000000000011100010000010010000000000000000000000000000000000000000000000000000001011100010
   63152 00001001000000000000000000000000000000000000000000000000111000100000100100000000000000000000000000000000000000000000000000101010
   63168 00000000000100000000000000000000000000000000000000000000000000010001001100000000000000000000000000000000000000000000000000000000
   63184 10010101000010010000000000000000000000000000000000000000000000001110010000001001000000000000000000000000000000000000000000000000
   63200 00000010111001000000100100000000000000000000000000000000000000000000000011100100000010010000000000000000000000000000000000000000
   63216 00000000000111100000000000010000000000000000000000000000000000000000000000000001000101000000000000000000000000000000000000000000
   63232 00000000000000001001010000001001000000000000000000000000000000000000000000000000111001100000100100000000000000000000000000000000
   63248 00000000000000000000001011100110000010010000000000000000000000000000000000000000000000001110011000001001000000000000000000000000
   63264 00000000000000000000000000101011000000000001000000000000000000000000000000000000000000000000000100010100000000000000000000000000
   63280 00000000000000000000000000000000100101010000100100000000000000000000000000000000000000000000000011101000000010010000000000000000
   63296 00000000000000000000000000000000000000101110100000001001000000000000000000000000000000000000000000000000111010000000100100000000
   63312 00000000000000000000000000000000000000000001111100000000000100000000000000000000000000000000000000000000000000010001010100000000
   63328 00000000000000000000000000000000000000000000000010010100000010010000000000000000000000000000000000000000000000001110101000001001
   63344 00000000000000000000000000000000000000000000000000000010111010100000100100000000000000000000000000000000000000000000000011101010
   63360 00001001000000000000000000000000000000000000000000000000001011000000000000010000000000000000000000000000000000000000000000000001
   63376 00010101000000000000000000000000000000000000000000000000000000001001010100001001000000000000000000000000000000000000000000000000
   63392 11101100000010010000000000000000000000000000000000000000000000000000001011101100000010010000000000000000000000000000000000000000
   63408 00000000111011000000100100000000000000000000000000000000000000000000000000100000000000000001000000000000000000000000000000000000
   63424 00000000000000010001011000000000000000000000000000000000000000000000000000000000100101000000100100000000000000000000000000000000
   63440 00000000000000001110111000001001000000000000000000000000000000000000000000000000000000101110111000001001000000000000000000000000
   63456 00000000000000000000000011101110000010010000000000000000000000000000000000000000000000000010110100000000000100000000000000000000
   63472 00000000000000000000000000000001000101100000000000000000000000000000000000000000000000000000000010010101000010010000000000000000
   63488 00000000000000000000000000000000111100000000100100000000000000000000000000000000000000000000000000000010111100000000100100000000
   63504 00000000000000000000000000000000000000001111000000001001000000000000000000000000000000000000000000000000001000010000000000010000
   63520 00000000000000000000000000000000000000000000000100010111000000000000000000000000000000000000000000000000000000001001010000001001
   63536 00000000000000000000000000000000000000000000000011110010000010010000000000000000000000000000000000000000000000000000001011110010
   63552 00001001000000000000000000000000000000000000000000000000111100100000100100000000000000000000000000000000000000000000000000101110
   63568 00000000000100000000000000000000000000000000000000000000000000010001011100000000000000000000000000000000000000000000000000000000
   63584 10010101000010010000000000000000000000000000000000000000000000001111010000001001000000000000000000000000000000000000000000000000
   63600 00000010111101000000100100000000000000000000000000000000000000000000000011110100000010010000000000000000000000000000000000000000
   63616 00000000001000100000000000010000000000000000000000000000000000000000000000000001000110000000000000000000000000000000000000000000
   63632 00000000000000001001010000001001000000000000000000000000000000000000000000000000111101100000100100000000000000000000000000000000
   63648 00000000000000000000001011110110000010010000000000000000000000000000000000000000000000001111011000001001000000000000000000000000
   63664 00000000000000000000000000111010000000000001000000000000000000000000000000000000000000000000000100011000000000000000000000000000
   63680 00000000000000000000000000000000100101010000100100000000000000000000000000000000000000000000000011111000000010010000000000000000
   63696 00000000000000000000000000000000000000101111100000001001000000000000000000000000000000000000000000000000111110000000100100000000
   63712 00000000000000000000000000000000000000000010100000000000000100000000000000000000000000000000000000000000000000010001100100000000
   63728 00000000000000000000000000000000000000000000000010010100000010010000000000000000000000000000000000000000000000001111101000001001
   63744 00000000000000000000000000000000000000000000000000000010111110100000100100000000000000000000000000000000000000000000000011111010
   63760 00001001000000000000000000000000000000000000000000000000001110110000000000010000000000000000000000000000000000000000000000000001
   63776 00011001000000000000000000000000000000000000000000000000000000001001010100001001000000000000000000000000000000000000000000000000
   63792 11111100000010010000000000000000000000000000000000000000000000000000001011111100000010010000000000000000000000000000000000000000
   63808 00000000111111000000100100000000000000000000000000000000000000000000000000101001000000000001000000000000000000000000000000000000
   63824 00000000000000010001101000000000000000000000000000000000000000000000000000000000100101000000100100000000000000000000000000000000
   63840 00000000000000001111111000001001000000000000000000000000000000000000000000000000000000101111111000001001000000000000000000000000
   63856 00000000000000000000000011111110000010010000000000000000000000000000000000000000000000000011110000000000000100000000000000000000
   63872 00000000000000000000000000000001000110100000000000000000000000000000000000000000000000000000000010010101000010010000000000000000
   63888 00000000000000000000000000000000000000000000101000000000000000000000000000000000000000000000000000000010000000000000101000000000
   63904 00000000000000000000000000000000000000000000000000001010000000000000000000000000000000000000000000000000001010100000000000010000
   63920 00000000000000000000000000000000000000000000000100011011000000000000000000000000000000000000000000000000000000001001010000001001
   63936 00000000000000000000000000000000000000000000000000000010000010100000000000000000000000000000000000000000000000000000001000000010
   63952 00001010000000000000000000000000000000000000000000000000000000100000101000000000000000000000000000000000000000000000000000111101
   63968 00000000000100000000000000000000000000000000000000000000000000010001101100000000000000000000000000000000000000000000000000000000
   63984 10010101000010010000000000000000000000000000000000000000000000000000010000001010000000000000000000000000000000000000000000000000
   64000 00000010000001000000101000000000000000000000000000000000000000000000000000000100000010100000000000000000000000000000000000000000
   64016 00000000001010110000000000010000000000000000000000000000000000000000000000000001000111000000000000000000000000000000000000000000
   64032 00000000000000001001010000001001000000000000000000000000000000000000000000000000000001100000101000000000000000000000000000000000
   64048 00000000000000000000001000000110000010100000000000000000000000000000000000000000000000000000011000001010000000000000000000000000
   64064 00000000000000000000000000111110000000000001000000000000000000000000000000000000000000000000000100011100000000000000000000000000
   64080 00000000000000000000000000000000100101010000100100000000000000000000000000000000000000000000000000001000000010100000000000000000
   64096 00000000000000000000000000000000000000100000100000001010000000000000000000000000000000000000000000000000000010000000101000000000
   64112 00000000000000000000000000000000000000000010110000000000000100000000000000000000000000000000000000000000000000010001110100000000
   64128 00000000000000000000000000000000000000000000000010010100000010010000000000000000000000000000000000000000000000000000101000001010
   64144 00000000000000000000000000000000000000000000000000000010000010100000101000000000000000000000000000000000000000000000000000001010
   64160 00001010000000000000000000000000000000000000000000000000001111110000000000010000000000000000000000000000000000000000000000000001
   64176 00011101000000000000000000000000000000000000000000000000000000001001010100001001000000000000000000000000000000000000000000000000
   64192 00001100000010100000000000000000000000000000000000000000000000000000001000001100000010100000000000000000000000000000000000000000
   64208 00000000000011000000101000000000000000000000000000000000000000000000000000101101000000000001000000000000000000000000000000000000
   64224 00000000000000010001111000000000000000000000000000000000000000000000000000000000100101000000100100000000000000000000000000000000
   64240 00000000000000000000111000001010000000000000000000000000000000000000000000000000000000100000111000001010000000000000000000000000
   64256 00000000000000000000000000001110000010100000000000000000000000000000000000000000000000000100000000000000000100000000000000000000
   64272 00000000000000000000000000000001000111100000000000000000000000000000000000000000000000000000000010010101000010010000000000000000
   64288 00000000000000000000000000000000000100000000101000000000000000000000000000000000000000000000000000000010000100000000101000000000
   64304 00000000000000000000000000000000000000000001000000001010000000000000000000000000000000000000000000000000001011100000000000010000
   64320 00000000000000000000000000000000000000000000000100011111000000000000000000000000000000000000000000000000000000001001010000001001
   64336 00000000000000000000000000000000000000000000000000010010000010100000000000000000000000000000000000000000000000000000001000010010
   64352 00001010000000000000000000000000000000000000000000000000000100100000101000000000000000000000000000000000000000000000000001000001
   64368 00000000000100000000000000000000000000000000000000000000000000010001111100000000000000000000000000000000000000000000000000000000
   64384 10010101000010010000000000000000000000000000000000000000000000000001010000001010000000000000000000000000000000000000000000000000
   64400 00000010000101000000101000000000000000000000000000000000000000000000000000010100000010100000000000000000000000000000000000000000
   64416 00000000001011110000000000010000000000000000000000000000000000000000000000000001000001110000011100000000000000000000000000000000
   64432 00000000000000001110110100000110000000000000000000000000000000000000000000000000000101100000101000000000000000000000000000000000
   64448 00000000000000000000000100000111000001110000000000000000000000000000000000000000000000000011101100000000000000000000000000000000
   64464 00000000000000000000000000010111000010100000000000000000000000000000000000000000000000000000000100000000000000000000000000000000
   64480 00000000000000000000000000000000000101100000101000000000000000000000000000000000000000000000000000011000000010100000000000000000
   64496 00000000000000000000000000000000000000100001100000001010000000000000000000000000000000000000000000000000000110000000101000000000
   64512 00000000000000000000000000000000000000000000000100000000000100000000000000000000000000000000000000000000000000010000000000000000
   64528 00000000000000000000000000000000000000000000000000010111000010100000000000000000000000000000000000000000000000000001101000001010
   64544 00000000000000000000000000000000000000000000000000000010000110100000101000000000000000000000000000000000000000000000000000011010
   64560 00001010000000000000000000000000000000000000000000000000000000010000000000010000000000000000000000000000000000000000000000000001
   64576 00000001000000000000000000000000000000000000000000000000000000000001011000001010000000000000000000000000000000000000000000000000
   64592 00011100000010100000000000000000000000000000000000000000000000000000001000011100000010100000000000000000000000000000000000000000
   64608 00000000000111000000101000000000000000000000000000000000000000000000000000000010000000000001000000000000000000000000000000000000
   64624 00000000000000010000000100000000000000000000000000000000000000000000000000000000000101110000101000000000000000000000000000000000
   64640 00000000000000000001111000001010000000000000000000000000000000000000000000000000000000100001111000001010000000000000000000000000
   64656 00000000000000000000000000011110000010100000000000000000000000000000000000000000000000000000001000000000000100000000000000000000
   64672 00000000000000000000000000000001000000100000000000000000000000000000000000000000000000000000000000010110000010100000000000000000
   64688 00000000000000000000000000000000001000000000101000000000000000000000000000000000000000000000000000000010001000000000101000000000
   64704 00000000000000000000000000000000000000000010000000001010000000000000000000000000000000000000000000000000000000110000000000010000
   64720 00000000000000000000000000000000000000000000000100000010000000000000000000000000000000000000000000000000000000000001011100001010
   64736 00000000000000000000000000000000000000000000000000100010000010100000000000000000000000000000000000000000000000000000001000100010
   64752 00001010000000000000000000000000000000000000000000000000001000100000101000000000000000000000000000000000000000000000000000000011
   64768 00000000000100000000000000000000000000000000000000000000000000010000001100000000000000000000000000000000000000000000000000000000
   64784 00010110000010100000000000000000000000000000000000000000000000000010010000001010000000000000000000000000000000000000000000000000
   64800 00000010001001000000101000000000000000000000000000000000000000000000000000100100000010100000000000000000000000000000000000000000
   64816 00000000000001000000000000010000000000000000000000000000000000000000000000000001000000110000000000000000000000000000000000000000
   64832 00000000000000000001011100001010000000000000000000000000000000000000000000000000001001100000101000000000000000000000000000000000
   64848 00000000000000000000001000100110000010100000000000000000000000000000000000000000000000000010011000001010000000000000000000000000
   64864 00000000000000000000000000000100000000000001000000000000000000000000000000000000000000000000000100000100000000000000000000000000
   64880 00000000000000000000000000000000000101100000101000000000000000000000000000000000000000000000000000101000000010100000000000000000
   64896 00000000000000000000000000000000000000100010100000001010000000000000000000000000000000000000000000000000001010000000101000000000
   64912 00000000000000000000000000000000000000000000010100000000000100000000000000000000000000000000000000000000000000010000010000000000
   64928 00000000000000000000000000000000000000000000000000010111000010100000000000000000000000000000000000000000000000000010101000001010
   64944 00000000000000000000000000000000000000000000000000000010001010100000101000000000000000000000000000000000000000000000000000101010
   64960 00001010000000000000000000000000000000000000000000000000000001010000000000010000000000000000000000000000000000000000000000000001
   64976 00000101000000000000000000000000000000000000000000000000000000000001011000001010000000000000000000000000000000000000000000000000
   64992 00101100000010100000000000000000000000000000000000000000000000000000001000101100000010100000000000000000000000000000000000000000
   65008 00000000001011000000101000000000000000000000000000000000000000000000000000000110000000000001000000000000000000000000000000000000
   65024 00000000000000010000010100000000000000000000000000000000000000000000000000000000000101110000101000000000000000000000000000000000
   65040 00000000000000000010111000001010000000000000000000000000000000000000000000000000000000100010111000001010000000000000000000000000
   65056 00000000000000000000000000101110000010100000000000000000000000000000000000000000000000000000011000000000000100000000000000000000
   65072 00000000000000000000000000000001000001100000000000000000000000000000000000000000000000000000000000010110000010100000000000000000
   65088 00000000000000000000000000000000001100000000101000000000000000000000000000000000000000000000000000000010001100000000101000000000
   65104 00000000000000000000000000000000000000000011000000001010000000000000000000000000000000000000000000000000000001110000000000010000
   65120 00000000000000000000000000000000000000000000000100000110000000000000000000000000000000000000000000000000000000000001011100001010
   65136 00000000000000000000000000000000000000000000000000110010000010100000000000000000000000000000000000000000000000000000001000110010
   65152 00001010000000000000000000000000000000000000000000000000001100100000101000000000000000000000000000000000000000000000000000000111
   65168 00000000000100000000000000000000000000000000000000000000000000010000011100000000000000000000000000000000000000000000000000000000
   65184 00010110000010100000000000000000000000000000000000000000000000000011010000001010000000000000000000000000000000000000000000000000
   65200 00000010001101000000101000000000000000000000000000000000000000000000000000110100000010100000000000000000000000000000000000000000
   65216 00000000000010000000000000010000000000000000000000000000000000000000000000000001000001110000000000000000000000000000000000000000
   65232 00000000000000000001011100001010000000000000000000000000000000000000000000000000001101100000101000000000000000000000000000000000
   65248 00000000000000000000001000110110000010100000000000000000000000000000000000000000000000000011011000001010000000000000000000000000
   65264 00000000000000000000000000001000000000000001000000000000000000000000000000000000000000000000000100001000000000000000000000000000
   65280 00000000000000000000000000000000000101100000101000000000000000000000000000000000000000000000000000111000000010100000000000000000
   65296 00000000000000000000000000000000000000100011100000001010000000000000000000000000000000000000000000000000001110000000101000000000
   65312 00000000000000000000000000000000000000000001011100000000000100000000000000000000000000000000000000000000000000010000100000000000
   65328 00000000000000000000000000000000000000000000000000010111000010100000000000000000000000000000000000000000000000000011101000001010
   65344 00000000000000000000000000000000000000000000000000000010001110100000101000000000000000000000000000000000000000000000000000111010
   65360 00001010000000000000000000000000000000000000000000000000000100000000000000010000000000000000000000000000000000000000000000000001
   65376 00001001000000000000000000000000000000000000000000000000000000000001011000001010000000000000000000000000000000000000000000000000
   65392 00111100000010100000000000000000000000000000000000000000000000000000001000111100000010100000000000000000000000000000000000000000
   65408 00000000001111000000101000000000000000000000000000000000000000000000000000011000000000000001000000000000000000000000000000000000
   65424 00000000000000010000100100000000000000000000000000000000000000000000000000000000000101110000101000000000000000000000000000000000
   65440 00000000000000000011111000001010000000000000000000000000000000000000000000000000000000100011111000001010000000000000000000000000
   65456 00000000000000000000000000111110000010100000000000000000000000000000000000000000000000000001000100000000000100000000000000000000
   65472 00000000000000000000000000000001000010100000000000000000000000000000000000000000000000000000000000010110000010100000000000000000
   65488 00000000000000000000000000000000010000000000101000000000000000000000000000000000000000000000000000000010010000000000101000000000
   65504 00000000000000000000000000000000000000000100000000001010000000000000000000000000000000000000000000000000000110010000000000010000
   65520 00000000000000000000000000000000000000000000000100001010000000000000000000000000000000000000000000000000000000000001011100001010
   65536 00000000000000000000000000000000000000000000000001000010000010100000000000000000000000000000000000000000000000000000001001000010
   65552 00001010000000000000000000000000000000000000000000000000010000100000101000000000000000000000000000000000000000000000000000010010
   65568 00000000000100000000000000000000000000000000000000000000000000010000101100000000000000000000000000000000000000000000000000000000
   65584 00010110000010100000000000000000000000000000000000000000000000000100010000001010000000000000000000000000000000000000000000000000
   65600 00000010010001000000101000000000000000000000000000000000000000000000000001000100000010100000000000000000000000000000000000000000
   65616 00000000000110100000000000010000000000000000000000000000000000000000000000000001000010110000000000000000000000000000000000000000
   65632 00000000000000000001011100001010000000000000000000000000000000000000000000000000010001100000101000000000000000000000000000000000
   65648 00000000000000000000001001000110000010100000000000000000000000000000000000000000000000000100011000001010000000000000000000000000
   65664 00000000000000000000000000010011000000000001000000000000000000000000000000000000000000000000000100001100000000000000000000000000
   65680 00000000000000000000000000000000000101100000101000000000000000000000000000000000000000000000000001001000000010100000000000000000
   65696 00000000000000000000000000000000000000100100100000001010000000000000000000000000000000000000000000000000010010000000101000000000
   65712 00000000000000000000000000000000000000000001101100000000000100000000000000000000000000000000000000000000000000010000110000000000
   65728 00000000000000000000000000000000000000000000000000010111000010100000000000000000000000000000000000000000000000000100101000001010
   65744 00000000000000000000000000000000000000000000000000000010010010100000101000000000000000000000000000000000000000000000000001001010
   65760 00001010000000000000000000000000000000000000000000000000000101000000000000010000000000000000000000000000000000000000000000000001
   65776 00001101000000000000000000000000000000000000000000000000000000000001011000001010000000000000000000000000000000000000000000000000
   65792 01001100000010100000000000000000000000000000000000000000000000000000001001001100000010100000000000000000000000000000000000000000
   65808 00000000010011000000101000000000000000000000000000000000000000000000000000011100000000000001000000000000000000000000000000000000
   65824 00000000000000010000110100000000000000000000000000000000000000000000000000000000000101110000101000000000000000000000000000000000
   65840 00000000000000000100111000001010000000000000000000000000000000000000000000000000000000100100111000001010000000000000000000000000
   65856 00000000000000000000000001001110000010100000000000000000000000000000000000000000000000000001010100000000000100000000000000000000
   65872 00000000000000000000000000000001000011100000000000000000000000000000000000000000000000000000000000010110000010100000000000000000
   65888 00000000000000000000000000000000010100000000101000000000000000000000000000000000000000000000000000000010010100000000101000000000
   65904 00000000000000000000000000000000000000000101000000001010000000000000000000000000000000000000000000000000000111010000000000010000
   65920 00000000000000000000000000000000000000000000000100001110000000000000000000000000000000000000000000000000000000000001011100001010
   65936 00000000000000000000000000000000000000000000000001010010000010100000000000000000000000000000000000000000000000000000001001010010
   65952 00001010000000000000000000000000000000000000000000000000010100100000101000000000000000000000000000000000000000000000000000010110
   65968 00000000000100000000000000000000000000000000000000000000000000010000111100000000000000000000000000000000000000000000000000000000
   65984 00010110000010100000000000000000000000000000000000000000000000000101010000001010000000000000000000000000000000000000000000000000
   66000 00000010010101000000101000000000000000000000000000000000000000000000000001010100000010100000000000000000000000000000000000000000
   66016 00000000000111100000000000010000000000000000000000000000000000000000000000000001000011110000000000000000000000000000000000000000
   66032 00000000000000000001011100001010000000000000000000000000000000000000000000000000010101100000101000000000000000000000000000000000
   66048 00000000000000000000001001010110000010100000000000000000000000000000000000000000000000000101011000001010000000000000000000000000
   66064 00000000000000000000000000010111000000000001000000000000000000000000000000000000000000000000000100010000000000000000000000000000
   66080 00000000000000000000000000000000000101100000101000000000000000000000000000000000000000000000000001011000000010100000000000000000
   66096 00000000000000000000000000000000000000100101100000001010000000000000000000000000000000000000000000000000010110000000101000000000
   66112 00000000000000000000000000000000000000000010110100000000000100000000000000000000000000000000000000000000000000010001000000000000
   66128 00000000000000000000000000000000000000000000000000010111000010100000000000000000000000000000000000000000000000000101101000001010
   66144 00000000000000000000000000000000000000000000000000000010010110100000101000000000000000000000000000000000000000000000000001011010
   66160 00001010000000000000000000000000000000000000000000000000000111110000000000010000000000000000000000000000000000000000000000000001
   66176 00010001000000000000000000000000000000000000000000000000000000000001011000001010000000000000000000000000000000000000000000000000
   66192 01011100000010100000000000000000000000000000000000000000000000000000001001011100000010100000000000000000000000000000000000000000
   66208 00000000010111000000101000000000000000000000000000000000000000000000000000101110000000000001000000000000000000000000000000000000
   66224 00000000000000010001000100000000000000000000000000000000000000000000000000000000000101110000101000000000000000000000000000000000
   66240 00000000000000000101111000001010000000000000000000000000000000000000000000000000000000100101111000001010000000000000000000000000
   66256 00000000000000000000000001011110000010100000000000000000000000000000000000000000000000000010000000000000000100000000000000000000
   66272 00000000000000000000000000000001000100100000000000000000000000000000000000000000000000000000000000010110000010100000000000000000
   66288 00000000000000000000000000000000011000000000101000000000000000000000000000000000000000000000000000000010011000000000101000000000
   66304 00000000000000000000000000000000000000000110000000001010000000000000000000000000000000000000000000000000001011110000000000010000
   66320 00000000000000000000000000000000000000000000000100010010000000000000000000000000000000000000000000000000000000000001011100001010
   66336 00000000000000000000000000000000000000000000000001100010000010100000000000000000000000000000000000000000000000000000001001100010
   66352 00001010000000000000000000000000000000000000000000000000011000100000101000000000000000000000000000000000000000000000000000100001
   66368 00000000000100000000000000000000000000000000000000000000000000010001001100000000000000000000000000000000000000000000000000000000
   66384 00010110000010100000000000000000000000000000000000000000000000000110010000001010000000000000000000000000000000000000000000000000
   66400 00000010011001000000101000000000000000000000000000000000000000000000000001100100000010100000000000000000000000000000000000000000
   66416 00000000001100000000000000010000000000000000000000000000000000000000000000000001000100110000000000000000000000000000000000000000
   66432 00000000000000000001011100001010000000000000000000000000000000000000000000000000011001100000101000000000000000000000000000000000
   66448 00000000000000000000001001100110000010100000000000000000000000000000000000000000000000000110011000001010000000000000000000000000
   66464 00000000000000000000000000100010000000000001000000000000000000000000000000000000000000000000000100010100000000000000000000000000
   66480 00000000000000000000000000000000000101100000101000000000000000000000000000000000000000000000000001101000000010100000000000000000
   66496 00000000000000000000000000000000000000100110100000001010000000000000000000000000000000000000000000000000011010000000101000000000
   66512 00000000000000000000000000000000000000000011000100000000000100000000000000000000000000000000000000000000000000010001010000000000
   66528 00000000000000000000000000000000000000000000000000010111000010100000000000000000000000000000000000000000000000000110101000001010
   66544 00000000000000000000000000000000000000000000000000000010011010100000101000000000000000000000000000000000000000000000000001101010
   66560 00001010000000000000000000000000000000000000000000000000001000110000000000010000000000000000000000000000000000000000000000000001
   66576 00010101000000000000000000000000000000000000000000000000000000000001011000001010000000000000000000000000000000000000000000000000
   66592 01101100000010100000000000000000000000000000000000000000000000000000001001101100000010100000000000000000000000000000000000000000
   66608 00000000011011000000101000000000000000000000000000000000000000000000000000110010000000000001000000000000000000000000000000000000
   66624 00000000000000010001010100000000000000000000000000000000000000000000000000000000000101110000101000000000000000000000000000000000
   66640 00000000000000000110111000001010000000000000000000000000000000000000000000000000000000100110111000001010000000000000000000000000
   66656 00000000000000000000000001101110000010100000000000000000000000000000000000000000000000000010010000000000000100000000000000000000
   66672 00000000000000000000000000000001000101100000000000000000000000000000000000000000000000000000000000010110000010100000000000000000
   66688 00000000000000000000000000000000011100000000101000000000000000000000000000000000000000000000000000000010011100000000101000000000
   66704 00000000000000000000000000000000000000000111000000001010000000000000000000000000000000000000000000000000001100110000000000010000
   66720 00000000000000000000000000000000000000000000000100010110000000000000000000000000000000000000000000000000000000000001011100001010
   66736 00000000000000000000000000000000000000000000000001110010000010100000000000000000000000000000000000000000000000000000001001110010
   66752 00001010000000000000000000000000000000000000000000000000011100100000101000000000000000000000000000000000000000000000000000100101
   66768 00000000000100000000000000000000000000000000000000000000000000010001011100000000000000000000000000000000000000000000000000000000
   66784 00010110000010100000000000000000000000000000000000000000000000000111010000001010000000000000000000000000000000000000000000000000
   66800 00000010011101000000101000000000000000000000000000000000000000000000000001110100000010100000000000000000000000000000000000000000
   66816 00000000001101000000000000010000000000000000000000000000000000000000000000000001000101110000000000000000000000000000000000000000
   66832 00000000000000000001011100001010000000000000000000000000000000000000000000000000011101100000101000000000000000000000000000000000
   66848 00000000000000000000001001110110000010100000000000000000000000000000000000000000000000000111011000001010000000000000000000000000
   66864 00000000000000000000000000100110000000000001000000000000000000000000000000000000000000000000000100011000000000000000000000000000
   66880 00000000000000000000000000000000000101100000101000000000000000000000000000000000000000000000000001111000000010100000000000000000
   66896 00000000000000000000000000000000000000100111100000001010000000000000000000000000000000000000000000000000011110000000101000000000
   66912 00000000000000000000000000000000000000000100001100000000000100000000000000000000000000000000000000000000000000010001100000000000
   66928 00000000000000000000000000000000000000000000000000010111000010100000000000000000000000000000000000000000000000000111101000001010
   66944 00000000000000000000000000000000000000000000000000000010011110100000101000000000000000000000000000000000000000000000000001111010
   66960 00001010000000000000000000000000000000000000000000000000001011100000000000010000000000000000000000000000000000000000000000000001
   66976 00011001000000000000000000000000000000000000000000000000000000000001011000001010000000000000000000000000000000000000000000000000
   66992 01111100000010100000000000000000000000000000000000000000000000000000001001111100000010100000000000000000000000000000000000000000
   67008 00000000011111000000101000000000000000000000000000000000000000000000000001000100000000000001000000000000000000000000000000000000
   67024 00000000000000010001100100000000000000000000000000000000000000000000000000000000000101110000101000000000000000000000000000000000
   67040 00000000000000000111111000001010000000000000000000000000000000000000000000000000000000100111111000001010000000000000000000000000
   67056 00000000000000000000000001111110000010100000000000000000000000000000000000000000000000000010111100000000000100000000000000000000
   67072 00000000000000000000000000000001000110100000000000000000000000000000000000000000000000000000000000010110000010100000000000000000
   67088 00000000000000000000000000000000100000000000101000000000000000000000000000000000000000000000000000000010100000000000101000000000
   67104 00000000000000000000000000000000000000001000000000001010000000000000000000000000000000000000000000000000010001010000000000010000
   67120 00000000000000000000000000000000000000000000000100011010000000000000000000000000000000000000000000000000000000000001011100001010
   67136 00000000000000000000000000000000000000000000000010000010000010100000000000000000000000000000000000000000000000000000001010000010
   67152 00001010000000000000000000000000000000000000000000000000100000100000101000000000000000000000000000000000000000000000000000110000
   67168 00000000000100000000000000000000000000000000000000000000000000010001101100000000000000000000000000000000000000000000000000000000
   67184 00010110000010100000000000000000000000000000000000000000000000001000010000001010000000000000000000000000000000000000000000000000
   67200 00000010100001000000101000000000000000000000000000000000000000000000000010000100000010100000000000000000000000000000000000000000
   67216 00000000010001100000000000010000000000000000000000000000000000000000000000000001000110110000000000000000000000000000000000000000
   67232 00000000000000000001011100001010000000000000000000000000000000000000000000000000100001100000101000000000000000000000000000000000
   67248 00000000000000000000001010000110000010100000000000000000000000000000000000000000000000001000011000001010000000000000000000000000
   67264 00000000000000000000000000110001000000000001000000000000000000000000000000000000000000000000000100011100000000000000000000000000
   67280 00000000000000000000000000000000000101100000101000000000000000000000000000000000000000000000000010001000000010100000000000000000
   67296 00000000000000000000000000000000000000101000100000001010000000000000000000000000000000000000000000000000100010000000101000000000
   67312 00000000000000000000000000000000000000000100011100000000000100000000000000000000000000000000000000000000000000010001110000000000
   67328 00000000000000000000000000000000000000000000000000010111000010100000000000000000000000000000000000000000000000001000101000001010
   67344 00000000000000000000000000000000000000000000000000000010100010100000101000000000000000000000000000000000000000000000000010001010
   67360 00001010000000000000000000000000000000000000000000000000001100100000000000010000000000000000000000000000000000000000000000000001
   67376 00011101000000000000000000000000000000000000000000000000000000000001011000001010000000000000000000000000000000000000000000000000
   67392 10001100000010100000000000000000000000000000000000000000000000000000001010001100000010100000000000000000000000000000000000000000
   67408 00000000100011000000101000000000000000000000000000000000000000000000000001001000000000000001000000000000000000000000000000000000
   67424 00000000000000010001110100000000000000000000000000000000000000000000000000000000000101110000101000000000000000000000000000000000
   67440 00000000000000001000111000001010000000000000000000000000000000000000000000000000000000101000111000001010000000000000000000000000
   67456 00000000000000000000000010001110000010100000000000000000000000000000000000000000000000000011001100000000000100000000000000000000
   67472 00000000000000000000000000000001000111100000000000000000000000000000000000000000000000000000000000010110000010100000000000000000
   67488 00000000000000000000000000000000100100000000101000000000000000000000000000000000000000000000000000000010100100000000101000000000
   67504 00000000000000000000000000000000000000001001000000001010000000000000000000000000000000000000000000000000010010010000000000010000
   67520 00000000000000000000000000000000000000000000000100011110000000000000000000000000000000000000000000000000000000000001011100001010
   67536 00000000000000000000000000000000000000000000000010010010000010100000000000000000000000000000000000000000000000000000001010010010
   67552 00001010000000000000000000000000000000000000000000000000100100100000101000000000000000000000000000000000000000000000000000110100
   67568 00000000000100000000000000000000000000000000000000000000000000010001111100000000000000000000000000000000000000000000000000000000
   67584 00010110000010100000000000000000000000000000000000000000000000001001010000001010000000000000000000000000000000000000000000000000
   67600 00000010100101000000101000000000000000000000000000000000000000000000000010010100000010100000000000000000000000000000000000000000
   67616 00000000010010100000000000010000000000000000000000000000000000000000000000000001000111110000000000000000000000000000000000000000
   67632 00000000000000000001011100001010000000000000000000000000000000000000000000000000100101100000101000000000000000000000000000000000
   67648 00000000000000000000001010010110000010100000000000000000000000000000000000000000000000001001011000001010000000000000000000000000
   67664 00000000000000000000000000110101000000000001000000000000000000000000000000000000000000000000000100001001000001110000000000000000
   67680 00000000000000000000000000000000111011010000011000000000000000000000000000000000000000000000000010011000000010100000000000000000
   67696 00000000000000000000000000000000000000010000100100000111000000000000000000000000000000000000000000000000001110110000000000000000
   67712 00000000000000000000000000000000000000001001100100001010000000000000000000000000000000000000000000000000000000010000000000000000
   67728 00000000000000000000000000000000000000000000000010011000000010100000000000000000000000000000000000000000000000001001101000001010
   67744 00000000000000000000000000000000000000000000000000000010100110100000101000000000000000000000000000000000000000000000000010011010
   67760 00001010000000000000000000000000000000000000000000000000000000010000000000010000000000000000000000000000000000000000000000000001
   67776 00000000000000000000000000000000000000000000000000000000000000001001100100001010000000000000000000000000000000000000000000000000
   67792 10011100000010100000000000000000000000000000000000000000000000000000001010011100000010100000000000000000000000000000000000000000
   67808 00000000100111000000101000000000000000000000000000000000000000000000000000000001000000000001000000000000000000000000000000000000
   67824 00000000000000010000000100000000000000000000000000000000000000000000000000000000100110000000101000000000000000000000000000000000
   67840 00000000000000001001111000001010000000000000000000000000000000000000000000000000000000101001111000001010000000000000000000000000
   67856 00000000000000000000000010011110000010100000000000000000000000000000000000000000000000000000001000000000000100000000000000000000
   67872 00000000000000000000000000000001000000010000000000000000000000000000000000000000000000000000000010011001000010100000000000000000
   67888 00000000000000000000000000000000101000000000101000000000000000000000000000000000000000000000000000000010101000000000101000000000
   67904 00000000000000000000000000000000000000001010000000001010000000000000000000000000000000000000000000000000000000100000000000010000
   67920 00000000000000000000000000000000000000000000000100000010000000000000000000000000000000000000000000000000000000001001100000001010
   67936 00000000000000000000000000000000000000000000000010100010000010100000000000000000000000000000000000000000000000000000001010100010
   67952 00001010000000000000000000000000000000000000000000000000101000100000101000000000000000000000000000000000000000000000000000000011
   67968 00000000000100000000000000000000000000000000000000000000000000010000001000000000000000000000000000000000000000000000000000000000
   67984 10011001000010100000000000000000000000000000000000000000000000001010010000001010000000000000000000000000000000000000000000000000
   68000 00000010101001000000101000000000000000000000000000000000000000000000000010100100000010100000000000000000000000000000000000000000
   68016 00000000000000110000000000010000000000000000000000000000000000000000000000000001000000110000000000000000000000000000000000000000
   68032 00000000000000001001100000001010000000000000000000000000000000000000000000000000101001100000101000000000000000000000000000000000
   68048 00000000000000000000001010100110000010100000000000000000000000000000000000000000000000001010011000001010000000000000000000000000
   68064 00000000000000000000000000000100000000000001000000000000000000000000000000000000000000000000000100000011000000000000000000000000
   68080 00000000000000000000000000000000100110010000101000000000000000000000000000000000000000000000000010101000000010100000000000000000
   68096 00000000000000000000000000000000000000101010100000001010000000000000000000000000000000000000000000000000101010000000101000000000
   68112 00000000000000000000000000000000000000000000010000000000000100000000000000000000000000000000000000000000000000010000010000000000
   68128 00000000000000000000000000000000000000000000000010011000000010100000000000000000000000000000000000000000000000001010101000001010
   68144 00000000000000000000000000000000000000000000000000000010101010100000101000000000000000000000000000000000000000000000000010101010
   68160 00001010000000000000000000000000000000000000000000000000000001010000000000010000000000000000000000000000000000000000000000000001
   68176 00000100000000000000000000000000000000000000000000000000000000001001100100001010000000000000000000000000000000000000000000000000
   68192 10101100000010100000000000000000000000000000000000000000000000000000001010101100000010100000000000000000000000000000000000000000
   68208 00000000101011000000101000000000000000000000000000000000000000000000000000000101000000000001000000000000000000000000000000000000
   68224 00000000000000010000010100000000000000000000000000000000000000000000000000000000100110000000101000000000000000000000000000000000
   68240 00000000000000001010111000001010000000000000000000000000000000000000000000000000000000101010111000001010000000000000000000000000
   68256 00000000000000000000000010101110000010100000000000000000000000000000000000000000000000000000011000000000000100000000000000000000
   68272 00000000000000000000000000000001000001010000000000000000000000000000000000000000000000000000000010011001000010100000000000000000
   68288 00000000000000000000000000000000101100000000101000000000000000000000000000000000000000000000000000000010101100000000101000000000
   68304 00000000000000000000000000000000000000001011000000001010000000000000000000000000000000000000000000000000000001100000000000010000
   68320 00000000000000000000000000000000000000000000000100000110000000000000000000000000000000000000000000000000000000001001100000001010
   68336 00000000000000000000000000000000000000000000000010110010000010100000000000000000000000000000000000000000000000000000001010110010
   68352 00001010000000000000000000000000000000000000000000000000101100100000101000000000000000000000000000000000000000000000000000000111
   68368 00000000000100000000000000000000000000000000000000000000000000010000011000000000000000000000000000000000000000000000000000000000
   68384 10011001000010100000000000000000000000000000000000000000000000001011010000001010000000000000000000000000000000000000000000000000
   68400 00000010101101000000101000000000000000000000000000000000000000000000000010110100000010100000000000000000000000000000000000000000
   68416 00000000000001110000000000010000000000000000000000000000000000000000000000000001000001110000000000000000000000000000000000000000
   68432 00000000000000001001100000001010000000000000000000000000000000000000000000000000101101100000101000000000000000000000000000000000
   68448 00000000000000000000001010110110000010100000000000000000000000000000000000000000000000001011011000001010000000000000000000000000
   68464 00000000000000000000000000001000000000000001000000000000000000000000000000000000000000000000000100000111000000000000000000000000
   68480 00000000000000000000000000000000100110010000101000000000000000000000000000000000000000000000000010111000000010100000000000000000
   68496 00000000000000000000000000000000000000101011100000001010000000000000000000000000000000000000000000000000101110000000101000000000
   68512 00000000000000000000000000000000000000000000100000000000000100000000000000000000000000000000000000000000000000010000100000000000
   68528 00000000000000000000000000000000000000000000000010011000000010100000000000000000000000000000000000000000000000001011101000001010
   68544 00000000000000000000000000000000000000000000000000000010101110100000101000000000000000000000000000000000000000000000000010111010
   68560 00001010000000000000000000000000000000000000000000000000000110100000000000010000000000000000000000000000000000000000000000000001
   68576 00001000000000000000000000000000000000000000000000000000000000001001100100001010000000000000000000000000000000000000000000000000
   68592 10111100000010100000000000000000000000000000000000000000000000000000001010111100000010100000000000000000000000000000000000000000
   68608 00000000101111000000101000000000000000000000000000000000000000000000000000010010000000000001000000000000000000000000000000000000
   68624 00000000000000010000100100000000000000000000000000000000000000000000000000000000100110000000101000000000000000000000000000000000
   68640 00000000000000001011111000001010000000000000000000000000000000000000000000000000000000101011111000001010000000000000000000000000
   68656 00000000000000000000000010111110000010100000000000000000000000000000000000000000000000000001101100000000000100000000000000000000
   68672 00000000000000000000000000000001000010010000000000000000000000000000000000000000000000000000000010011001000010100000000000000000
   68688 00000000000000000000000000000000110000000000101000000000000000000000000000000000000000000000000000000010110000000000101000000000
   68704 00000000000000000000000000000000000000001100000000001010000000000000000000000000000000000000000000000000000100110000000000010000
   68720 00000000000000000000000000000000000000000000000100001010000000000000000000000000000000000000000000000000000000001001100000001010
   68736 00000000000000000000000000000000000000000000000011000010000010100000000000000000000000000000000000000000000000000000001011000010
   68752 00001010000000000000000000000000000000000000000000000000110000100000101000000000000000000000000000000000000000000000000000011100
   68768 00000000000100000000000000000000000000000000000000000000000000010000101000000000000000000000000000000000000000000000000000000000
   68784 10011001000010100000000000000000000000000000000000000000000000001100010000001010000000000000000000000000000000000000000000000000
   68800 00000010110001000000101000000000000000000000000000000000000000000000000011000100000010100000000000000000000000000000000000000000
   68816 00000000000101000000000000010000000000000000000000000000000000000000000000000001000010110000000000000000000000000000000000000000
   68832 00000000000000001001100000001010000000000000000000000000000000000000000000000000110001100000101000000000000000000000000000000000
   68848 00000000000000000000001011000110000010100000000000000000000000000000000000000000000000001100011000001010000000000000000000000000
   68864 00000000000000000000000000011101000000000001000000000000000000000000000000000000000000000000000100001011000000000000000000000000
   68880 00000000000000000000000000000000100110010000101000000000000000000000000000000000000000000000000011001000000010100000000000000000
   68896 00000000000000000000000000000000000000101100100000001010000000000000000000000000000000000000000000000000110010000000101000000000
   68912 00000000000000000000000000000000000000000001010100000000000100000000000000000000000000000000000000000000000000010000110000000000
   68928 00000000000000000000000000000000000000000000000010011000000010100000000000000000000000000000000000000000000000001100101000001010
   68944 00000000000000000000000000000000000000000000000000000010110010100000101000000000000000000000000000000000000000000000000011001010
   68960 00001010000000000000000000000000000000000000000000000000000111100000000000010000000000000000000000000000000000000000000000000001
   68976 00001100000000000000000000000000000000000000000000000000000000001001100100001010000000000000000000000000000000000000000000000000
   68992 11001100000010100000000000000000000000000000000000000000000000000000001011001100000010100000000000000000000000000000000000000000
   69008 00000000110011000000101000000000000000000000000000000000000000000000000000010110000000000001000000000000000000000000000000000000
   69024 00000000000000010000110100000000000000000000000000000000000000000000000000000000100110000000101000000000000000000000000000000000
   69040 00000000000000001100111000001010000000000000000000000000000000000000000000000000000000101100111000001010000000000000000000000000
   69056 00000000000000000000000011001110000010100000000000000000000000000000000000000000000000000001111100000000000100000000000000000000
   69072 00000000000000000000000000000001000011010000000000000000000000000000000000000000000000000000000010011001000010100000000000000000
   69088 00000000000000000000000000000000110100000000101000000000000000000000000000000000000000000000000000000010110100000000101000000000
   69104 00000000000000000000000000000000000000001101000000001010000000000000000000000000000000000000000000000000000101110000000000010000
   69120 00000000000000000000000000000000000000000000000100001110000000000000000000000000000000000000000000000000000000001001100000001010
   69136 00000000000000000000000000000000000000000000000011010010000010100000000000000000000000000000000000000000000000000000001011010010
   69152 00001010000000000000000000000000000000000000000000000000110100100000101000000000000000000000000000000000000000000000000000100000
   69168 00000000000100000000000000000000000000000000000000000000000000010000111000000000000000000000000000000000000000000000000000000000
   69184 10011001000010100000000000000000000000000000000000000000000000001101010000001010000000000000000000000000000000000000000000000000
   69200 00000010110101000000101000000000000000000000000000000000000000000000000011010100000010100000000000000000000000000000000000000000
   69216 00000000000110000000000000010000000000000000000000000000000000000000000000000001000011110000000000000000000000000000000000000000
   69232 00000000000000001001100000001010000000000000000000000000000000000000000000000000110101100000101000000000000000000000000000000000
   69248 00000000000000000000001011010110000010100000000000000000000000000000000000000000000000001101011000001010000000000000000000000000
   69264 00000000000000000000000000100001000000000001000000000000000000000000000000000000000000000000000100001111000000000000000000000000
   69280 00000000000000000000000000000000100110010000101000000000000000000000000000000000000000000000000011011000000010100000000000000000
   69296 00000000000000000000000000000000000000101101100000001010000000000000000000000000000000000000000000000000110110000000101000000000
   69312 00000000000000000000000000000000000000000001100100000000000100000000000000000000000000000000000000000000000000010001000000000000
   69328 00000000000000000000000000000000000000000000000010011000000010100000000000000000000000000000000000000000000000001101101000001010
   69344 00000000000000000000000000000000000000000000000000000010110110100000101000000000000000000000000000000000000000000000000011011010
   69360 00001010000000000000000000000000000000000000000000000000001100110000000000010000000000000000000000000000000000000000000000000001
   69376 00010000000000000000000000000000000000000000000000000000000000001001100100001010000000000000000000000000000000000000000000000000
   69392 11011100000010100000000000000000000000000000000000000000000000000000001011011100000010100000000000000000000000000000000000000000
   69408 00000000110111000000101000000000000000000000000000000000000000000000000000100011000000000001000000000000000000000000000000000000
   69424 00000000000000010001000100000000000000000000000000000000000000000000000000000000100110000000101000000000000000000000000000000000
   69440 00000000000000001101111000001010000000000000000000000000000000000000000000000000000000101101111000001010000000000000000000000000
   69456 00000000000000000000000011011110000010100000000000000000000000000000000000000000000000000011010000000000000100000000000000000000
   69472 00000000000000000000000000000001000100010000000000000000000000000000000000000000000000000000000010011001000010100000000000000000
   69488 00000000000000000000000000000000111000000000101000000000000000000000000000000000000000000000000000000010111000000000101000000000
   69504 00000000000000000000000000000000000000001110000000001010000000000000000000000000000000000000000000000000001001000000000000010000
   69520 00000000000000000000000000000000000000000000000100010010000000000000000000000000000000000000000000000000000000001001100000001010
   69536 00000000000000000000000000000000000000000000000011100010000010100000000000000000000000000000000000000000000000000000001011100010
   69552 00001010000000000000000000000000000000000000000000000000111000100000101000000000000000000000000000000000000000000000000000110101
   69568 00000000000100000000000000000000000000000000000000000000000000010001001000000000000000000000000000000000000000000000000000000000
   69584 10011001000010100000000000000000000000000000000000000000000000001110010000001010000000000000000000000000000000000000000000000000
   69600 00000010111001000000101000000000000000000000000000000000000000000000000011100100000010100000000000000000000000000000000000000000
   69616 00000000001001010000000000010000000000000000000000000000000000000000000000000001000100110000000000000000000000000000000000000000
   69632 00000000000000001001100000001010000000000000000000000000000000000000000000000000111001100000101000000000000000000000000000000000
   69648 00000000000000000000001011100110000010100000000000000000000000000000000000000000000000001110011000001010000000000000000000000000
   69664 00000000000000000000000000110110000000000001000000000000000000000000000000000000000000000000000100010011000000000000000000000000
   69680 00000000000000000000000000000000100110010000101000000000000000000000000000000000000000000000000011101000000010100000000000000000
   69696 00000000000000000000000000000000000000101110100000001010000000000000000000000000000000000000000000000000111010000000101000000000
   69712 00000000000000000000000000000000000000000010011000000000000100000000000000000000000000000000000000000000000000010001010000000000
   69728 00000000000000000000000000000000000000000000000010011000000010100000000000000000000000000000000000000000000000001110101000001010
   69744 00000000000000000000000000000000000000000000000000000010111010100000101000000000000000000000000000000000000000000000000011101010
   69760 00001010000000000000000000000000000000000000000000000000001101110000000000010000000000000000000000000000000000000000000000000001
   69776 00010100000000000000000000000000000000000000000000000000000000001001100100001010000000000000000000000000000000000000000000000000
   69792 11101100000010100000000000000000000000000000000000000000000000000000001011101100000010100000000000000000000000000000000000000000
   69808 00000000111011000000101000000000000000000000000000000000000000000000000000100111000000000001000000000000000000000000000000000000
   69824 00000000000000010001010100000000000000000000000000000000000000000000000000000000100110000000101000000000000000000000000000000000
   69840 00000000000000001110111000001010000000000000000000000000000000000000000000000000000000101110111000001010000000000000000000000000
   69856 00000000000000000000000011101110000010100000000000000000000000000000000000000000000000000011100000000000000100000000000000000000
   69872 00000000000000000000000000000001000101010000000000000000000000000000000000000000000000000000000010011001000010100000000000000000
   69888 00000000000000000000000000000000111100000000101000000000000000000000000000000000000000000000000000000010111100000000101000000000
   69904 00000000000000000000000000000000000000001111000000001010000000000000000000000000000000000000000000000000001010000000000000010000
   69920 00000000000000000000000000000000000000000000000100010110000000000000000000000000000000000000000000000000000000001001100000001010
   69936 00000000000000000000000000000000000000000000000011110010000010100000000000000000000000000000000000000000000000000000001011110010
   69952 00001010000000000000000000000000000000000000000000000000111100100000101000000000000000000000000000000000000000000000000000111001
   69968 00000000000100000000000000000000000000000000000000000000000000010001011000000000000000000000000000000000000000000000000000000000
   69984 10011001000010100000000000000000000000000000000000000000000000001111010000001010000000000000000000000000000000000000000000000000
   70000 00000010111101000000101000000000000000000000000000000000000000000000000011110100000010100000000000000000000000000000000000000000
   70016 00000000001010010000000000010000000000000000000000000000000000000000000000000001000101110000000000000000000000000000000000000000
   70032 00000000000000001001100000001010000000000000000000000000000000000000000000000000111101100000101000000000000000000000000000000000
   70048 00000000000000000000001011110110000010100000000000000000000000000000000000000000000000001111011000001010000000000000000000000000
   70064 00000000000000000000000000111010000000000001000000000000000000000000000000000000000000000000000100010111000000000000000000000000
   70080 00000000000000000000000000000000100110010000101000000000000000000000000000000000000000000000000011111000000010100000000000000000
   70096 00000000000000000000000000000000000000101111100000001010000000000000000000000000000000000000000000000000111110000000101000000000
   70112 00000000000000000000000000000000000000000010101000000000000100000000000000000000000000000000000000000000000000010001100000000000
   70128 00000000000000000000000000000000000000000000000010011000000010100000000000000000000000000000000000000000000000001111101000001010
   70144 00000000000000000000000000000000000000000000000000000010111110100000101000000000000000000000000000000000000000000000000011111010
   70160 00001010000000000000000000000000000000000000000000000000010011000000000000010000000000000000000000000000000000000000000000000001
   70176 00011000000000000000000000000000000000000000000000000000000000001001100100001010000000000000000000000000000000000000000000000000
   70192 11111100000010100000000000000000000000000000000000000000000000000000001011111100000010100000000000000000000000000000000000000000
   70208 00000000111111000000101000000000000000000000000000000000000000000000000000110100000000000001000000000000000000000000000000000000
   70224 00000000000000010001100100000000000000000000000000000000000000000000000000000000100110000000101000000000000000000000000000000000
   70240 00000000000000001111111000001010000000000000000000000000000000000000000000000000000000101111111000001010000000000000000000000000
   70256 00000000000000000000000011111110000010100000000000000000000000000000000000000000000000000100110100000000000100000000000000000000
   70272 00000000000000000000000000000001000110010000000000000000000000000000000000000000000000000000000010011001000010100000000000000000
   70288 00000000000000000000000000000000000000000000101100000000000000000000000000000000000000000000000000000010000000000000101100000000
   70304 00000000000000000000000000000000000000000000000000001011000000000000000000000000000000000000000000000000001101010000000000010000
   70320 00000000000000000000000000000000000000000000000100011010000000000000000000000000000000000000000000000000000000001001100000001010
   70336 00000000000000000000000000000000000000000000000000000010000010110000000000000000000000000000000000000000000000000000001000000010
   70352 00001011000000000000000000000000000000000000000000000000000000100000101100000000000000000000000000000000000000000000000001001110
   70368 00000000000100000000000000000000000000000000000000000000000000010001101000000000000000000000000000000000000000000000000000000000
   70384 10011001000010100000000000000000000000000000000000000000000000000000010000001011000000000000000000000000000000000000000000000000
   70400 00000010000001000000101100000000000000000000000000000000000000000000000000000100000010110000000000000000000000000000000000000000
   70416 00000000001101100000000000010000000000000000000000000000000000000000000000000001000110110000000000000000000000000000000000000000
   70432 00000000000000001001100000001010000000000000000000000000000000000000000000000000000001100000101100000000000000000000000000000000
   70448 00000000000000000000001000000110000010110000000000000000000000000000000000000000000000000000011000001011000000000000000000000000
   70464 00000000000000000000000001001111000000000001000000000000000000000000000000000000000000000000000100011011000000000000000000000000
   70480 00000000000000000000000000000000100110010000101000000000000000000000000000000000000000000000000000001000000010110000000000000000
   70496 00000000000000000000000000000000000000100000100000001011000000000000000000000000000000000000000000000000000010000000101100000000
   70512 00000000000000000000000000000000000000000011011100000000000100000000000000000000000000000000000000000000000000010001110000000000
   70528 00000000000000000000000000000000000000000000000010011000000010100000000000000000000000000000000000000000000000000000101000001011
   70544 00000000000000000000000000000000000000000000000000000010000010100000101100000000000000000000000000000000000000000000000000001010
   70560 00001011000000000000000000000000000000000000000000000000010100000000000000010000000000000000000000000000000000000000000000000001
   70576 00011100000000000000000000000000000000000000000000000000000000001001100100001010000000000000000000000000000000000000000000000000
   70592 00001100000010110000000000000000000000000000000000000000000000000000001000001100000010110000000000000000000000000000000000000000
   70608 00000000000011000000101100000000000000000000000000000000000000000000000000111000000000000001000000000000000000000000000000000000
   70624 00000000000000010001110100000000000000000000000000000000000000000000000000000000100110000000101000000000000000000000000000000000
   70640 00000000000000000000111000001011000000000000000000000000000000000000000000000000000000100000111000001011000000000000000000000000
   70656 00000000000000000000000000001110000010110000000000000000000000000000000000000000000000000101000100000000000100000000000000000000
   70672 00000000000000000000000000000001000111010000000000000000000000000000000000000000000000000000000010011001000010100000000000000000
   70688 00000000000000000000000000000000000100000000101100000000000000000000000000000000000000000000000000000010000100000000101100000000
   70704 00000000000000000000000000000000000000000001000000001011000000000000000000000000000000000000000000000000001110010000000000010000
   70720 00000000000000000000000000000000000000000000000100011110000000000000000000000000000000000000000000000000000000001001100000001010
   70736 00000000000000000000000000000000000000000000000000010010000010110000000000000000000000000000000000000000000000000000001000010010
   70752 00001011000000000000000000000000000000000000000000000000000100100000101100000000000000000000000000000000000000000000000001010010
   70768 00000000000100000000000000000000000000000000000000000000000000010001111000000000000000000000000000000000000000000000000000000000
   70784 10011001000010100000000000000000000000000000000000000000000000000001010000001011000000000000000000000000000000000000000000000000
   70800 00000010000101000000101100000000000000000000000000000000000000000000000000010100000010110000000000000000000000000000000000000000
   70816 00000000001110100000000000010000000000000000000000000000000000000000000000000001000111110000000000000000000000000000000000000000
   70832 00000000000000001001100000001010000000000000000000000000000000000000000000000000000101100000101100000000000000000000000000000000
   70848 00000000000000000000001000010110000010110000000000000000000000000000000000000000000000000001011000001011000000000000000000000000
   70864 00000000000000000000000001010011000000000001000000000000000000000000000000000000000000000000000100011111000000000000000000000000
   70880 00000000000000000000000000000000100110010000101000000000000000000000000000000000000000000000000000011000000010110000000000000000
   70896 00000000000000000000000000000000000000100001100000001011000000000000000000000000000000000000000000000000000110000000101100000000
   70912 00000000000000000000000000000000000000000011101100000000000100000000000000000000000000000000000000000000
