provenance,lane,path,status,shape,label_offset,reason
REAL - generated by label_scan.py from committed source; not synthetic,uiowa_rfq_18649_acceptance_map,uiowa_rfq_18649_acceptance_map/README.md,DISCLOSED,DOCUMENTATION,380,documentation explains the kit; it presents no records
REAL - generated by label_scan.py from committed source; not synthetic,uiowa_rfq_18649_acceptance_map,uiowa_rfq_18649_acceptance_map/acceptance_map.json,DISCLOSED,CONFIGURATION,2955,reads as schema/vocabulary/weights rather than records; a fiction label is not expected here
REAL - generated by label_scan.py from committed source; not synthetic,uiowa_rfq_18649_acceptance_map,uiowa_rfq_18649_acceptance_map/output/ACCEPTANCE_INDEX.md,DISCLOSED,CONFIGURATION,320,reads as schema/vocabulary/weights rather than records; a fiction label is not expected here
REAL - generated by label_scan.py from committed source; not synthetic,uiowa_rfq_18649_acceptance_map,uiowa_rfq_18649_acceptance_map/output/acceptance_index.csv,DISCLOSED,RECORDS,265,carries 0 record identifier(s) and 18 populated row(s) with assessment vocabulary; disclosure at byte 265
REAL - generated by label_scan.py from committed source; not synthetic,uiowa_rfq_18649_acceptance_map,uiowa_rfq_18649_acceptance_map/output/acceptance_index.json,DISCLOSED,CONFIGURATION,279,reads as schema/vocabulary/weights rather than records; a fiction label is not expected here
REAL - generated by label_scan.py from committed source; not synthetic,uiowa_rfq_18649_acceptance_map,uiowa_rfq_18649_acceptance_map/output/needs_engagement_evidence.csv,DISCLOSED,RECORDS,265,carries 0 record identifier(s) and 7 populated row(s) with assessment vocabulary; disclosure at byte 265
REAL - generated by label_scan.py from committed source; not synthetic,uiowa_rfq_18649_acceptance_map,uiowa_rfq_18649_acceptance_map/output/sample_packet/MANIFEST.json,DISCLOSED,CONFIGURATION,279,reads as schema/vocabulary/weights rather than records; a fiction label is not expected here
REAL - generated by label_scan.py from committed source; not synthetic,uiowa_rfq_18649_acceptance_map,uiowa_rfq_18649_acceptance_map/output/sample_packet/uiowa_rfq_18649_intake_rehearsal__README.md,DISCLOSED,RECORDS,92,carries 4 record identifier(s) and 0 populated row(s) with assessment vocabulary; disclosure at byte 92
REAL - generated by label_scan.py from committed source; not synthetic,uiowa_rfq_18649_acceptance_map,uiowa_rfq_18649_acceptance_map/output/sample_packet/uiowa_rfq_18649_intake_rehearsal__artifacts__REHEARSAL_REPORT.md,DISCLOSED,RECORDS,57,carries 60 record identifier(s) and 0 populated row(s) with assessment vocabulary; disclosure at byte 57
REAL - generated by label_scan.py from committed source; not synthetic,uiowa_rfq_18649_acceptance_map,uiowa_rfq_18649_acceptance_map/output/sample_packet/uiowa_rfq_18649_intake_rehearsal__artifacts__RUN_DIGEST.json,DISCLOSED,OTHER,19,neither record-shaped nor obviously configuration
REAL - generated by label_scan.py from committed source; not synthetic,uiowa_rfq_18649_acceptance_map,uiowa_rfq_18649_acceptance_map/output/sample_packet/uiowa_rfq_18649_intake_rehearsal__artifacts__assessment_matrix.csv,DISCLOSED,RECORDS,2,carries 33 record identifier(s) and 13 populated row(s) with assessment vocabulary; disclosure at byte 2
REAL - generated by label_scan.py from committed source; not synthetic,uiowa_rfq_18649_acceptance_map,uiowa_rfq_18649_acceptance_map/output/sample_packet/uiowa_rfq_18649_intake_rehearsal__artifacts__evidence_register.csv,DISCLOSED,RECORDS,2,carries 38 record identifier(s) and 19 populated row(s) with assessment vocabulary; disclosure at byte 2
REAL - generated by label_scan.py from committed source; not synthetic,uiowa_rfq_18649_acceptance_map,uiowa_rfq_18649_acceptance_map/output/sample_packet/uiowa_rfq_18649_intake_rehearsal__artifacts__intake_diagnostics.csv,DISCLOSED,RECORDS,2,carries 6 record identifier(s) and 4 populated row(s) with assessment vocabulary; disclosure at byte 2
REAL - generated by label_scan.py from committed source; not synthetic,uiowa_rfq_18649_acceptance_map,uiowa_rfq_18649_acceptance_map/output/sample_packet/uiowa_rfq_18649_intake_rehearsal__artifacts__source_register.csv,DISCLOSED,RECORDS,2,carries 12 record identifier(s) and 13 populated row(s) with assessment vocabulary; disclosure at byte 2
REAL - generated by label_scan.py from committed source; not synthetic,uiowa_rfq_18649_acceptance_map,uiowa_rfq_18649_acceptance_map/output/sample_packet/uiowa_rfq_18649_synthetic_collection__coverage_matrix.csv,UNDISCLOSED_PROVENANCE,RECORDS,,carries 0 record identifier(s) and 12 populated row(s) with assessment vocabulary; the file states nowhere whether its contents are synthetic or real
REAL - generated by label_scan.py from committed source; not synthetic,uiowa_rfq_18649_acceptance_map,uiowa_rfq_18649_acceptance_map/output/sample_packet/uiowa_rfq_18649_workshare__ACCEPTANCE_EXHIBIT.md,DISCLOSED,CONFIGURATION,669,reads as schema/vocabulary/weights rather than records; a fiction label is not expected here
REAL - generated by label_scan.py from committed source; not synthetic,uiowa_rfq_18649_adoption_readiness,uiowa_rfq_18649_adoption_readiness/README.md,DISCLOSED,DOCUMENTATION,2331,documentation explains the kit; it presents no records
REAL - generated by label_scan.py from committed source; not synthetic,uiowa_rfq_18649_adoption_readiness,uiowa_rfq_18649_adoption_readiness/fixtures/hostile_catalog.json,DISCLOSED,OTHER,71,neither record-shaped nor obviously configuration
REAL - generated by label_scan.py from committed source; not synthetic,uiowa_rfq_18649_adoption_readiness,uiowa_rfq_18649_adoption_readiness/fixtures/hostile_teams.json,DISCLOSED,CONFIGURATION,69,reads as schema/vocabulary/weights rather than records; a fiction label is not expected here
REAL - generated by label_scan.py from committed source; not synthetic,uiowa_rfq_18649_adoption_readiness,uiowa_rfq_18649_adoption_readiness/fixtures/synthetic_teams.json,DISCLOSED,PROSE_RESULT,61,prose that states assessment results about the engagement's subjects; disclosure at byte 61
REAL - generated by label_scan.py from committed source; not synthetic,uiowa_rfq_18649_adoption_readiness,uiowa_rfq_18649_adoption_readiness/model/indicators.json,NOT_EVIDENCE,OTHER,,neither record-shaped nor obviously configuration
REAL - generated by label_scan.py from committed source; not synthetic,uiowa_rfq_18649_adoption_readiness,uiowa_rfq_18649_adoption_readiness/model/option_catalog.json,NOT_EVIDENCE,OTHER,,neither record-shaped nor obviously configuration
REAL - generated by label_scan.py from committed source; not synthetic,uiowa_rfq_18649_adoption_readiness,uiowa_rfq_18649_adoption_readiness/out/capability_options.csv,UNDISCLOSED_PROVENANCE,RECORDS,,carries 0 record identifier(s) and 11 populated row(s) with assessment vocabulary; the file states nowhere whether its contents are synthetic or real
REAL - generated by label_scan.py from committed source; not synthetic,uiowa_rfq_18649_adoption_readiness,uiowa_rfq_18649_adoption_readiness/out/evidence_requests.csv,UNDISCLOSED_PROVENANCE,RECORDS,,carries 0 record identifier(s) and 14 populated row(s) with assessment vocabulary; the file states nowhere whether its contents are synthetic or real
REAL - generated by label_scan.py from committed source; not synthetic,uiowa_rfq_18649_adoption_readiness,uiowa_rfq_18649_adoption_readiness/out/interview_instrument.md,UNLABELED_CONFIG_SHAPED,CONFIGURATION,,reads as schema/vocabulary/weights rather than records; a fiction label is not expected here
REAL - generated by label_scan.py from committed source; not synthetic,uiowa_rfq_18649_adoption_readiness,uiowa_rfq_18649_adoption_readiness/out/readiness_assessment.json,DISCLOSED,CONFIGURATION,269,reads as schema/vocabulary/weights rather than records; a fiction label is not expected here
REAL - generated by label_scan.py from committed source; not synthetic,uiowa_rfq_18649_adoption_readiness,uiowa_rfq_18649_adoption_readiness/out/readiness_report.md,DISCLOSED,CONFIGURATION,293,reads as schema/vocabulary/weights rather than records; a fiction label is not expected here
REAL - generated by label_scan.py from committed source; not synthetic,uiowa_rfq_18649_adoption_readiness,uiowa_rfq_18649_adoption_readiness/out/readiness_worksheet.csv,DISCLOSED,RECORDS,164,carries 0 record identifier(s) and 18 populated row(s) with assessment vocabulary; disclosure at byte 164
REAL - generated by label_scan.py from committed source; not synthetic,uiowa_rfq_18649_ai_decision_case,uiowa_rfq_18649_ai_decision_case/README.md,DISCLOSED,DOCUMENTATION,148,documentation explains the kit; it presents no records
REAL - generated by label_scan.py from committed source; not synthetic,uiowa_rfq_18649_ai_decision_case,uiowa_rfq_18649_ai_decision_case/fixtures/beneficial.json,DISCLOSED,OTHER,46,neither record-shaped nor obviously configuration
REAL - generated by label_scan.py from committed source; not synthetic,uiowa_rfq_18649_ai_decision_case,uiowa_rfq_18649_ai_decision_case/fixtures/malformed_case.json,DISCLOSED,OTHER,40,neither record-shaped nor obviously configuration
REAL - generated by label_scan.py from committed source; not synthetic,uiowa_rfq_18649_ai_decision_case,uiowa_rfq_18649_ai_decision_case/fixtures/undecidable.json,DISCLOSED,OTHER,42,neither record-shaped nor obviously configuration
REAL - generated by label_scan.py from committed source; not synthetic,uiowa_rfq_18649_ai_decision_case,uiowa_rfq_18649_ai_decision_case/fixtures/unfavourable.json,DISCLOSED,OTHER,49,neither record-shaped nor obviously configuration
REAL - generated by label_scan.py from committed source; not synthetic,uiowa_rfq_18649_ai_decision_case,uiowa_rfq_18649_ai_decision_case/out/assumption_flow_demo.md,DISCLOSED,PROSE_RESULT,84,prose that states assessment results about the engagement's subjects; disclosure at byte 84
REAL - generated by label_scan.py from committed source; not synthetic,uiowa_rfq_18649_ai_decision_case,uiowa_rfq_18649_ai_decision_case/out/beneficial/decision.json,NOT_EVIDENCE,OTHER,,neither record-shaped nor obviously configuration
REAL - generated by label_scan.py from committed source; not synthetic,uiowa_rfq_18649_ai_decision_case,uiowa_rfq_18649_ai_decision_case/out/beneficial/explanation.md,DISCLOSED,PROSE_RESULT,84,prose that states assessment results about the engagement's subjects; disclosure at byte 84
REAL - generated by label_scan.py from committed source; not synthetic,uiowa_rfq_18649_ai_decision_case,uiowa_rfq_18649_ai_decision_case/out/undecidable/decision.json,UNDISCLOSED_PROVENANCE,PROSE_RESULT,,prose that states assessment results about the engagement's subjects; the file states nowhere whether its contents are synthetic or real
REAL - generated by label_scan.py from committed source; not synthetic,uiowa_rfq_18649_ai_decision_case,uiowa_rfq_18649_ai_decision_case/out/undecidable/explanation.md,DISCLOSED,PROSE_RESULT,65,prose that states assessment results about the engagement's subjects; disclosure at byte 65
REAL - generated by label_scan.py from committed source; not synthetic,uiowa_rfq_18649_ai_decision_case,uiowa_rfq_18649_ai_decision_case/out/unfavourable/decision.json,NOT_EVIDENCE,OTHER,,neither record-shaped nor obviously configuration
REAL - generated by label_scan.py from committed source; not synthetic,uiowa_rfq_18649_ai_decision_case,uiowa_rfq_18649_ai_decision_case/out/unfavourable/explanation.md,DISCLOSED,PROSE_RESULT,78,prose that states assessment results about the engagement's subjects; disclosure at byte 78
REAL - generated by label_scan.py from committed source; not synthetic,uiowa_rfq_18649_ai_eval_kit,uiowa_rfq_18649_ai_eval_kit/README.md,DISCLOSED,DOCUMENTATION,259,documentation explains the kit; it presents no records
REAL - generated by label_scan.py from committed source; not synthetic,uiowa_rfq_18649_ai_eval_kit,uiowa_rfq_18649_ai_eval_kit/data/runs_assisted.json,DISCLOSED,PROSE_RESULT,240,prose that states assessment results about the engagement's subjects; disclosure at byte 240
REAL - generated by label_scan.py from committed source; not synthetic,uiowa_rfq_18649_ai_eval_kit,uiowa_rfq_18649_ai_eval_kit/data/runs_manual.json,DISCLOSED,OTHER,174,neither record-shaped nor obviously configuration
REAL - generated by label_scan.py from committed source; not synthetic,uiowa_rfq_18649_ai_eval_kit,uiowa_rfq_18649_ai_eval_kit/data/tasks.json,DISCLOSED,RECORDS,110,carries 21 record identifier(s) and 0 populated row(s) with assessment vocabulary; disclosure at byte 110
REAL - generated by label_scan.py from committed source; not synthetic,uiowa_rfq_18649_ai_eval_kit,uiowa_rfq_18649_ai_eval_kit/examples/digests.json,UNLABELED_CONFIG_SHAPED,CONFIGURATION,,reads as schema/vocabulary/weights rather than records; a fiction label is not expected here
REAL - generated by label_scan.py from committed source; not synthetic,uiowa_rfq_18649_ai_eval_kit,uiowa_rfq_18649_ai_eval_kit/examples/report.md,DISCLOSED,RECORDS,122,carries 3 record identifier(s) and 0 populated row(s) with assessment vocabulary; disclosure at byte 122
REAL - generated by label_scan.py from committed source; not synthetic,uiowa_rfq_18649_ai_eval_kit,uiowa_rfq_18649_ai_eval_kit/examples/results.csv,DISCLOSED,RECORDS,1184,carries 0 record identifier(s) and 24 populated row(s) with assessment vocabulary; disclosure at byte 1184
REAL - generated by label_scan.py from committed source; not synthetic,uiowa_rfq_18649_ai_eval_kit,uiowa_rfq_18649_ai_eval_kit/examples/results.json,LABEL_BURIED,RECORDS,1769,"carries 3 record identifier(s) and 0 populated row(s) with assessment vocabulary; disclosure appears at byte 1769, past the first 1500 bytes a reader sees"
REAL - generated by label_scan.py from committed source; not synthetic,uiowa_rfq_18649_ai_eval_kit,uiowa_rfq_18649_ai_eval_kit/examples/schema.json,NOT_EVIDENCE,OTHER,,neither record-shaped nor obviously configuration
REAL - generated by label_scan.py from committed source; not synthetic,uiowa_rfq_18649_ai_integration,uiowa_rfq_18649_ai_integration/README.md,DISCLOSED,DOCUMENTATION,5777,documentation explains the kit; it presents no records
REAL - generated by label_scan.py from committed source; not synthetic,uiowa_rfq_18649_ai_integration,uiowa_rfq_18649_ai_integration/data/workflows.json,DISCLOSED,OTHER,88,neither record-shaped nor obviously configuration
REAL - generated by label_scan.py from committed source; not synthetic,uiowa_rfq_18649_ai_integration,uiowa_rfq_18649_ai_integration/out/integration_decision_worksheet.csv,DISCLOSED,DATA,184,carries identifiers or rows but no assessment vocabulary
REAL - generated by label_scan.py from committed source; not synthetic,uiowa_rfq_18649_ai_integration,uiowa_rfq_18649_ai_integration/out/integration_decision_worksheet.md,DISCLOSED,CONFIGURATION,1918,reads as schema/vocabulary/weights rather than records; a fiction label is not expected here
REAL - generated by label_scan.py from committed source; not synthetic,uiowa_rfq_18649_ai_integration,uiowa_rfq_18649_ai_integration/out/neutrality_check.json,NOT_EVIDENCE,OTHER,,neither record-shaped nor obviously configuration
REAL - generated by label_scan.py from committed source; not synthetic,uiowa_rfq_18649_ai_integration,uiowa_rfq_18649_ai_integration/out/portability_blast_radius.md,UNLABELED_CONFIG_SHAPED,CONFIGURATION,,reads as schema/vocabulary/weights rather than records; a fiction label is not expected here
REAL - generated by label_scan.py from committed source; not synthetic,uiowa_rfq_18649_ai_integration,uiowa_rfq_18649_ai_integration/out/portability_scores.json,UNLABELED_CONFIG_SHAPED,CONFIGURATION,,reads as schema/vocabulary/weights rather than records; a fiction label is not expected here
REAL - generated by label_scan.py from committed source; not synthetic,uiowa_rfq_18649_ai_integration,uiowa_rfq_18649_ai_integration/out/reference_patterns.md,UNLABELED_CONFIG_SHAPED,CONFIGURATION,,reads as schema/vocabulary/weights rather than records; a fiction label is not expected here
REAL - generated by label_scan.py from committed source; not synthetic,uiowa_rfq_18649_ai_integration,uiowa_rfq_18649_ai_integration/out/swap_receipt.json,DISCLOSED,CONFIGURATION,1649,reads as schema/vocabulary/weights rather than records; a fiction label is not expected here
REAL - generated by label_scan.py from committed source; not synthetic,uiowa_rfq_18649_ai_integration,uiowa_rfq_18649_ai_integration/out/worksheet_evaluations.json,DISCLOSED,CONFIGURATION,532,reads as schema/vocabulary/weights rather than records; a fiction label is not expected here
REAL - generated by label_scan.py from committed source; not synthetic,uiowa_rfq_18649_ai_opportunity_portfolio,uiowa_rfq_18649_ai_opportunity_portfolio/README.md,DISCLOSED,DOCUMENTATION,4658,documentation explains the kit; it presents no records
REAL - generated by label_scan.py from committed source; not synthetic,uiowa_rfq_18649_ai_opportunity_portfolio,uiowa_rfq_18649_ai_opportunity_portfolio/candidates.json,DISCLOSED,PROSE_RESULT,120,prose that states assessment results about the engagement's subjects; disclosure at byte 120
REAL - generated by label_scan.py from committed source; not synthetic,uiowa_rfq_18649_ai_opportunity_portfolio,uiowa_rfq_18649_ai_opportunity_portfolio/sample_output/assumption_register.csv,DISCLOSED,RECORDS,731,carries 0 record identifier(s) and 46 populated row(s) with assessment vocabulary; disclosure at byte 731
REAL - generated by label_scan.py from committed source; not synthetic,uiowa_rfq_18649_ai_opportunity_portfolio,uiowa_rfq_18649_ai_opportunity_portfolio/sample_output/portfolio.json,LABEL_BURIED,PROSE_RESULT,19310,"prose that states assessment results about the engagement's subjects; disclosure appears at byte 19310, past the first 1500 bytes a reader sees"
REAL - generated by label_scan.py from committed source; not synthetic,uiowa_rfq_18649_ai_opportunity_portfolio,uiowa_rfq_18649_ai_opportunity_portfolio/sample_output/portfolio_ranking.csv,UNDISCLOSED_PROVENANCE,RECORDS,,carries 0 record identifier(s) and 6 populated row(s) with assessment vocabulary; the file states nowhere whether its contents are synthetic or real
REAL - generated by label_scan.py from committed source; not synthetic,uiowa_rfq_18649_ai_opportunity_portfolio,uiowa_rfq_18649_ai_opportunity_portfolio/sample_output/portfolio_report.md,DISCLOSED,PROSE_RESULT,217,prose that states assessment results about the engagement's subjects; disclosure at byte 217
REAL - generated by label_scan.py from committed source; not synthetic,uiowa_rfq_18649_ai_policy_to_workflow,uiowa_rfq_18649_ai_policy_to_workflow/README.md,DISCLOSED,DOCUMENTATION,404,documentation explains the kit; it presents no records
REAL - generated by label_scan.py from committed source; not synthetic,uiowa_rfq_18649_ai_policy_to_workflow,uiowa_rfq_18649_ai_policy_to_workflow/SOURCE_NOTES.md,DISCLOSED,OTHER,39,neither record-shaped nor obviously configuration
REAL - generated by label_scan.py from committed source; not synthetic,uiowa_rfq_18649_ai_policy_to_workflow,uiowa_rfq_18649_ai_policy_to_workflow/WORKFLOW_EXAMPLES.md,DISCLOSED,RECORDS,2,carries 11 record identifier(s) and 0 populated row(s) with assessment vocabulary; disclosure at byte 2
REAL - generated by label_scan.py from committed source; not synthetic,uiowa_rfq_18649_ai_policy_to_workflow,uiowa_rfq_18649_ai_policy_to_workflow/fixtures/evidence.json,DISCLOSED,RECORDS,130,carries 12 record identifier(s) and 0 populated row(s) with assessment vocabulary; disclosure at byte 130
REAL - generated by label_scan.py from committed source; not synthetic,uiowa_rfq_18649_ai_policy_to_workflow,uiowa_rfq_18649_ai_policy_to_workflow/fixtures/policies.json,DISCLOSED,OTHER,229,neither record-shaped nor obviously configuration
REAL - generated by label_scan.py from committed source; not synthetic,uiowa_rfq_18649_ai_policy_to_workflow,uiowa_rfq_18649_ai_policy_to_workflow/fixtures/questions.json,UNLABELED_CONFIG_SHAPED,CONFIGURATION,,reads as schema/vocabulary/weights rather than records; a fiction label is not expected here
REAL - generated by label_scan.py from committed source; not synthetic,uiowa_rfq_18649_ai_policy_to_workflow,uiowa_rfq_18649_ai_policy_to_workflow/fixtures/tasks.json,NOT_EVIDENCE,OTHER,,neither record-shaped nor obviously configuration
REAL - generated by label_scan.py from committed source; not synthetic,uiowa_rfq_18649_ai_policy_to_workflow,uiowa_rfq_18649_ai_policy_to_workflow/sample/findings.json,DISCLOSED,RECORDS,23,carries 12 record identifier(s) and 0 populated row(s) with assessment vocabulary; disclosure at byte 23
REAL - generated by label_scan.py from committed source; not synthetic,uiowa_rfq_18649_ai_policy_to_workflow,uiowa_rfq_18649_ai_policy_to_workflow/sample/matrix.csv,NOT_EVIDENCE,DATA,,carries identifiers or rows but no assessment vocabulary
REAL - generated by label_scan.py from committed source; not synthetic,uiowa_rfq_18649_ai_policy_to_workflow,uiowa_rfq_18649_ai_policy_to_workflow/sample/matrix.md,DISCLOSED,CONFIGURATION,56,reads as schema/vocabulary/weights rather than records; a fiction label is not expected here
REAL - generated by label_scan.py from committed source; not synthetic,uiowa_rfq_18649_ai_policy_to_workflow,uiowa_rfq_18649_ai_policy_to_workflow/sample/open_questions.csv,UNDISCLOSED_PROVENANCE,RECORDS,,carries 0 record identifier(s) and 5 populated row(s) with assessment vocabulary; the file states nowhere whether its contents are synthetic or real
REAL - generated by label_scan.py from committed source; not synthetic,uiowa_rfq_18649_ai_use_inventory,uiowa_rfq_18649_ai_use_inventory/README.md,DISCLOSED,DOCUMENTATION,594,documentation explains the kit; it presents no records
REAL - generated by label_scan.py from committed source; not synthetic,uiowa_rfq_18649_ai_use_inventory,uiowa_rfq_18649_ai_use_inventory/fixtures/synthetic_ai_use.json,DISCLOSED,PROSE_RESULT,28,prose that states assessment results about the engagement's subjects; disclosure at byte 28
REAL - generated by label_scan.py from committed source; not synthetic,uiowa_rfq_18649_ai_use_inventory,uiowa_rfq_18649_ai_use_inventory/fixtures/synthetic_ai_use_hostile.json,DISCLOSED,CONFIGURATION,28,reads as schema/vocabulary/weights rather than records; a fiction label is not expected here
REAL - generated by label_scan.py from committed source; not synthetic,uiowa_rfq_18649_ai_use_inventory,uiowa_rfq_18649_ai_use_inventory/sample_output/ai_use_gaps.csv,UNDISCLOSED_PROVENANCE,RECORDS,,carries 0 record identifier(s) and 19 populated row(s) with assessment vocabulary; the file states nowhere whether its contents are synthetic or real
REAL - generated by label_scan.py from committed source; not synthetic,uiowa_rfq_18649_ai_use_inventory,uiowa_rfq_18649_ai_use_inventory/sample_output/ai_use_inventory.csv,DISCLOSED,RECORDS,856,carries 10 record identifier(s) and 10 populated row(s) with assessment vocabulary; disclosure at byte 856
REAL - generated by label_scan.py from committed source; not synthetic,uiowa_rfq_18649_ai_use_inventory,uiowa_rfq_18649_ai_use_inventory/sample_output/ai_use_inventory.json,LABEL_BURIED,RECORDS,2588,"carries 10 record identifier(s) and 0 populated row(s) with assessment vocabulary; disclosure appears at byte 2588, past the first 1500 bytes a reader sees"
REAL - generated by label_scan.py from committed source; not synthetic,uiowa_rfq_18649_ai_use_inventory,uiowa_rfq_18649_ai_use_inventory/sample_output/ai_use_inventory.md,DISCLOSED,PROSE_RESULT,22,prose that states assessment results about the engagement's subjects; disclosure at byte 22
REAL - generated by label_scan.py from committed source; not synthetic,uiowa_rfq_18649_base_fee_economics,uiowa_rfq_18649_base_fee_economics/README.md,DISCLOSED,DOCUMENTATION,3017,documentation explains the kit; it presents no records
REAL - generated by label_scan.py from committed source; not synthetic,uiowa_rfq_18649_base_fee_economics,uiowa_rfq_18649_base_fee_economics/fixtures/base_fee_model.json,DISCLOSED,OTHER,81,neither record-shaped nor obviously configuration
REAL - generated by label_scan.py from committed source; not synthetic,uiowa_rfq_18649_base_fee_economics,uiowa_rfq_18649_base_fee_economics/sample_output/base-fee-economics.json,DISCLOSED,OTHER,4155,neither record-shaped nor obviously configuration
REAL - generated by label_scan.py from committed source; not synthetic,uiowa_rfq_18649_base_fee_economics,uiowa_rfq_18649_base_fee_economics/sample_output/cost-workbook.md,DISCLOSED,OTHER,53,neither record-shaped nor obviously configuration
REAL - generated by label_scan.py from committed source; not synthetic,uiowa_rfq_18649_base_fee_economics,uiowa_rfq_18649_base_fee_economics/sample_output/package-costs.csv,UNDISCLOSED_PROVENANCE,RECORDS,,carries 0 record identifier(s) and 15 populated row(s) with assessment vocabulary; the file states nowhere whether its contents are synthetic or real
REAL - generated by label_scan.py from committed source; not synthetic,uiowa_rfq_18649_bid_pack,uiowa_rfq_18649_bid_pack/README.md,DISCLOSED,DOCUMENTATION,499,documentation explains the kit; it presents no records
REAL - generated by label_scan.py from committed source; not synthetic,uiowa_rfq_18649_bid_pack,uiowa_rfq_18649_bid_pack/fixtures/manifest.json,DISCLOSED,CONFIGURATION,59,reads as schema/vocabulary/weights rather than records; a fiction label is not expected here
REAL - generated by label_scan.py from committed source; not synthetic,uiowa_rfq_18649_bid_pack,uiowa_rfq_18649_bid_pack/fixtures/attachments/client_references.txt,DISCLOSED,OTHER,0,neither record-shaped nor obviously configuration
REAL - generated by label_scan.py from committed source; not synthetic,uiowa_rfq_18649_bid_pack,uiowa_rfq_18649_bid_pack/fixtures/attachments/fin_capacity_letter.txt,DISCLOSED,OTHER,0,neither record-shaped nor obviously configuration
REAL - generated by label_scan.py from committed source; not synthetic,uiowa_rfq_18649_bid_pack,uiowa_rfq_18649_bid_pack/fixtures/attachments/vendor_registration.txt,DISCLOSED,OTHER,0,neither record-shaped nor obviously configuration
REAL - generated by label_scan.py from committed source; not synthetic,uiowa_rfq_18649_bid_pack,uiowa_rfq_18649_bid_pack/fixtures/sections/cover.md,NOT_EVIDENCE,OTHER,,neither record-shaped nor obviously configuration
REAL - generated by label_scan.py from committed source; not synthetic,uiowa_rfq_18649_bid_pack,uiowa_rfq_18649_bid_pack/fixtures/sections/except.md,NOT_EVIDENCE,OTHER,,neither record-shaped nor obviously configuration
REAL - generated by label_scan.py from committed source; not synthetic,uiowa_rfq_18649_bid_pack,uiowa_rfq_18649_bid_pack/fixtures/sections/exec.md,NOT_EVIDENCE,OTHER,,neither record-shaped nor obviously configuration
REAL - generated by label_scan.py from committed source; not synthetic,uiowa_rfq_18649_bid_pack,uiowa_rfq_18649_bid_pack/fixtures/sections/price.md,NOT_EVIDENCE,OTHER,,neither record-shaped nor obviously configuration
REAL - generated by label_scan.py from committed source; not synthetic,uiowa_rfq_18649_bid_pack,uiowa_rfq_18649_bid_pack/fixtures/sections/qual.md,DISCLOSED,OTHER,39,neither record-shaped nor obviously configuration
REAL - generated by label_scan.py from committed source; not synthetic,uiowa_rfq_18649_bid_pack,uiowa_rfq_18649_bid_pack/fixtures/sections/scope.md,UNLABELED_CONFIG_SHAPED,CONFIGURATION,,reads as schema/vocabulary/weights rather than records; a fiction label is not expected here
REAL - generated by label_scan.py from committed source; not synthetic,uiowa_rfq_18649_bid_pack,uiowa_rfq_18649_bid_pack/fixtures/sections/staff.md,NOT_EVIDENCE,OTHER,,neither record-shaped nor obviously configuration
REAL - generated by label_scan.py from committed source; not synthetic,uiowa_rfq_18649_bid_pack,uiowa_rfq_18649_bid_pack/sample_output/00-INDEX.md,DISCLOSED,OTHER,29,neither record-shaped nor obviously configuration
REAL - generated by label_scan.py from committed source; not synthetic,uiowa_rfq_18649_bid_pack,uiowa_rfq_18649_bid_pack/sample_output/attachment_index.csv,DISCLOSED,DATA,297,carries identifiers or rows but no assessment vocabulary
REAL - generated by label_scan.py from committed source; not synthetic,uiowa_rfq_18649_bid_pack,uiowa_rfq_18649_bid_pack/sample_output/bid_pack.json,DISCLOSED,CONFIGURATION,904,reads as schema/vocabulary/weights rather than records; a fiction label is not expected here
REAL - generated by label_scan.py from committed source; not synthetic,uiowa_rfq_18649_bid_pack,uiowa_rfq_18649_bid_pack/sample_output/attachments/A01-financial-capacity-letter.txt,DISCLOSED,OTHER,0,neither record-shaped nor obviously configuration
REAL - generated by label_scan.py from committed source; not synthetic,uiowa_rfq_18649_bid_pack,uiowa_rfq_18649_bid_pack/sample_output/attachments/A02-certified-cost-rate-schedule.PLACEHOLDER.txt,DISCLOSED,OTHER,0,neither record-shaped nor obviously configuration
REAL - generated by label_scan.py from committed source; not synthetic,uiowa_rfq_18649_bid_pack,uiowa_rfq_18649_bid_pack/sample_output/attachments/A03-vendor-registration-and-taxpayer-identification.txt,DISCLOSED,OTHER,0,neither record-shaped nor obviously configuration
REAL - generated by label_scan.py from committed source; not synthetic,uiowa_rfq_18649_bid_pack,uiowa_rfq_18649_bid_pack/sample_output/attachments/A04-certificate-of-insurance.PLACEHOLDER.txt,DISCLOSED,OTHER,0,neither record-shaped nor obviously configuration
REAL - generated by label_scan.py from committed source; not synthetic,uiowa_rfq_18649_bid_pack,uiowa_rfq_18649_bid_pack/sample_output/attachments/A05-key-personnel-resumes.PLACEHOLDER.txt,DISCLOSED,OTHER,0,neither record-shaped nor obviously configuration
REAL - generated by label_scan.py from committed source; not synthetic,uiowa_rfq_18649_bid_pack,uiowa_rfq_18649_bid_pack/sample_output/attachments/A06-client-references.txt,DISCLOSED,OTHER,0,neither record-shaped nor obviously configuration
REAL - generated by label_scan.py from committed source; not synthetic,uiowa_rfq_18649_bid_pack,uiowa_rfq_18649_bid_pack/sample_output/documents/01-cover-letter.md,DISCLOSED,OTHER,5,neither record-shaped nor obviously configuration
REAL - generated by label_scan.py from committed source; not synthetic,uiowa_rfq_18649_bid_pack,uiowa_rfq_18649_bid_pack/sample_output/documents/02-executive-summary.md,DISCLOSED,OTHER,5,neither record-shaped nor obviously configuration
REAL - generated by label_scan.py from committed source; not synthetic,uiowa_rfq_18649_bid_pack,uiowa_rfq_18649_bid_pack/sample_output/documents/03-firm-qualifications.md,DISCLOSED,OTHER,5,neither record-shaped nor obviously configuration
REAL - generated by label_scan.py from committed source; not synthetic,uiowa_rfq_18649_bid_pack,uiowa_rfq_18649_bid_pack/sample_output/documents/04-scope-of-work-and-methodology.md,DISCLOSED,CONFIGURATION,5,reads as schema/vocabulary/weights rather than records; a fiction label is not expected here
REAL - generated by label_scan.py from committed source; not synthetic,uiowa_rfq_18649_bid_pack,uiowa_rfq_18649_bid_pack/sample_output/documents/05-staffing-and-key-personnel.md,DISCLOSED,OTHER,5,neither record-shaped nor obviously configuration
REAL - generated by label_scan.py from committed source; not synthetic,uiowa_rfq_18649_bid_pack,uiowa_rfq_18649_bid_pack/sample_output/documents/06-price-proposal.md,DISCLOSED,OTHER,5,neither record-shaped nor obviously configuration
REAL - generated by label_scan.py from committed source; not synthetic,uiowa_rfq_18649_bid_pack,uiowa_rfq_18649_bid_pack/sample_output/documents/07-exceptions-and-assumptions.md,DISCLOSED,OTHER,5,neither record-shaped nor obviously configuration
REAL - generated by label_scan.py from committed source; not synthetic,uiowa_rfq_18649_build_board,uiowa_rfq_18649_build_board/13-ai-context.md,LABEL_BURIED,PROSE_RESULT,12526,"prose that states assessment results about the engagement's subjects; disclosure appears at byte 12526, past the first 1500 bytes a reader sees"
REAL - generated by label_scan.py from committed source; not synthetic,uiowa_rfq_18649_build_board,uiowa_rfq_18649_build_board/45-testing-portfolio-example.csv,DISCLOSED,RECORDS,109,carries 0 record identifier(s) and 7 populated row(s) with assessment vocabulary; disclosure at byte 109
REAL - generated by label_scan.py from committed source; not synthetic,uiowa_rfq_18649_build_board,uiowa_rfq_18649_build_board/45-testing-portfolio.md,DISCLOSED,CONFIGURATION,68,reads as schema/vocabulary/weights rather than records; a fiction label is not expected here
REAL - generated by label_scan.py from committed source; not synthetic,uiowa_rfq_18649_capability_appendix,uiowa_rfq_18649_capability_appendix/README.md,DISCLOSED,DOCUMENTATION,6166,documentation explains the kit; it presents no records
REAL - generated by label_scan.py from committed source; not synthetic,uiowa_rfq_18649_capability_appendix,uiowa_rfq_18649_capability_appendix/capabilities.json,NOT_EVIDENCE,OTHER,,neither record-shaped nor obviously configuration
REAL - generated by label_scan.py from committed source; not synthetic,uiowa_rfq_18649_capability_appendix,uiowa_rfq_18649_capability_appendix/observed_runs.json,NOT_EVIDENCE,OTHER,,neither record-shaped nor obviously configuration
REAL - generated by label_scan.py from committed source; not synthetic,uiowa_rfq_18649_capability_appendix,uiowa_rfq_18649_capability_appendix/fixtures/rejection_demo_observations.json,DISCLOSED,OTHER,13,neither record-shaped nor obviously configuration
REAL - generated by label_scan.py from committed source; not synthetic,uiowa_rfq_18649_capability_appendix,uiowa_rfq_18649_capability_appendix/fixtures/rejection_demo_register.json,DISCLOSED,OTHER,22,neither record-shaped nor obviously configuration
REAL - generated by label_scan.py from committed source; not synthetic,uiowa_rfq_18649_capability_appendix,uiowa_rfq_18649_capability_appendix/out/capability_appendix.json,NOT_EVIDENCE,OTHER,,neither record-shaped nor obviously configuration
REAL - generated by label_scan.py from committed source; not synthetic,uiowa_rfq_18649_capability_appendix,uiowa_rfq_18649_capability_appendix/out/capability_appendix.md,NOT_EVIDENCE,OTHER,,neither record-shaped nor obviously configuration
REAL - generated by label_scan.py from committed source; not synthetic,uiowa_rfq_18649_capability_appendix,uiowa_rfq_18649_capability_appendix/out/capability_claims.csv,UNDISCLOSED_PROVENANCE,RECORDS,,carries 0 record identifier(s) and 6 populated row(s) with assessment vocabulary; the file states nowhere whether its contents are synthetic or real
REAL - generated by label_scan.py from committed source; not synthetic,uiowa_rfq_18649_capability_appendix,uiowa_rfq_18649_capability_appendix/out/capability_evidence_index.md,NOT_EVIDENCE,OTHER,,neither record-shaped nor obviously configuration
REAL - generated by label_scan.py from committed source; not synthetic,uiowa_rfq_18649_capability_appendix,uiowa_rfq_18649_capability_appendix/out/rejection_demo/capability_appendix.json,NOT_EVIDENCE,OTHER,,neither record-shaped nor obviously configuration
REAL - generated by label_scan.py from committed source; not synthetic,uiowa_rfq_18649_capability_appendix,uiowa_rfq_18649_capability_appendix/out/rejection_demo/capability_appendix.md,NOT_EVIDENCE,OTHER,,neither record-shaped nor obviously configuration
REAL - generated by label_scan.py from committed source; not synthetic,uiowa_rfq_18649_capability_appendix,uiowa_rfq_18649_capability_appendix/out/rejection_demo/capability_claims.csv,NOT_EVIDENCE,DATA,,carries identifiers or rows but no assessment vocabulary
REAL - generated by label_scan.py from committed source; not synthetic,uiowa_rfq_18649_capability_appendix,uiowa_rfq_18649_capability_appendix/out/rejection_demo/capability_evidence_index.md,NOT_EVIDENCE,OTHER,,neither record-shaped nor obviously configuration
REAL - generated by label_scan.py from committed source; not synthetic,uiowa_rfq_18649_capacity_benchmark,uiowa_rfq_18649_capacity_benchmark/README.md,DISCLOSED,DOCUMENTATION,672,documentation explains the kit; it presents no records
REAL - generated by label_scan.py from committed source; not synthetic,uiowa_rfq_18649_capacity_benchmark,uiowa_rfq_18649_capacity_benchmark/results/BENCHMARK_REPORT.md,DISCLOSED,CONFIGURATION,395,reads as schema/vocabulary/weights rather than records; a fiction label is not expected here
REAL - generated by label_scan.py from committed source; not synthetic,uiowa_rfq_18649_capacity_benchmark,uiowa_rfq_18649_capacity_benchmark/results/benchmark_results.csv,NOT_EVIDENCE,DATA,,carries identifiers or rows but no assessment vocabulary
REAL - generated by label_scan.py from committed source; not synthetic,uiowa_rfq_18649_capacity_benchmark,uiowa_rfq_18649_capacity_benchmark/results/benchmark_results.json,UNLABELED_CONFIG_SHAPED,CONFIGURATION,,reads as schema/vocabulary/weights rather than records; a fiction label is not expected here
REAL - generated by label_scan.py from committed source; not synthetic,uiowa_rfq_18649_capacity_benchmark,uiowa_rfq_18649_capacity_benchmark/results/environment.json,NOT_EVIDENCE,OTHER,,neither record-shaped nor obviously configuration
REAL - generated by label_scan.py from committed source; not synthetic,uiowa_rfq_18649_capacity_feasibility,uiowa_rfq_18649_capacity_feasibility/README.md,DISCLOSED,DOCUMENTATION,1444,documentation explains the kit; it presents no records
REAL - generated by label_scan.py from committed source; not synthetic,uiowa_rfq_18649_capacity_feasibility,uiowa_rfq_18649_capacity_feasibility/data/capacity-assumptions.json,DISCLOSED,OTHER,53,neither record-shaped nor obviously configuration
REAL - generated by label_scan.py from committed source; not synthetic,uiowa_rfq_18649_capacity_feasibility,uiowa_rfq_18649_capacity_feasibility/data/roadmap-items.json,DISCLOSED,PROSE_RESULT,47,prose that states assessment results about the engagement's subjects; disclosure at byte 47
REAL - generated by label_scan.py from committed source; not synthetic,uiowa_rfq_18649_capacity_feasibility,uiowa_rfq_18649_capacity_feasibility/examples/capacity-by-role-phase.csv,NOT_EVIDENCE,DATA,,carries identifiers or rows but no assessment vocabulary
REAL - generated by label_scan.py from committed source; not synthetic,uiowa_rfq_18649_capacity_feasibility,uiowa_rfq_18649_capacity_feasibility/examples/feasibility-report.md,DISCLOSED,OTHER,40,neither record-shaped nor obviously configuration
REAL - generated by label_scan.py from committed source; not synthetic,uiowa_rfq_18649_capacity_feasibility,uiowa_rfq_18649_capacity_feasibility/examples/roadmap-ascii.txt,NOT_EVIDENCE,OTHER,,neither record-shaped nor obviously configuration
REAL - generated by label_scan.py from committed source; not synthetic,uiowa_rfq_18649_capacity_feasibility,uiowa_rfq_18649_capacity_feasibility/examples/roadmap-planning-table.csv,UNDISCLOSED_PROVENANCE,RECORDS,,carries 0 record identifier(s) and 27 populated row(s) with assessment vocabulary; the file states nowhere whether its contents are synthetic or real
REAL - generated by label_scan.py from committed source; not synthetic,uiowa_rfq_18649_capacity_scan,uiowa_rfq_18649_capacity_scan/README.md,NOT_EVIDENCE,DOCUMENTATION,,documentation explains the kit; it presents no records
REAL - generated by label_scan.py from committed source; not synthetic,uiowa_rfq_18649_capacity_scan,uiowa_rfq_18649_capacity_scan/results/KIT_SCAN_REPORT.md,DISCLOSED,OTHER,4893,neither record-shaped nor obviously configuration
REAL - generated by label_scan.py from committed source; not synthetic,uiowa_rfq_18649_capacity_scan,uiowa_rfq_18649_capacity_scan/results/kit_scan_results.json,DISCLOSED,CONFIGURATION,1808,reads as schema/vocabulary/weights rather than records; a fiction label is not expected here
REAL - generated by label_scan.py from committed source; not synthetic,uiowa_rfq_18649_closeout,uiowa_rfq_18649_closeout/README.md,DISCLOSED,DOCUMENTATION,551,documentation explains the kit; it presents no records
REAL - generated by label_scan.py from committed source; not synthetic,uiowa_rfq_18649_closeout,uiowa_rfq_18649_closeout/SOURCE_NOTES.md,DISCLOSED,OTHER,2652,neither record-shaped nor obviously configuration
REAL - generated by label_scan.py from committed source; not synthetic,uiowa_rfq_18649_closeout,uiowa_rfq_18649_closeout/closeout_confirmation_template.md,NOT_EVIDENCE,OTHER,,neither record-shaped nor obviously configuration
REAL - generated by label_scan.py from committed source; not synthetic,uiowa_rfq_18649_closeout,uiowa_rfq_18649_closeout/disposition_log_template.csv,NOT_EVIDENCE,OTHER,,neither record-shaped nor obviously configuration
REAL - generated by label_scan.py from committed source; not synthetic,uiowa_rfq_18649_closeout,uiowa_rfq_18649_closeout/evidence_inventory_template.csv,NOT_EVIDENCE,OTHER,,neither record-shaped nor obviously configuration
REAL - generated by label_scan.py from committed source; not synthetic,uiowa_rfq_18649_closeout,uiowa_rfq_18649_closeout/requirements_register.csv,UNDISCLOSED_PROVENANCE,RECORDS,,carries 0 record identifier(s) and 8 populated row(s) with assessment vocabulary; the file states nowhere whether its contents are synthetic or real
REAL - generated by label_scan.py from committed source; not synthetic,uiowa_rfq_18649_closeout,uiowa_rfq_18649_closeout/sample/closeout_report.json,UNLABELED_CONFIG_SHAPED,CONFIGURATION,,reads as schema/vocabulary/weights rather than records; a fiction label is not expected here
REAL - generated by label_scan.py from committed source; not synthetic,uiowa_rfq_18649_closeout,uiowa_rfq_18649_closeout/sample/closeout_report.md,NOT_EVIDENCE,OTHER,,neither record-shaped nor obviously configuration
REAL - generated by label_scan.py from committed source; not synthetic,uiowa_rfq_18649_closeout,uiowa_rfq_18649_closeout/sample/disposition_log.csv,DISCLOSED,DATA,147,carries identifiers or rows but no assessment vocabulary
REAL - generated by label_scan.py from committed source; not synthetic,uiowa_rfq_18649_closeout,uiowa_rfq_18649_closeout/sample/engagement.json,NOT_EVIDENCE,OTHER,,neither record-shaped nor obviously configuration
REAL - generated by label_scan.py from committed source; not synthetic,uiowa_rfq_18649_closeout,uiowa_rfq_18649_closeout/sample/evidence_inventory.csv,DISCLOSED,RECORDS,257,carries 0 record identifier(s) and 6 populated row(s) with assessment vocabulary; disclosure at byte 257
REAL - generated by label_scan.py from committed source; not synthetic,uiowa_rfq_18649_contractor_transition,uiowa_rfq_18649_contractor_transition/README.md,DISCLOSED,DOCUMENTATION,112,documentation explains the kit; it presents no records
REAL - generated by label_scan.py from committed source; not synthetic,uiowa_rfq_18649_contractor_transition,uiowa_rfq_18649_contractor_transition/fixtures/contractor_transition.json,DISCLOSED,OTHER,28,neither record-shaped nor obviously configuration
REAL - generated by label_scan.py from committed source; not synthetic,uiowa_rfq_18649_contractor_transition,uiowa_rfq_18649_contractor_transition/fixtures/contractor_transition_unsafe.json,DISCLOSED,OTHER,28,neither record-shaped nor obviously configuration
REAL - generated by label_scan.py from committed source; not synthetic,uiowa_rfq_18649_contractor_transition,uiowa_rfq_18649_contractor_transition/sample_output/transition_items.csv,DISCLOSED,RECORDS,139,carries 0 record identifier(s) and 6 populated row(s) with assessment vocabulary; disclosure at byte 139
REAL - generated by label_scan.py from committed source; not synthetic,uiowa_rfq_18649_contractor_transition,uiowa_rfq_18649_contractor_transition/sample_output/transition_report.json,DISCLOSED,PROSE_RESULT,162,prose that states assessment results about the engagement's subjects; disclosure at byte 162
REAL - generated by label_scan.py from committed source; not synthetic,uiowa_rfq_18649_contractor_transition,uiowa_rfq_18649_contractor_transition/sample_output/transition_report.md,DISCLOSED,PROSE_RESULT,76,prose that states assessment results about the engagement's subjects; disclosure at byte 76
REAL - generated by label_scan.py from committed source; not synthetic,uiowa_rfq_18649_deadline_continuity,uiowa_rfq_18649_deadline_continuity/README.md,DISCLOSED,DOCUMENTATION,111,documentation explains the kit; it presents no records
REAL - generated by label_scan.py from committed source; not synthetic,uiowa_rfq_18649_deadline_continuity,uiowa_rfq_18649_deadline_continuity/fixtures/ris_deadline_scenario.json,DISCLOSED,RECORDS,30,carries 2 record identifier(s) and 0 populated row(s) with assessment vocabulary; disclosure at byte 30
REAL - generated by label_scan.py from committed source; not synthetic,uiowa_rfq_18649_deadline_continuity,uiowa_rfq_18649_deadline_continuity/sample_output/continuity_analysis.json,DISCLOSED,PROSE_RESULT,251,prose that states assessment results about the engagement's subjects; disclosure at byte 251
REAL - generated by label_scan.py from committed source; not synthetic,uiowa_rfq_18649_deadline_continuity,uiowa_rfq_18649_deadline_continuity/sample_output/continuity_options.csv,NOT_EVIDENCE,DATA,,carries identifiers or rows but no assessment vocabulary
REAL - generated by label_scan.py from committed source; not synthetic,uiowa_rfq_18649_deadline_continuity,uiowa_rfq_18649_deadline_continuity/sample_output/continuity_report.md,DISCLOSED,PROSE_RESULT,63,prose that states assessment results about the engagement's subjects; disclosure at byte 63
REAL - generated by label_scan.py from committed source; not synthetic,uiowa_rfq_18649_deadline_continuity,uiowa_rfq_18649_deadline_continuity/sample_output/evidence_requests.csv,NOT_EVIDENCE,DATA,,carries identifiers or rows but no assessment vocabulary
REAL - generated by label_scan.py from committed source; not synthetic,uiowa_rfq_18649_delivery_metrics,uiowa_rfq_18649_delivery_metrics/64-data-dictionary.md,DISCLOSED,CONFIGURATION,67,reads as schema/vocabulary/weights rather than records; a fiction label is not expected here
REAL - generated by label_scan.py from committed source; not synthetic,uiowa_rfq_18649_delivery_metrics,uiowa_rfq_18649_delivery_metrics/64-interpretation-notes.md,DISCLOSED,CONFIGURATION,48,reads as schema/vocabulary/weights rather than records; a fiction label is not expected here
REAL - generated by label_scan.py from committed source; not synthetic,uiowa_rfq_18649_delivery_metrics,uiowa_rfq_18649_delivery_metrics/fixtures/synthetic_deployments.csv,DISCLOSED,DATA,110,carries identifiers or rows but no assessment vocabulary
REAL - generated by label_scan.py from committed source; not synthetic,uiowa_rfq_18649_delivery_scan,uiowa_rfq_18649_delivery_scan/README.md,DISCLOSED,DOCUMENTATION,84,documentation explains the kit; it presents no records
REAL - generated by label_scan.py from committed source; not synthetic,uiowa_rfq_18649_delivery_scan,uiowa_rfq_18649_delivery_scan/out/scope_screen.csv,NOT_EVIDENCE,DATA,,carries identifiers or rows but no assessment vocabulary
REAL - generated by label_scan.py from committed source; not synthetic,uiowa_rfq_18649_delivery_scan,uiowa_rfq_18649_delivery_scan/out/scope_screen.json,NOT_EVIDENCE,OTHER,,neither record-shaped nor obviously configuration
REAL - generated by label_scan.py from committed source; not synthetic,uiowa_rfq_18649_delivery_scan,uiowa_rfq_18649_delivery_scan/out/scope_screen.md,DISCLOSED,OTHER,93,neither record-shaped nor obviously configuration
REAL - generated by label_scan.py from committed source; not synthetic,uiowa_rfq_18649_doc_usability,uiowa_rfq_18649_doc_usability/METHOD.md,DISCLOSED,OTHER,241,neither record-shaped nor obviously configuration
REAL - generated by label_scan.py from committed source; not synthetic,uiowa_rfq_18649_doc_usability,uiowa_rfq_18649_doc_usability/README.md,DISCLOSED,DOCUMENTATION,41,documentation explains the kit; it presents no records
REAL - generated by label_scan.py from committed source; not synthetic,uiowa_rfq_18649_doc_usability,uiowa_rfq_18649_doc_usability/WORKED_EXAMPLE.md,DISCLOSED,PROSE_RESULT,9,prose that states assessment results about the engagement's subjects; disclosure at byte 9
REAL - generated by label_scan.py from committed source; not synthetic,uiowa_rfq_18649_doc_usability,uiowa_rfq_18649_doc_usability/examples/synthetic_inventory.csv,DISCLOSED,RECORDS,332,carries 0 record identifier(s) and 3 populated row(s) with assessment vocabulary; disclosure at byte 332
REAL - generated by label_scan.py from committed source; not synthetic,uiowa_rfq_18649_doc_usability,uiowa_rfq_18649_doc_usability/templates/documentation_inventory.csv,NOT_EVIDENCE,OTHER,,neither record-shaped nor obviously configuration
REAL - generated by label_scan.py from committed source; not synthetic,uiowa_rfq_18649_doc_usability,uiowa_rfq_18649_doc_usability/templates/task_usability.csv,NOT_EVIDENCE,OTHER,,neither record-shaped nor obviously configuration
REAL - generated by label_scan.py from committed source; not synthetic,uiowa_rfq_18649_document_extraction,uiowa_rfq_18649_document_extraction/README.md,DISCLOSED,DOCUMENTATION,1559,documentation explains the kit; it presents no records
REAL - generated by label_scan.py from committed source; not synthetic,uiowa_rfq_18649_document_extraction,uiowa_rfq_18649_document_extraction/fixtures/manifest.json,DISCLOSED,OTHER,124,neither record-shaped nor obviously configuration
REAL - generated by label_scan.py from committed source; not synthetic,uiowa_rfq_18649_document_extraction,uiowa_rfq_18649_document_extraction/fixtures/sample.txt,DISCLOSED,OTHER,134,neither record-shaped nor obviously configuration
REAL - generated by label_scan.py from committed source; not synthetic,uiowa_rfq_18649_economics_resource_adapters,uiowa_rfq_18649_economics_resource_adapters/README.md,DISCLOSED,DOCUMENTATION,1623,documentation explains the kit; it presents no records
REAL - generated by label_scan.py from committed source; not synthetic,uiowa_rfq_18649_economics_resource_adapters,uiowa_rfq_18649_economics_resource_adapters/fixtures/crosswalk.json,DISCLOSED,RECORDS,87,carries 3 record identifier(s) and 0 populated row(s) with assessment vocabulary; disclosure at byte 87
REAL - generated by label_scan.py from committed source; not synthetic,uiowa_rfq_18649_economics_resource_adapters,uiowa_rfq_18649_economics_resource_adapters/fixtures/economics.contract.json,DISCLOSED,RECORDS,108,carries 8 record identifier(s) and 0 populated row(s) with assessment vocabulary; disclosure at byte 108
REAL - generated by label_scan.py from committed source; not synthetic,uiowa_rfq_18649_economics_resource_adapters,uiowa_rfq_18649_economics_resource_adapters/fixtures/economics.nonconformant.json,DISCLOSED,OTHER,98,neither record-shaped nor obviously configuration
REAL - generated by label_scan.py from committed source; not synthetic,uiowa_rfq_18649_economics_resource_adapters,uiowa_rfq_18649_economics_resource_adapters/fixtures/resource_estimates.contract.json,DISCLOSED,RECORDS,95,carries 14 record identifier(s) and 0 populated row(s) with assessment vocabulary; disclosure at byte 95
REAL - generated by label_scan.py from committed source; not synthetic,uiowa_rfq_18649_economics_resource_adapters,uiowa_rfq_18649_economics_resource_adapters/fixtures/resource_estimates.nonconformant.json,DISCLOSED,RECORDS,106,carries 6 record identifier(s) and 0 populated row(s) with assessment vocabulary; disclosure at byte 106
REAL - generated by label_scan.py from committed source; not synthetic,uiowa_rfq_18649_economics_resource_adapters,uiowa_rfq_18649_economics_resource_adapters/sample_output/bridge.json,DISCLOSED,RECORDS,55,carries 40 record identifier(s) and 0 populated row(s) with assessment vocabulary; disclosure at byte 55
REAL - generated by label_scan.py from committed source; not synthetic,uiowa_rfq_18649_economics_resource_adapters,uiowa_rfq_18649_economics_resource_adapters/sample_output/bridge_report.md,DISCLOSED,RECORDS,52,carries 40 record identifier(s) and 0 populated row(s) with assessment vocabulary; disclosure at byte 52
REAL - generated by label_scan.py from committed source; not synthetic,uiowa_rfq_18649_economics_resource_adapters,uiowa_rfq_18649_economics_resource_adapters/sample_output/integrated.json,UNDISCLOSED_PROVENANCE,RECORDS,,carries 50 record identifier(s) and 0 populated row(s) with assessment vocabulary; the file states nowhere whether its contents are synthetic or real
REAL - generated by label_scan.py from committed source; not synthetic,uiowa_rfq_18649_economics_resource_adapters,uiowa_rfq_18649_economics_resource_adapters/sample_output/integration_report.md,DISCLOSED,RECORDS,181,carries 20 record identifier(s) and 0 populated row(s) with assessment vocabulary; disclosure at byte 181
REAL - generated by label_scan.py from committed source; not synthetic,uiowa_rfq_18649_economics_resource_adapters,uiowa_rfq_18649_economics_resource_adapters/sample_output/portfolio_rollup.csv,UNDISCLOSED_PROVENANCE,RECORDS,,carries 0 record identifier(s) and 15 populated row(s) with assessment vocabulary; the file states nowhere whether its contents are synthetic or real
REAL - generated by label_scan.py from committed source; not synthetic,uiowa_rfq_18649_economics_resource_adapters,uiowa_rfq_18649_economics_resource_adapters/sample_output/resourcing_table.csv,UNDISCLOSED_PROVENANCE,RECORDS,,carries 14 record identifier(s) and 11 populated row(s) with assessment vocabulary; the file states nowhere whether its contents are synthetic or real
REAL - generated by label_scan.py from committed source; not synthetic,uiowa_rfq_18649_exec_summary,uiowa_rfq_18649_exec_summary/README.md,DISCLOSED,DOCUMENTATION,6786,documentation explains the kit; it presents no records
REAL - generated by label_scan.py from committed source; not synthetic,uiowa_rfq_18649_exec_summary,uiowa_rfq_18649_exec_summary/data/draft_statements.json,DISCLOSED,RECORDS,24,carries 12 record identifier(s) and 0 populated row(s) with assessment vocabulary; disclosure at byte 24
REAL - generated by label_scan.py from committed source; not synthetic,uiowa_rfq_18649_exec_summary,uiowa_rfq_18649_exec_summary/data/findings.json,DISCLOSED,RECORDS,86,carries 7 record identifier(s) and 0 populated row(s) with assessment vocabulary; disclosure at byte 86
REAL - generated by label_scan.py from committed source; not synthetic,uiowa_rfq_18649_exec_summary,uiowa_rfq_18649_exec_summary/out/compile_report.md,DISCLOSED,RECORDS,68,carries 17 record identifier(s) and 0 populated row(s) with assessment vocabulary; disclosure at byte 68
REAL - generated by label_scan.py from committed source; not synthetic,uiowa_rfq_18649_exec_summary,uiowa_rfq_18649_exec_summary/out/compile_result.json,LABEL_BURIED,RECORDS,6668,"carries 29 record identifier(s) and 0 populated row(s) with assessment vocabulary; disclosure appears at byte 6668, past the first 1500 bytes a reader sees"
REAL - generated by label_scan.py from committed source; not synthetic,uiowa_rfq_18649_exec_summary,uiowa_rfq_18649_exec_summary/out/executive_summary.md,DISCLOSED,RECORDS,66,carries 12 record identifier(s) and 0 populated row(s) with assessment vocabulary; disclosure at byte 66
REAL - generated by label_scan.py from committed source; not synthetic,uiowa_rfq_18649_exec_summary,uiowa_rfq_18649_exec_summary/out/traceability_matrix.csv,UNDISCLOSED_PROVENANCE,RECORDS,,carries 10 record identifier(s) and 10 populated row(s) with assessment vocabulary; the file states nowhere whether its contents are synthetic or real
REAL - generated by label_scan.py from committed source; not synthetic,uiowa_rfq_18649_export_safety,uiowa_rfq_18649_export_safety/README.md,DISCLOSED,DOCUMENTATION,2150,documentation explains the kit; it presents no records
REAL - generated by label_scan.py from committed source; not synthetic,uiowa_rfq_18649_export_safety,uiowa_rfq_18649_export_safety/examples/export_safety_report.md,DISCLOSED,OTHER,9324,neither record-shaped nor obviously configuration
REAL - generated by label_scan.py from committed source; not synthetic,uiowa_rfq_18649_export_safety,uiowa_rfq_18649_export_safety/examples/findings.csv,DISCLOSED,RECORDS,1457,carries 0 record identifier(s) and 25 populated row(s) with assessment vocabulary; disclosure at byte 1457
REAL - generated by label_scan.py from committed source; not synthetic,uiowa_rfq_18649_export_safety,uiowa_rfq_18649_export_safety/examples/findings.json,DISCLOSED,CONFIGURATION,9581,reads as schema/vocabulary/weights rather than records; a fiction label is not expected here
REAL - generated by label_scan.py from committed source; not synthetic,uiowa_rfq_18649_export_safety,uiowa_rfq_18649_export_safety/fixtures/comment_header.csv,DISCLOSED,DATA,2,carries identifiers or rows but no assessment vocabulary
REAL - generated by label_scan.py from committed source; not synthetic,uiowa_rfq_18649_export_safety,uiowa_rfq_18649_export_safety/fixtures/dates.csv,NOT_EVIDENCE,DATA,,carries identifiers or rows but no assessment vocabulary
REAL - generated by label_scan.py from committed source; not synthetic,uiowa_rfq_18649_export_safety,uiowa_rfq_18649_export_safety/fixtures/injection.csv,DISCLOSED,DATA,103,carries identifiers or rows but no assessment vocabulary
REAL - generated by label_scan.py from committed source; not synthetic,uiowa_rfq_18649_export_safety,uiowa_rfq_18649_export_safety/fixtures/neutralized.csv,NOT_EVIDENCE,DATA,,carries identifiers or rows but no assessment vocabulary
REAL - generated by label_scan.py from committed source; not synthetic,uiowa_rfq_18649_export_safety,uiowa_rfq_18649_export_safety/fixtures/unicode.csv,NOT_EVIDENCE,DATA,,carries identifiers or rows but no assessment vocabulary
REAL - generated by label_scan.py from committed source; not synthetic,uiowa_rfq_18649_filesystem_safety,uiowa_rfq_18649_filesystem_safety/README.md,DISCLOSED,DOCUMENTATION,6758,documentation explains the kit; it presents no records
REAL - generated by label_scan.py from committed source; not synthetic,uiowa_rfq_18649_filesystem_safety,uiowa_rfq_18649_filesystem_safety/examples/fixture_scan/FILESYSTEM_SAFETY_SCREEN.md,UNLABELED_CONFIG_SHAPED,CONFIGURATION,,reads as schema/vocabulary/weights rather than records; a fiction label is not expected here
REAL - generated by label_scan.py from committed source; not synthetic,uiowa_rfq_18649_filesystem_safety,uiowa_rfq_18649_filesystem_safety/examples/fixture_scan/findings.csv,NOT_EVIDENCE,DATA,,carries identifiers or rows but no assessment vocabulary
REAL - generated by label_scan.py from committed source; not synthetic,uiowa_rfq_18649_filesystem_safety,uiowa_rfq_18649_filesystem_safety/examples/fixture_scan/screen.json,NOT_EVIDENCE,OTHER,,neither record-shaped nor obviously configuration
REAL - generated by label_scan.py from committed source; not synthetic,uiowa_rfq_18649_filesystem_safety,uiowa_rfq_18649_filesystem_safety/examples/live_snapshot/FILESYSTEM_SAFETY_SCREEN.md,DISCLOSED,OTHER,58959,neither record-shaped nor obviously configuration
REAL - generated by label_scan.py from committed source; not synthetic,uiowa_rfq_18649_filesystem_safety,uiowa_rfq_18649_filesystem_safety/examples/live_snapshot/findings.csv,LABEL_BURIED,RECORDS,51270,"carries 1 record identifier(s) and 243 populated row(s) with assessment vocabulary; disclosure appears at byte 51270, past the first 1500 bytes a reader sees"
REAL - generated by label_scan.py from committed source; not synthetic,uiowa_rfq_18649_filesystem_safety,uiowa_rfq_18649_filesystem_safety/examples/live_snapshot/screen.json,DISCLOSED,OTHER,81917,neither record-shaped nor obviously configuration
REAL - generated by label_scan.py from committed source; not synthetic,uiowa_rfq_18649_filesystem_safety,uiowa_rfq_18649_filesystem_safety/fixtures/README.md,DISCLOSED,DOCUMENTATION,20,documentation explains the kit; it presents no records
REAL - generated by label_scan.py from committed source; not synthetic,uiowa_rfq_18649_handoff,uiowa_rfq_18649_handoff/README.md,DISCLOSED,DOCUMENTATION,696,documentation explains the kit; it presents no records
REAL - generated by label_scan.py from committed source; not synthetic,uiowa_rfq_18649_handoff,uiowa_rfq_18649_handoff/handoff_packet_template.md,DISCLOSED,PROSE_RESULT,448,prose that states assessment results about the engagement's subjects; disclosure at byte 448
REAL - generated by label_scan.py from committed source; not synthetic,uiowa_rfq_18649_handoff,uiowa_rfq_18649_handoff/schema.json,DISCLOSED,CONFIGURATION,951,reads as schema/vocabulary/weights rather than records; a fiction label is not expected here
REAL - generated by label_scan.py from committed source; not synthetic,uiowa_rfq_18649_handoff,uiowa_rfq_18649_handoff/examples/planned_release.json,DISCLOSED,PROSE_RESULT,137,prose that states assessment results about the engagement's subjects; disclosure at byte 137
REAL - generated by label_scan.py from committed source; not synthetic,uiowa_rfq_18649_handoff,uiowa_rfq_18649_handoff/examples/urgent_maintenance.json,DISCLOSED,PROSE_RESULT,140,prose that states assessment results about the engagement's subjects; disclosure at byte 140
REAL - generated by label_scan.py from committed source; not synthetic,uiowa_rfq_18649_incident_learning,uiowa_rfq_18649_incident_learning/README.md,DISCLOSED,DOCUMENTATION,261,documentation explains the kit; it presents no records
REAL - generated by label_scan.py from committed source; not synthetic,uiowa_rfq_18649_incident_learning,uiowa_rfq_18649_incident_learning/examples.json,DISCLOSED,RECORDS,60,carries 2 record identifier(s) and 0 populated row(s) with assessment vocabulary; disclosure at byte 60
REAL - generated by label_scan.py from committed source; not synthetic,uiowa_rfq_18649_intake_rehearsal,uiowa_rfq_18649_intake_rehearsal/README.md,DISCLOSED,DOCUMENTATION,92,documentation explains the kit; it presents no records
REAL - generated by label_scan.py from committed source; not synthetic,uiowa_rfq_18649_intake_rehearsal,uiowa_rfq_18649_intake_rehearsal/artifacts/REHEARSAL_REPORT.md,DISCLOSED,RECORDS,57,carries 60 record identifier(s) and 0 populated row(s) with assessment vocabulary; disclosure at byte 57
REAL - generated by label_scan.py from committed source; not synthetic,uiowa_rfq_18649_intake_rehearsal,uiowa_rfq_18649_intake_rehearsal/artifacts/RUN_DIGEST.json,DISCLOSED,OTHER,19,neither record-shaped nor obviously configuration
REAL - generated by label_scan.py from committed source; not synthetic,uiowa_rfq_18649_intake_rehearsal,uiowa_rfq_18649_intake_rehearsal/artifacts/assessment_dataset.json,DISCLOSED,RECORDS,19,carries 142 record identifier(s) and 0 populated row(s) with assessment vocabulary; disclosure at byte 19
REAL - generated by label_scan.py from committed source; not synthetic,uiowa_rfq_18649_intake_rehearsal,uiowa_rfq_18649_intake_rehearsal/artifacts/assessment_matrix.csv,DISCLOSED,RECORDS,2,carries 33 record identifier(s) and 13 populated row(s) with assessment vocabulary; disclosure at byte 2
REAL - generated by label_scan.py from committed source; not synthetic,uiowa_rfq_18649_intake_rehearsal,uiowa_rfq_18649_intake_rehearsal/artifacts/evidence_register.csv,DISCLOSED,RECORDS,2,carries 38 record identifier(s) and 19 populated row(s) with assessment vocabulary; disclosure at byte 2
REAL - generated by label_scan.py from committed source; not synthetic,uiowa_rfq_18649_intake_rehearsal,uiowa_rfq_18649_intake_rehearsal/artifacts/intake_diagnostics.csv,DISCLOSED,RECORDS,2,carries 6 record identifier(s) and 4 populated row(s) with assessment vocabulary; disclosure at byte 2
REAL - generated by label_scan.py from committed source; not synthetic,uiowa_rfq_18649_intake_rehearsal,uiowa_rfq_18649_intake_rehearsal/artifacts/source_register.csv,DISCLOSED,RECORDS,2,carries 12 record identifier(s) and 13 populated row(s) with assessment vocabulary; disclosure at byte 2
REAL - generated by label_scan.py from committed source; not synthetic,uiowa_rfq_18649_intake_rehearsal,uiowa_rfq_18649_intake_rehearsal/sources/source-register.json,DISCLOSED,RECORDS,19,carries 12 record identifier(s) and 0 populated row(s) with assessment vocabulary; disclosure at byte 19
REAL - generated by label_scan.py from committed source; not synthetic,uiowa_rfq_18649_intake_rehearsal,uiowa_rfq_18649_intake_rehearsal/sources/analyst/interview-excerpts.json,DISCLOSED,RECORDS,19,carries 6 record identifier(s) and 0 populated row(s) with assessment vocabulary; disclosure at byte 19
REAL - generated by label_scan.py from committed source; not synthetic,uiowa_rfq_18649_intake_rehearsal,uiowa_rfq_18649_intake_rehearsal/sources/analyst/observations.json,DISCLOSED,RECORDS,19,carries 35 record identifier(s) and 0 populated row(s) with assessment vocabulary; disclosure at byte 19
REAL - generated by label_scan.py from committed source; not synthetic,uiowa_rfq_18649_intake_rehearsal,uiowa_rfq_18649_intake_rehearsal/sources/ess/ess-branch-protection-v2.json,DISCLOSED,OTHER,19,neither record-shaped nor obviously configuration
REAL - generated by label_scan.py from committed source; not synthetic,uiowa_rfq_18649_intake_rehearsal,uiowa_rfq_18649_intake_rehearsal/sources/ess/ess-deploy-log-2026-08.csv,DISCLOSED,RECORDS,2,carries 14 record identifier(s) and 15 populated row(s) with assessment vocabulary; disclosure at byte 2
REAL - generated by label_scan.py from committed source; not synthetic,uiowa_rfq_18649_intake_rehearsal,uiowa_rfq_18649_intake_rehearsal/sources/ess/ess-pull-request-sample-2026Q3.csv,DISCLOSED,RECORDS,2,carries 0 record identifier(s) and 9 populated row(s) with assessment vocabulary; disclosure at byte 2
REAL - generated by label_scan.py from committed source; not synthetic,uiowa_rfq_18649_intake_rehearsal,uiowa_rfq_18649_intake_rehearsal/sources/ess/ess-release-window-policy-v3.md,DISCLOSED,PROSE_RESULT,2,prose that states assessment results about the engagement's subjects; disclosure at byte 2
REAL - generated by label_scan.py from committed source; not synthetic,uiowa_rfq_18649_intake_rehearsal,uiowa_rfq_18649_intake_rehearsal/sources/iam/iam-ai-project-charter-v1.md,DISCLOSED,OTHER,2,neither record-shaped nor obviously configuration
REAL - generated by label_scan.py from committed source; not synthetic,uiowa_rfq_18649_intake_rehearsal,uiowa_rfq_18649_intake_rehearsal/sources/iam/iam-change-review-export-2026-08.csv,DISCLOSED,RECORDS,2,carries 0 record identifier(s) and 5 populated row(s) with assessment vocabulary; disclosure at byte 2
REAL - generated by label_scan.py from committed source; not synthetic,uiowa_rfq_18649_intake_rehearsal,uiowa_rfq_18649_intake_rehearsal/sources/iam/iam-privileged-access-standard-v4.md,DISCLOSED,PROSE_RESULT,2,prose that states assessment results about the engagement's subjects; disclosure at byte 2
REAL - generated by label_scan.py from committed source; not synthetic,uiowa_rfq_18649_intake_rehearsal,uiowa_rfq_18649_intake_rehearsal/sources/iam/iam-recert-campaign-2026Q2.csv,DISCLOSED,RECORDS,2,carries 0 record identifier(s) and 6 populated row(s) with assessment vocabulary; disclosure at byte 2
REAL - generated by label_scan.py from committed source; not synthetic,uiowa_rfq_18649_intake_rehearsal,uiowa_rfq_18649_intake_rehearsal/sources/ris/ris-backup-job-report-2026-08.csv,DISCLOSED,RECORDS,2,carries 0 record identifier(s) and 12 populated row(s) with assessment vocabulary; disclosure at byte 2
REAL - generated by label_scan.py from committed source; not synthetic,uiowa_rfq_18649_intake_rehearsal,uiowa_rfq_18649_intake_rehearsal/sources/ris/ris-release-sample-2026Q3.csv,DISCLOSED,RECORDS,2,carries 0 record identifier(s) and 10 populated row(s) with assessment vocabulary; disclosure at byte 2
REAL - generated by label_scan.py from committed source; not synthetic,uiowa_rfq_18649_intake_rehearsal,uiowa_rfq_18649_intake_rehearsal/sources/ris/ris-vuln-scan-2026-09.csv,DISCLOSED,RECORDS,2,carries 0 record identifier(s) and 6 populated row(s) with assessment vocabulary; disclosure at byte 2
REAL - generated by label_scan.py from committed source; not synthetic,uiowa_rfq_18649_integration,uiowa_rfq_18649_integration/interface_map.json,DISCLOSED,CONFIGURATION,344,reads as schema/vocabulary/weights rather than records; a fiction label is not expected here
REAL - generated by label_scan.py from committed source; not synthetic,uiowa_rfq_18649_milestone_packets,uiowa_rfq_18649_milestone_packets/README.md,DISCLOSED,DOCUMENTATION,376,documentation explains the kit; it presents no records
REAL - generated by label_scan.py from committed source; not synthetic,uiowa_rfq_18649_milestone_packets,uiowa_rfq_18649_milestone_packets/examples/COMPLETENESS_REPORT.md,DISCLOSED,RECORDS,42,carries 6 record identifier(s) and 0 populated row(s) with assessment vocabulary; disclosure at byte 42
REAL - generated by label_scan.py from committed source; not synthetic,uiowa_rfq_18649_milestone_packets,uiowa_rfq_18649_milestone_packets/examples/completeness_report.json,DISCLOSED,RECORDS,646,carries 6 record identifier(s) and 0 populated row(s) with assessment vocabulary; disclosure at byte 646
REAL - generated by label_scan.py from committed source; not synthetic,uiowa_rfq_18649_milestone_packets,uiowa_rfq_18649_milestone_packets/examples/packets/01-m-1-kickoff/INVOICE_DESCRIPTION_DRAFT.md,DISCLOSED,OTHER,108,neither record-shaped nor obviously configuration
REAL - generated by label_scan.py from committed source; not synthetic,uiowa_rfq_18649_milestone_packets,uiowa_rfq_18649_milestone_packets/examples/packets/01-m-1-kickoff/PACKET.md,DISCLOSED,RECORDS,127,carries 6 record identifier(s) and 0 populated row(s) with assessment vocabulary; disclosure at byte 127
REAL - generated by label_scan.py from committed source; not synthetic,uiowa_rfq_18649_milestone_packets,uiowa_rfq_18649_milestone_packets/examples/packets/01-m-1-kickoff/TRANSMITTAL.md,DISCLOSED,RECORDS,122,carries 2 record identifier(s) and 0 populated row(s) with assessment vocabulary; disclosure at byte 122
REAL - generated by label_scan.py from committed source; not synthetic,uiowa_rfq_18649_milestone_packets,uiowa_rfq_18649_milestone_packets/examples/packets/01-m-1-kickoff/delivered_file_index.csv,DISCLOSED,DATA,301,carries identifiers or rows but no assessment vocabulary
REAL - generated by label_scan.py from committed source; not synthetic,uiowa_rfq_18649_milestone_packets,uiowa_rfq_18649_milestone_packets/examples/packets/01-m-1-kickoff/packet.json,DISCLOSED,RECORDS,430,carries 4 record identifier(s) and 0 populated row(s) with assessment vocabulary; disclosure at byte 430
REAL - generated by label_scan.py from committed source; not synthetic,uiowa_rfq_18649_milestone_packets,uiowa_rfq_18649_milestone_packets/examples/packets/02-m-2-draft_delivery/INVOICE_DESCRIPTION_DRAFT.md,DISCLOSED,OTHER,108,neither record-shaped nor obviously configuration
REAL - generated by label_scan.py from committed source; not synthetic,uiowa_rfq_18649_milestone_packets,uiowa_rfq_18649_milestone_packets/examples/packets/02-m-2-draft_delivery/PACKET.md,DISCLOSED,RECORDS,125,carries 8 record identifier(s) and 0 populated row(s) with assessment vocabulary; disclosure at byte 125
REAL - generated by label_scan.py from committed source; not synthetic,uiowa_rfq_18649_milestone_packets,uiowa_rfq_18649_milestone_packets/examples/packets/02-m-2-draft_delivery/TRANSMITTAL.md,DISCLOSED,RECORDS,120,carries 2 record identifier(s) and 0 populated row(s) with assessment vocabulary; disclosure at byte 120
REAL - generated by label_scan.py from committed source; not synthetic,uiowa_rfq_18649_milestone_packets,uiowa_rfq_18649_milestone_packets/examples/packets/02-m-2-draft_delivery/delivered_file_index.csv,DISCLOSED,RECORDS,316,carries 4 record identifier(s) and 2 populated row(s) with assessment vocabulary; disclosure at byte 316
REAL - generated by label_scan.py from committed source; not synthetic,uiowa_rfq_18649_milestone_packets,uiowa_rfq_18649_milestone_packets/examples/packets/02-m-2-draft_delivery/packet.json,DISCLOSED,RECORDS,1056,carries 5 record identifier(s) and 0 populated row(s) with assessment vocabulary; disclosure at byte 1056
REAL - generated by label_scan.py from committed source; not synthetic,uiowa_rfq_18649_milestone_packets,uiowa_rfq_18649_milestone_packets/examples/packets/03-m-3-final_acceptance/INVOICE_DESCRIPTION_DRAFT.md,DISCLOSED,OTHER,108,neither record-shaped nor obviously configuration
REAL - generated by label_scan.py from committed source; not synthetic,uiowa_rfq_18649_milestone_packets,uiowa_rfq_18649_milestone_packets/examples/packets/03-m-3-final_acceptance/PACKET.md,DISCLOSED,RECORDS,127,carries 13 record identifier(s) and 0 populated row(s) with assessment vocabulary; disclosure at byte 127
REAL - generated by label_scan.py from committed source; not synthetic,uiowa_rfq_18649_milestone_packets,uiowa_rfq_18649_milestone_packets/examples/packets/03-m-3-final_acceptance/TRANSMITTAL.md,DISCLOSED,RECORDS,122,carries 3 record identifier(s) and 0 populated row(s) with assessment vocabulary; disclosure at byte 122
REAL - generated by label_scan.py from committed source; not synthetic,uiowa_rfq_18649_milestone_packets,uiowa_rfq_18649_milestone_packets/examples/packets/03-m-3-final_acceptance/delivered_file_index.csv,DISCLOSED,RECORDS,294,carries 5 record identifier(s) and 3 populated row(s) with assessment vocabulary; disclosure at byte 294
REAL - generated by label_scan.py from committed source; not synthetic,uiowa_rfq_18649_milestone_packets,uiowa_rfq_18649_milestone_packets/examples/packets/03-m-3-final_acceptance/packet.json,LABEL_BURIED,RECORDS,1665,"carries 10 record identifier(s) and 0 populated row(s) with assessment vocabulary; disclosure appears at byte 1665, past the first 1500 bytes a reader sees"
REAL - generated by label_scan.py from committed source; not synthetic,uiowa_rfq_18649_milestone_packets,uiowa_rfq_18649_milestone_packets/fixtures/engagement.json,DISCLOSED,RECORDS,50,carries 28 record identifier(s) and 0 populated row(s) with assessment vocabulary; disclosure at byte 50
REAL - generated by label_scan.py from committed source; not synthetic,uiowa_rfq_18649_milestone_packets,uiowa_rfq_18649_milestone_packets/fixtures/artifacts/draft/draft-assessment-report-v0.9.md,DISCLOSED,PROSE_RESULT,32,prose that states assessment results about the engagement's subjects; disclosure at byte 32
REAL - generated by label_scan.py from committed source; not synthetic,uiowa_rfq_18649_milestone_packets,uiowa_rfq_18649_milestone_packets/fixtures/artifacts/draft/evidence-index-v0.9.csv,DISCLOSED,RECORDS,77,carries 3 record identifier(s) and 3 populated row(s) with assessment vocabulary; disclosure at byte 77
REAL - generated by label_scan.py from committed source; not synthetic,uiowa_rfq_18649_milestone_packets,uiowa_rfq_18649_milestone_packets/fixtures/artifacts/final/final-report-v1.0.md,DISCLOSED,PROSE_RESULT,21,prose that states assessment results about the engagement's subjects; disclosure at byte 21
REAL - generated by label_scan.py from committed source; not synthetic,uiowa_rfq_18649_milestone_packets,uiowa_rfq_18649_milestone_packets/fixtures/artifacts/final/readout-deck-outline.md,DISCLOSED,OTHER,24,neither record-shaped nor obviously configuration
REAL - generated by label_scan.py from committed source; not synthetic,uiowa_rfq_18649_milestone_packets,uiowa_rfq_18649_milestone_packets/fixtures/artifacts/kickoff/engagement-plan-v1.0.md,DISCLOSED,PROSE_RESULT,24,prose that states assessment results about the engagement's subjects; disclosure at byte 24
REAL - generated by label_scan.py from committed source; not synthetic,uiowa_rfq_18649_milestone_packets,uiowa_rfq_18649_milestone_packets/fixtures/artifacts/kickoff/kickoff-minutes-2026-10-02.md,DISCLOSED,OTHER,31,neither record-shaped nor obviously configuration
REAL - generated by label_scan.py from committed source; not synthetic,uiowa_rfq_18649_mobilization,uiowa_rfq_18649_mobilization/COORDINATION_FORMS.md,LABEL_BURIED,PROSE_RESULT,7304,"prose that states assessment results about the engagement's subjects; disclosure appears at byte 7304, past the first 1500 bytes a reader sees"
REAL - generated by label_scan.py from committed source; not synthetic,uiowa_rfq_18649_mobilization,uiowa_rfq_18649_mobilization/README.md,DISCLOSED,DOCUMENTATION,1373,documentation explains the kit; it presents no records
REAL - generated by label_scan.py from committed source; not synthetic,uiowa_rfq_18649_observability,uiowa_rfq_18649_observability/65-observability-worksheet.md,DISCLOSED,CONFIGURATION,413,reads as schema/vocabulary/weights rather than records; a fiction label is not expected here
REAL - generated by label_scan.py from committed source; not synthetic,uiowa_rfq_18649_observability,uiowa_rfq_18649_observability/README.md,DISCLOSED,DOCUMENTATION,282,documentation explains the kit; it presents no records
REAL - generated by label_scan.py from committed source; not synthetic,uiowa_rfq_18649_observability,uiowa_rfq_18649_observability/examples.json,DISCLOSED,CONFIGURATION,56,reads as schema/vocabulary/weights rather than records; a fiction label is not expected here
REAL - generated by label_scan.py from committed source; not synthetic,uiowa_rfq_18649_operator_handoff,uiowa_rfq_18649_operator_handoff/COMMAND_INDEX.md,DISCLOSED,CONFIGURATION,6974,reads as schema/vocabulary/weights rather than records; a fiction label is not expected here
REAL - generated by label_scan.py from committed source; not synthetic,uiowa_rfq_18649_operator_handoff,uiowa_rfq_18649_operator_handoff/OPERATOR_GUIDE.md,DISCLOSED,DOCUMENTATION,188,documentation explains the kit; it presents no records
REAL - generated by label_scan.py from committed source; not synthetic,uiowa_rfq_18649_operator_handoff,uiowa_rfq_18649_operator_handoff/README.md,DISCLOSED,DOCUMENTATION,564,documentation explains the kit; it presents no records
REAL - generated by label_scan.py from committed source; not synthetic,uiowa_rfq_18649_operator_handoff,uiowa_rfq_18649_operator_handoff/kit_manifest.json,DISCLOSED,CONFIGURATION,1825,reads as schema/vocabulary/weights rather than records; a fiction label is not expected here
REAL - generated by label_scan.py from committed source; not synthetic,uiowa_rfq_18649_operator_handoff,uiowa_rfq_18649_operator_handoff/university_inputs.csv,DISCLOSED,RECORDS,782,carries 0 record identifier(s) and 24 populated row(s) with assessment vocabulary; disclosure at byte 782
REAL - generated by label_scan.py from committed source; not synthetic,uiowa_rfq_18649_operator_handoff,uiowa_rfq_18649_operator_handoff/fixtures/minikit_manifest.json,DISCLOSED,OTHER,56,neither record-shaped nor obviously configuration
REAL - generated by label_scan.py from committed source; not synthetic,uiowa_rfq_18649_operator_handoff,uiowa_rfq_18649_operator_handoff/fixtures/minikit/README.md,DISCLOSED,DOCUMENTATION,12,documentation explains the kit; it presents no records
REAL - generated by label_scan.py from committed source; not synthetic,uiowa_rfq_18649_operator_handoff,uiowa_rfq_18649_operator_handoff/fixtures/minikit/uiowa_rfq_18649_alpha/README.md,DISCLOSED,DOCUMENTATION,9,documentation explains the kit; it presents no records
REAL - generated by label_scan.py from committed source; not synthetic,uiowa_rfq_18649_operator_handoff,uiowa_rfq_18649_operator_handoff/fixtures/minikit/uiowa_rfq_18649_bravo/README.md,DISCLOSED,DOCUMENTATION,9,documentation explains the kit; it presents no records
REAL - generated by label_scan.py from committed source; not synthetic,uiowa_rfq_18649_operator_handoff,uiowa_rfq_18649_operator_handoff/fixtures/minikit/uiowa_rfq_18649_charlie/fields.csv,NOT_EVIDENCE,OTHER,,neither record-shaped nor obviously configuration
REAL - generated by label_scan.py from committed source; not synthetic,uiowa_rfq_18649_operator_handoff,uiowa_rfq_18649_operator_handoff/fixtures/minikit/uiowa_rfq_18649_charlie/worksheet.md,DISCLOSED,OTHER,11,neither record-shaped nor obviously configuration
REAL - generated by label_scan.py from committed source; not synthetic,uiowa_rfq_18649_operator_handoff,uiowa_rfq_18649_operator_handoff/fixtures/minikit/uiowa_rfq_18649_echo/notes.md,DISCLOSED,DOCUMENTATION,8,documentation explains the kit; it presents no records
REAL - generated by label_scan.py from committed source; not synthetic,uiowa_rfq_18649_operator_handoff,uiowa_rfq_18649_operator_handoff/sample/RUN.md,DISCLOSED,OTHER,1204,neither record-shaped nor obviously configuration
REAL - generated by label_scan.py from committed source; not synthetic,uiowa_rfq_18649_operator_handoff,uiowa_rfq_18649_operator_handoff/sample/command_index.json,LABEL_BURIED,RECORDS,2896,"carries 4 record identifier(s) and 0 populated row(s) with assessment vocabulary; disclosure appears at byte 2896, past the first 1500 bytes a reader sees"
REAL - generated by label_scan.py from committed source; not synthetic,uiowa_rfq_18649_operator_handoff,uiowa_rfq_18649_operator_handoff/sample/component_status.csv,NOT_EVIDENCE,DATA,,carries identifiers or rows but no assessment vocabulary
REAL - generated by label_scan.py from committed source; not synthetic,uiowa_rfq_18649_operator_handoff,uiowa_rfq_18649_operator_handoff/sample/component_status.json,LABEL_BURIED,RECORDS,12342,"carries 13 record identifier(s) and 0 populated row(s) with assessment vocabulary; disclosure appears at byte 12342, past the first 1500 bytes a reader sees"
REAL - generated by label_scan.py from committed source; not synthetic,uiowa_rfq_18649_operator_handoff,uiowa_rfq_18649_operator_handoff/sample/verification_log.md,LABEL_BURIED,RECORDS,7251,"carries 13 record identifier(s) and 0 populated row(s) with assessment vocabulary; disclosure appears at byte 7251, past the first 1500 bytes a reader sees"
REAL - generated by label_scan.py from committed source; not synthetic,uiowa_rfq_18649_outcome_measurement,uiowa_rfq_18649_outcome_measurement/README.md,DISCLOSED,DOCUMENTATION,650,documentation explains the kit; it presents no records
REAL - generated by label_scan.py from committed source; not synthetic,uiowa_rfq_18649_outcome_measurement,uiowa_rfq_18649_outcome_measurement/collection_protocol.md,DISCLOSED,CONFIGURATION,1511,reads as schema/vocabulary/weights rather than records; a fiction label is not expected here
REAL - generated by label_scan.py from committed source; not synthetic,uiowa_rfq_18649_outcome_measurement,uiowa_rfq_18649_outcome_measurement/measure_register.csv,UNDISCLOSED_PROVENANCE,RECORDS,,carries 6 record identifier(s) and 6 populated row(s) with assessment vocabulary; the file states nowhere whether its contents are synthetic or real
REAL - generated by label_scan.py from committed source; not synthetic,uiowa_rfq_18649_outcome_measurement,uiowa_rfq_18649_outcome_measurement/recommendations.csv,DISCLOSED,RECORDS,56,carries 3 record identifier(s) and 3 populated row(s) with assessment vocabulary; disclosure at byte 56
REAL - generated by label_scan.py from committed source; not synthetic,uiowa_rfq_18649_outcome_measurement,uiowa_rfq_18649_outcome_measurement/examples/measurements.csv,DISCLOSED,RECORDS,134,carries 0 record identifier(s) and 12 populated row(s) with assessment vocabulary; disclosure at byte 134
REAL - generated by label_scan.py from committed source; not synthetic,uiowa_rfq_18649_output_agreement,uiowa_rfq_18649_output_agreement/README.md,DISCLOSED,DOCUMENTATION,92,documentation explains the kit; it presents no records
REAL - generated by label_scan.py from committed source; not synthetic,uiowa_rfq_18649_output_agreement,uiowa_rfq_18649_output_agreement/fixtures/consistent/executive_summary.json,DISCLOSED,RECORDS,50,carries 5 record identifier(s) and 0 populated row(s) with assessment vocabulary; disclosure at byte 50
REAL - generated by label_scan.py from committed source; not synthetic,uiowa_rfq_18649_output_agreement,uiowa_rfq_18649_output_agreement/fixtures/consistent/matrix.csv,UNDISCLOSED_PROVENANCE,RECORDS,,carries 3 record identifier(s) and 11 populated row(s) with assessment vocabulary; the file states nowhere whether its contents are synthetic or real
REAL - generated by label_scan.py from committed source; not synthetic,uiowa_rfq_18649_output_agreement,uiowa_rfq_18649_output_agreement/fixtures/consistent/presentation.json,DISCLOSED,RECORDS,52,carries 4 record identifier(s) and 0 populated row(s) with assessment vocabulary; disclosure at byte 52
REAL - generated by label_scan.py from committed source; not synthetic,uiowa_rfq_18649_output_agreement,uiowa_rfq_18649_output_agreement/fixtures/consistent/recommendations.csv,UNDISCLOSED_PROVENANCE,RECORDS,,carries 8 record identifier(s) and 6 populated row(s) with assessment vocabulary; the file states nowhere whether its contents are synthetic or real
REAL - generated by label_scan.py from committed source; not synthetic,uiowa_rfq_18649_output_agreement,uiowa_rfq_18649_output_agreement/fixtures/mismatched/count_mismatch/executive_summary.json,DISCLOSED,RECORDS,50,carries 5 record identifier(s) and 0 populated row(s) with assessment vocabulary; disclosure at byte 50
REAL - generated by label_scan.py from committed source; not synthetic,uiowa_rfq_18649_output_agreement,uiowa_rfq_18649_output_agreement/fixtures/mismatched/count_mismatch/matrix.csv,UNDISCLOSED_PROVENANCE,RECORDS,,carries 3 record identifier(s) and 11 populated row(s) with assessment vocabulary; the file states nowhere whether its contents are synthetic or real
REAL - generated by label_scan.py from committed source; not synthetic,uiowa_rfq_18649_output_agreement,uiowa_rfq_18649_output_agreement/fixtures/mismatched/count_mismatch/presentation.json,DISCLOSED,RECORDS,52,carries 4 record identifier(s) and 0 populated row(s) with assessment vocabulary; disclosure at byte 52
REAL - generated by label_scan.py from committed source; not synthetic,uiowa_rfq_18649_output_agreement,uiowa_rfq_18649_output_agreement/fixtures/mismatched/count_mismatch/recommendations.csv,UNDISCLOSED_PROVENANCE,RECORDS,,carries 8 record identifier(s) and 6 populated row(s) with assessment vocabulary; the file states nowhere whether its contents are synthetic or real
REAL - generated by label_scan.py from committed source; not synthetic,uiowa_rfq_18649_output_agreement,uiowa_rfq_18649_output_agreement/fixtures/mismatched/dangling_id/executive_summary.json,DISCLOSED,RECORDS,50,carries 5 record identifier(s) and 0 populated row(s) with assessment vocabulary; disclosure at byte 50
REAL - generated by label_scan.py from committed source; not synthetic,uiowa_rfq_18649_output_agreement,uiowa_rfq_18649_output_agreement/fixtures/mismatched/dangling_id/matrix.csv,UNDISCLOSED_PROVENANCE,RECORDS,,carries 3 record identifier(s) and 11 populated row(s) with assessment vocabulary; the file states nowhere whether its contents are synthetic or real
REAL - generated by label_scan.py from committed source; not synthetic,uiowa_rfq_18649_output_agreement,uiowa_rfq_18649_output_agreement/fixtures/mismatched/dangling_id/presentation.json,DISCLOSED,RECORDS,52,carries 4 record identifier(s) and 0 populated row(s) with assessment vocabulary; disclosure at byte 52
REAL - generated by label_scan.py from committed source; not synthetic,uiowa_rfq_18649_output_agreement,uiowa_rfq_18649_output_agreement/fixtures/mismatched/dangling_id/recommendations.csv,UNDISCLOSED_PROVENANCE,RECORDS,,carries 8 record identifier(s) and 6 populated row(s) with assessment vocabulary; the file states nowhere whether its contents are synthetic or real
REAL - generated by label_scan.py from committed source; not synthetic,uiowa_rfq_18649_output_agreement,uiowa_rfq_18649_output_agreement/fixtures/mismatched/duplicate_id/executive_summary.json,DISCLOSED,RECORDS,50,carries 5 record identifier(s) and 0 populated row(s) with assessment vocabulary; disclosure at byte 50
REAL - generated by label_scan.py from committed source; not synthetic,uiowa_rfq_18649_output_agreement,uiowa_rfq_18649_output_agreement/fixtures/mismatched/duplicate_id/matrix.csv,UNDISCLOSED_PROVENANCE,RECORDS,,carries 3 record identifier(s) and 12 populated row(s) with assessment vocabulary; the file states nowhere whether its contents are synthetic or real
REAL - generated by label_scan.py from committed source; not synthetic,uiowa_rfq_18649_output_agreement,uiowa_rfq_18649_output_agreement/fixtures/mismatched/duplicate_id/presentation.json,DISCLOSED,RECORDS,52,carries 4 record identifier(s) and 0 populated row(s) with assessment vocabulary; disclosure at byte 52
REAL - generated by label_scan.py from committed source; not synthetic,uiowa_rfq_18649_output_agreement,uiowa_rfq_18649_output_agreement/fixtures/mismatched/duplicate_id/recommendations.csv,UNDISCLOSED_PROVENANCE,RECORDS,,carries 8 record identifier(s) and 6 populated row(s) with assessment vocabulary; the file states nowhere whether its contents are synthetic or real
REAL - generated by label_scan.py from committed source; not synthetic,uiowa_rfq_18649_output_agreement,uiowa_rfq_18649_output_agreement/fixtures/mismatched/estimate_fabricated/executive_summary.json,DISCLOSED,RECORDS,50,carries 5 record identifier(s) and 0 populated row(s) with assessment vocabulary; disclosure at byte 50
REAL - generated by label_scan.py from committed source; not synthetic,uiowa_rfq_18649_output_agreement,uiowa_rfq_18649_output_agreement/fixtures/mismatched/estimate_fabricated/matrix.csv,UNDISCLOSED_PROVENANCE,RECORDS,,carries 3 record identifier(s) and 11 populated row(s) with assessment vocabulary; the file states nowhere whether its contents are synthetic or real
REAL - generated by label_scan.py from committed source; not synthetic,uiowa_rfq_18649_output_agreement,uiowa_rfq_18649_output_agreement/fixtures/mismatched/estimate_fabricated/presentation.json,DISCLOSED,RECORDS,52,carries 4 record identifier(s) and 0 populated row(s) with assessment vocabulary; disclosure at byte 52
REAL - generated by label_scan.py from committed source; not synthetic,uiowa_rfq_18649_output_agreement,uiowa_rfq_18649_output_agreement/fixtures/mismatched/estimate_fabricated/recommendations.csv,UNDISCLOSED_PROVENANCE,RECORDS,,carries 8 record identifier(s) and 6 populated row(s) with assessment vocabulary; the file states nowhere whether its contents are synthetic or real
REAL - generated by label_scan.py from committed source; not synthetic,uiowa_rfq_18649_output_agreement,uiowa_rfq_18649_output_agreement/fixtures/mismatched/estimate_mismatch/executive_summary.json,DISCLOSED,RECORDS,50,carries 5 record identifier(s) and 0 populated row(s) with assessment vocabulary; disclosure at byte 50
REAL - generated by label_scan.py from committed source; not synthetic,uiowa_rfq_18649_output_agreement,uiowa_rfq_18649_output_agreement/fixtures/mismatched/estimate_mismatch/matrix.csv,UNDISCLOSED_PROVENANCE,RECORDS,,carries 3 record identifier(s) and 11 populated row(s) with assessment vocabulary; the file states nowhere whether its contents are synthetic or real
REAL - generated by label_scan.py from committed source; not synthetic,uiowa_rfq_18649_output_agreement,uiowa_rfq_18649_output_agreement/fixtures/mismatched/estimate_mismatch/presentation.json,DISCLOSED,RECORDS,52,carries 4 record identifier(s) and 0 populated row(s) with assessment vocabulary; disclosure at byte 52
REAL - generated by label_scan.py from committed source; not synthetic,uiowa_rfq_18649_output_agreement,uiowa_rfq_18649_output_agreement/fixtures/mismatched/estimate_mismatch/recommendations.csv,UNDISCLOSED_PROVENANCE,RECORDS,,carries 8 record identifier(s) and 6 populated row(s) with assessment vocabulary; the file states nowhere whether its contents are synthetic or real
REAL - generated by label_scan.py from committed source; not synthetic,uiowa_rfq_18649_output_agreement,uiowa_rfq_18649_output_agreement/fixtures/mismatched/phase_fabricated/executive_summary.json,DISCLOSED,RECORDS,50,carries 5 record identifier(s) and 0 populated row(s) with assessment vocabulary; disclosure at byte 50
REAL - generated by label_scan.py from committed source; not synthetic,uiowa_rfq_18649_output_agreement,uiowa_rfq_18649_output_agreement/fixtures/mismatched/phase_fabricated/matrix.csv,UNDISCLOSED_PROVENANCE,RECORDS,,carries 3 record identifier(s) and 11 populated row(s) with assessment vocabulary; the file states nowhere whether its contents are synthetic or real
REAL - generated by label_scan.py from committed source; not synthetic,uiowa_rfq_18649_output_agreement,uiowa_rfq_18649_output_agreement/fixtures/mismatched/phase_fabricated/presentation.json,DISCLOSED,RECORDS,52,carries 6 record identifier(s) and 0 populated row(s) with assessment vocabulary; disclosure at byte 52
REAL - generated by label_scan.py from committed source; not synthetic,uiowa_rfq_18649_output_agreement,uiowa_rfq_18649_output_agreement/fixtures/mismatched/phase_fabricated/recommendations.csv,UNDISCLOSED_PROVENANCE,RECORDS,,carries 8 record identifier(s) and 6 populated row(s) with assessment vocabulary; the file states nowhere whether its contents are synthetic or real
REAL - generated by label_scan.py from committed source; not synthetic,uiowa_rfq_18649_output_agreement,uiowa_rfq_18649_output_agreement/fixtures/mismatched/phase_mismatch/executive_summary.json,DISCLOSED,RECORDS,50,carries 5 record identifier(s) and 0 populated row(s) with assessment vocabulary; disclosure at byte 50
REAL - generated by label_scan.py from committed source; not synthetic,uiowa_rfq_18649_output_agreement,uiowa_rfq_18649_output_agreement/fixtures/mismatched/phase_mismatch/matrix.csv,UNDISCLOSED_PROVENANCE,RECORDS,,carries 3 record identifier(s) and 11 populated row(s) with assessment vocabulary; the file states nowhere whether its contents are synthetic or real
REAL - generated by label_scan.py from committed source; not synthetic,uiowa_rfq_18649_output_agreement,uiowa_rfq_18649_output_agreement/fixtures/mismatched/phase_mismatch/presentation.json,DISCLOSED,RECORDS,52,carries 4 record identifier(s) and 0 populated row(s) with assessment vocabulary; disclosure at byte 52
REAL - generated by label_scan.py from committed source; not synthetic,uiowa_rfq_18649_output_agreement,uiowa_rfq_18649_output_agreement/fixtures/mismatched/phase_mismatch/recommendations.csv,UNDISCLOSED_PROVENANCE,RECORDS,,carries 8 record identifier(s) and 6 populated row(s) with assessment vocabulary; the file states nowhere whether its contents are synthetic or real
REAL - generated by label_scan.py from committed source; not synthetic,uiowa_rfq_18649_output_agreement,uiowa_rfq_18649_output_agreement/fixtures/mismatched/state_mismatch/executive_summary.json,DISCLOSED,RECORDS,50,carries 5 record identifier(s) and 0 populated row(s) with assessment vocabulary; disclosure at byte 50
REAL - generated by label_scan.py from committed source; not synthetic,uiowa_rfq_18649_output_agreement,uiowa_rfq_18649_output_agreement/fixtures/mismatched/state_mismatch/matrix.csv,UNDISCLOSED_PROVENANCE,RECORDS,,carries 3 record identifier(s) and 11 populated row(s) with assessment vocabulary; the file states nowhere whether its contents are synthetic or real
REAL - generated by label_scan.py from committed source; not synthetic,uiowa_rfq_18649_output_agreement,uiowa_rfq_18649_output_agreement/fixtures/mismatched/state_mismatch/presentation.json,DISCLOSED,RECORDS,52,carries 4 record identifier(s) and 0 populated row(s) with assessment vocabulary; disclosure at byte 52
REAL - generated by label_scan.py from committed source; not synthetic,uiowa_rfq_18649_output_agreement,uiowa_rfq_18649_output_agreement/fixtures/mismatched/state_mismatch/recommendations.csv,UNDISCLOSED_PROVENANCE,RECORDS,,carries 8 record identifier(s) and 6 populated row(s) with assessment vocabulary; the file states nowhere whether its contents are synthetic or real
REAL - generated by label_scan.py from committed source; not synthetic,uiowa_rfq_18649_output_agreement,uiowa_rfq_18649_output_agreement/fixtures/mismatched/unassessed_result_claimed/executive_summary.json,DISCLOSED,RECORDS,50,carries 5 record identifier(s) and 0 populated row(s) with assessment vocabulary; disclosure at byte 50
REAL - generated by label_scan.py from committed source; not synthetic,uiowa_rfq_18649_output_agreement,uiowa_rfq_18649_output_agreement/fixtures/mismatched/unassessed_result_claimed/matrix.csv,UNDISCLOSED_PROVENANCE,RECORDS,,carries 3 record identifier(s) and 11 populated row(s) with assessment vocabulary; the file states nowhere whether its contents are synthetic or real
REAL - generated by label_scan.py from committed source; not synthetic,uiowa_rfq_18649_output_agreement,uiowa_rfq_18649_output_agreement/fixtures/mismatched/unassessed_result_claimed/presentation.json,DISCLOSED,RECORDS,52,carries 4 record identifier(s) and 0 populated row(s) with assessment vocabulary; disclosure at byte 52
REAL - generated by label_scan.py from committed source; not synthetic,uiowa_rfq_18649_output_agreement,uiowa_rfq_18649_output_agreement/fixtures/mismatched/unassessed_result_claimed/recommendations.csv,UNDISCLOSED_PROVENANCE,RECORDS,,carries 8 record identifier(s) and 6 populated row(s) with assessment vocabulary; the file states nowhere whether its contents are synthetic or real
REAL - generated by label_scan.py from committed source; not synthetic,uiowa_rfq_18649_output_agreement,uiowa_rfq_18649_output_agreement/fixtures/mismatched/unknown_count_set/executive_summary.json,DISCLOSED,RECORDS,50,carries 5 record identifier(s) and 0 populated row(s) with assessment vocabulary; disclosure at byte 50
REAL - generated by label_scan.py from committed source; not synthetic,uiowa_rfq_18649_output_agreement,uiowa_rfq_18649_output_agreement/fixtures/mismatched/unknown_count_set/matrix.csv,UNDISCLOSED_PROVENANCE,RECORDS,,carries 3 record identifier(s) and 11 populated row(s) with assessment vocabulary; the file states nowhere whether its contents are synthetic or real
REAL - generated by label_scan.py from committed source; not synthetic,uiowa_rfq_18649_output_agreement,uiowa_rfq_18649_output_agreement/fixtures/mismatched/unknown_count_set/presentation.json,DISCLOSED,RECORDS,52,carries 4 record identifier(s) and 0 populated row(s) with assessment vocabulary; disclosure at byte 52
REAL - generated by label_scan.py from committed source; not synthetic,uiowa_rfq_18649_output_agreement,uiowa_rfq_18649_output_agreement/fixtures/mismatched/unknown_count_set/recommendations.csv,UNDISCLOSED_PROVENANCE,RECORDS,,carries 8 record identifier(s) and 6 populated row(s) with assessment vocabulary; the file states nowhere whether its contents are synthetic or real
REAL - generated by label_scan.py from committed source; not synthetic,uiowa_rfq_18649_print_pagination,uiowa_rfq_18649_print_pagination/README.md,DISCLOSED,DOCUMENTATION,415,documentation explains the kit; it presents no records
REAL - generated by label_scan.py from committed source; not synthetic,uiowa_rfq_18649_print_pagination,uiowa_rfq_18649_print_pagination/fixtures/boundary_citation_split.json,DISCLOSED,OTHER,46,neither record-shaped nor obviously configuration
REAL - generated by label_scan.py from committed source; not synthetic,uiowa_rfq_18649_print_pagination,uiowa_rfq_18649_print_pagination/fixtures/boundary_orphan_heading.json,DISCLOSED,OTHER,48,neither record-shaped nor obviously configuration
REAL - generated by label_scan.py from committed source; not synthetic,uiowa_rfq_18649_print_pagination,uiowa_rfq_18649_print_pagination/fixtures/report_document.json,DISCLOSED,RECORDS,70,carries 5 record identifier(s) and 0 populated row(s) with assessment vocabulary; disclosure at byte 70
REAL - generated by label_scan.py from committed source; not synthetic,uiowa_rfq_18649_print_pagination,uiowa_rfq_18649_print_pagination/sample/inspection_boundary_citation_split_fixed.json,DISCLOSED,OTHER,23,neither record-shaped nor obviously configuration
REAL - generated by label_scan.py from committed source; not synthetic,uiowa_rfq_18649_print_pagination,uiowa_rfq_18649_print_pagination/sample/inspection_boundary_citation_split_fixed.md,DISCLOSED,OTHER,42,neither record-shaped nor obviously configuration
REAL - generated by label_scan.py from committed source; not synthetic,uiowa_rfq_18649_print_pagination,uiowa_rfq_18649_print_pagination/sample/inspection_boundary_citation_split_naive.json,DISCLOSED,OTHER,23,neither record-shaped nor obviously configuration
REAL - generated by label_scan.py from committed source; not synthetic,uiowa_rfq_18649_print_pagination,uiowa_rfq_18649_print_pagination/sample/inspection_boundary_citation_split_naive.md,DISCLOSED,OTHER,42,neither record-shaped nor obviously configuration
REAL - generated by label_scan.py from committed source; not synthetic,uiowa_rfq_18649_print_pagination,uiowa_rfq_18649_print_pagination/sample/inspection_boundary_orphan_heading_fixed.json,DISCLOSED,OTHER,23,neither record-shaped nor obviously configuration
REAL - generated by label_scan.py from committed source; not synthetic,uiowa_rfq_18649_print_pagination,uiowa_rfq_18649_print_pagination/sample/inspection_boundary_orphan_heading_fixed.md,DISCLOSED,OTHER,42,neither record-shaped nor obviously configuration
REAL - generated by label_scan.py from committed source; not synthetic,uiowa_rfq_18649_print_pagination,uiowa_rfq_18649_print_pagination/sample/inspection_boundary_orphan_heading_naive.json,DISCLOSED,OTHER,23,neither record-shaped nor obviously configuration
REAL - generated by label_scan.py from committed source; not synthetic,uiowa_rfq_18649_print_pagination,uiowa_rfq_18649_print_pagination/sample/inspection_boundary_orphan_heading_naive.md,DISCLOSED,OTHER,42,neither record-shaped nor obviously configuration
REAL - generated by label_scan.py from committed source; not synthetic,uiowa_rfq_18649_print_pagination,uiowa_rfq_18649_print_pagination/sample/inspection_report_document_fixed.json,DISCLOSED,OTHER,23,neither record-shaped nor obviously configuration
REAL - generated by label_scan.py from committed source; not synthetic,uiowa_rfq_18649_print_pagination,uiowa_rfq_18649_print_pagination/sample/inspection_report_document_fixed.md,DISCLOSED,OTHER,42,neither record-shaped nor obviously configuration
REAL - generated by label_scan.py from committed source; not synthetic,uiowa_rfq_18649_print_pagination,uiowa_rfq_18649_print_pagination/sample/inspection_report_document_naive.json,DISCLOSED,OTHER,23,neither record-shaped nor obviously configuration
REAL - generated by label_scan.py from committed source; not synthetic,uiowa_rfq_18649_print_pagination,uiowa_rfq_18649_print_pagination/sample/inspection_report_document_naive.md,DISCLOSED,OTHER,42,neither record-shaped nor obviously configuration
REAL - generated by label_scan.py from committed source; not synthetic,uiowa_rfq_18649_prioritization,uiowa_rfq_18649_prioritization/DATA_DICTIONARY.md,DISCLOSED,PROSE_RESULT,880,prose that states assessment results about the engagement's subjects; disclosure at byte 880
REAL - generated by label_scan.py from committed source; not synthetic,uiowa_rfq_18649_prioritization,uiowa_rfq_18649_prioritization/README.md,DISCLOSED,DOCUMENTATION,759,documentation explains the kit; it presents no records
REAL - generated by label_scan.py from committed source; not synthetic,uiowa_rfq_18649_prioritization,uiowa_rfq_18649_prioritization/VALIDATION.md,DISCLOSED,CONFIGURATION,109,reads as schema/vocabulary/weights rather than records; a fiction label is not expected here
REAL - generated by label_scan.py from committed source; not synthetic,uiowa_rfq_18649_prioritization,uiowa_rfq_18649_prioritization/recommendations.synthetic.csv,DISCLOSED,RECORDS,118,carries 0 record identifier(s) and 7 populated row(s) with assessment vocabulary; disclosure at byte 118
REAL - generated by label_scan.py from committed source; not synthetic,uiowa_rfq_18649_prioritization,uiowa_rfq_18649_prioritization/weights.json,NOT_EVIDENCE,OTHER,,neither record-shaped nor obviously configuration
REAL - generated by label_scan.py from committed source; not synthetic,uiowa_rfq_18649_prioritization,uiowa_rfq_18649_prioritization/examples/baseline-full.json,DISCLOSED,RECORDS,464,carries 836 record identifier(s) and 0 populated row(s) with assessment vocabulary; disclosure at byte 464
REAL - generated by label_scan.py from committed source; not synthetic,uiowa_rfq_18649_prioritization,uiowa_rfq_18649_prioritization/examples/baseline-ranked.csv,UNDISCLOSED_PROVENANCE,RECORDS,,carries 17 record identifier(s) and 11 populated row(s) with assessment vocabulary; the file states nowhere whether its contents are synthetic or real
REAL - generated by label_scan.py from committed source; not synthetic,uiowa_rfq_18649_prioritization,uiowa_rfq_18649_prioritization/examples/baseline-worksheet.md,DISCLOSED,RECORDS,43,carries 103 record identifier(s) and 0 populated row(s) with assessment vocabulary; disclosure at byte 43
REAL - generated by label_scan.py from committed source; not synthetic,uiowa_rfq_18649_prioritization,uiowa_rfq_18649_prioritization/fixtures/synthetic-recommendations.json,DISCLOSED,RECORDS,79,carries 18 record identifier(s) and 0 populated row(s) with assessment vocabulary; disclosure at byte 79
REAL - generated by label_scan.py from committed source; not synthetic,uiowa_rfq_18649_prioritization,uiowa_rfq_18649_prioritization/fixtures/weight-scenarios.json,UNLABELED_CONFIG_SHAPED,CONFIGURATION,,reads as schema/vocabulary/weights rather than records; a fiction label is not expected here
REAL - generated by label_scan.py from committed source; not synthetic,uiowa_rfq_18649_qa_refusal_contract,uiowa_rfq_18649_qa_refusal_contract/README.md,DISCLOSED,DOCUMENTATION,383,documentation explains the kit; it presents no records
REAL - generated by label_scan.py from committed source; not synthetic,uiowa_rfq_18649_qa_refusal_contract,uiowa_rfq_18649_qa_refusal_contract/fixtures/packet.json,DISCLOSED,PROSE_RESULT,14,prose that states assessment results about the engagement's subjects; disclosure at byte 14
REAL - generated by label_scan.py from committed source; not synthetic,uiowa_rfq_18649_qa_refusal_contract,uiowa_rfq_18649_qa_refusal_contract/fixtures/packet_defective.json,DISCLOSED,PROSE_RESULT,14,prose that states assessment results about the engagement's subjects; disclosure at byte 14
REAL - generated by label_scan.py from committed source; not synthetic,uiowa_rfq_18649_question_cards,uiowa_rfq_18649_question_cards/README.md,DISCLOSED,DOCUMENTATION,473,documentation explains the kit; it presents no records
REAL - generated by label_scan.py from committed source; not synthetic,uiowa_rfq_18649_question_cards,uiowa_rfq_18649_question_cards/data/interview_register.json,DISCLOSED,OTHER,23,neither record-shaped nor obviously configuration
REAL - generated by label_scan.py from committed source; not synthetic,uiowa_rfq_18649_question_cards,uiowa_rfq_18649_question_cards/data/observations.json,DISCLOSED,RECORDS,23,carries 26 record identifier(s) and 0 populated row(s) with assessment vocabulary; disclosure at byte 23
REAL - generated by label_scan.py from committed source; not synthetic,uiowa_rfq_18649_question_cards,uiowa_rfq_18649_question_cards/data/observations_hostile.json,DISCLOSED,RECORDS,23,carries 29 record identifier(s) and 0 populated row(s) with assessment vocabulary; disclosure at byte 23
REAL - generated by label_scan.py from committed source; not synthetic,uiowa_rfq_18649_question_cards,uiowa_rfq_18649_question_cards/data/sources.json,DISCLOSED,RECORDS,23,carries 14 record identifier(s) and 0 populated row(s) with assessment vocabulary; disclosure at byte 23
REAL - generated by label_scan.py from committed source; not synthetic,uiowa_rfq_18649_question_cards,uiowa_rfq_18649_question_cards/data/templates.json,NOT_EVIDENCE,OTHER,,neither record-shaped nor obviously configuration
REAL - generated by label_scan.py from committed source; not synthetic,uiowa_rfq_18649_question_cards,uiowa_rfq_18649_question_cards/examples/cards.csv,DISCLOSED,RECORDS,1249,carries 28 record identifier(s) and 10 populated row(s) with assessment vocabulary; disclosure at byte 1249
REAL - generated by label_scan.py from committed source; not synthetic,uiowa_rfq_18649_question_cards,uiowa_rfq_18649_question_cards/examples/cards.json,LABEL_BURIED,RECORDS,1817,"carries 28 record identifier(s) and 0 populated row(s) with assessment vocabulary; disclosure appears at byte 1817, past the first 1500 bytes a reader sees"
REAL - generated by label_scan.py from committed source; not synthetic,uiowa_rfq_18649_question_cards,uiowa_rfq_18649_question_cards/examples/question_cards.md,DISCLOSED,RECORDS,125,carries 28 record identifier(s) and 0 populated row(s) with assessment vocabulary; disclosure at byte 125
REAL - generated by label_scan.py from committed source; not synthetic,uiowa_rfq_18649_rating_model,uiowa_rfq_18649_rating_model/22-rating-model.md,DISCLOSED,CONFIGURATION,1974,reads as schema/vocabulary/weights rather than records; a fiction label is not expected here
REAL - generated by label_scan.py from committed source; not synthetic,uiowa_rfq_18649_rating_model,uiowa_rfq_18649_rating_model/22-worked-decision-table.csv,UNDISCLOSED_PROVENANCE,RECORDS,,carries 0 record identifier(s) and 3 populated row(s) with assessment vocabulary; the file states nowhere whether its contents are synthetic or real
REAL - generated by label_scan.py from committed source; not synthetic,uiowa_rfq_18649_rating_model,uiowa_rfq_18649_rating_model/rating_input.schema.json,UNLABELED_CONFIG_SHAPED,CONFIGURATION,,reads as schema/vocabulary/weights rather than records; a fiction label is not expected here
REAL - generated by label_scan.py from committed source; not synthetic,uiowa_rfq_18649_rating_model,uiowa_rfq_18649_rating_model/synthetic_case_critical_gap.json,DISCLOSED,PROSE_RESULT,29,prose that states assessment results about the engagement's subjects; disclosure at byte 29
REAL - generated by label_scan.py from committed source; not synthetic,uiowa_rfq_18649_rating_model,uiowa_rfq_18649_rating_model/synthetic_case_low_coverage.json,DISCLOSED,PROSE_RESULT,29,prose that states assessment results about the engagement's subjects; disclosure at byte 29
REAL - generated by label_scan.py from committed source; not synthetic,uiowa_rfq_18649_rating_model,uiowa_rfq_18649_rating_model/synthetic_case_mixed_services.json,DISCLOSED,PROSE_RESULT,29,prose that states assessment results about the engagement's subjects; disclosure at byte 29
REAL - generated by label_scan.py from committed source; not synthetic,uiowa_rfq_18649_readout_deck,uiowa_rfq_18649_readout_deck/README.md,DISCLOSED,DOCUMENTATION,2156,documentation explains the kit; it presents no records
REAL - generated by label_scan.py from committed source; not synthetic,uiowa_rfq_18649_readout_deck,uiowa_rfq_18649_readout_deck/data/example-readout-deck.json,DISCLOSED,RECORDS,155,carries 18 record identifier(s) and 0 populated row(s) with assessment vocabulary; disclosure at byte 155
REAL - generated by label_scan.py from committed source; not synthetic,uiowa_rfq_18649_readout_deck,uiowa_rfq_18649_readout_deck/data/example-report.json,DISCLOSED,RECORDS,136,carries 31 record identifier(s) and 0 populated row(s) with assessment vocabulary; disclosure at byte 136
REAL - generated by label_scan.py from committed source; not synthetic,uiowa_rfq_18649_readout_deck,uiowa_rfq_18649_readout_deck/examples/deck-report-agreement.md,UNDISCLOSED_PROVENANCE,PROSE_RESULT,,prose that states assessment results about the engagement's subjects; the file states nowhere whether its contents are synthetic or real
REAL - generated by label_scan.py from committed source; not synthetic,uiowa_rfq_18649_readout_deck,uiowa_rfq_18649_readout_deck/examples/readout-deck-ascii.txt,DISCLOSED,RECORDS,120,carries 21 record identifier(s) and 0 populated row(s) with assessment vocabulary; disclosure at byte 120
REAL - generated by label_scan.py from committed source; not synthetic,uiowa_rfq_18649_readout_deck,uiowa_rfq_18649_readout_deck/examples/readout-deck.md,DISCLOSED,RECORDS,41,carries 21 record identifier(s) and 0 populated row(s) with assessment vocabulary; disclosure at byte 41
REAL - generated by label_scan.py from committed source; not synthetic,uiowa_rfq_18649_readout_deck,uiowa_rfq_18649_readout_deck/examples/readout-planning-table.csv,UNDISCLOSED_PROVENANCE,RECORDS,,carries 31 record identifier(s) and 32 populated row(s) with assessment vocabulary; the file states nowhere whether its contents are synthetic or real
REAL - generated by label_scan.py from committed source; not synthetic,uiowa_rfq_18649_readout_deck,uiowa_rfq_18649_readout_deck/templates/readout-deck-template.json,LABEL_BURIED,RECORDS,1512,"carries 6 record identifier(s) and 0 populated row(s) with assessment vocabulary; disclosure appears at byte 1512, past the first 1500 bytes a reader sees"
REAL - generated by label_scan.py from committed source; not synthetic,uiowa_rfq_18649_recovery_evidence,uiowa_rfq_18649_recovery_evidence/README-OP5-IRONWOOD-second-implementation.md,DISCLOSED,CONFIGURATION,2991,reads as schema/vocabulary/weights rather than records; a fiction label is not expected here
REAL - generated by label_scan.py from committed source; not synthetic,uiowa_rfq_18649_recovery_evidence,uiowa_rfq_18649_recovery_evidence/README.md,DISCLOSED,DOCUMENTATION,141,documentation explains the kit; it presents no records
REAL - generated by label_scan.py from committed source; not synthetic,uiowa_rfq_18649_recovery_evidence,uiowa_rfq_18649_recovery_evidence/examples/recovery-evidence-matrix.csv,DISCLOSED,RECORDS,240,carries 0 record identifier(s) and 3 populated row(s) with assessment vocabulary; disclosure at byte 240
REAL - generated by label_scan.py from committed source; not synthetic,uiowa_rfq_18649_recovery_evidence,uiowa_rfq_18649_recovery_evidence/examples/worked-restoration-scenario.md,DISCLOSED,PROSE_RESULT,21,prose that states assessment results about the engagement's subjects; disclosure at byte 21
REAL - generated by label_scan.py from committed source; not synthetic,uiowa_rfq_18649_recovery_evidence,uiowa_rfq_18649_recovery_evidence/fixtures/synthetic_estate.json,DISCLOSED,OTHER,23,neither record-shaped nor obviously configuration
REAL - generated by label_scan.py from committed source; not synthetic,uiowa_rfq_18649_recovery_evidence,uiowa_rfq_18649_recovery_evidence/fixtures/synthetic_recovery_records.json,DISCLOSED,RECORDS,32,carries 5 record identifier(s) and 0 populated row(s) with assessment vocabulary; disclosure at byte 32
REAL - generated by label_scan.py from committed source; not synthetic,uiowa_rfq_18649_recovery_evidence,uiowa_rfq_18649_recovery_evidence/out/recovery_evidence.json,DISCLOSED,OTHER,48,neither record-shaped nor obviously configuration
REAL - generated by label_scan.py from committed source; not synthetic,uiowa_rfq_18649_recovery_evidence,uiowa_rfq_18649_recovery_evidence/out/recovery_evidence_matrix.csv,NOT_EVIDENCE,DATA,,carries identifiers or rows but no assessment vocabulary
REAL - generated by label_scan.py from committed source; not synthetic,uiowa_rfq_18649_recovery_evidence,uiowa_rfq_18649_recovery_evidence/out/recovery_evidence_report.md,DISCLOSED,OTHER,42,neither record-shaped nor obviously configuration
REAL - generated by label_scan.py from committed source; not synthetic,uiowa_rfq_18649_release_provenance,uiowa_rfq_18649_release_provenance/README.md,DISCLOSED,DOCUMENTATION,10,documentation explains the kit; it presents no records
REAL - generated by label_scan.py from committed source; not synthetic,uiowa_rfq_18649_release_provenance,uiowa_rfq_18649_release_provenance/demo-artifact.txt,DISCLOSED,OTHER,0,neither record-shaped nor obviously configuration
REAL - generated by label_scan.py from committed source; not synthetic,uiowa_rfq_18649_release_provenance,uiowa_rfq_18649_release_provenance/fixtures.json,DISCLOSED,PROSE_RESULT,201,prose that states assessment results about the engagement's subjects; disclosure at byte 201
REAL - generated by label_scan.py from committed source; not synthetic,uiowa_rfq_18649_release_provenance,uiowa_rfq_18649_release_provenance/interview-worksheet.md,DISCLOSED,OTHER,10,neither record-shaped nor obviously configuration
REAL - generated by label_scan.py from committed source; not synthetic,uiowa_rfq_18649_release_provenance,uiowa_rfq_18649_release_provenance/packet.schema.json,DISCLOSED,CONFIGURATION,1978,reads as schema/vocabulary/weights rather than records; a fiction label is not expected here
REAL - generated by label_scan.py from committed source; not synthetic,uiowa_rfq_18649_release_provenance,uiowa_rfq_18649_release_provenance/synthetic-records.md,DISCLOSED,PROSE_RESULT,2,prose that states assessment results about the engagement's subjects; disclosure at byte 2
REAL - generated by label_scan.py from committed source; not synthetic,uiowa_rfq_18649_release_recovery_case,uiowa_rfq_18649_release_recovery_case/README.md,DISCLOSED,DOCUMENTATION,198,documentation explains the kit; it presents no records
REAL - generated by label_scan.py from committed source; not synthetic,uiowa_rfq_18649_release_recovery_case,uiowa_rfq_18649_release_recovery_case/case.json,DISCLOSED,RECORDS,93,carries 48 record identifier(s) and 0 populated row(s) with assessment vocabulary; disclosure at byte 93
REAL - generated by label_scan.py from committed source; not synthetic,uiowa_rfq_18649_release_recovery_case,uiowa_rfq_18649_release_recovery_case/fixtures/clean.json,DISCLOSED,RECORDS,84,carries 38 record identifier(s) and 0 populated row(s) with assessment vocabulary; disclosure at byte 84
REAL - generated by label_scan.py from committed source; not synthetic,uiowa_rfq_18649_release_recovery_case,uiowa_rfq_18649_release_recovery_case/fixtures/environment-difference.json,DISCLOSED,RECORDS,101,carries 38 record identifier(s) and 0 populated row(s) with assessment vocabulary; disclosure at byte 101
REAL - generated by label_scan.py from committed source; not synthetic,uiowa_rfq_18649_release_recovery_case,uiowa_rfq_18649_release_recovery_case/fixtures/id-collision.json,DISCLOSED,RECORDS,91,carries 38 record identifier(s) and 0 populated row(s) with assessment vocabulary; disclosure at byte 91
REAL - generated by label_scan.py from committed source; not synthetic,uiowa_rfq_18649_release_recovery_case,uiowa_rfq_18649_release_recovery_case/fixtures/ordering-inversion.json,DISCLOSED,RECORDS,97,carries 38 record identifier(s) and 0 populated row(s) with assessment vocabulary; disclosure at byte 97
REAL - generated by label_scan.py from committed source; not synthetic,uiowa_rfq_18649_release_recovery_case,uiowa_rfq_18649_release_recovery_case/fixtures/timeline-disagreement.json,DISCLOSED,RECORDS,100,carries 38 record identifier(s) and 0 populated row(s) with assessment vocabulary; disclosure at byte 100
REAL - generated by label_scan.py from committed source; not synthetic,uiowa_rfq_18649_release_recovery_case,uiowa_rfq_18649_release_recovery_case/fixtures/unknown-timestamp.json,DISCLOSED,RECORDS,96,carries 38 record identifier(s) and 0 populated row(s) with assessment vocabulary; disclosure at byte 96
REAL - generated by label_scan.py from committed source; not synthetic,uiowa_rfq_18649_release_recovery_case,uiowa_rfq_18649_release_recovery_case/fixtures/unresolved-source-id.json,DISCLOSED,RECORDS,99,carries 38 record identifier(s) and 0 populated row(s) with assessment vocabulary; disclosure at byte 99
REAL - generated by label_scan.py from committed source; not synthetic,uiowa_rfq_18649_release_recovery_case,uiowa_rfq_18649_release_recovery_case/fixtures/unsupported-recovery-claim.json,DISCLOSED,RECORDS,105,carries 37 record identifier(s) and 0 populated row(s) with assessment vocabulary; disclosure at byte 105
REAL - generated by label_scan.py from committed source; not synthetic,uiowa_rfq_18649_release_recovery_case,uiowa_rfq_18649_release_recovery_case/out/agreement_matrix.csv,DISCLOSED,RECORDS,158,carries 1 record identifier(s) and 18 populated row(s) with assessment vocabulary; disclosure at byte 158
REAL - generated by label_scan.py from committed source; not synthetic,uiowa_rfq_18649_release_recovery_case,uiowa_rfq_18649_release_recovery_case/out/case_report.json,DISCLOSED,RECORDS,98,carries 3 record identifier(s) and 0 populated row(s) with assessment vocabulary; disclosure at byte 98
REAL - generated by label_scan.py from committed source; not synthetic,uiowa_rfq_18649_release_recovery_case,uiowa_rfq_18649_release_recovery_case/out/case_report.md,DISCLOSED,PROSE_RESULT,67,prose that states assessment results about the engagement's subjects; disclosure at byte 67
REAL - generated by label_scan.py from committed source; not synthetic,uiowa_rfq_18649_release_recovery_case,uiowa_rfq_18649_release_recovery_case/out/projected_environment_view.json,DISCLOSED,RECORDS,145,carries 2 record identifier(s) and 0 populated row(s) with assessment vocabulary; disclosure at byte 145
REAL - generated by label_scan.py from committed source; not synthetic,uiowa_rfq_18649_release_recovery_case,uiowa_rfq_18649_release_recovery_case/out/projected_provenance_packet.json,DISCLOSED,RECORDS,241,carries 22 record identifier(s) and 0 populated row(s) with assessment vocabulary; disclosure at byte 241
REAL - generated by label_scan.py from committed source; not synthetic,uiowa_rfq_18649_release_recovery_case,uiowa_rfq_18649_release_recovery_case/out/projected_recovery_records.json,DISCLOSED,RECORDS,944,carries 6 record identifier(s) and 0 populated row(s) with assessment vocabulary; disclosure at byte 944
REAL - generated by label_scan.py from committed source; not synthetic,uiowa_rfq_18649_report_structure,uiowa_rfq_18649_report_structure/README.md,DISCLOSED,DOCUMENTATION,93,documentation explains the kit; it presents no records
REAL - generated by label_scan.py from committed source; not synthetic,uiowa_rfq_18649_report_structure,uiowa_rfq_18649_report_structure/content_map.json,DISCLOSED,CONFIGURATION,94,reads as schema/vocabulary/weights rather than records; a fiction label is not expected here
REAL - generated by label_scan.py from committed source; not synthetic,uiowa_rfq_18649_report_structure,uiowa_rfq_18649_report_structure/input_schemas.json,DISCLOSED,CONFIGURATION,182,reads as schema/vocabulary/weights rather than records; a fiction label is not expected here
REAL - generated by label_scan.py from committed source; not synthetic,uiowa_rfq_18649_report_structure,uiowa_rfq_18649_report_structure/examples/content_map.csv,UNDISCLOSED_PROVENANCE,RECORDS,,carries 0 record identifier(s) and 27 populated row(s) with assessment vocabulary; the file states nowhere whether its contents are synthetic or real
REAL - generated by label_scan.py from committed source; not synthetic,uiowa_rfq_18649_report_structure,uiowa_rfq_18649_report_structure/examples/report_sample.md,DISCLOSED,RECORDS,52,carries 79 record identifier(s) and 0 populated row(s) with assessment vocabulary; disclosure at byte 52
REAL - generated by label_scan.py from committed source; not synthetic,uiowa_rfq_18649_report_structure,uiowa_rfq_18649_report_structure/examples/report_template.md,DISCLOSED,CONFIGURATION,276,reads as schema/vocabulary/weights rather than records; a fiction label is not expected here
REAL - generated by label_scan.py from committed source; not synthetic,uiowa_rfq_18649_report_structure,uiowa_rfq_18649_report_structure/fixtures/synthetic_evidence_register.csv,DISCLOSED,RECORDS,372,carries 46 record identifier(s) and 16 populated row(s) with assessment vocabulary; disclosure at byte 372
REAL - generated by label_scan.py from committed source; not synthetic,uiowa_rfq_18649_report_structure,uiowa_rfq_18649_report_structure/fixtures/synthetic_finding_matrix.csv,UNDISCLOSED_PROVENANCE,RECORDS,,carries 23 record identifier(s) and 11 populated row(s) with assessment vocabulary; the file states nowhere whether its contents are synthetic or real
REAL - generated by label_scan.py from committed source; not synthetic,uiowa_rfq_18649_report_structure,uiowa_rfq_18649_report_structure/fixtures/synthetic_peer_context_table.csv,DISCLOSED,RECORDS,179,carries 0 record identifier(s) and 3 populated row(s) with assessment vocabulary; disclosure at byte 179
REAL - generated by label_scan.py from committed source; not synthetic,uiowa_rfq_18649_report_structure,uiowa_rfq_18649_report_structure/fixtures/synthetic_recommendation_register.csv,UNDISCLOSED_PROVENANCE,RECORDS,,carries 10 record identifier(s) and 6 populated row(s) with assessment vocabulary; the file states nowhere whether its contents are synthetic or real
REAL - generated by label_scan.py from committed source; not synthetic,uiowa_rfq_18649_report_structure,uiowa_rfq_18649_report_structure/fixtures/synthetic_theme_register.csv,UNDISCLOSED_PROVENANCE,RECORDS,,carries 3 record identifier(s) and 3 populated row(s) with assessment vocabulary; the file states nowhere whether its contents are synthetic or real
REAL - generated by label_scan.py from committed source; not synthetic,uiowa_rfq_18649_report_visuals,uiowa_rfq_18649_report_visuals/README.md,DISCLOSED,DOCUMENTATION,9288,documentation explains the kit; it presents no records
REAL - generated by label_scan.py from committed source; not synthetic,uiowa_rfq_18649_report_visuals,uiowa_rfq_18649_report_visuals/examples/contrast-audit.txt,NOT_EVIDENCE,OTHER,,neither record-shaped nor obviously configuration
REAL - generated by label_scan.py from committed source; not synthetic,uiowa_rfq_18649_report_visuals,uiowa_rfq_18649_report_visuals/examples/evidence-coverage-table.md,DISCLOSED,PROSE_RESULT,24,prose that states assessment results about the engagement's subjects; disclosure at byte 24
REAL - generated by label_scan.py from committed source; not synthetic,uiowa_rfq_18649_report_visuals,uiowa_rfq_18649_report_visuals/examples/manifest.json,DISCLOSED,OTHER,19,neither record-shaped nor obviously configuration
REAL - generated by label_scan.py from committed source; not synthetic,uiowa_rfq_18649_report_visuals,uiowa_rfq_18649_report_visuals/examples/matrix-table.md,DISCLOSED,PROSE_RESULT,24,prose that states assessment results about the engagement's subjects; disclosure at byte 24
REAL - generated by label_scan.py from committed source; not synthetic,uiowa_rfq_18649_report_visuals,uiowa_rfq_18649_report_visuals/examples/roadmap-table.md,DISCLOSED,RECORDS,24,carries 5 record identifier(s) and 0 populated row(s) with assessment vocabulary; disclosure at byte 24
REAL - generated by label_scan.py from committed source; not synthetic,uiowa_rfq_18649_report_visuals,uiowa_rfq_18649_report_visuals/examples/text-alternatives.md,DISCLOSED,RECORDS,22,carries 10 record identifier(s) and 0 populated row(s) with assessment vocabulary; disclosure at byte 22
REAL - generated by label_scan.py from committed source; not synthetic,uiowa_rfq_18649_report_visuals,uiowa_rfq_18649_report_visuals/fixtures/synthetic_assessment.json,DISCLOSED,RECORDS,34,carries 5 record identifier(s) and 0 populated row(s) with assessment vocabulary; disclosure at byte 34
REAL - generated by label_scan.py from committed source; not synthetic,uiowa_rfq_18649_roadmap_dependencies,uiowa_rfq_18649_roadmap_dependencies/README.md,DISCLOSED,DOCUMENTATION,8417,documentation explains the kit; it presents no records
REAL - generated by label_scan.py from committed source; not synthetic,uiowa_rfq_18649_roadmap_dependencies,uiowa_rfq_18649_roadmap_dependencies/fixtures/hostile_roadmap.json,DISCLOSED,OTHER,56,neither record-shaped nor obviously configuration
REAL - generated by label_scan.py from committed source; not synthetic,uiowa_rfq_18649_roadmap_dependencies,uiowa_rfq_18649_roadmap_dependencies/fixtures/roadmap_consistent.json,DISCLOSED,PROSE_RESULT,59,prose that states assessment results about the engagement's subjects; disclosure at byte 59
REAL - generated by label_scan.py from committed source; not synthetic,uiowa_rfq_18649_roadmap_dependencies,uiowa_rfq_18649_roadmap_dependencies/fixtures/roadmap_inconsistent.json,DISCLOSED,OTHER,61,neither record-shaped nor obviously configuration
REAL - generated by label_scan.py from committed source; not synthetic,uiowa_rfq_18649_roadmap_dependencies,uiowa_rfq_18649_roadmap_dependencies/out_consistent/dependency_report.md,DISCLOSED,OTHER,192,neither record-shaped nor obviously configuration
REAL - generated by label_scan.py from committed source; not synthetic,uiowa_rfq_18649_roadmap_dependencies,uiowa_rfq_18649_roadmap_dependencies/out_consistent/findings.csv,NOT_EVIDENCE,DATA,,carries identifiers or rows but no assessment vocabulary
REAL - generated by label_scan.py from committed source; not synthetic,uiowa_rfq_18649_roadmap_dependencies,uiowa_rfq_18649_roadmap_dependencies/out_consistent/graph.json,DISCLOSED,PROSE_RESULT,1070,prose that states assessment results about the engagement's subjects; disclosure at byte 1070
REAL - generated by label_scan.py from committed source; not synthetic,uiowa_rfq_18649_roadmap_dependencies,uiowa_rfq_18649_roadmap_dependencies/out_inconsistent/dependency_report.md,DISCLOSED,OTHER,194,neither record-shaped nor obviously configuration
REAL - generated by label_scan.py from committed source; not synthetic,uiowa_rfq_18649_roadmap_dependencies,uiowa_rfq_18649_roadmap_dependencies/out_inconsistent/findings.csv,NOT_EVIDENCE,DATA,,carries identifiers or rows but no assessment vocabulary
REAL - generated by label_scan.py from committed source; not synthetic,uiowa_rfq_18649_roadmap_dependencies,uiowa_rfq_18649_roadmap_dependencies/out_inconsistent/graph.json,DISCLOSED,PROSE_RESULT,1070,prose that states assessment results about the engagement's subjects; disclosure at byte 1070
REAL - generated by label_scan.py from committed source; not synthetic,uiowa_rfq_18649_roadmap_dependencies,uiowa_rfq_18649_roadmap_dependencies/out_inconsistent/proposed_roadmap.json,DISCLOSED,OTHER,78,neither record-shaped nor obviously configuration
REAL - generated by label_scan.py from committed source; not synthetic,uiowa_rfq_18649_roadmap_dependencies,uiowa_rfq_18649_roadmap_dependencies/out_inconsistent/rehearsal_report.md,NOT_EVIDENCE,OTHER,,neither record-shaped nor obviously configuration
REAL - generated by label_scan.py from committed source; not synthetic,uiowa_rfq_18649_run_sweep,uiowa_rfq_18649_run_sweep/README.md,DISCLOSED,DOCUMENTATION,2005,documentation explains the kit; it presents no records
REAL - generated by label_scan.py from committed source; not synthetic,uiowa_rfq_18649_run_sweep,uiowa_rfq_18649_run_sweep/out/run_sweep.csv,NOT_EVIDENCE,DATA,,carries identifiers or rows but no assessment vocabulary
REAL - generated by label_scan.py from committed source; not synthetic,uiowa_rfq_18649_run_sweep,uiowa_rfq_18649_run_sweep/out/run_sweep.json,NOT_EVIDENCE,OTHER,,neither record-shaped nor obviously configuration
REAL - generated by label_scan.py from committed source; not synthetic,uiowa_rfq_18649_run_sweep,uiowa_rfq_18649_run_sweep/out/run_sweep_report.md,NOT_EVIDENCE,OTHER,,neither record-shaped nor obviously configuration
REAL - generated by label_scan.py from committed source; not synthetic,uiowa_rfq_18649_scope_change,uiowa_rfq_18649_scope_change/README.md,DISCLOSED,DOCUMENTATION,1105,documentation explains the kit; it presents no records
REAL - generated by label_scan.py from committed source; not synthetic,uiowa_rfq_18649_scope_change,uiowa_rfq_18649_scope_change/examples/change-quotations.csv,UNDISCLOSED_PROVENANCE,RECORDS,,carries 0 record identifier(s) and 8 populated row(s) with assessment vocabulary; the file states nowhere whether its contents are synthetic or real
REAL - generated by label_scan.py from committed source; not synthetic,uiowa_rfq_18649_scope_change,uiowa_rfq_18649_scope_change/examples/worksheet.json,DISCLOSED,CONFIGURATION,6951,reads as schema/vocabulary/weights rather than records; a fiction label is not expected here
REAL - generated by label_scan.py from committed source; not synthetic,uiowa_rfq_18649_scope_change,uiowa_rfq_18649_scope_change/examples/worksheet.md,DISCLOSED,CONFIGURATION,207,reads as schema/vocabulary/weights rather than records; a fiction label is not expected here
REAL - generated by label_scan.py from committed source; not synthetic,uiowa_rfq_18649_scope_change,uiowa_rfq_18649_scope_change/fixtures/baseline.json,UNLABELED_CONFIG_SHAPED,CONFIGURATION,,reads as schema/vocabulary/weights rather than records; a fiction label is not expected here
REAL - generated by label_scan.py from committed source; not synthetic,uiowa_rfq_18649_scope_change,uiowa_rfq_18649_scope_change/fixtures/change_requests.json,DISCLOSED,CONFIGURATION,73,reads as schema/vocabulary/weights rather than records; a fiction label is not expected here
REAL - generated by label_scan.py from committed source; not synthetic,uiowa_rfq_18649_secure_guidance,uiowa_rfq_18649_secure_guidance/README.md,DISCLOSED,DOCUMENTATION,628,documentation explains the kit; it presents no records
REAL - generated by label_scan.py from committed source; not synthetic,uiowa_rfq_18649_secure_guidance,uiowa_rfq_18649_secure_guidance/guidance_usability_worksheet.md,DISCLOSED,OTHER,1732,neither record-shaped nor obviously configuration
REAL - generated by label_scan.py from committed source; not synthetic,uiowa_rfq_18649_secure_guidance,uiowa_rfq_18649_secure_guidance/examples/discussion-pack.md,DISCLOSED,CONFIGURATION,61,reads as schema/vocabulary/weights rather than records; a fiction label is not expected here
REAL - generated by label_scan.py from committed source; not synthetic,uiowa_rfq_18649_secure_guidance,uiowa_rfq_18649_secure_guidance/examples/guidance-usability.csv,NOT_EVIDENCE,DATA,,carries identifiers or rows but no assessment vocabulary
REAL - generated by label_scan.py from committed source; not synthetic,uiowa_rfq_18649_secure_guidance,uiowa_rfq_18649_secure_guidance/fixtures/synthetic_guidance_packet.json,DISCLOSED,CONFIGURATION,28,reads as schema/vocabulary/weights rather than records; a fiction label is not expected here
REAL - generated by label_scan.py from committed source; not synthetic,uiowa_rfq_18649_security_event_review,uiowa_rfq_18649_security_event_review/README.md,DISCLOSED,DOCUMENTATION,1101,documentation explains the kit; it presents no records
REAL - generated by label_scan.py from committed source; not synthetic,uiowa_rfq_18649_security_event_review,uiowa_rfq_18649_security_event_review/interview_worksheet.md,NOT_EVIDENCE,OTHER,,neither record-shaped nor obviously configuration
REAL - generated by label_scan.py from committed source; not synthetic,uiowa_rfq_18649_security_event_review,uiowa_rfq_18649_security_event_review/examples/event-to-resolution-timeline.md,DISCLOSED,PROSE_RESULT,12,prose that states assessment results about the engagement's subjects; disclosure at byte 12
REAL - generated by label_scan.py from committed source; not synthetic,uiowa_rfq_18649_security_event_review,uiowa_rfq_18649_security_event_review/examples/security-event-evidence-matrix.csv,DISCLOSED,RECORDS,194,carries 0 record identifier(s) and 5 populated row(s) with assessment vocabulary; disclosure at byte 194
REAL - generated by label_scan.py from committed source; not synthetic,uiowa_rfq_18649_security_event_review,uiowa_rfq_18649_security_event_review/fixtures/synthetic_events.json,DISCLOSED,PROSE_RESULT,28,prose that states assessment results about the engagement's subjects; disclosure at byte 28
REAL - generated by label_scan.py from committed source; not synthetic,uiowa_rfq_18649_synthetic_collection,uiowa_rfq_18649_synthetic_collection/README.md,DISCLOSED,DOCUMENTATION,2,documentation explains the kit; it presents no records
REAL - generated by label_scan.py from committed source; not synthetic,uiowa_rfq_18649_synthetic_collection,uiowa_rfq_18649_synthetic_collection/coverage_matrix.csv,UNDISCLOSED_PROVENANCE,RECORDS,,carries 0 record identifier(s) and 12 populated row(s) with assessment vocabulary; the file states nowhere whether its contents are synthetic or real
REAL - generated by label_scan.py from committed source; not synthetic,uiowa_rfq_18649_synthetic_collection,uiowa_rfq_18649_synthetic_collection/evidence_manifest.json,DISCLOSED,PROSE_RESULT,32,prose that states assessment results about the engagement's subjects; disclosure at byte 32
REAL - generated by label_scan.py from committed source; not synthetic,uiowa_rfq_18649_synthetic_collection,uiowa_rfq_18649_synthetic_collection/facts.json,DISCLOSED,PROSE_RESULT,32,prose that states assessment results about the engagement's subjects; disclosure at byte 32
REAL - generated by label_scan.py from committed source; not synthetic,uiowa_rfq_18649_synthetic_collection,uiowa_rfq_18649_synthetic_collection/ai/ai_readiness.md,DISCLOSED,PROSE_RESULT,2,prose that states assessment results about the engagement's subjects; disclosure at byte 2
REAL - generated by label_scan.py from committed source; not synthetic,uiowa_rfq_18649_synthetic_collection,uiowa_rfq_18649_synthetic_collection/incidents/postmortems.md,DISCLOSED,CONFIGURATION,2,reads as schema/vocabulary/weights rather than records; a fiction label is not expected here
REAL - generated by label_scan.py from committed source; not synthetic,uiowa_rfq_18649_synthetic_collection,uiowa_rfq_18649_synthetic_collection/interviews/interview_excerpts.md,DISCLOSED,CONFIGURATION,2,reads as schema/vocabulary/weights rather than records; a fiction label is not expected here
REAL - generated by label_scan.py from committed source; not synthetic,uiowa_rfq_18649_synthetic_collection,uiowa_rfq_18649_synthetic_collection/operations/runbooks.md,DISCLOSED,CONFIGURATION,2,reads as schema/vocabulary/weights rather than records; a fiction label is not expected here
REAL - generated by label_scan.py from committed source; not synthetic,uiowa_rfq_18649_synthetic_collection,uiowa_rfq_18649_synthetic_collection/processes/security_practices.md,DISCLOSED,PROSE_RESULT,2,prose that states assessment results about the engagement's subjects; disclosure at byte 2
REAL - generated by label_scan.py from committed source; not synthetic,uiowa_rfq_18649_synthetic_collection,uiowa_rfq_18649_synthetic_collection/processes/software_delivery.md,DISCLOSED,PROSE_RESULT,2,prose that states assessment results about the engagement's subjects; disclosure at byte 2
REAL - generated by label_scan.py from committed source; not synthetic,uiowa_rfq_18649_synthetic_collection,uiowa_rfq_18649_synthetic_collection/releases/release_examples.md,DISCLOSED,RECORDS,2,carries 2 record identifier(s) and 0 populated row(s) with assessment vocabulary; disclosure at byte 2
REAL - generated by label_scan.py from committed source; not synthetic,uiowa_rfq_18649_synthetic_collection,uiowa_rfq_18649_synthetic_collection/services/ess_profile.md,DISCLOSED,PROSE_RESULT,2,prose that states assessment results about the engagement's subjects; disclosure at byte 2
REAL - generated by label_scan.py from committed source; not synthetic,uiowa_rfq_18649_synthetic_collection,uiowa_rfq_18649_synthetic_collection/services/iam_profile.md,DISCLOSED,PROSE_RESULT,2,prose that states assessment results about the engagement's subjects; disclosure at byte 2
REAL - generated by label_scan.py from committed source; not synthetic,uiowa_rfq_18649_synthetic_collection,uiowa_rfq_18649_synthetic_collection/services/ris_profile.md,DISCLOSED,PROSE_RESULT,2,prose that states assessment results about the engagement's subjects; disclosure at byte 2
REAL - generated by label_scan.py from committed source; not synthetic,uiowa_rfq_18649_test_data_readiness,uiowa_rfq_18649_test_data_readiness/README.md,DISCLOSED,DOCUMENTATION,60,documentation explains the kit; it presents no records
REAL - generated by label_scan.py from committed source; not synthetic,uiowa_rfq_18649_test_data_readiness,uiowa_rfq_18649_test_data_readiness/catalog_template.csv,DISCLOSED,OTHER,298,neither record-shaped nor obviously configuration
REAL - generated by label_scan.py from committed source; not synthetic,uiowa_rfq_18649_test_data_readiness,uiowa_rfq_18649_test_data_readiness/fixture_specifications.md,DISCLOSED,CONFIGURATION,2,reads as schema/vocabulary/weights rather than records; a fiction label is not expected here
REAL - generated by label_scan.py from committed source; not synthetic,uiowa_rfq_18649_test_data_readiness,uiowa_rfq_18649_test_data_readiness/interview_guide.md,UNLABELED_CONFIG_SHAPED,CONFIGURATION,,reads as schema/vocabulary/weights rather than records; a fiction label is not expected here
REAL - generated by label_scan.py from committed source; not synthetic,uiowa_rfq_18649_test_data_readiness,uiowa_rfq_18649_test_data_readiness/refresh_lifecycle.md,DISCLOSED,CONFIGURATION,370,reads as schema/vocabulary/weights rather than records; a fiction label is not expected here
REAL - generated by label_scan.py from committed source; not synthetic,uiowa_rfq_18649_test_data_readiness,uiowa_rfq_18649_test_data_readiness/synthetic_rehearsal.md,DISCLOSED,PROSE_RESULT,2,prose that states assessment results about the engagement's subjects; disclosure at byte 2
REAL - generated by label_scan.py from committed source; not synthetic,uiowa_rfq_18649_test_data_readiness,uiowa_rfq_18649_test_data_readiness/fixtures/catalog.synthetic.json,DISCLOSED,OTHER,24,neither record-shaped nor obviously configuration
REAL - generated by label_scan.py from committed source; not synthetic,uiowa_rfq_18649_test_data_readiness,uiowa_rfq_18649_test_data_readiness/schema/catalog.schema.json,UNLABELED_CONFIG_SHAPED,CONFIGURATION,,reads as schema/vocabulary/weights rather than records; a fiction label is not expected here
REAL - generated by label_scan.py from committed source; not synthetic,uiowa_rfq_18649_traceability,uiowa_rfq_18649_traceability/README.md,DISCLOSED,DOCUMENTATION,529,documentation explains the kit; it presents no records
REAL - generated by label_scan.py from committed source; not synthetic,uiowa_rfq_18649_traceability,uiowa_rfq_18649_traceability/TRACE_MAP.md,DISCLOSED,RECORDS,43,carries 30 record identifier(s) and 0 populated row(s) with assessment vocabulary; disclosure at byte 43
REAL - generated by label_scan.py from committed source; not synthetic,uiowa_rfq_18649_traceability,uiowa_rfq_18649_traceability/bundle/evidence.csv,UNDISCLOSED_PROVENANCE,RECORDS,,carries 8 record identifier(s) and 8 populated row(s) with assessment vocabulary; the file states nowhere whether its contents are synthetic or real
REAL - generated by label_scan.py from committed source; not synthetic,uiowa_rfq_18649_traceability,uiowa_rfq_18649_traceability/bundle/executive-summary.md,DISCLOSED,RECORDS,21,carries 6 record identifier(s) and 0 populated row(s) with assessment vocabulary; disclosure at byte 21
REAL - generated by label_scan.py from committed source; not synthetic,uiowa_rfq_18649_traceability,uiowa_rfq_18649_traceability/bundle/final-report.md,DISCLOSED,RECORDS,31,carries 12 record identifier(s) and 0 populated row(s) with assessment vocabulary; disclosure at byte 31
REAL - generated by label_scan.py from committed source; not synthetic,uiowa_rfq_18649_traceability,uiowa_rfq_18649_traceability/bundle/findings.csv,DISCLOSED,RECORDS,152,carries 3 record identifier(s) and 3 populated row(s) with assessment vocabulary; disclosure at byte 152
REAL - generated by label_scan.py from committed source; not synthetic,uiowa_rfq_18649_traceability,uiowa_rfq_18649_traceability/bundle/recommendations.csv,UNDISCLOSED_PROVENANCE,RECORDS,,carries 2 record identifier(s) and 2 populated row(s) with assessment vocabulary; the file states nowhere whether its contents are synthetic or real
REAL - generated by label_scan.py from committed source; not synthetic,uiowa_rfq_18649_traceability,uiowa_rfq_18649_traceability/bundle/sources.csv,DISCLOSED,RECORDS,37,carries 16 record identifier(s) and 8 populated row(s) with assessment vocabulary; disclosure at byte 37
REAL - generated by label_scan.py from committed source; not synthetic,uiowa_rfq_18649_traceability,uiowa_rfq_18649_traceability/bundle/trace-map.csv,UNDISCLOSED_PROVENANCE,RECORDS,,carries 12 record identifier(s) and 6 populated row(s) with assessment vocabulary; the file states nowhere whether its contents are synthetic or real
REAL - generated by label_scan.py from committed source; not synthetic,uiowa_rfq_18649_traceability,uiowa_rfq_18649_traceability/bundle/sources/SRC-001-ess-change-request-2287.txt,DISCLOSED,OTHER,26,neither record-shaped nor obviously configuration
REAL - generated by label_scan.py from committed source; not synthetic,uiowa_rfq_18649_traceability,uiowa_rfq_18649_traceability/bundle/sources/SRC-002-ess-integration-run-2026-08-14.txt,DISCLOSED,OTHER,26,neither record-shaped nor obviously configuration
REAL - generated by label_scan.py from committed source; not synthetic,uiowa_rfq_18649_traceability,uiowa_rfq_18649_traceability/bundle/sources/SRC-003-ess-acceptance-note-2026-08-15.txt,DISCLOSED,OTHER,26,neither record-shaped nor obviously configuration
REAL - generated by label_scan.py from committed source; not synthetic,uiowa_rfq_18649_traceability,uiowa_rfq_18649_traceability/bundle/sources/SRC-004-ris-reporting-handoff-design.txt,DISCLOSED,PROSE_RESULT,26,prose that states assessment results about the engagement's subjects; disclosure at byte 26
REAL - generated by label_scan.py from committed source; not synthetic,uiowa_rfq_18649_traceability,uiowa_rfq_18649_traceability/bundle/sources/SRC-005-ris-test-inventory.txt,DISCLOSED,OTHER,26,neither record-shaped nor obviously configuration
REAL - generated by label_scan.py from committed source; not synthetic,uiowa_rfq_18649_traceability,uiowa_rfq_18649_traceability/bundle/sources/SRC-006-ris-interview-note-q12.txt,DISCLOSED,OTHER,26,neither record-shaped nor obviously configuration
REAL - generated by label_scan.py from committed source; not synthetic,uiowa_rfq_18649_traceability,uiowa_rfq_18649_traceability/bundle/sources/SRC-007-iam-propagation-run-prof-09.txt,DISCLOSED,OTHER,26,neither record-shaped nor obviously configuration
REAL - generated by label_scan.py from committed source; not synthetic,uiowa_rfq_18649_traceability,uiowa_rfq_18649_traceability/bundle/sources/SRC-008-iam-dependent-application-inventory.txt,DISCLOSED,PROSE_RESULT,26,prose that states assessment results about the engagement's subjects; disclosure at byte 26
REAL - generated by label_scan.py from committed source; not synthetic,uiowa_rfq_18649_traceability,uiowa_rfq_18649_traceability/bundle_drifted/evidence.csv,UNDISCLOSED_PROVENANCE,RECORDS,,carries 8 record identifier(s) and 8 populated row(s) with assessment vocabulary; the file states nowhere whether its contents are synthetic or real
REAL - generated by label_scan.py from committed source; not synthetic,uiowa_rfq_18649_traceability,uiowa_rfq_18649_traceability/bundle_drifted/executive-summary.md,DISCLOSED,RECORDS,21,carries 6 record identifier(s) and 0 populated row(s) with assessment vocabulary; disclosure at byte 21
REAL - generated by label_scan.py from committed source; not synthetic,uiowa_rfq_18649_traceability,uiowa_rfq_18649_traceability/bundle_drifted/final-report.md,DISCLOSED,RECORDS,31,carries 12 record identifier(s) and 0 populated row(s) with assessment vocabulary; disclosure at byte 31
REAL - generated by label_scan.py from committed source; not synthetic,uiowa_rfq_18649_traceability,uiowa_rfq_18649_traceability/bundle_drifted/findings.csv,DISCLOSED,RECORDS,152,carries 3 record identifier(s) and 3 populated row(s) with assessment vocabulary; disclosure at byte 152
REAL - generated by label_scan.py from committed source; not synthetic,uiowa_rfq_18649_traceability,uiowa_rfq_18649_traceability/bundle_drifted/recommendations.csv,UNDISCLOSED_PROVENANCE,RECORDS,,carries 2 record identifier(s) and 2 populated row(s) with assessment vocabulary; the file states nowhere whether its contents are synthetic or real
REAL - generated by label_scan.py from committed source; not synthetic,uiowa_rfq_18649_traceability,uiowa_rfq_18649_traceability/bundle_drifted/sources.csv,DISCLOSED,RECORDS,37,carries 16 record identifier(s) and 8 populated row(s) with assessment vocabulary; disclosure at byte 37
REAL - generated by label_scan.py from committed source; not synthetic,uiowa_rfq_18649_traceability,uiowa_rfq_18649_traceability/bundle_drifted/trace-map.csv,UNDISCLOSED_PROVENANCE,RECORDS,,carries 12 record identifier(s) and 6 populated row(s) with assessment vocabulary; the file states nowhere whether its contents are synthetic or real
REAL - generated by label_scan.py from committed source; not synthetic,uiowa_rfq_18649_traceability,uiowa_rfq_18649_traceability/bundle_drifted/sources/SRC-001-ess-change-request-2287.txt,DISCLOSED,OTHER,26,neither record-shaped nor obviously configuration
REAL - generated by label_scan.py from committed source; not synthetic,uiowa_rfq_18649_traceability,uiowa_rfq_18649_traceability/bundle_drifted/sources/SRC-002-ess-integration-run-2026-08-14.txt,DISCLOSED,OTHER,26,neither record-shaped nor obviously configuration
REAL - generated by label_scan.py from committed source; not synthetic,uiowa_rfq_18649_traceability,uiowa_rfq_18649_traceability/bundle_drifted/sources/SRC-003-ess-acceptance-note-2026-08-15.txt,DISCLOSED,OTHER,26,neither record-shaped nor obviously configuration
REAL - generated by label_scan.py from committed source; not synthetic,uiowa_rfq_18649_traceability,uiowa_rfq_18649_traceability/bundle_drifted/sources/SRC-004-ris-reporting-handoff-design.txt,DISCLOSED,PROSE_RESULT,26,prose that states assessment results about the engagement's subjects; disclosure at byte 26
REAL - generated by label_scan.py from committed source; not synthetic,uiowa_rfq_18649_traceability,uiowa_rfq_18649_traceability/bundle_drifted/sources/SRC-005-ris-test-inventory.txt,DISCLOSED,OTHER,26,neither record-shaped nor obviously configuration
REAL - generated by label_scan.py from committed source; not synthetic,uiowa_rfq_18649_traceability,uiowa_rfq_18649_traceability/bundle_drifted/sources/SRC-006-ris-interview-note-q12.txt,DISCLOSED,OTHER,26,neither record-shaped nor obviously configuration
REAL - generated by label_scan.py from committed source; not synthetic,uiowa_rfq_18649_traceability,uiowa_rfq_18649_traceability/bundle_drifted/sources/SRC-007-iam-propagation-run-prof-09.txt,DISCLOSED,OTHER,26,neither record-shaped nor obviously configuration
REAL - generated by label_scan.py from committed source; not synthetic,uiowa_rfq_18649_traceability,uiowa_rfq_18649_traceability/bundle_drifted/sources/SRC-008-iam-dependent-application-inventory.txt,DISCLOSED,PROSE_RESULT,26,prose that states assessment results about the engagement's subjects; disclosure at byte 26
REAL - generated by label_scan.py from committed source; not synthetic,uiowa_rfq_18649_traceability_rehearsal,uiowa_rfq_18649_traceability_rehearsal/README.md,DISCLOSED,DOCUMENTATION,88,documentation explains the kit; it presents no records
REAL - generated by label_scan.py from committed source; not synthetic,uiowa_rfq_18649_traceability_rehearsal,uiowa_rfq_18649_traceability_rehearsal/evidence.csv,DISCLOSED,RECORDS,101,carries 0 record identifier(s) and 8 populated row(s) with assessment vocabulary; disclosure at byte 101
REAL - generated by label_scan.py from committed source; not synthetic,uiowa_rfq_18649_traceability_rehearsal,uiowa_rfq_18649_traceability_rehearsal/executive-summary.md,DISCLOSED,RECORDS,2,carries 3 record identifier(s) and 0 populated row(s) with assessment vocabulary; disclosure at byte 2
REAL - generated by label_scan.py from committed source; not synthetic,uiowa_rfq_18649_traceability_rehearsal,uiowa_rfq_18649_traceability_rehearsal/final-report.md,DISCLOSED,RECORDS,12,carries 5 record identifier(s) and 0 populated row(s) with assessment vocabulary; disclosure at byte 12
REAL - generated by label_scan.py from committed source; not synthetic,uiowa_rfq_18649_traceability_rehearsal,uiowa_rfq_18649_traceability_rehearsal/findings.csv,DISCLOSED,RECORDS,126,carries 3 record identifier(s) and 3 populated row(s) with assessment vocabulary; disclosure at byte 126
REAL - generated by label_scan.py from committed source; not synthetic,uiowa_rfq_18649_traceability_rehearsal,uiowa_rfq_18649_traceability_rehearsal/recommendations.csv,UNDISCLOSED_PROVENANCE,RECORDS,,carries 2 record identifier(s) and 2 populated row(s) with assessment vocabulary; the file states nowhere whether its contents are synthetic or real
REAL - generated by label_scan.py from committed source; not synthetic,uiowa_rfq_18649_traceability_rehearsal,uiowa_rfq_18649_traceability_rehearsal/trace-map.csv,DISCLOSED,RECORDS,138,carries 5 record identifier(s) and 5 populated row(s) with assessment vocabulary; disclosure at byte 138
REAL - generated by label_scan.py from committed source; not synthetic,uiowa_rfq_18649_uncertainty_lint,uiowa_rfq_18649_uncertainty_lint/README.md,DISCLOSED,DOCUMENTATION,9225,documentation explains the kit; it presents no records
REAL - generated by label_scan.py from committed source; not synthetic,uiowa_rfq_18649_uncertainty_lint,uiowa_rfq_18649_uncertainty_lint/fixtures/labelled_lines.json,DISCLOSED,CONFIGURATION,4006,reads as schema/vocabulary/weights rather than records; a fiction label is not expected here
REAL - generated by label_scan.py from committed source; not synthetic,uiowa_rfq_18649_vocabulary_crosswalk,uiowa_rfq_18649_vocabulary_crosswalk/README.md,DISCLOSED,DOCUMENTATION,67,documentation explains the kit; it presents no records
REAL - generated by label_scan.py from committed source; not synthetic,uiowa_rfq_18649_vocabulary_crosswalk,uiowa_rfq_18649_vocabulary_crosswalk/crosswalk.json,DISCLOSED,PROSE_RESULT,1431,prose that states assessment results about the engagement's subjects; disclosure at byte 1431
REAL - generated by label_scan.py from committed source; not synthetic,uiowa_rfq_18649_vocabulary_crosswalk,uiowa_rfq_18649_vocabulary_crosswalk/output/VOCABULARY_REPORT.md,DISCLOSED,CONFIGURATION,100,reads as schema/vocabulary/weights rather than records; a fiction label is not expected here
REAL - generated by label_scan.py from committed source; not synthetic,uiowa_rfq_18649_vocabulary_crosswalk,uiowa_rfq_18649_vocabulary_crosswalk/output/needs_a_decision.csv,DISCLOSED,RECORDS,33,carries 0 record identifier(s) and 28 populated row(s) with assessment vocabulary; disclosure at byte 33
REAL - generated by label_scan.py from committed source; not synthetic,uiowa_rfq_18649_vocabulary_crosswalk,uiowa_rfq_18649_vocabulary_crosswalk/output/observations.csv,DISCLOSED,RECORDS,33,carries 0 record identifier(s) and 326 populated row(s) with assessment vocabulary; disclosure at byte 33
REAL - generated by label_scan.py from committed source; not synthetic,uiowa_rfq_18649_vocabulary_crosswalk,uiowa_rfq_18649_vocabulary_crosswalk/output/term_crosswalk.csv,DISCLOSED,RECORDS,33,carries 0 record identifier(s) and 54 populated row(s) with assessment vocabulary; disclosure at byte 33
REAL - generated by label_scan.py from committed source; not synthetic,uiowa_rfq_18649_vocabulary_crosswalk,uiowa_rfq_18649_vocabulary_crosswalk/output/vocabulary_report.json,DISCLOSED,CONFIGURATION,47,reads as schema/vocabulary/weights rather than records; a fiction label is not expected here
REAL - generated by label_scan.py from committed source; not synthetic,uiowa_rfq_18649_workbench,uiowa_rfq_18649_workbench/11-ais-context.md,UNDISCLOSED_PROVENANCE,PROSE_RESULT,,prose that states assessment results about the engagement's subjects; the file states nowhere whether its contents are synthetic or real
REAL - generated by label_scan.py from committed source; not synthetic,uiowa_rfq_18649_workbench,uiowa_rfq_18649_workbench/11-ais-service-responsibility.csv,UNDISCLOSED_PROVENANCE,RECORDS,,carries 0 record identifier(s) and 5 populated row(s) with assessment vocabulary; the file states nowhere whether its contents are synthetic or real
REAL - generated by label_scan.py from committed source; not synthetic,uiowa_rfq_18649_workbench,uiowa_rfq_18649_workbench/12-policy-context.csv,UNDISCLOSED_PROVENANCE,RECORDS,,carries 0 record identifier(s) and 19 populated row(s) with assessment vocabulary; the file states nowhere whether its contents are synthetic or real
REAL - generated by label_scan.py from committed source; not synthetic,uiowa_rfq_18649_workbench,uiowa_rfq_18649_workbench/12-policy-reference-memo.md,UNDISCLOSED_PROVENANCE,PROSE_RESULT,,prose that states assessment results about the engagement's subjects; the file states nowhere whether its contents are synthetic or real
REAL - generated by label_scan.py from committed source; not synthetic,uiowa_rfq_18649_workbench,uiowa_rfq_18649_workbench/19-metric-comparability.csv,LABEL_BURIED,RECORDS,10580,"carries 0 record identifier(s) and 26 populated row(s) with assessment vocabulary; disclosure appears at byte 10580, past the first 1500 bytes a reader sees"
REAL - generated by label_scan.py from committed source; not synthetic,uiowa_rfq_18649_workbench,uiowa_rfq_18649_workbench/19-reliability-peer-pack.md,DISCLOSED,CONFIGURATION,16115,reads as schema/vocabulary/weights rather than records; a fiction label is not expected here
REAL - generated by label_scan.py from committed source; not synthetic,uiowa_rfq_18649_workbench,uiowa_rfq_18649_workbench/41-sdlc-evidence-worksheet.csv,UNLABELED_CONFIG_SHAPED,CONFIGURATION,,reads as schema/vocabulary/weights rather than records; a fiction label is not expected here
REAL - generated by label_scan.py from committed source; not synthetic,uiowa_rfq_18649_workbench,uiowa_rfq_18649_workbench/41-sdlc-workflow-evidence-map.md,DISCLOSED,PROSE_RESULT,151,prose that states assessment results about the engagement's subjects; disclosure at byte 151
REAL - generated by label_scan.py from committed source; not synthetic,uiowa_rfq_18649_workbench,uiowa_rfq_18649_workbench/41-synthetic-change-trace.csv,DISCLOSED,RECORDS,397,carries 1 record identifier(s) and 13 populated row(s) with assessment vocabulary; disclosure at byte 397
REAL - generated by label_scan.py from committed source; not synthetic,uiowa_rfq_18649_workbench,uiowa_rfq_18649_workbench/README.md,DISCLOSED,DOCUMENTATION,1048,documentation explains the kit; it presents no records
REAL - generated by label_scan.py from committed source; not synthetic,uiowa_rfq_18649_workbench,uiowa_rfq_18649_workbench/framework_crosswalk/20-adaptation-memo.md,DISCLOSED,CONFIGURATION,183,reads as schema/vocabulary/weights rather than records; a fiction label is not expected here
REAL - generated by label_scan.py from committed source; not synthetic,uiowa_rfq_18649_workbench,uiowa_rfq_18649_workbench/framework_crosswalk/20-framework-crosswalk.csv,LABEL_BURIED,RECORDS,1531,"carries 0 record identifier(s) and 64 populated row(s) with assessment vocabulary; disclosure appears at byte 1531, past the first 1500 bytes a reader sees"
REAL - generated by label_scan.py from committed source; not synthetic,uiowa_rfq_18649_workbench,uiowa_rfq_18649_workbench/framework_crosswalk/20-source-version-register.csv,UNDISCLOSED_PROVENANCE,RECORDS,,carries 0 record identifier(s) and 8 populated row(s) with assessment vocabulary; the file states nowhere whether its contents are synthetic or real
REAL - generated by label_scan.py from committed source; not synthetic,uiowa_rfq_18649_workshare,uiowa_rfq_18649_workshare/ACCEPTANCE_CHANGELOG.md,NOT_EVIDENCE,OTHER,,neither record-shaped nor obviously configuration
REAL - generated by label_scan.py from committed source; not synthetic,uiowa_rfq_18649_workshare,uiowa_rfq_18649_workshare/ACCEPTANCE_EXHIBIT.md,DISCLOSED,CONFIGURATION,669,reads as schema/vocabulary/weights rather than records; a fiction label is not expected here
REAL - generated by label_scan.py from committed source; not synthetic,uiowa_rfq_18649_workshare,uiowa_rfq_18649_workshare/ACCEPTANCE_EXHIBIT_REDLINE.md,NOT_EVIDENCE,OTHER,,neither record-shaped nor obviously configuration
REAL - generated by label_scan.py from committed source; not synthetic,uiowa_rfq_18649_workshare,uiowa_rfq_18649_workshare/COMMERCIAL.md,LABEL_BURIED,PROSE_RESULT,1951,"prose that states assessment results about the engagement's subjects; disclosure appears at byte 1951, past the first 1500 bytes a reader sees"
REAL - generated by label_scan.py from committed source; not synthetic,uiowa_rfq_18649_workshare,uiowa_rfq_18649_workshare/README.md,DISCLOSED,DOCUMENTATION,597,documentation explains the kit; it presents no records
REAL - generated by label_scan.py from committed source; not synthetic,uiowa_rfq_18649_workshare,uiowa_rfq_18649_workshare/fixtures/synthetic_authority.json,DISCLOSED,RECORDS,25,carries 6 record identifier(s) and 0 populated row(s) with assessment vocabulary; disclosure at byte 25
REAL - generated by label_scan.py from committed source; not synthetic,uiowa_rfq_18649_workshare,uiowa_rfq_18649_workshare/fixtures/synthetic_packet.json,DISCLOSED,RECORDS,35,carries 3 record identifier(s) and 0 populated row(s) with assessment vocabulary; disclosure at byte 35
REAL - generated by label_scan.py from committed source; not synthetic,uiowa_rfq_18649_workshare,uiowa_rfq_18649_workshare/methodology/23-evidence-confidence.md,DISCLOSED,PROSE_RESULT,38,prose that states assessment results about the engagement's subjects; disclosure at byte 38
REAL - generated by label_scan.py from committed source; not synthetic,uiowa_rfq_18649_workshare,uiowa_rfq_18649_workshare/methodology/23-synthetic-evidence-register.csv,DISCLOSED,RECORDS,361,carries 22 record identifier(s) and 7 populated row(s) with assessment vocabulary; disclosure at byte 361
REAL - generated by label_scan.py from committed source; not synthetic,uiowa_rfq_18649_workshare,uiowa_rfq_18649_workshare/peer_research/17-context-to-interview-matrix.md,DISCLOSED,CONFIGURATION,759,reads as schema/vocabulary/weights rather than records; a fiction label is not expected here
REAL - generated by label_scan.py from committed source; not synthetic,uiowa_rfq_18649_workshare,uiowa_rfq_18649_workshare/peer_research/17-ris-peer-pack.md,LABEL_BURIED,PROSE_RESULT,9855,"prose that states assessment results about the engagement's subjects; disclosure appears at byte 9855, past the first 1500 bytes a reader sees"
REAL - generated by label_scan.py from committed source; not synthetic,uiowa_rfq_18649_workshare,uiowa_rfq_18649_workshare/peer_research/17-source-register.md,UNDISCLOSED_PROVENANCE,PROSE_RESULT,,prose that states assessment results about the engagement's subjects; the file states nowhere whether its contents are synthetic or real
