experiment,seed,candidate_seat,opponent,own_cash,opponent_cash,margin,steps,wall_seconds,startup_seconds,first_call_seconds,max_call_seconds,call_cpu_seconds,peak_rss_kib,trace_sha256,action_counts,market_units,market_cash
animal-harvest-development,9500109,0,arlene,95699.0,113284.0,-17585.0,719,6.303613206000591,0.0826510219994816,,0.1826101189981273,0.9186197740000005,30972,f608d8dd6f0a4c8a40102a7b95a53c2bb375ecd3b7fe5045b0a2b62858f16d4b,"{""BUILD_PASTURE"": 15, ""CARE"": 341, ""COLLECT_FERTILIZER"": 336, ""DIG"": 53, ""DROP"": 139, ""EAST"": 766, ""FEED"": 346, ""FERTILIZE"": 80, ""HARVEST"": 421, ""NORTH"": 1001, ""PASS"": 365, ""PICKUP"": 297, ""PLACE"": 45, ""PLANT"": 202, ""SOUTH"": 763, ""WATER"": 977, ""WEST"": 937}","{""BUY_ANIMAL:COW"": 11, ""BUY_ANIMAL:SHEEP"": 4, ""BUY_PRODUCT:WHEAT"": 99, ""BUY_SEED:CARROT"": 20, ""BUY_SEED:MELON"": 11, ""BUY_SEED:STRAWBERRY"": 40, ""BUY_SEED:WHEAT"": 139, ""SELL:CARROT"": 54, ""SELL:FERTILIZER"": 246, ""SELL:MELON"": 64, ""SELL:MILK"": 239, ""SELL:STRAWBERRY"": 279, ""SELL:WHEAT"": 205, ""SELL:WOOL"": 127}","{""BUY_ANIMAL:COW"": 4400, ""BUY_ANIMAL:SHEEP"": 2000, ""BUY_PRODUCT:WHEAT"": 3753, ""BUY_SEED:CARROT"": 400, ""BUY_SEED:MELON"": 880, ""BUY_SEED:STRAWBERRY"": 4000, ""BUY_SEED:WHEAT"": 1390, ""SELL:CARROT"": 1641, ""SELL:FERTILIZER"": 11055, ""SELL:MELON"": 12505, ""SELL:MILK"": 58536, ""SELL:STRAWBERRY"": 21705, ""SELL:WHEAT"": 9111, ""SELL:WOOL"": 6099}"
animal-harvest-development,9500109,1,arlene,95699.0,113284.0,-17585.0,719,7.16061462899961,0.05370560500159627,,0.10360943500199937,0.8721605760000004,30968,de05fef6ca3d037fe586a949b74b56893e5fa7c7e98f0432b59c7a0a5a59c98f,"{""BUILD_PASTURE"": 15, ""CARE"": 341, ""COLLECT_FERTILIZER"": 336, ""DIG"": 53, ""DROP"": 139, ""EAST"": 766, ""FEED"": 346, ""FERTILIZE"": 80, ""HARVEST"": 421, ""NORTH"": 1001, ""PASS"": 365, ""PICKUP"": 297, ""PLACE"": 45, ""PLANT"": 202, ""SOUTH"": 763, ""WATER"": 977, ""WEST"": 937}","{""BUY_ANIMAL:COW"": 11, ""BUY_ANIMAL:SHEEP"": 4, ""BUY_PRODUCT:WHEAT"": 99, ""BUY_SEED:CARROT"": 20, ""BUY_SEED:MELON"": 11, ""BUY_SEED:STRAWBERRY"": 40, ""BUY_SEED:WHEAT"": 139, ""SELL:CARROT"": 54, ""SELL:FERTILIZER"": 246, ""SELL:MELON"": 64, ""SELL:MILK"": 239, ""SELL:STRAWBERRY"": 279, ""SELL:WHEAT"": 205, ""SELL:WOOL"": 127}","{""BUY_ANIMAL:COW"": 4400, ""BUY_ANIMAL:SHEEP"": 2000, ""BUY_PRODUCT:WHEAT"": 3753, ""BUY_SEED:CARROT"": 400, ""BUY_SEED:MELON"": 880, ""BUY_SEED:STRAWBERRY"": 4000, ""BUY_SEED:WHEAT"": 1390, ""SELL:CARROT"": 1641, ""SELL:FERTILIZER"": 11055, ""SELL:MELON"": 12505, ""SELL:MILK"": 58536, ""SELL:STRAWBERRY"": 21705, ""SELL:WHEAT"": 9111, ""SELL:WOOL"": 6099}"
animal-harvest-development,9500109,0,apex,94896.0,108067.0,-13171.0,719,6.850950386997283,0.05407319199730409,,0.1626581089985848,0.9155487459999994,37764,030d8092e78e6ad6c2ad82a38fd5a439a50b5a4221f224c4936514d79c611c68,"{""BUILD_PASTURE"": 15, ""CARE"": 341, ""COLLECT_FERTILIZER"": 336, ""DIG"": 53, ""DROP"": 139, ""EAST"": 766, ""FEED"": 346, ""FERTILIZE"": 80, ""HARVEST"": 421, ""NORTH"": 1001, ""PASS"": 365, ""PICKUP"": 297, ""PLACE"": 45, ""PLANT"": 202, ""SOUTH"": 763, ""WATER"": 977, ""WEST"": 937}","{""BUY_ANIMAL:COW"": 11, ""BUY_ANIMAL:SHEEP"": 4, ""BUY_PRODUCT:WHEAT"": 100, ""BUY_SEED:CARROT"": 20, ""BUY_SEED:MELON"": 11, ""BUY_SEED:STRAWBERRY"": 40, ""BUY_SEED:WHEAT"": 139, ""SELL:CARROT"": 54, ""SELL:FERTILIZER"": 246, ""SELL:MELON"": 64, ""SELL:MILK"": 239, ""SELL:STRAWBERRY"": 279, ""SELL:WHEAT"": 205, ""SELL:WOOL"": 127}","{""BUY_ANIMAL:COW"": 4400, ""BUY_ANIMAL:SHEEP"": 2000, ""BUY_PRODUCT:WHEAT"": 3780, ""BUY_SEED:CARROT"": 400, ""BUY_SEED:MELON"": 880, ""BUY_SEED:STRAWBERRY"": 4000, ""BUY_SEED:WHEAT"": 1390, ""SELL:CARROT"": 1731, ""SELL:FERTILIZER"": 11003, ""SELL:MELON"": 12505, ""SELL:MILK"": 58429, ""SELL:STRAWBERRY"": 21061, ""SELL:WHEAT"": 9048, ""SELL:WOOL"": 6099}"
animal-harvest-development,9500109,1,apex,94896.0,108067.0,-13171.0,719,7.4162278000003425,0.06804357500004699,,0.14268402800007607,1.0359902760000015,48636,b2eafb844808d77ffb3eff9541fe137298bc5f750dc94437338a0f5dbf1752cf,"{""BUILD_PASTURE"": 15, ""CARE"": 341, ""COLLECT_FERTILIZER"": 336, ""DIG"": 53, ""DROP"": 139, ""EAST"": 766, ""FEED"": 346, ""FERTILIZE"": 80, ""HARVEST"": 421, ""NORTH"": 1001, ""PASS"": 365, ""PICKUP"": 297, ""PLACE"": 45, ""PLANT"": 202, ""SOUTH"": 763, ""WATER"": 977, ""WEST"": 937}","{""BUY_ANIMAL:COW"": 11, ""BUY_ANIMAL:SHEEP"": 4, ""BUY_PRODUCT:WHEAT"": 100, ""BUY_SEED:CARROT"": 20, ""BUY_SEED:MELON"": 11, ""BUY_SEED:STRAWBERRY"": 40, ""BUY_SEED:WHEAT"": 139, ""SELL:CARROT"": 54, ""SELL:FERTILIZER"": 246, ""SELL:MELON"": 64, ""SELL:MILK"": 239, ""SELL:STRAWBERRY"": 279, ""SELL:WHEAT"": 205, ""SELL:WOOL"": 127}","{""BUY_ANIMAL:COW"": 4400, ""BUY_ANIMAL:SHEEP"": 2000, ""BUY_PRODUCT:WHEAT"": 3780, ""BUY_SEED:CARROT"": 400, ""BUY_SEED:MELON"": 880, ""BUY_SEED:STRAWBERRY"": 4000, ""BUY_SEED:WHEAT"": 1390, ""SELL:CARROT"": 1731, ""SELL:FERTILIZER"": 11003, ""SELL:MELON"": 12505, ""SELL:MILK"": 58429, ""SELL:STRAWBERRY"": 21061, ""SELL:WHEAT"": 9048, ""SELL:WOOL"": 6099}"
arlene-self-control-extra,9500337,0,arlene,132693.0,132693.0,0.0,719,5.80558353699962,0.1679323040007148,,0.02355658599844901,0.3126329319999991,21328,97ff2232c8a78cf07848b61c7d0b99ad7479d344cbb452d850d84fdbfec19c43,"{""BUILD_COOP"": 4, ""BUILD_PASTURE"": 14, ""CARE"": 381, ""COLLECT_FERTILIZER"": 384, ""DIG"": 35, ""DROP"": 19, ""EAST"": 704, ""FEED"": 361, ""FERTILIZE"": 98, ""HARVEST"": 481, ""NORTH"": 982, ""PASS"": 528, ""PICKUP"": 162, ""PLACE"": 108, ""PLANT"": 240, ""SOUTH"": 550, ""WATER"": 1122, ""WEST"": 976}","{""BUY_ANIMAL:COW"": 9, ""BUY_ANIMAL:GOOSE"": 3, ""BUY_ANIMAL:SHEEP"": 5, ""BUY_PRODUCT:FERTILIZER"": 64, ""BUY_PRODUCT:WHEAT"": 148, ""BUY_SEED:CARROT"": 31, ""BUY_SEED:MELON"": 12, ""BUY_SEED:STRAWBERRY"": 33, ""BUY_SEED:WHEAT"": 188, ""SELL:CARROT"": 93, ""SELL:EGG"": 79, ""SELL:FERTILIZER"": 348, ""SELL:MELON"": 72, ""SELL:MILK"": 261, ""SELL:STRAWBERRY"": 262, ""SELL:WHEAT"": 309, ""SELL:WOOL"": 131}","{""BUY_ANIMAL:COW"": 3600, ""BUY_ANIMAL:GOOSE"": 900, ""BUY_ANIMAL:SHEEP"": 2500, ""BUY_PRODUCT:FERTILIZER"": 1920, ""BUY_PRODUCT:WHEAT"": 5325, ""BUY_SEED:CARROT"": 620, ""BUY_SEED:MELON"": 960, ""BUY_SEED:STRAWBERRY"": 3300, ""BUY_SEED:WHEAT"": 1880, ""SELL:CARROT"": 3820, ""SELL:EGG"": 4132, ""SELL:FERTILIZER"": 14518, ""SELL:MELON"": 14267, ""SELL:MILK"": 46669, ""SELL:STRAWBERRY"": 56909, ""SELL:WHEAT"": 13427, ""SELL:WOOL"": 5534}"
arlene-self-control-extra,9500337,1,arlene,132693.0,132693.0,0.0,719,7.238866690000577,0.06783370099947206,,0.034231593999720644,0.3289960330000002,26496,97ff2232c8a78cf07848b61c7d0b99ad7479d344cbb452d850d84fdbfec19c43,"{""BUILD_COOP"": 4, ""BUILD_PASTURE"": 14, ""CARE"": 381, ""COLLECT_FERTILIZER"": 384, ""DIG"": 35, ""DROP"": 19, ""EAST"": 704, ""FEED"": 361, ""FERTILIZE"": 98, ""HARVEST"": 481, ""NORTH"": 982, ""PASS"": 528, ""PICKUP"": 162, ""PLACE"": 108, ""PLANT"": 240, ""SOUTH"": 550, ""WATER"": 1122, ""WEST"": 976}","{""BUY_ANIMAL:COW"": 9, ""BUY_ANIMAL:GOOSE"": 3, ""BUY_ANIMAL:SHEEP"": 5, ""BUY_PRODUCT:FERTILIZER"": 64, ""BUY_PRODUCT:WHEAT"": 148, ""BUY_SEED:CARROT"": 31, ""BUY_SEED:MELON"": 12, ""BUY_SEED:STRAWBERRY"": 33, ""BUY_SEED:WHEAT"": 188, ""SELL:CARROT"": 93, ""SELL:EGG"": 79, ""SELL:FERTILIZER"": 348, ""SELL:MELON"": 72, ""SELL:MILK"": 261, ""SELL:STRAWBERRY"": 262, ""SELL:WHEAT"": 309, ""SELL:WOOL"": 131}","{""BUY_ANIMAL:COW"": 3600, ""BUY_ANIMAL:GOOSE"": 900, ""BUY_ANIMAL:SHEEP"": 2500, ""BUY_PRODUCT:FERTILIZER"": 1920, ""BUY_PRODUCT:WHEAT"": 5325, ""BUY_SEED:CARROT"": 620, ""BUY_SEED:MELON"": 960, ""BUY_SEED:STRAWBERRY"": 3300, ""BUY_SEED:WHEAT"": 1880, ""SELL:CARROT"": 3820, ""SELL:EGG"": 4132, ""SELL:FERTILIZER"": 14518, ""SELL:MELON"": 14267, ""SELL:MILK"": 46669, ""SELL:STRAWBERRY"": 56909, ""SELL:WHEAT"": 13427, ""SELL:WOOL"": 5534}"
arlene-self-control-extra,9500355,0,arlene,77222.0,77222.0,0.0,719,7.035402769997745,0.07057880699721863,,0.016903397998248693,0.3186768220000002,37280,93d725ff5811028a030b7fab4efb1744123b1674d8bee475058eb1bef16b23e5,"{""BUILD_COOP"": 1, ""BUILD_PASTURE"": 17, ""CARE"": 381, ""COLLECT_FERTILIZER"": 379, ""DIG"": 36, ""DROP"": 15, ""EAST"": 702, ""FEED"": 361, ""FERTILIZE"": 96, ""HARVEST"": 468, ""NORTH"": 985, ""PASS"": 585, ""PICKUP"": 163, ""PLACE"": 109, ""PLANT"": 239, ""SOUTH"": 546, ""WATER"": 1111, ""WEST"": 976}","{""BUY_ANIMAL:COW"": 9, ""BUY_ANIMAL:SHEEP"": 8, ""BUY_PRODUCT:FERTILIZER"": 65, ""BUY_PRODUCT:WHEAT"": 132, ""BUY_SEED:CARROT"": 5, ""BUY_SEED:MELON"": 12, ""BUY_SEED:STRAWBERRY"": 33, ""BUY_SEED:WHEAT"": 189, ""SELL:CARROT"": 9, ""SELL:FERTILIZER"": 348, ""SELL:MELON"": 72, ""SELL:MILK"": 261, ""SELL:STRAWBERRY"": 262, ""SELL:WHEAT"": 369, ""SELL:WOOL"": 196}","{""BUY_ANIMAL:COW"": 3600, ""BUY_ANIMAL:SHEEP"": 4000, ""BUY_PRODUCT:FERTILIZER"": 2162, ""BUY_PRODUCT:WHEAT"": 4664, ""BUY_SEED:CARROT"": 100, ""BUY_SEED:MELON"": 960, ""BUY_SEED:STRAWBERRY"": 3300, ""BUY_SEED:WHEAT"": 1890, ""SELL:CARROT"": 446, ""SELL:FERTILIZER"": 14760, ""SELL:MELON"": 14267, ""SELL:MILK"": 4407, ""SELL:STRAWBERRY"": 31884, ""SELL:WHEAT"": 15242, ""SELL:WOOL"": 22724}"
arlene-self-control-extra,9500355,1,arlene,77222.0,77222.0,0.0,719,5.678248075000738,0.056638087997271214,,0.01680551899698912,0.30851852700000015,47724,93d725ff5811028a030b7fab4efb1744123b1674d8bee475058eb1bef16b23e5,"{""BUILD_COOP"": 1, ""BUILD_PASTURE"": 17, ""CARE"": 381, ""COLLECT_FERTILIZER"": 379, ""DIG"": 36, ""DROP"": 15, ""EAST"": 702, ""FEED"": 361, ""FERTILIZE"": 96, ""HARVEST"": 468, ""NORTH"": 985, ""PASS"": 585, ""PICKUP"": 163, ""PLACE"": 109, ""PLANT"": 239, ""SOUTH"": 546, ""WATER"": 1111, ""WEST"": 976}","{""BUY_ANIMAL:COW"": 9, ""BUY_ANIMAL:SHEEP"": 8, ""BUY_PRODUCT:FERTILIZER"": 65, ""BUY_PRODUCT:WHEAT"": 132, ""BUY_SEED:CARROT"": 5, ""BUY_SEED:MELON"": 12, ""BUY_SEED:STRAWBERRY"": 33, ""BUY_SEED:WHEAT"": 189, ""SELL:CARROT"": 9, ""SELL:FERTILIZER"": 348, ""SELL:MELON"": 72, ""SELL:MILK"": 261, ""SELL:STRAWBERRY"": 262, ""SELL:WHEAT"": 369, ""SELL:WOOL"": 196}","{""BUY_ANIMAL:COW"": 3600, ""BUY_ANIMAL:SHEEP"": 4000, ""BUY_PRODUCT:FERTILIZER"": 2162, ""BUY_PRODUCT:WHEAT"": 4664, ""BUY_SEED:CARROT"": 100, ""BUY_SEED:MELON"": 960, ""BUY_SEED:STRAWBERRY"": 3300, ""BUY_SEED:WHEAT"": 1890, ""SELL:CARROT"": 446, ""SELL:FERTILIZER"": 14760, ""SELL:MELON"": 14267, ""SELL:MILK"": 4407, ""SELL:STRAWBERRY"": 31884, ""SELL:WHEAT"": 15242, ""SELL:WOOL"": 22724}"
arlene-self-control,9500301,0,arlene,69900.0,71083.0,-1183.0,719,5.943259521001892,0.07493062600042322,,0.02242878600009135,0.387087560000001,21328,04e71d881bcb1b6716f52efcd8d03fec8659b643b4f62ae979506185a98fe966,"{""BUILD_COOP"": 4, ""BUILD_PASTURE"": 13, ""CARE"": 364, ""COLLECT_FERTILIZER"": 368, ""DIG"": 37, ""DROP"": 22, ""EAST"": 701, ""FEED"": 314, ""FERTILIZE"": 98, ""HARVEST"": 470, ""NORTH"": 979, ""PASS"": 611, ""PICKUP"": 159, ""PLACE"": 107, ""PLANT"": 239, ""SOUTH"": 552, ""WATER"": 1122, ""WEST"": 969}","{""BUY_ANIMAL:COW"": 8, ""BUY_ANIMAL:GOOSE"": 3, ""BUY_ANIMAL:SHEEP"": 5, ""BUY_PRODUCT:FERTILIZER"": 78, ""BUY_PRODUCT:WHEAT"": 131, ""BUY_SEED:CARROT"": 31, ""BUY_SEED:MELON"": 12, ""BUY_SEED:STRAWBERRY"": 32, ""BUY_SEED:WHEAT"": 188, ""SELL:CARROT"": 93, ""SELL:EGG"": 79, ""SELL:FERTILIZER"": 304, ""SELL:MELON"": 72, ""SELL:MILK"": 180, ""SELL:STRAWBERRY"": 255, ""SELL:WHEAT"": 358, ""SELL:WOOL"": 122}","{""BUY_ANIMAL:COW"": 3200, ""BUY_ANIMAL:GOOSE"": 900, ""BUY_ANIMAL:SHEEP"": 2500, ""BUY_PRODUCT:FERTILIZER"": 2304, ""BUY_PRODUCT:WHEAT"": 4647, ""BUY_SEED:CARROT"": 620, ""BUY_SEED:MELON"": 960, ""BUY_SEED:STRAWBERRY"": 3200, ""BUY_SEED:WHEAT"": 1880, ""SELL:CARROT"": 5254, ""SELL:EGG"": 4866, ""SELL:FERTILIZER"": 14274, ""SELL:MELON"": 14267, ""SELL:MILK"": 4600, ""SELL:STRAWBERRY"": 30736, ""SELL:WHEAT"": 14697, ""SELL:WOOL"": 6906}"
arlene-self-control,9500301,1,arlene,71083.0,69900.0,1183.0,719,5.851397819998965,0.06018940500143799,,0.017880246999993687,0.33040331099999903,26624,04e71d881bcb1b6716f52efcd8d03fec8659b643b4f62ae979506185a98fe966,"{""BUILD_COOP"": 4, ""BUILD_PASTURE"": 14, ""CARE"": 364, ""COLLECT_FERTILIZER"": 368, ""DIG"": 36, ""DROP"": 22, ""EAST"": 701, ""FEED"": 315, ""FERTILIZE"": 98, ""HARVEST"": 469, ""NORTH"": 979, ""PASS"": 610, ""PICKUP"": 159, ""PLACE"": 107, ""PLANT"": 240, ""SOUTH"": 552, ""WATER"": 1122, ""WEST"": 969}","{""BUY_ANIMAL:COW"": 9, ""BUY_ANIMAL:GOOSE"": 3, ""BUY_ANIMAL:SHEEP"": 5, ""BUY_PRODUCT:FERTILIZER"": 76, ""BUY_PRODUCT:WHEAT"": 132, ""BUY_SEED:CARROT"": 31, ""BUY_SEED:MELON"": 12, ""BUY_SEED:STRAWBERRY"": 33, ""BUY_SEED:WHEAT"": 188, ""SELL:CARROT"": 93, ""SELL:EGG"": 79, ""SELL:FERTILIZER"": 323, ""SELL:MELON"": 72, ""SELL:MILK"": 207, ""SELL:STRAWBERRY"": 262, ""SELL:WHEAT"": 339, ""SELL:WOOL"": 122}","{""BUY_ANIMAL:COW"": 3600, ""BUY_ANIMAL:GOOSE"": 900, ""BUY_ANIMAL:SHEEP"": 2500, ""BUY_PRODUCT:FERTILIZER"": 2125, ""BUY_PRODUCT:WHEAT"": 4688, ""BUY_SEED:CARROT"": 620, ""BUY_SEED:MELON"": 960, ""BUY_SEED:STRAWBERRY"": 3300, ""BUY_SEED:WHEAT"": 1880, ""SELL:CARROT"": 5254, ""SELL:EGG"": 4863, ""SELL:FERTILIZER"": 15098, ""SELL:MELON"": 14267, ""SELL:MILK"": 5345, ""SELL:STRAWBERRY"": 31552, ""SELL:WHEAT"": 13860, ""SELL:WOOL"": 6906}"
arlene-self-control,9500319,0,arlene,80030.0,80147.0,-117.0,719,8.193792927999311,0.08982004499921459,,0.057979554003395606,0.4477928639999982,37136,d72784eee41030fa39ad92e50f696e48f7154af5735de4065f12abafbbb910ed,"{""BUILD_COOP"": 1, ""BUILD_PASTURE"": 17, ""CARE"": 381, ""COLLECT_FERTILIZER"": 379, ""DIG"": 37, ""DROP"": 15, ""EAST"": 702, ""FEED"": 361, ""FERTILIZE"": 96, ""HARVEST"": 468, ""NORTH"": 985, ""PASS"": 585, ""PICKUP"": 163, ""PLACE"": 109, ""PLANT"": 238, ""SOUTH"": 546, ""WATER"": 1111, ""WEST"": 976}","{""BUY_ANIMAL:COW"": 9, ""BUY_ANIMAL:SHEEP"": 8, ""BUY_PRODUCT:FERTILIZER"": 67, ""BUY_PRODUCT:WHEAT"": 144, ""BUY_SEED:CARROT"": 5, ""BUY_SEED:MELON"": 12, ""BUY_SEED:STRAWBERRY"": 33, ""BUY_SEED:WHEAT"": 189, ""SELL:CARROT"": 9, ""SELL:FERTILIZER"": 350, ""SELL:MELON"": 72, ""SELL:MILK"": 261, ""SELL:STRAWBERRY"": 262, ""SELL:WHEAT"": 378, ""SELL:WOOL"": 196}","{""BUY_ANIMAL:COW"": 3600, ""BUY_ANIMAL:SHEEP"": 4000, ""BUY_PRODUCT:FERTILIZER"": 2342, ""BUY_PRODUCT:WHEAT"": 4899, ""BUY_SEED:CARROT"": 100, ""BUY_SEED:MELON"": 960, ""BUY_SEED:STRAWBERRY"": 3300, ""BUY_SEED:WHEAT"": 1890, ""SELL:CARROT"": 549, ""SELL:FERTILIZER"": 14940, ""SELL:MELON"": 14267, ""SELL:MILK"": 4662, ""SELL:STRAWBERRY"": 11168, ""SELL:WHEAT"": 13374, ""SELL:WOOL"": 47993}"
arlene-self-control,9500319,1,arlene,80147.0,80030.0,117.0,719,6.363537572000496,0.08266880800147192,,0.11820323699794244,0.4360366199999991,47616,d72784eee41030fa39ad92e50f696e48f7154af5735de4065f12abafbbb910ed,"{""BUILD_COOP"": 1, ""BUILD_PASTURE"": 17, ""CARE"": 381, ""COLLECT_FERTILIZER"": 379, ""DIG"": 36, ""DROP"": 15, ""EAST"": 702, ""FEED"": 361, ""FERTILIZE"": 96, ""HARVEST"": 468, ""NORTH"": 985, ""PASS"": 585, ""PICKUP"": 163, ""PLACE"": 109, ""PLANT"": 239, ""SOUTH"": 546, ""WATER"": 1111, ""WEST"": 976}","{""BUY_ANIMAL:COW"": 9, ""BUY_ANIMAL:SHEEP"": 8, ""BUY_PRODUCT:FERTILIZER"": 67, ""BUY_PRODUCT:WHEAT"": 144, ""BUY_SEED:CARROT"": 5, ""BUY_SEED:MELON"": 12, ""BUY_SEED:STRAWBERRY"": 33, ""BUY_SEED:WHEAT"": 189, ""SELL:CARROT"": 9, ""SELL:FERTILIZER"": 350, ""SELL:MELON"": 72, ""SELL:MILK"": 261, ""SELL:STRAWBERRY"": 262, ""SELL:WHEAT"": 381, ""SELL:WOOL"": 196}","{""BUY_ANIMAL:COW"": 3600, ""BUY_ANIMAL:SHEEP"": 4000, ""BUY_PRODUCT:FERTILIZER"": 2342, ""BUY_PRODUCT:WHEAT"": 4899, ""BUY_SEED:CARROT"": 100, ""BUY_SEED:MELON"": 960, ""BUY_SEED:STRAWBERRY"": 3300, ""BUY_SEED:WHEAT"": 1890, ""SELL:CARROT"": 549, ""SELL:FERTILIZER"": 14940, ""SELL:MELON"": 14267, ""SELL:MILK"": 4662, ""SELL:STRAWBERRY"": 11168, ""SELL:WHEAT"": 13491, ""SELL:WOOL"": 47993}"
carrot-demand-development,9500401,0,arlene,82016.0,82016.0,0.0,719,6.636232711003686,0.06691107699589338,0.026639203999366146,0.026639203999366146,0.4062715009999993,21356,13d15aa13d83db3b4b3256c0a8fef35af9668f56eb906c9efa207a7df5175eba,"{""BUILD_COOP"": 1, ""BUILD_PASTURE"": 17, ""CARE"": 363, ""COLLECT_FERTILIZER"": 376, ""DIG"": 35, ""DROP"": 18, ""EAST"": 701, ""FEED"": 325, ""FERTILIZE"": 98, ""HARVEST"": 466, ""NORTH"": 979, ""PASS"": 596, ""PICKUP"": 161, ""PLACE"": 108, ""PLANT"": 240, ""SOUTH"": 548, ""WATER"": 1122, ""WEST"": 973}","{""BUY_ANIMAL:COW"": 9, ""BUY_ANIMAL:SHEEP"": 8, ""BUY_PRODUCT:FERTILIZER"": 75, ""BUY_PRODUCT:WHEAT"": 143, ""BUY_SEED:CARROT"": 31, ""BUY_SEED:MELON"": 12, ""BUY_SEED:STRAWBERRY"": 33, ""BUY_SEED:WHEAT"": 188, ""SELL:CARROT"": 93, ""SELL:FERTILIZER"": 324, ""SELL:MELON"": 72, ""SELL:MILK"": 207, ""SELL:STRAWBERRY"": 262, ""SELL:WHEAT"": 340, ""SELL:WOOL"": 196}","{""BUY_ANIMAL:COW"": 3600, ""BUY_ANIMAL:SHEEP"": 4000, ""BUY_PRODUCT:FERTILIZER"": 2163, ""BUY_PRODUCT:WHEAT"": 4961, ""BUY_SEED:CARROT"": 620, ""BUY_SEED:MELON"": 960, ""BUY_SEED:STRAWBERRY"": 3300, ""BUY_SEED:WHEAT"": 1880, ""SELL:CARROT"": 5379, ""SELL:FERTILIZER"": 14677, ""SELL:MELON"": 14267, ""SELL:MILK"": 4351, ""SELL:STRAWBERRY"": 10786, ""SELL:WHEAT"": 12167, ""SELL:WOOL"": 47417}"
carrot-demand-development,9500401,1,arlene,82016.0,82016.0,0.0,719,6.206941964999714,0.06396007099829149,0.021276175997627433,0.021276175997627433,0.3530144439999998,28672,13d15aa13d83db3b4b3256c0a8fef35af9668f56eb906c9efa207a7df5175eba,"{""BUILD_COOP"": 1, ""BUILD_PASTURE"": 17, ""CARE"": 363, ""COLLECT_FERTILIZER"": 376, ""DIG"": 35, ""DROP"": 18, ""EAST"": 701, ""FEED"": 325, ""FERTILIZE"": 98, ""HARVEST"": 466, ""NORTH"": 979, ""PASS"": 596, ""PICKUP"": 161, ""PLACE"": 108, ""PLANT"": 240, ""SOUTH"": 548, ""WATER"": 1122, ""WEST"": 973}","{""BUY_ANIMAL:COW"": 9, ""BUY_ANIMAL:SHEEP"": 8, ""BUY_PRODUCT:FERTILIZER"": 75, ""BUY_PRODUCT:WHEAT"": 143, ""BUY_SEED:CARROT"": 31, ""BUY_SEED:MELON"": 12, ""BUY_SEED:STRAWBERRY"": 33, ""BUY_SEED:WHEAT"": 188, ""SELL:CARROT"": 93, ""SELL:FERTILIZER"": 324, ""SELL:MELON"": 72, ""SELL:MILK"": 207, ""SELL:STRAWBERRY"": 262, ""SELL:WHEAT"": 340, ""SELL:WOOL"": 196}","{""BUY_ANIMAL:COW"": 3600, ""BUY_ANIMAL:SHEEP"": 4000, ""BUY_PRODUCT:FERTILIZER"": 2163, ""BUY_PRODUCT:WHEAT"": 4961, ""BUY_SEED:CARROT"": 620, ""BUY_SEED:MELON"": 960, ""BUY_SEED:STRAWBERRY"": 3300, ""BUY_SEED:WHEAT"": 1880, ""SELL:CARROT"": 5379, ""SELL:FERTILIZER"": 14677, ""SELL:MELON"": 14267, ""SELL:MILK"": 4351, ""SELL:STRAWBERRY"": 10786, ""SELL:WHEAT"": 12167, ""SELL:WOOL"": 47417}"
carrot-demand-development,9500401,0,apex,82541.0,77294.0,5247.0,719,6.463947507996636,0.09932594800193328,0.041816427001322154,0.041816427001322154,0.3590083040000005,41020,0d46f46246f32b861c37c034b9e6a2fc9cf5f0f44b5cab006ba6d9073d09138b,"{""BUILD_COOP"": 1, ""BUILD_PASTURE"": 17, ""CARE"": 363, ""COLLECT_FERTILIZER"": 376, ""DIG"": 35, ""DROP"": 18, ""EAST"": 701, ""FEED"": 325, ""FERTILIZE"": 98, ""HARVEST"": 466, ""NORTH"": 979, ""PASS"": 596, ""PICKUP"": 161, ""PLACE"": 108, ""PLANT"": 240, ""SOUTH"": 548, ""WATER"": 1122, ""WEST"": 973}","{""BUY_ANIMAL:COW"": 9, ""BUY_ANIMAL:SHEEP"": 8, ""BUY_PRODUCT:FERTILIZER"": 75, ""BUY_PRODUCT:WHEAT"": 143, ""BUY_SEED:CARROT"": 31, ""BUY_SEED:MELON"": 12, ""BUY_SEED:STRAWBERRY"": 33, ""BUY_SEED:WHEAT"": 188, ""SELL:CARROT"": 93, ""SELL:FERTILIZER"": 324, ""SELL:MELON"": 72, ""SELL:MILK"": 207, ""SELL:STRAWBERRY"": 262, ""SELL:WHEAT"": 340, ""SELL:WOOL"": 196}","{""BUY_ANIMAL:COW"": 3600, ""BUY_ANIMAL:SHEEP"": 4000, ""BUY_PRODUCT:FERTILIZER"": 2151, ""BUY_PRODUCT:WHEAT"": 4960, ""BUY_SEED:CARROT"": 620, ""BUY_SEED:MELON"": 960, ""BUY_SEED:STRAWBERRY"": 3300, ""BUY_SEED:WHEAT"": 1880, ""SELL:CARROT"": 5627, ""SELL:FERTILIZER"": 14630, ""SELL:MELON"": 14267, ""SELL:MILK"": 4355, ""SELL:STRAWBERRY"": 10911, ""SELL:WHEAT"": 12351, ""SELL:WOOL"": 47415}"
carrot-demand-development,9500401,1,apex,82541.0,77294.0,5247.0,719,6.222497307004232,0.08386400799645344,0.024244209998869337,0.024244209998869337,0.344066720000001,53380,6756a6ea97a9559669419d533c99511b9f2f0f60b48cce547f3a1669b6c3eafc,"{""BUILD_COOP"": 1, ""BUILD_PASTURE"": 17, ""CARE"": 363, ""COLLECT_FERTILIZER"": 376, ""DIG"": 35, ""DROP"": 18, ""EAST"": 701, ""FEED"": 325, ""FERTILIZE"": 98, ""HARVEST"": 466, ""NORTH"": 979, ""PASS"": 596, ""PICKUP"": 161, ""PLACE"": 108, ""PLANT"": 240, ""SOUTH"": 548, ""WATER"": 1122, ""WEST"": 973}","{""BUY_ANIMAL:COW"": 9, ""BUY_ANIMAL:SHEEP"": 8, ""BUY_PRODUCT:FERTILIZER"": 75, ""BUY_PRODUCT:WHEAT"": 143, ""BUY_SEED:CARROT"": 31, ""BUY_SEED:MELON"": 12, ""BUY_SEED:STRAWBERRY"": 33, ""BUY_SEED:WHEAT"": 188, ""SELL:CARROT"": 93, ""SELL:FERTILIZER"": 324, ""SELL:MELON"": 72, ""SELL:MILK"": 207, ""SELL:STRAWBERRY"": 262, ""SELL:WHEAT"": 340, ""SELL:WOOL"": 196}","{""BUY_ANIMAL:COW"": 3600, ""BUY_ANIMAL:SHEEP"": 4000, ""BUY_PRODUCT:FERTILIZER"": 2151, ""BUY_PRODUCT:WHEAT"": 4960, ""BUY_SEED:CARROT"": 620, ""BUY_SEED:MELON"": 960, ""BUY_SEED:STRAWBERRY"": 3300, ""BUY_SEED:WHEAT"": 1880, ""SELL:CARROT"": 5627, ""SELL:FERTILIZER"": 14630, ""SELL:MELON"": 14267, ""SELL:MILK"": 4355, ""SELL:STRAWBERRY"": 10911, ""SELL:WHEAT"": 12351, ""SELL:WOOL"": 47415}"
carrot-demand-development,9500419,0,arlene,86926.0,86003.0,923.0,719,6.1750098319971585,0.11458122500334866,0.03448644700256409,0.03448644700256409,0.3505519450000005,66032,dd3d8bcc96e80295d821d341e81b9a97809649d5476adcd3f94dda4bd6c317bb,"{""BUILD_COOP"": 1, ""BUILD_PASTURE"": 17, ""CARE"": 363, ""COLLECT_FERTILIZER"": 376, ""DIG"": 35, ""DROP"": 18, ""EAST"": 701, ""FEED"": 325, ""FERTILIZE"": 98, ""HARVEST"": 466, ""NORTH"": 979, ""PASS"": 596, ""PICKUP"": 161, ""PLACE"": 108, ""PLANT"": 240, ""SOUTH"": 548, ""WATER"": 1122, ""WEST"": 973}","{""BUY_ANIMAL:COW"": 9, ""BUY_ANIMAL:SHEEP"": 8, ""BUY_PRODUCT:FERTILIZER"": 75, ""BUY_PRODUCT:WHEAT"": 150, ""BUY_SEED:CARROT"": 31, ""BUY_SEED:MELON"": 12, ""BUY_SEED:STRAWBERRY"": 33, ""BUY_SEED:WHEAT"": 188, ""SELL:CARROT"": 93, ""SELL:FERTILIZER"": 324, ""SELL:MELON"": 72, ""SELL:MILK"": 207, ""SELL:STRAWBERRY"": 262, ""SELL:WHEAT"": 347, ""SELL:WOOL"": 196}","{""BUY_ANIMAL:COW"": 3600, ""BUY_ANIMAL:SHEEP"": 4000, ""BUY_PRODUCT:FERTILIZER"": 2162, ""BUY_PRODUCT:WHEAT"": 5244, ""BUY_SEED:CARROT"": 620, ""BUY_SEED:MELON"": 960, ""BUY_SEED:STRAWBERRY"": 3300, ""BUY_SEED:WHEAT"": 1880, ""SELL:CARROT"": 6018, ""SELL:FERTILIZER"": 14692, ""SELL:MELON"": 14267, ""SELL:MILK"": 8972, ""SELL:STRAWBERRY"": 14487, ""SELL:WHEAT"": 13896, ""SELL:WOOL"": 41904}"
carrot-demand-development,9500419,1,arlene,86926.0,86003.0,923.0,719,5.965476547004073,0.0805051019997336,0.025907702001859434,0.025907702001859434,0.34113103699999847,71172,3c8889cf4318cea4a9781807def2872a47fe03a4f71668895861cd95763e5aaf,"{""BUILD_COOP"": 1, ""BUILD_PASTURE"": 17, ""CARE"": 363, ""COLLECT_FERTILIZER"": 376, ""DIG"": 35, ""DROP"": 18, ""EAST"": 701, ""FEED"": 325, ""FERTILIZE"": 98, ""HARVEST"": 466, ""NORTH"": 979, ""PASS"": 596, ""PICKUP"": 161, ""PLACE"": 108, ""PLANT"": 240, ""SOUTH"": 548, ""WATER"": 1122, ""WEST"": 973}","{""BUY_ANIMAL:COW"": 9, ""BUY_ANIMAL:SHEEP"": 8, ""BUY_PRODUCT:FERTILIZER"": 75, ""BUY_PRODUCT:WHEAT"": 150, ""BUY_SEED:CARROT"": 31, ""BUY_SEED:MELON"": 12, ""BUY_SEED:STRAWBERRY"": 33, ""BUY_SEED:WHEAT"": 188, ""SELL:CARROT"": 93, ""SELL:FERTILIZER"": 324, ""SELL:MELON"": 72, ""SELL:MILK"": 207, ""SELL:STRAWBERRY"": 262, ""SELL:WHEAT"": 347, ""SELL:WOOL"": 196}","{""BUY_ANIMAL:COW"": 3600, ""BUY_ANIMAL:SHEEP"": 4000, ""BUY_PRODUCT:FERTILIZER"": 2162, ""BUY_PRODUCT:WHEAT"": 5244, ""BUY_SEED:CARROT"": 620, ""BUY_SEED:MELON"": 960, ""BUY_SEED:STRAWBERRY"": 3300, ""BUY_SEED:WHEAT"": 1880, ""SELL:CARROT"": 6018, ""SELL:FERTILIZER"": 14692, ""SELL:MELON"": 14267, ""SELL:MILK"": 8972, ""SELL:STRAWBERRY"": 14487, ""SELL:WHEAT"": 13896, ""SELL:WOOL"": 41904}"
carrot-demand-development,9500419,0,apex,87582.0,83755.0,3827.0,719,6.285819422999339,0.060248390000197105,0.018961478999699466,0.025057096005184576,0.3750214949999999,82096,f619d91580416fc138cdc45b96c3e147092368cf5dae3556e38888b9cb3ff831,"{""BUILD_COOP"": 1, ""BUILD_PASTURE"": 17, ""CARE"": 363, ""COLLECT_FERTILIZER"": 376, ""DIG"": 35, ""DROP"": 18, ""EAST"": 701, ""FEED"": 325, ""FERTILIZE"": 98, ""HARVEST"": 466, ""NORTH"": 979, ""PASS"": 596, ""PICKUP"": 161, ""PLACE"": 108, ""PLANT"": 240, ""SOUTH"": 548, ""WATER"": 1122, ""WEST"": 973}","{""BUY_ANIMAL:COW"": 9, ""BUY_ANIMAL:SHEEP"": 8, ""BUY_PRODUCT:FERTILIZER"": 75, ""BUY_PRODUCT:WHEAT"": 150, ""BUY_SEED:CARROT"": 31, ""BUY_SEED:MELON"": 12, ""BUY_SEED:STRAWBERRY"": 33, ""BUY_SEED:WHEAT"": 188, ""SELL:CARROT"": 93, ""SELL:FERTILIZER"": 324, ""SELL:MELON"": 72, ""SELL:MILK"": 207, ""SELL:STRAWBERRY"": 262, ""SELL:WHEAT"": 347, ""SELL:WOOL"": 196}","{""BUY_ANIMAL:COW"": 3600, ""BUY_ANIMAL:SHEEP"": 4000, ""BUY_PRODUCT:FERTILIZER"": 2151, ""BUY_PRODUCT:WHEAT"": 5244, ""BUY_SEED:CARROT"": 620, ""BUY_SEED:MELON"": 960, ""BUY_SEED:STRAWBERRY"": 3300, ""BUY_SEED:WHEAT"": 1880, ""SELL:CARROT"": 5997, ""SELL:FERTILIZER"": 14630, ""SELL:MELON"": 14267, ""SELL:MILK"": 9537, ""SELL:STRAWBERRY"": 14729, ""SELL:WHEAT"": 13870, ""SELL:WOOL"": 41851}"
carrot-demand-development,9500419,1,apex,87582.0,83755.0,3827.0,719,6.2789193889984745,0.05824993900023401,0.01919713999814121,0.01919713999814121,0.32726117000000027,93152,08c9bdc9437ac36ce438c4578f6437ce75ed1449f7d4b0b7869522ac30a26050,"{""BUILD_COOP"": 1, ""BUILD_PASTURE"": 17, ""CARE"": 363, ""COLLECT_FERTILIZER"": 376, ""DIG"": 35, ""DROP"": 18, ""EAST"": 701, ""FEED"": 325, ""FERTILIZE"": 98, ""HARVEST"": 466, ""NORTH"": 979, ""PASS"": 596, ""PICKUP"": 161, ""PLACE"": 108, ""PLANT"": 240, ""SOUTH"": 548, ""WATER"": 1122, ""WEST"": 973}","{""BUY_ANIMAL:COW"": 9, ""BUY_ANIMAL:SHEEP"": 8, ""BUY_PRODUCT:FERTILIZER"": 75, ""BUY_PRODUCT:WHEAT"": 150, ""BUY_SEED:CARROT"": 31, ""BUY_SEED:MELON"": 12, ""BUY_SEED:STRAWBERRY"": 33, ""BUY_SEED:WHEAT"": 188, ""SELL:CARROT"": 93, ""SELL:FERTILIZER"": 324, ""SELL:MELON"": 72, ""SELL:MILK"": 207, ""SELL:STRAWBERRY"": 262, ""SELL:WHEAT"": 347, ""SELL:WOOL"": 196}","{""BUY_ANIMAL:COW"": 3600, ""BUY_ANIMAL:SHEEP"": 4000, ""BUY_PRODUCT:FERTILIZER"": 2151, ""BUY_PRODUCT:WHEAT"": 5244, ""BUY_SEED:CARROT"": 620, ""BUY_SEED:MELON"": 960, ""BUY_SEED:STRAWBERRY"": 3300, ""BUY_SEED:WHEAT"": 1880, ""SELL:CARROT"": 5997, ""SELL:FERTILIZER"": 14630, ""SELL:MELON"": 14267, ""SELL:MILK"": 9537, ""SELL:STRAWBERRY"": 14729, ""SELL:WHEAT"": 13870, ""SELL:WOOL"": 41851}"
carrot-demand-development,9500437,0,arlene,97429.0,97429.0,0.0,719,6.3453959219987155,0.07329468600073596,0.02161744099430507,0.02161744099430507,0.34313838700000004,104260,d207c871830c704ebf88aa6bfbadacc14337fce91a3b8804b252ec44dab681b2,"{""BUILD_COOP"": 1, ""BUILD_PASTURE"": 17, ""CARE"": 363, ""COLLECT_FERTILIZER"": 376, ""DIG"": 35, ""DROP"": 18, ""EAST"": 701, ""FEED"": 325, ""FERTILIZE"": 98, ""HARVEST"": 466, ""NORTH"": 979, ""PASS"": 596, ""PICKUP"": 161, ""PLACE"": 108, ""PLANT"": 240, ""SOUTH"": 548, ""WATER"": 1122, ""WEST"": 973}","{""BUY_ANIMAL:COW"": 9, ""BUY_ANIMAL:SHEEP"": 8, ""BUY_PRODUCT:FERTILIZER"": 75, ""BUY_PRODUCT:WHEAT"": 143, ""BUY_SEED:CARROT"": 31, ""BUY_SEED:MELON"": 12, ""BUY_SEED:STRAWBERRY"": 33, ""BUY_SEED:WHEAT"": 188, ""SELL:CARROT"": 93, ""SELL:FERTILIZER"": 324, ""SELL:MELON"": 72, ""SELL:MILK"": 207, ""SELL:STRAWBERRY"": 262, ""SELL:WHEAT"": 340, ""SELL:WOOL"": 196}","{""BUY_ANIMAL:COW"": 3600, ""BUY_ANIMAL:SHEEP"": 4000, ""BUY_PRODUCT:FERTILIZER"": 2163, ""BUY_PRODUCT:WHEAT"": 4961, ""BUY_SEED:CARROT"": 620, ""BUY_SEED:MELON"": 960, ""BUY_SEED:STRAWBERRY"": 3300, ""BUY_SEED:WHEAT"": 1880, ""SELL:CARROT"": 4608, ""SELL:FERTILIZER"": 14677, ""SELL:MELON"": 14267, ""SELL:MILK"": 7635, ""SELL:STRAWBERRY"": 24207, ""SELL:WHEAT"": 14143, ""SELL:WOOL"": 44920}"
carrot-demand-development,9500437,1,arlene,97429.0,97429.0,0.0,719,5.686347612005193,0.10184825099713635,0.03220864199829521,0.03220864199829521,0.2924531599999996,115332,d207c871830c704ebf88aa6bfbadacc14337fce91a3b8804b252ec44dab681b2,"{""BUILD_COOP"": 1, ""BUILD_PASTURE"": 17, ""CARE"": 363, ""COLLECT_FERTILIZER"": 376, ""DIG"": 35, ""DROP"": 18, ""EAST"": 701, ""FEED"": 325, ""FERTILIZE"": 98, ""HARVEST"": 466, ""NORTH"": 979, ""PASS"": 596, ""PICKUP"": 161, ""PLACE"": 108, ""PLANT"": 240, ""SOUTH"": 548, ""WATER"": 1122, ""WEST"": 973}","{""BUY_ANIMAL:COW"": 9, ""BUY_ANIMAL:SHEEP"": 8, ""BUY_PRODUCT:FERTILIZER"": 75, ""BUY_PRODUCT:WHEAT"": 143, ""BUY_SEED:CARROT"": 31, ""BUY_SEED:MELON"": 12, ""BUY_SEED:STRAWBERRY"": 33, ""BUY_SEED:WHEAT"": 188, ""SELL:CARROT"": 93, ""SELL:FERTILIZER"": 324, ""SELL:MELON"": 72, ""SELL:MILK"": 207, ""SELL:STRAWBERRY"": 262, ""SELL:WHEAT"": 340, ""SELL:WOOL"": 196}","{""BUY_ANIMAL:COW"": 3600, ""BUY_ANIMAL:SHEEP"": 4000, ""BUY_PRODUCT:FERTILIZER"": 2163, ""BUY_PRODUCT:WHEAT"": 4961, ""BUY_SEED:CARROT"": 620, ""BUY_SEED:MELON"": 960, ""BUY_SEED:STRAWBERRY"": 3300, ""BUY_SEED:WHEAT"": 1880, ""SELL:CARROT"": 4608, ""SELL:FERTILIZER"": 14677, ""SELL:MELON"": 14267, ""SELL:MILK"": 7635, ""SELL:STRAWBERRY"": 24207, ""SELL:WHEAT"": 14143, ""SELL:WOOL"": 44920}"
carrot-demand-development,9500437,0,apex,98425.0,93667.0,4758.0,719,5.395633928994357,0.05197417000454152,0.017111029002990108,0.017111029002990108,0.27140370499999994,126472,bdaab44d85a69804262d8cc50f1954a62f18fe0a466b669a87734b56f2cf56a1,"{""BUILD_COOP"": 1, ""BUILD_PASTURE"": 17, ""CARE"": 363, ""COLLECT_FERTILIZER"": 376, ""DIG"": 35, ""DROP"": 18, ""EAST"": 701, ""FEED"": 325, ""FERTILIZE"": 98, ""HARVEST"": 466, ""NORTH"": 979, ""PASS"": 596, ""PICKUP"": 161, ""PLACE"": 108, ""PLANT"": 240, ""SOUTH"": 548, ""WATER"": 1122, ""WEST"": 973}","{""BUY_ANIMAL:COW"": 9, ""BUY_ANIMAL:SHEEP"": 8, ""BUY_PRODUCT:FERTILIZER"": 75, ""BUY_PRODUCT:WHEAT"": 143, ""BUY_SEED:CARROT"": 31, ""BUY_SEED:MELON"": 12, ""BUY_SEED:STRAWBERRY"": 33, ""BUY_SEED:WHEAT"": 188, ""SELL:CARROT"": 93, ""SELL:FERTILIZER"": 324, ""SELL:MELON"": 72, ""SELL:MILK"": 207, ""SELL:STRAWBERRY"": 262, ""SELL:WHEAT"": 340, ""SELL:WOOL"": 196}","{""BUY_ANIMAL:COW"": 3600, ""BUY_ANIMAL:SHEEP"": 4000, ""BUY_PRODUCT:FERTILIZER"": 2151, ""BUY_PRODUCT:WHEAT"": 4960, ""BUY_SEED:CARROT"": 620, ""BUY_SEED:MELON"": 960, ""BUY_SEED:STRAWBERRY"": 3300, ""BUY_SEED:WHEAT"": 1880, ""SELL:CARROT"": 4853, ""SELL:FERTILIZER"": 14630, ""SELL:MELON"": 14267, ""SELL:MILK"": 7399, ""SELL:STRAWBERRY"": 25022, ""SELL:WHEAT"": 14252, ""SELL:WOOL"": 45017}"
carrot-demand-development,9500437,1,apex,98425.0,93667.0,4758.0,719,5.7771234449974145,0.05381796599976951,0.017241817004105542,0.017241817004105542,0.29426432599999996,137624,1dfff8865372c8b5f3b52f16c2f389dc798772043fc402e89a873609b247ec30,"{""BUILD_COOP"": 1, ""BUILD_PASTURE"": 17, ""CARE"": 363, ""COLLECT_FERTILIZER"": 376, ""DIG"": 35, ""DROP"": 18, ""EAST"": 701, ""FEED"": 325, ""FERTILIZE"": 98, ""HARVEST"": 466, ""NORTH"": 979, ""PASS"": 596, ""PICKUP"": 161, ""PLACE"": 108, ""PLANT"": 240, ""SOUTH"": 548, ""WATER"": 1122, ""WEST"": 973}","{""BUY_ANIMAL:COW"": 9, ""BUY_ANIMAL:SHEEP"": 8, ""BUY_PRODUCT:FERTILIZER"": 75, ""BUY_PRODUCT:WHEAT"": 143, ""BUY_SEED:CARROT"": 31, ""BUY_SEED:MELON"": 12, ""BUY_SEED:STRAWBERRY"": 33, ""BUY_SEED:WHEAT"": 188, ""SELL:CARROT"": 93, ""SELL:FERTILIZER"": 324, ""SELL:MELON"": 72, ""SELL:MILK"": 207, ""SELL:STRAWBERRY"": 262, ""SELL:WHEAT"": 340, ""SELL:WOOL"": 196}","{""BUY_ANIMAL:COW"": 3600, ""BUY_ANIMAL:SHEEP"": 4000, ""BUY_PRODUCT:FERTILIZER"": 2151, ""BUY_PRODUCT:WHEAT"": 4960, ""BUY_SEED:CARROT"": 620, ""BUY_SEED:MELON"": 960, ""BUY_SEED:STRAWBERRY"": 3300, ""BUY_SEED:WHEAT"": 1880, ""SELL:CARROT"": 4853, ""SELL:FERTILIZER"": 14630, ""SELL:MELON"": 14267, ""SELL:MILK"": 7399, ""SELL:STRAWBERRY"": 25022, ""SELL:WHEAT"": 14252, ""SELL:WOOL"": 45017}"
carrot-demand-development,9500455,0,arlene,89162.0,89162.0,0.0,719,5.870090721997258,0.0857430820033187,0.07201686799817253,0.07201686799817253,0.38025084900000006,148668,8129e86f034888984f38434f85153349313548dd0c3f62975d470fa09e17abcf,"{""BUILD_COOP"": 4, ""BUILD_PASTURE"": 14, ""CARE"": 381, ""COLLECT_FERTILIZER"": 384, ""DIG"": 35, ""DROP"": 19, ""EAST"": 704, ""FEED"": 361, ""FERTILIZE"": 98, ""HARVEST"": 481, ""NORTH"": 982, ""PASS"": 528, ""PICKUP"": 162, ""PLACE"": 108, ""PLANT"": 240, ""SOUTH"": 550, ""WATER"": 1122, ""WEST"": 976}","{""BUY_ANIMAL:COW"": 9, ""BUY_ANIMAL:GOOSE"": 3, ""BUY_ANIMAL:SHEEP"": 5, ""BUY_PRODUCT:FERTILIZER"": 64, ""BUY_PRODUCT:WHEAT"": 148, ""BUY_SEED:CARROT"": 31, ""BUY_SEED:MELON"": 12, ""BUY_SEED:STRAWBERRY"": 33, ""BUY_SEED:WHEAT"": 188, ""SELL:CARROT"": 93, ""SELL:EGG"": 79, ""SELL:FERTILIZER"": 348, ""SELL:MELON"": 72, ""SELL:MILK"": 261, ""SELL:STRAWBERRY"": 262, ""SELL:WHEAT"": 309, ""SELL:WOOL"": 131}","{""BUY_ANIMAL:COW"": 3600, ""BUY_ANIMAL:GOOSE"": 900, ""BUY_ANIMAL:SHEEP"": 2500, ""BUY_PRODUCT:FERTILIZER"": 1920, ""BUY_PRODUCT:WHEAT"": 5349, ""BUY_SEED:CARROT"": 620, ""BUY_SEED:MELON"": 960, ""BUY_SEED:STRAWBERRY"": 3300, ""BUY_SEED:WHEAT"": 1880, ""SELL:CARROT"": 3820, ""SELL:EGG"": 4244, ""SELL:FERTILIZER"": 14518, ""SELL:MELON"": 14267, ""SELL:MILK"": 43743, ""SELL:STRAWBERRY"": 12814, ""SELL:WHEAT"": 13586, ""SELL:WOOL"": 8777}"
carrot-demand-development,9500455,1,arlene,89162.0,89162.0,0.0,719,5.765284946006432,0.05639607299963245,0.01691310200112639,0.01691310200112639,0.3335287609999991,159660,8129e86f034888984f38434f85153349313548dd0c3f62975d470fa09e17abcf,"{""BUILD_COOP"": 4, ""BUILD_PASTURE"": 14, ""CARE"": 381, ""COLLECT_FERTILIZER"": 384, ""DIG"": 35, ""DROP"": 19, ""EAST"": 704, ""FEED"": 361, ""FERTILIZE"": 98, ""HARVEST"": 481, ""NORTH"": 982, ""PASS"": 528, ""PICKUP"": 162, ""PLACE"": 108, ""PLANT"": 240, ""SOUTH"": 550, ""WATER"": 1122, ""WEST"": 976}","{""BUY_ANIMAL:COW"": 9, ""BUY_ANIMAL:GOOSE"": 3, ""BUY_ANIMAL:SHEEP"": 5, ""BUY_PRODUCT:FERTILIZER"": 64, ""BUY_PRODUCT:WHEAT"": 148, ""BUY_SEED:CARROT"": 31, ""BUY_SEED:MELON"": 12, ""BUY_SEED:STRAWBERRY"": 33, ""BUY_SEED:WHEAT"": 188, ""SELL:CARROT"": 93, ""SELL:EGG"": 79, ""SELL:FERTILIZER"": 348, ""SELL:MELON"": 72, ""SELL:MILK"": 261, ""SELL:STRAWBERRY"": 262, ""SELL:WHEAT"": 309, ""SELL:WOOL"": 131}","{""BUY_ANIMAL:COW"": 3600, ""BUY_ANIMAL:GOOSE"": 900, ""BUY_ANIMAL:SHEEP"": 2500, ""BUY_PRODUCT:FERTILIZER"": 1920, ""BUY_PRODUCT:WHEAT"": 5349, ""BUY_SEED:CARROT"": 620, ""BUY_SEED:MELON"": 960, ""BUY_SEED:STRAWBERRY"": 3300, ""BUY_SEED:WHEAT"": 1880, ""SELL:CARROT"": 3820, ""SELL:EGG"": 4244, ""SELL:FERTILIZER"": 14518, ""SELL:MELON"": 14267, ""SELL:MILK"": 43743, ""SELL:STRAWBERRY"": 12814, ""SELL:WHEAT"": 13586, ""SELL:WOOL"": 8777}"
carrot-demand-development,9500455,0,apex,88863.0,81260.0,7603.0,719,6.367606052001065,0.08027862799644936,0.026170867997279856,0.026170867997279856,0.3138792330000003,170656,75a4b6d507639b430a0227b9c2399704b1b84f9808606e58d287a86ca5c9706c,"{""BUILD_COOP"": 4, ""BUILD_PASTURE"": 14, ""CARE"": 381, ""COLLECT_FERTILIZER"": 384, ""DIG"": 35, ""DROP"": 19, ""EAST"": 704, ""FEED"": 361, ""FERTILIZE"": 98, ""HARVEST"": 481, ""NORTH"": 982, ""PASS"": 528, ""PICKUP"": 162, ""PLACE"": 108, ""PLANT"": 240, ""SOUTH"": 550, ""WATER"": 1122, ""WEST"": 976}","{""BUY_ANIMAL:COW"": 9, ""BUY_ANIMAL:GOOSE"": 3, ""BUY_ANIMAL:SHEEP"": 5, ""BUY_PRODUCT:FERTILIZER"": 64, ""BUY_PRODUCT:WHEAT"": 148, ""BUY_SEED:CARROT"": 31, ""BUY_SEED:MELON"": 12, ""BUY_SEED:STRAWBERRY"": 33, ""BUY_SEED:WHEAT"": 188, ""SELL:CARROT"": 93, ""SELL:EGG"": 79, ""SELL:FERTILIZER"": 348, ""SELL:MELON"": 72, ""SELL:MILK"": 261, ""SELL:STRAWBERRY"": 262, ""SELL:WHEAT"": 309, ""SELL:WOOL"": 131}","{""BUY_ANIMAL:COW"": 3600, ""BUY_ANIMAL:GOOSE"": 900, ""BUY_ANIMAL:SHEEP"": 2500, ""BUY_PRODUCT:FERTILIZER"": 1932, ""BUY_PRODUCT:WHEAT"": 5346, ""BUY_SEED:CARROT"": 620, ""BUY_SEED:MELON"": 960, ""BUY_SEED:STRAWBERRY"": 3300, ""BUY_SEED:WHEAT"": 1880, ""SELL:CARROT"": 4079, ""SELL:EGG"": 4433, ""SELL:FERTILIZER"": 14471, ""SELL:MELON"": 14267, ""SELL:MILK"": 44543, ""SELL:STRAWBERRY"": 12900, ""SELL:WHEAT"": 13545, ""SELL:WOOL"": 7241}"
carrot-demand-development,9500455,1,apex,88863.0,81260.0,7603.0,719,6.301404254998488,0.058487581998633686,0.01828251099504996,0.01828251099504996,0.3242583280000007,181952,69c063cd9e1ad430cfaf78240a435b7e67c1dd9f22e212f926e3a4760fb2893c,"{""BUILD_COOP"": 4, ""BUILD_PASTURE"": 14, ""CARE"": 381, ""COLLECT_FERTILIZER"": 384, ""DIG"": 35, ""DROP"": 19, ""EAST"": 704, ""FEED"": 361, ""FERTILIZE"": 98, ""HARVEST"": 481, ""NORTH"": 982, ""PASS"": 528, ""PICKUP"": 162, ""PLACE"": 108, ""PLANT"": 240, ""SOUTH"": 550, ""WATER"": 1122, ""WEST"": 976}","{""BUY_ANIMAL:COW"": 9, ""BUY_ANIMAL:GOOSE"": 3, ""BUY_ANIMAL:SHEEP"": 5, ""BUY_PRODUCT:FERTILIZER"": 64, ""BUY_PRODUCT:WHEAT"": 148, ""BUY_SEED:CARROT"": 31, ""BUY_SEED:MELON"": 12, ""BUY_SEED:STRAWBERRY"": 33, ""BUY_SEED:WHEAT"": 188, ""SELL:CARROT"": 93, ""SELL:EGG"": 79, ""SELL:FERTILIZER"": 348, ""SELL:MELON"": 72, ""SELL:MILK"": 261, ""SELL:STRAWBERRY"": 262, ""SELL:WHEAT"": 309, ""SELL:WOOL"": 131}","{""BUY_ANIMAL:COW"": 3600, ""BUY_ANIMAL:GOOSE"": 900, ""BUY_ANIMAL:SHEEP"": 2500, ""BUY_PRODUCT:FERTILIZER"": 1932, ""BUY_PRODUCT:WHEAT"": 5346, ""BUY_SEED:CARROT"": 620, ""BUY_SEED:MELON"": 960, ""BUY_SEED:STRAWBERRY"": 3300, ""BUY_SEED:WHEAT"": 1880, ""SELL:CARROT"": 4079, ""SELL:EGG"": 4433, ""SELL:FERTILIZER"": 14471, ""SELL:MELON"": 14267, ""SELL:MILK"": 44543, ""SELL:STRAWBERRY"": 12900, ""SELL:WHEAT"": 13545, ""SELL:WOOL"": 7241}"
carrot-demand-development,9500473,0,arlene,101783.0,101783.0,0.0,719,6.170752851001453,0.0606194290012354,0.018163255001127254,0.018163255001127254,0.3194444109999992,193020,db297e70aa2a160d18c5f5fa0b6825024ed78fe0740a2c68aed15ace8139df9b,"{""BUILD_COOP"": 4, ""BUILD_PASTURE"": 14, ""CARE"": 381, ""COLLECT_FERTILIZER"": 384, ""DIG"": 35, ""DROP"": 19, ""EAST"": 704, ""FEED"": 361, ""FERTILIZE"": 98, ""HARVEST"": 481, ""NORTH"": 982, ""PASS"": 528, ""PICKUP"": 162, ""PLACE"": 108, ""PLANT"": 240, ""SOUTH"": 550, ""WATER"": 1122, ""WEST"": 976}","{""BUY_ANIMAL:COW"": 9, ""BUY_ANIMAL:GOOSE"": 3, ""BUY_ANIMAL:SHEEP"": 5, ""BUY_PRODUCT:FERTILIZER"": 64, ""BUY_PRODUCT:WHEAT"": 147, ""BUY_SEED:CARROT"": 31, ""BUY_SEED:MELON"": 12, ""BUY_SEED:STRAWBERRY"": 33, ""BUY_SEED:WHEAT"": 188, ""SELL:CARROT"": 93, ""SELL:EGG"": 79, ""SELL:FERTILIZER"": 348, ""SELL:MELON"": 72, ""SELL:MILK"": 261, ""SELL:STRAWBERRY"": 262, ""SELL:WHEAT"": 308, ""SELL:WOOL"": 131}","{""BUY_ANIMAL:COW"": 3600, ""BUY_ANIMAL:GOOSE"": 900, ""BUY_ANIMAL:SHEEP"": 2500, ""BUY_PRODUCT:FERTILIZER"": 1920, ""BUY_PRODUCT:WHEAT"": 5308, ""BUY_SEED:CARROT"": 620, ""BUY_SEED:MELON"": 960, ""BUY_SEED:STRAWBERRY"": 3300, ""BUY_SEED:WHEAT"": 1880, ""SELL:CARROT"": 4222, ""SELL:EGG"": 4132, ""SELL:FERTILIZER"": 14518, ""SELL:MELON"": 14267, ""SELL:MILK"": 27114, ""SELL:STRAWBERRY"": 44651, ""SELL:WHEAT"": 13911, ""SELL:WOOL"": 5534}"
carrot-demand-development,9500473,1,arlene,101783.0,101783.0,0.0,719,5.743804399993678,0.05900945600296836,0.04849108099733712,0.04849108099733712,0.3398570859999989,204264,db297e70aa2a160d18c5f5fa0b6825024ed78fe0740a2c68aed15ace8139df9b,"{""BUILD_COOP"": 4, ""BUILD_PASTURE"": 14, ""CARE"": 381, ""COLLECT_FERTILIZER"": 384, ""DIG"": 35, ""DROP"": 19, ""EAST"": 704, ""FEED"": 361, ""FERTILIZE"": 98, ""HARVEST"": 481, ""NORTH"": 982, ""PASS"": 528, ""PICKUP"": 162, ""PLACE"": 108, ""PLANT"": 240, ""SOUTH"": 550, ""WATER"": 1122, ""WEST"": 976}","{""BUY_ANIMAL:COW"": 9, ""BUY_ANIMAL:GOOSE"": 3, ""BUY_ANIMAL:SHEEP"": 5, ""BUY_PRODUCT:FERTILIZER"": 64, ""BUY_PRODUCT:WHEAT"": 147, ""BUY_SEED:CARROT"": 31, ""BUY_SEED:MELON"": 12, ""BUY_SEED:STRAWBERRY"": 33, ""BUY_SEED:WHEAT"": 188, ""SELL:CARROT"": 93, ""SELL:EGG"": 79, ""SELL:FERTILIZER"": 348, ""SELL:MELON"": 72, ""SELL:MILK"": 261, ""SELL:STRAWBERRY"": 262, ""SELL:WHEAT"": 308, ""SELL:WOOL"": 131}","{""BUY_ANIMAL:COW"": 3600, ""BUY_ANIMAL:GOOSE"": 900, ""BUY_ANIMAL:SHEEP"": 2500, ""BUY_PRODUCT:FERTILIZER"": 1920, ""BUY_PRODUCT:WHEAT"": 5308, ""BUY_SEED:CARROT"": 620, ""BUY_SEED:MELON"": 960, ""BUY_SEED:STRAWBERRY"": 3300, ""BUY_SEED:WHEAT"": 1880, ""SELL:CARROT"": 4222, ""SELL:EGG"": 4132, ""SELL:FERTILIZER"": 14518, ""SELL:MELON"": 14267, ""SELL:MILK"": 27114, ""SELL:STRAWBERRY"": 44651, ""SELL:WHEAT"": 13911, ""SELL:WOOL"": 5534}"
carrot-demand-development,9500473,0,apex,102949.0,93419.0,9530.0,719,7.1473746150004445,0.06669750299624866,0.018724334993748926,0.018724334993748926,0.3889226259999987,215380,cbad22f227fc80d41791746a28381879757cca2806ec42d079bde39ce7916d67,"{""BUILD_COOP"": 4, ""BUILD_PASTURE"": 14, ""CARE"": 381, ""COLLECT_FERTILIZER"": 384, ""DIG"": 35, ""DROP"": 19, ""EAST"": 704, ""FEED"": 361, ""FERTILIZE"": 98, ""HARVEST"": 481, ""NORTH"": 982, ""PASS"": 528, ""PICKUP"": 162, ""PLACE"": 108, ""PLANT"": 240, ""SOUTH"": 550, ""WATER"": 1122, ""WEST"": 976}","{""BUY_ANIMAL:COW"": 9, ""BUY_ANIMAL:GOOSE"": 3, ""BUY_ANIMAL:SHEEP"": 5, ""BUY_PRODUCT:FERTILIZER"": 64, ""BUY_PRODUCT:WHEAT"": 147, ""BUY_SEED:CARROT"": 31, ""BUY_SEED:MELON"": 12, ""BUY_SEED:STRAWBERRY"": 33, ""BUY_SEED:WHEAT"": 188, ""SELL:CARROT"": 93, ""SELL:EGG"": 79, ""SELL:FERTILIZER"": 348, ""SELL:MELON"": 72, ""SELL:MILK"": 261, ""SELL:STRAWBERRY"": 262, ""SELL:WHEAT"": 308, ""SELL:WOOL"": 131}","{""BUY_ANIMAL:COW"": 3600, ""BUY_ANIMAL:GOOSE"": 900, ""BUY_ANIMAL:SHEEP"": 2500, ""BUY_PRODUCT:FERTILIZER"": 1932, ""BUY_PRODUCT:WHEAT"": 5301, ""BUY_SEED:CARROT"": 620, ""BUY_SEED:MELON"": 960, ""BUY_SEED:STRAWBERRY"": 3300, ""BUY_SEED:WHEAT"": 1880, ""SELL:CARROT"": 4470, ""SELL:EGG"": 4320, ""SELL:FERTILIZER"": 14471, ""SELL:MELON"": 14267, ""SELL:MILK"": 26477, ""SELL:STRAWBERRY"": 46044, ""SELL:WHEAT"": 13872, ""SELL:WOOL"": 5599}"
carrot-demand-development,9500473,1,apex,102949.0,93419.0,9530.0,719,7.063398755999515,0.265335520998633,0.06414278500596993,0.06414278500596993,0.4354982809999991,224432,f0eb9a82f01e7ae495160959931c96c3af651149b67594f489a8e29cd8ea6e8f,"{""BUILD_COOP"": 4, ""BUILD_PASTURE"": 14, ""CARE"": 381, ""COLLECT_FERTILIZER"": 384, ""DIG"": 35, ""DROP"": 19, ""EAST"": 704, ""FEED"": 361, ""FERTILIZE"": 98, ""HARVEST"": 481, ""NORTH"": 982, ""PASS"": 528, ""PICKUP"": 162, ""PLACE"": 108, ""PLANT"": 240, ""SOUTH"": 550, ""WATER"": 1122, ""WEST"": 976}","{""BUY_ANIMAL:COW"": 9, ""BUY_ANIMAL:GOOSE"": 3, ""BUY_ANIMAL:SHEEP"": 5, ""BUY_PRODUCT:FERTILIZER"": 64, ""BUY_PRODUCT:WHEAT"": 147, ""BUY_SEED:CARROT"": 31, ""BUY_SEED:MELON"": 12, ""BUY_SEED:STRAWBERRY"": 33, ""BUY_SEED:WHEAT"": 188, ""SELL:CARROT"": 93, ""SELL:EGG"": 79, ""SELL:FERTILIZER"": 348, ""SELL:MELON"": 72, ""SELL:MILK"": 261, ""SELL:STRAWBERRY"": 262, ""SELL:WHEAT"": 308, ""SELL:WOOL"": 131}","{""BUY_ANIMAL:COW"": 3600, ""BUY_ANIMAL:GOOSE"": 900, ""BUY_ANIMAL:SHEEP"": 2500, ""BUY_PRODUCT:FERTILIZER"": 1932, ""BUY_PRODUCT:WHEAT"": 5301, ""BUY_SEED:CARROT"": 620, ""BUY_SEED:MELON"": 960, ""BUY_SEED:STRAWBERRY"": 3300, ""BUY_SEED:WHEAT"": 1880, ""SELL:CARROT"": 4470, ""SELL:EGG"": 4320, ""SELL:FERTILIZER"": 14471, ""SELL:MELON"": 14267, ""SELL:MILK"": 26477, ""SELL:STRAWBERRY"": 46044, ""SELL:WHEAT"": 13872, ""SELL:WOOL"": 5599}"
carrot-demand-development,9500491,0,arlene,144819.0,144819.0,0.0,719,6.337775389998569,0.06406854800297879,0.017176241002744064,0.017176241002744064,0.34113186299999937,233724,301bf6a4de65b017d15a35cecb0852dc8220365dc8414375bdff18203a3d6a7c,"{""BUILD_COOP"": 4, ""BUILD_PASTURE"": 14, ""CARE"": 381, ""COLLECT_FERTILIZER"": 384, ""DIG"": 35, ""DROP"": 19, ""EAST"": 704, ""FEED"": 361, ""FERTILIZE"": 98, ""HARVEST"": 481, ""NORTH"": 982, ""PASS"": 528, ""PICKUP"": 162, ""PLACE"": 108, ""PLANT"": 240, ""SOUTH"": 550, ""WATER"": 1122, ""WEST"": 976}","{""BUY_ANIMAL:COW"": 9, ""BUY_ANIMAL:GOOSE"": 3, ""BUY_ANIMAL:SHEEP"": 5, ""BUY_PRODUCT:FERTILIZER"": 64, ""BUY_PRODUCT:WHEAT"": 149, ""BUY_SEED:CARROT"": 31, ""BUY_SEED:MELON"": 12, ""BUY_SEED:STRAWBERRY"": 33, ""BUY_SEED:WHEAT"": 188, ""SELL:CARROT"": 93, ""SELL:EGG"": 79, ""SELL:FERTILIZER"": 348, ""SELL:MELON"": 72, ""SELL:MILK"": 261, ""SELL:STRAWBERRY"": 262, ""SELL:WHEAT"": 310, ""SELL:WOOL"": 131}","{""BUY_ANIMAL:COW"": 3600, ""BUY_ANIMAL:GOOSE"": 900, ""BUY_ANIMAL:SHEEP"": 2500, ""BUY_PRODUCT:FERTILIZER"": 1920, ""BUY_PRODUCT:WHEAT"": 5099, ""BUY_SEED:CARROT"": 620, ""BUY_SEED:MELON"": 960, ""BUY_SEED:STRAWBERRY"": 3300, ""BUY_SEED:WHEAT"": 1880, ""SELL:CARROT"": 3820, ""SELL:EGG"": 3542, ""SELL:FERTILIZER"": 14518, ""SELL:MELON"": 14267, ""SELL:MILK"": 64148, ""SELL:STRAWBERRY"": 53298, ""SELL:WHEAT"": 12049, ""SELL:WOOL"": 5534}"
carrot-demand-development,9500491,1,arlene,144819.0,144819.0,0.0,719,7.665910520998295,0.05549651600449579,0.01699015800113557,0.01699015800113557,0.34700394800000045,273472,301bf6a4de65b017d15a35cecb0852dc8220365dc8414375bdff18203a3d6a7c,"{""BUILD_COOP"": 4, ""BUILD_PASTURE"": 14, ""CARE"": 381, ""COLLECT_FERTILIZER"": 384, ""DIG"": 35, ""DROP"": 19, ""EAST"": 704, ""FEED"": 361, ""FERTILIZE"": 98, ""HARVEST"": 481, ""NORTH"": 982, ""PASS"": 528, ""PICKUP"": 162, ""PLACE"": 108, ""PLANT"": 240, ""SOUTH"": 550, ""WATER"": 1122, ""WEST"": 976}","{""BUY_ANIMAL:COW"": 9, ""BUY_ANIMAL:GOOSE"": 3, ""BUY_ANIMAL:SHEEP"": 5, ""BUY_PRODUCT:FERTILIZER"": 64, ""BUY_PRODUCT:WHEAT"": 149, ""BUY_SEED:CARROT"": 31, ""BUY_SEED:MELON"": 12, ""BUY_SEED:STRAWBERRY"": 33, ""BUY_SEED:WHEAT"": 188, ""SELL:CARROT"": 93, ""SELL:EGG"": 79, ""SELL:FERTILIZER"": 348, ""SELL:MELON"": 72, ""SELL:MILK"": 261, ""SELL:STRAWBERRY"": 262, ""SELL:WHEAT"": 310, ""SELL:WOOL"": 131}","{""BUY_ANIMAL:COW"": 3600, ""BUY_ANIMAL:GOOSE"": 900, ""BUY_ANIMAL:SHEEP"": 2500, ""BUY_PRODUCT:FERTILIZER"": 1920, ""BUY_PRODUCT:WHEAT"": 5099, ""BUY_SEED:CARROT"": 620, ""BUY_SEED:MELON"": 960, ""BUY_SEED:STRAWBERRY"": 3300, ""BUY_SEED:WHEAT"": 1880, ""SELL:CARROT"": 3820, ""SELL:EGG"": 3542, ""SELL:FERTILIZER"": 14518, ""SELL:MELON"": 14267, ""SELL:MILK"": 64148, ""SELL:STRAWBERRY"": 53298, ""SELL:WHEAT"": 12049, ""SELL:WOOL"": 5534}"
carrot-demand-development,9500491,0,apex,146054.0,138420.0,7634.0,719,6.659604825996212,0.06209053199563641,0.01936572900012834,0.01936572900012834,0.33599121999999904,284240,dcc696e7ce85956de0b91315829b443346f89cf8ea55cdbb29e6242a5d691f00,"{""BUILD_COOP"": 4, ""BUILD_PASTURE"": 14, ""CARE"": 381, ""COLLECT_FERTILIZER"": 384, ""DIG"": 35, ""DROP"": 19, ""EAST"": 704, ""FEED"": 361, ""FERTILIZE"": 98, ""HARVEST"": 481, ""NORTH"": 982, ""PASS"": 528, ""PICKUP"": 162, ""PLACE"": 108, ""PLANT"": 240, ""SOUTH"": 550, ""WATER"": 1122, ""WEST"": 976}","{""BUY_ANIMAL:COW"": 9, ""BUY_ANIMAL:GOOSE"": 3, ""BUY_ANIMAL:SHEEP"": 5, ""BUY_PRODUCT:FERTILIZER"": 64, ""BUY_PRODUCT:WHEAT"": 149, ""BUY_SEED:CARROT"": 31, ""BUY_SEED:MELON"": 12, ""BUY_SEED:STRAWBERRY"": 33, ""BUY_SEED:WHEAT"": 188, ""SELL:CARROT"": 93, ""SELL:EGG"": 79, ""SELL:FERTILIZER"": 348, ""SELL:MELON"": 72, ""SELL:MILK"": 261, ""SELL:STRAWBERRY"": 262, ""SELL:WHEAT"": 310, ""SELL:WOOL"": 131}","{""BUY_ANIMAL:COW"": 3600, ""BUY_ANIMAL:GOOSE"": 900, ""BUY_ANIMAL:SHEEP"": 2500, ""BUY_PRODUCT:FERTILIZER"": 1932, ""BUY_PRODUCT:WHEAT"": 5095, ""BUY_SEED:CARROT"": 620, ""BUY_SEED:MELON"": 960, ""BUY_SEED:STRAWBERRY"": 3300, ""BUY_SEED:WHEAT"": 1880, ""SELL:CARROT"": 4079, ""SELL:EGG"": 3918, ""SELL:FERTILIZER"": 14471, ""SELL:MELON"": 14267, ""SELL:MILK"": 64224, ""SELL:STRAWBERRY"": 53878, ""SELL:WHEAT"": 11983, ""SELL:WOOL"": 5599}"
carrot-demand-development,9500491,1,apex,146054.0,138420.0,7634.0,719,6.478247760998784,0.08828098500089254,0.025132058006420266,0.025132058006420266,0.3555254720000009,294872,193cf69791878c165642f9c8eb1aeebb74bd5bccbe52986697c2797423c525dc,"{""BUILD_COOP"": 4, ""BUILD_PASTURE"": 14, ""CARE"": 381, ""COLLECT_FERTILIZER"": 384, ""DIG"": 35, ""DROP"": 19, ""EAST"": 704, ""FEED"": 361, ""FERTILIZE"": 98, ""HARVEST"": 481, ""NORTH"": 982, ""PASS"": 528, ""PICKUP"": 162, ""PLACE"": 108, ""PLANT"": 240, ""SOUTH"": 550, ""WATER"": 1122, ""WEST"": 976}","{""BUY_ANIMAL:COW"": 9, ""BUY_ANIMAL:GOOSE"": 3, ""BUY_ANIMAL:SHEEP"": 5, ""BUY_PRODUCT:FERTILIZER"": 64, ""BUY_PRODUCT:WHEAT"": 149, ""BUY_SEED:CARROT"": 31, ""BUY_SEED:MELON"": 12, ""BUY_SEED:STRAWBERRY"": 33, ""BUY_SEED:WHEAT"": 188, ""SELL:CARROT"": 93, ""SELL:EGG"": 79, ""SELL:FERTILIZER"": 348, ""SELL:MELON"": 72, ""SELL:MILK"": 261, ""SELL:STRAWBERRY"": 262, ""SELL:WHEAT"": 310, ""SELL:WOOL"": 131}","{""BUY_ANIMAL:COW"": 3600, ""BUY_ANIMAL:GOOSE"": 900, ""BUY_ANIMAL:SHEEP"": 2500, ""BUY_PRODUCT:FERTILIZER"": 1932, ""BUY_PRODUCT:WHEAT"": 5095, ""BUY_SEED:CARROT"": 620, ""BUY_SEED:MELON"": 960, ""BUY_SEED:STRAWBERRY"": 3300, ""BUY_SEED:WHEAT"": 1880, ""SELL:CARROT"": 4079, ""SELL:EGG"": 3918, ""SELL:FERTILIZER"": 14471, ""SELL:MELON"": 14267, ""SELL:MILK"": 64224, ""SELL:STRAWBERRY"": 53878, ""SELL:WHEAT"": 11983, ""SELL:WOOL"": 5599}"
carrot-demand-native-export,9500521,1,apex,80309.0,76745.0,3564.0,719,7.065411695999501,0.38275507200160064,0.0969368209989625,0.0969368209989625,0.4530203390000007,21364,d869fc2d1cd2febae7e37dad1282c93332d7371529c22cd8890c7ab71cfdc1ea,"{""BUILD_COOP"": 1, ""BUILD_PASTURE"": 17, ""CARE"": 363, ""COLLECT_FERTILIZER"": 376, ""DIG"": 35, ""DROP"": 18, ""EAST"": 701, ""FEED"": 325, ""FERTILIZE"": 98, ""HARVEST"": 466, ""NORTH"": 979, ""PASS"": 596, ""PICKUP"": 161, ""PLACE"": 108, ""PLANT"": 240, ""SOUTH"": 548, ""WATER"": 1122, ""WEST"": 973}","{""BUY_ANIMAL:COW"": 9, ""BUY_ANIMAL:SHEEP"": 8, ""BUY_PRODUCT:FERTILIZER"": 75, ""BUY_PRODUCT:WHEAT"": 143, ""BUY_SEED:CARROT"": 31, ""BUY_SEED:MELON"": 12, ""BUY_SEED:STRAWBERRY"": 33, ""BUY_SEED:WHEAT"": 188, ""SELL:CARROT"": 93, ""SELL:FERTILIZER"": 324, ""SELL:MELON"": 72, ""SELL:MILK"": 207, ""SELL:STRAWBERRY"": 262, ""SELL:WHEAT"": 340, ""SELL:WOOL"": 196}","{""BUY_ANIMAL:COW"": 3600, ""BUY_ANIMAL:SHEEP"": 4000, ""BUY_PRODUCT:FERTILIZER"": 2151, ""BUY_PRODUCT:WHEAT"": 4960, ""BUY_SEED:CARROT"": 620, ""BUY_SEED:MELON"": 960, ""BUY_SEED:STRAWBERRY"": 3300, ""BUY_SEED:WHEAT"": 1880, ""SELL:CARROT"": 3953, ""SELL:FERTILIZER"": 14630, ""SELL:MELON"": 14267, ""SELL:MILK"": 4419, ""SELL:STRAWBERRY"": 8953, ""SELL:WHEAT"": 13200, ""SELL:WOOL"": 47902}"
carrot-demand-reserved,9500503,0,arlene,76899.0,76899.0,0.0,719,7.903450823003368,0.05412444900139235,0.026692127998103388,0.026692127998103388,0.443681465999999,21356,13cd6087b7736eed23927edc67e53c8152ce2ce7f9f3a01a3320fe080ab72480,"{""BUILD_COOP"": 1, ""BUILD_PASTURE"": 17, ""CARE"": 381, ""COLLECT_FERTILIZER"": 379, ""DIG"": 36, ""DROP"": 15, ""EAST"": 702, ""FEED"": 361, ""FERTILIZE"": 96, ""HARVEST"": 468, ""NORTH"": 985, ""PASS"": 585, ""PICKUP"": 163, ""PLACE"": 109, ""PLANT"": 239, ""SOUTH"": 546, ""WATER"": 1111, ""WEST"": 976}","{""BUY_ANIMAL:COW"": 9, ""BUY_ANIMAL:SHEEP"": 8, ""BUY_PRODUCT:FERTILIZER"": 67, ""BUY_PRODUCT:WHEAT"": 143, ""BUY_SEED:CARROT"": 5, ""BUY_SEED:MELON"": 12, ""BUY_SEED:STRAWBERRY"": 33, ""BUY_SEED:WHEAT"": 189, ""SELL:CARROT"": 9, ""SELL:FERTILIZER"": 350, ""SELL:MELON"": 72, ""SELL:MILK"": 261, ""SELL:STRAWBERRY"": 262, ""SELL:WHEAT"": 380, ""SELL:WOOL"": 196}","{""BUY_ANIMAL:COW"": 3600, ""BUY_ANIMAL:SHEEP"": 4000, ""BUY_PRODUCT:FERTILIZER"": 2342, ""BUY_PRODUCT:WHEAT"": 4961, ""BUY_SEED:CARROT"": 100, ""BUY_SEED:MELON"": 960, ""BUY_SEED:STRAWBERRY"": 3300, ""BUY_SEED:WHEAT"": 1890, ""SELL:CARROT"": 394, ""SELL:FERTILIZER"": 14940, ""SELL:MELON"": 14267, ""SELL:MILK"": 5541, ""SELL:STRAWBERRY"": 8134, ""SELL:WHEAT"": 13720, ""SELL:WOOL"": 46888}"
carrot-demand-reserved,9500503,1,arlene,76899.0,76899.0,0.0,719,7.073076560001937,0.056135619000997394,0.019333377000293694,0.019333377000293694,0.3734965000000008,27904,13cd6087b7736eed23927edc67e53c8152ce2ce7f9f3a01a3320fe080ab72480,"{""BUILD_COOP"": 1, ""BUILD_PASTURE"": 17, ""CARE"": 381, ""COLLECT_FERTILIZER"": 379, ""DIG"": 36, ""DROP"": 15, ""EAST"": 702, ""FEED"": 361, ""FERTILIZE"": 96, ""HARVEST"": 468, ""NORTH"": 985, ""PASS"": 585, ""PICKUP"": 163, ""PLACE"": 109, ""PLANT"": 239, ""SOUTH"": 546, ""WATER"": 1111, ""WEST"": 976}","{""BUY_ANIMAL:COW"": 9, ""BUY_ANIMAL:SHEEP"": 8, ""BUY_PRODUCT:FERTILIZER"": 67, ""BUY_PRODUCT:WHEAT"": 143, ""BUY_SEED:CARROT"": 5, ""BUY_SEED:MELON"": 12, ""BUY_SEED:STRAWBERRY"": 33, ""BUY_SEED:WHEAT"": 189, ""SELL:CARROT"": 9, ""SELL:FERTILIZER"": 350, ""SELL:MELON"": 72, ""SELL:MILK"": 261, ""SELL:STRAWBERRY"": 262, ""SELL:WHEAT"": 380, ""SELL:WOOL"": 196}","{""BUY_ANIMAL:COW"": 3600, ""BUY_ANIMAL:SHEEP"": 4000, ""BUY_PRODUCT:FERTILIZER"": 2342, ""BUY_PRODUCT:WHEAT"": 4961, ""BUY_SEED:CARROT"": 100, ""BUY_SEED:MELON"": 960, ""BUY_SEED:STRAWBERRY"": 3300, ""BUY_SEED:WHEAT"": 1890, ""SELL:CARROT"": 394, ""SELL:FERTILIZER"": 14940, ""SELL:MELON"": 14267, ""SELL:MILK"": 5541, ""SELL:STRAWBERRY"": 8134, ""SELL:WHEAT"": 13720, ""SELL:WOOL"": 46888}"
carrot-demand-reserved,9500503,0,apex,76737.0,75197.0,1540.0,719,10.325781512001413,0.18601683699671412,0.025672630996268708,0.05466242300462909,0.5032925190000019,40324,c7a92af000b7b8a73f05914f9015f30f89d3dc83d2a959d1f30fa8271b0b5b4e,"{""BUILD_COOP"": 1, ""BUILD_PASTURE"": 17, ""CARE"": 381, ""COLLECT_FERTILIZER"": 379, ""DIG"": 36, ""DROP"": 15, ""EAST"": 702, ""FEED"": 361, ""FERTILIZE"": 96, ""HARVEST"": 468, ""NORTH"": 985, ""PASS"": 585, ""PICKUP"": 163, ""PLACE"": 109, ""PLANT"": 239, ""SOUTH"": 546, ""WATER"": 1111, ""WEST"": 976}","{""BUY_ANIMAL:COW"": 9, ""BUY_ANIMAL:SHEEP"": 8, ""BUY_PRODUCT:FERTILIZER"": 67, ""BUY_PRODUCT:WHEAT"": 143, ""BUY_SEED:CARROT"": 5, ""BUY_SEED:MELON"": 12, ""BUY_SEED:STRAWBERRY"": 33, ""BUY_SEED:WHEAT"": 189, ""SELL:CARROT"": 9, ""SELL:FERTILIZER"": 350, ""SELL:MELON"": 72, ""SELL:MILK"": 261, ""SELL:STRAWBERRY"": 262, ""SELL:WHEAT"": 380, ""SELL:WOOL"": 196}","{""BUY_ANIMAL:COW"": 3600, ""BUY_ANIMAL:SHEEP"": 4000, ""BUY_PRODUCT:FERTILIZER"": 2351, ""BUY_PRODUCT:WHEAT"": 4960, ""BUY_SEED:CARROT"": 100, ""BUY_SEED:MELON"": 960, ""BUY_SEED:STRAWBERRY"": 3300, ""BUY_SEED:WHEAT"": 1890, ""SELL:CARROT"": 394, ""SELL:FERTILIZER"": 14883, ""SELL:MELON"": 14267, ""SELL:MILK"": 5444, ""SELL:STRAWBERRY"": 8301, ""SELL:WHEAT"": 13548, ""SELL:WOOL"": 46893}"
carrot-demand-reserved,9500503,1,apex,76737.0,75197.0,1540.0,719,7.284094709000783,0.06150196900125593,0.020306935999542475,0.020306935999542475,0.3515659009999991,52756,2ef6a7d9c68e1e2682c9793049750a4421e2fda01d4652432b9ebb62b6fa7bdc,"{""BUILD_COOP"": 1, ""BUILD_PASTURE"": 17, ""CARE"": 381, ""COLLECT_FERTILIZER"": 379, ""DIG"": 36, ""DROP"": 15, ""EAST"": 702, ""FEED"": 361, ""FERTILIZE"": 96, ""HARVEST"": 468, ""NORTH"": 985, ""PASS"": 585, ""PICKUP"": 163, ""PLACE"": 109, ""PLANT"": 239, ""SOUTH"": 546, ""WATER"": 1111, ""WEST"": 976}","{""BUY_ANIMAL:COW"": 9, ""BUY_ANIMAL:SHEEP"": 8, ""BUY_PRODUCT:FERTILIZER"": 67, ""BUY_PRODUCT:WHEAT"": 143, ""BUY_SEED:CARROT"": 5, ""BUY_SEED:MELON"": 12, ""BUY_SEED:STRAWBERRY"": 33, ""BUY_SEED:WHEAT"": 189, ""SELL:CARROT"": 9, ""SELL:FERTILIZER"": 350, ""SELL:MELON"": 72, ""SELL:MILK"": 261, ""SELL:STRAWBERRY"": 262, ""SELL:WHEAT"": 380, ""SELL:WOOL"": 196}","{""BUY_ANIMAL:COW"": 3600, ""BUY_ANIMAL:SHEEP"": 4000, ""BUY_PRODUCT:FERTILIZER"": 2351, ""BUY_PRODUCT:WHEAT"": 4960, ""BUY_SEED:CARROT"": 100, ""BUY_SEED:MELON"": 960, ""BUY_SEED:STRAWBERRY"": 3300, ""BUY_SEED:WHEAT"": 1890, ""SELL:CARROT"": 394, ""SELL:FERTILIZER"": 14883, ""SELL:MELON"": 14267, ""SELL:MILK"": 5444, ""SELL:STRAWBERRY"": 8301, ""SELL:WHEAT"": 13548, ""SELL:WOOL"": 46893}"
carrot-demand-reserved,9500521,0,arlene,80273.0,77984.0,2289.0,719,7.202827892004279,0.08456047499930719,0.023961524006153923,0.025487129998509772,0.4042281519999995,65204,17bd081834b04c327aac21159a1f44f22e47f92225ebdaf66b903ee7ec9aafde,"{""BUILD_COOP"": 1, ""BUILD_PASTURE"": 17, ""CARE"": 363, ""COLLECT_FERTILIZER"": 376, ""DIG"": 35, ""DROP"": 18, ""EAST"": 701, ""FEED"": 325, ""FERTILIZE"": 98, ""HARVEST"": 466, ""NORTH"": 979, ""PASS"": 596, ""PICKUP"": 161, ""PLACE"": 108, ""PLANT"": 240, ""SOUTH"": 548, ""WATER"": 1122, ""WEST"": 973}","{""BUY_ANIMAL:COW"": 9, ""BUY_ANIMAL:SHEEP"": 8, ""BUY_PRODUCT:FERTILIZER"": 75, ""BUY_PRODUCT:WHEAT"": 143, ""BUY_SEED:CARROT"": 31, ""BUY_SEED:MELON"": 12, ""BUY_SEED:STRAWBERRY"": 33, ""BUY_SEED:WHEAT"": 188, ""SELL:CARROT"": 93, ""SELL:FERTILIZER"": 324, ""SELL:MELON"": 72, ""SELL:MILK"": 207, ""SELL:STRAWBERRY"": 262, ""SELL:WHEAT"": 340, ""SELL:WOOL"": 196}","{""BUY_ANIMAL:COW"": 3600, ""BUY_ANIMAL:SHEEP"": 4000, ""BUY_PRODUCT:FERTILIZER"": 2162, ""BUY_PRODUCT:WHEAT"": 4961, ""BUY_SEED:CARROT"": 620, ""BUY_SEED:MELON"": 960, ""BUY_SEED:STRAWBERRY"": 3300, ""BUY_SEED:WHEAT"": 1880, ""SELL:CARROT"": 3977, ""SELL:FERTILIZER"": 14692, ""SELL:MELON"": 14267, ""SELL:MILK"": 4359, ""SELL:STRAWBERRY"": 8860, ""SELL:WHEAT"": 13243, ""SELL:WOOL"": 47902}"
carrot-demand-reserved,9500521,1,arlene,80273.0,77984.0,2289.0,719,7.610875092999777,0.05922694500623038,0.021457707000081427,0.021457707000081427,0.38065735700000214,70424,2e710991aac1e601992d5b5d41fdc0edc78eeb8121134f38f962907b0dc3c4d6,"{""BUILD_COOP"": 1, ""BUILD_PASTURE"": 17, ""CARE"": 363, ""COLLECT_FERTILIZER"": 376, ""DIG"": 35, ""DROP"": 18, ""EAST"": 701, ""FEED"": 325, ""FERTILIZE"": 98, ""HARVEST"": 466, ""NORTH"": 979, ""PASS"": 596, ""PICKUP"": 161, ""PLACE"": 108, ""PLANT"": 240, ""SOUTH"": 548, ""WATER"": 1122, ""WEST"": 973}","{""BUY_ANIMAL:COW"": 9, ""BUY_ANIMAL:SHEEP"": 8, ""BUY_PRODUCT:FERTILIZER"": 75, ""BUY_PRODUCT:WHEAT"": 143, ""BUY_SEED:CARROT"": 31, ""BUY_SEED:MELON"": 12, ""BUY_SEED:STRAWBERRY"": 33, ""BUY_SEED:WHEAT"": 188, ""SELL:CARROT"": 93, ""SELL:FERTILIZER"": 324, ""SELL:MELON"": 72, ""SELL:MILK"": 207, ""SELL:STRAWBERRY"": 262, ""SELL:WHEAT"": 340, ""SELL:WOOL"": 196}","{""BUY_ANIMAL:COW"": 3600, ""BUY_ANIMAL:SHEEP"": 4000, ""BUY_PRODUCT:FERTILIZER"": 2162, ""BUY_PRODUCT:WHEAT"": 4961, ""BUY_SEED:CARROT"": 620, ""BUY_SEED:MELON"": 960, ""BUY_SEED:STRAWBERRY"": 3300, ""BUY_SEED:WHEAT"": 1880, ""SELL:CARROT"": 3977, ""SELL:FERTILIZER"": 14692, ""SELL:MELON"": 14267, ""SELL:MILK"": 4359, ""SELL:STRAWBERRY"": 8860, ""SELL:WHEAT"": 13243, ""SELL:WOOL"": 47902}"
carrot-demand-reserved,9500521,0,apex,80309.0,76745.0,3564.0,719,7.253553698996257,0.06644608300121035,0.02162056700035464,0.02162056700035464,0.40668690999999824,81436,c56ac79c61e22b58aa74a4d7da3412be14abfb028d24e97f3e472d96df463513,"{""BUILD_COOP"": 1, ""BUILD_PASTURE"": 17, ""CARE"": 363, ""COLLECT_FERTILIZER"": 376, ""DIG"": 35, ""DROP"": 18, ""EAST"": 701, ""FEED"": 325, ""FERTILIZE"": 98, ""HARVEST"": 466, ""NORTH"": 979, ""PASS"": 596, ""PICKUP"": 161, ""PLACE"": 108, ""PLANT"": 240, ""SOUTH"": 548, ""WATER"": 1122, ""WEST"": 973}","{""BUY_ANIMAL:COW"": 9, ""BUY_ANIMAL:SHEEP"": 8, ""BUY_PRODUCT:FERTILIZER"": 75, ""BUY_PRODUCT:WHEAT"": 143, ""BUY_SEED:CARROT"": 31, ""BUY_SEED:MELON"": 12, ""BUY_SEED:STRAWBERRY"": 33, ""BUY_SEED:WHEAT"": 188, ""SELL:CARROT"": 93, ""SELL:FERTILIZER"": 324, ""SELL:MELON"": 72, ""SELL:MILK"": 207, ""SELL:STRAWBERRY"": 262, ""SELL:WHEAT"": 340, ""SELL:WOOL"": 196}","{""BUY_ANIMAL:COW"": 3600, ""BUY_ANIMAL:SHEEP"": 4000, ""BUY_PRODUCT:FERTILIZER"": 2151, ""BUY_PRODUCT:WHEAT"": 4960, ""BUY_SEED:CARROT"": 620, ""BUY_SEED:MELON"": 960, ""BUY_SEED:STRAWBERRY"": 3300, ""BUY_SEED:WHEAT"": 1880, ""SELL:CARROT"": 3953, ""SELL:FERTILIZER"": 14630, ""SELL:MELON"": 14267, ""SELL:MILK"": 4419, ""SELL:STRAWBERRY"": 8953, ""SELL:WHEAT"": 13200, ""SELL:WOOL"": 47902}"
carrot-demand-reserved,9500521,1,apex,80309.0,76745.0,3564.0,719,6.589652100999956,0.06895349600381451,0.022679405003145803,0.022679405003145803,0.43121656199999836,92484,d869fc2d1cd2febae7e37dad1282c93332d7371529c22cd8890c7ab71cfdc1ea,"{""BUILD_COOP"": 1, ""BUILD_PASTURE"": 17, ""CARE"": 363, ""COLLECT_FERTILIZER"": 376, ""DIG"": 35, ""DROP"": 18, ""EAST"": 701, ""FEED"": 325, ""FERTILIZE"": 98, ""HARVEST"": 466, ""NORTH"": 979, ""PASS"": 596, ""PICKUP"": 161, ""PLACE"": 108, ""PLANT"": 240, ""SOUTH"": 548, ""WATER"": 1122, ""WEST"": 973}","{""BUY_ANIMAL:COW"": 9, ""BUY_ANIMAL:SHEEP"": 8, ""BUY_PRODUCT:FERTILIZER"": 75, ""BUY_PRODUCT:WHEAT"": 143, ""BUY_SEED:CARROT"": 31, ""BUY_SEED:MELON"": 12, ""BUY_SEED:STRAWBERRY"": 33, ""BUY_SEED:WHEAT"": 188, ""SELL:CARROT"": 93, ""SELL:FERTILIZER"": 324, ""SELL:MELON"": 72, ""SELL:MILK"": 207, ""SELL:STRAWBERRY"": 262, ""SELL:WHEAT"": 340, ""SELL:WOOL"": 196}","{""BUY_ANIMAL:COW"": 3600, ""BUY_ANIMAL:SHEEP"": 4000, ""BUY_PRODUCT:FERTILIZER"": 2151, ""BUY_PRODUCT:WHEAT"": 4960, ""BUY_SEED:CARROT"": 620, ""BUY_SEED:MELON"": 960, ""BUY_SEED:STRAWBERRY"": 3300, ""BUY_SEED:WHEAT"": 1880, ""SELL:CARROT"": 3953, ""SELL:FERTILIZER"": 14630, ""SELL:MELON"": 14267, ""SELL:MILK"": 4419, ""SELL:STRAWBERRY"": 8953, ""SELL:WHEAT"": 13200, ""SELL:WOOL"": 47902}"
carrot-opportunity-development,9500401,0,arlene,78057.0,82669.0,-4612.0,719,6.168663177995768,0.06690076299855718,0.02206823299638927,0.02206823299638927,0.3343370520000002,21248,3863b96d47362a33d86bddca3dfc445d6ad03a35c30480d89d27e0cda3d8f909,"{""BUILD_COOP"": 1, ""BUILD_PASTURE"": 17, ""CARE"": 381, ""COLLECT_FERTILIZER"": 379, ""DIG"": 36, ""DROP"": 15, ""EAST"": 702, ""FEED"": 361, ""FERTILIZE"": 96, ""HARVEST"": 468, ""NORTH"": 985, ""PASS"": 585, ""PICKUP"": 163, ""PLACE"": 109, ""PLANT"": 239, ""SOUTH"": 546, ""WATER"": 1111, ""WEST"": 976}","{""BUY_ANIMAL:COW"": 9, ""BUY_ANIMAL:SHEEP"": 8, ""BUY_PRODUCT:FERTILIZER"": 67, ""BUY_PRODUCT:WHEAT"": 143, ""BUY_SEED:CARROT"": 5, ""BUY_SEED:MELON"": 12, ""BUY_SEED:STRAWBERRY"": 33, ""BUY_SEED:WHEAT"": 189, ""SELL:CARROT"": 9, ""SELL:FERTILIZER"": 350, ""SELL:MELON"": 72, ""SELL:MILK"": 261, ""SELL:STRAWBERRY"": 262, ""SELL:WHEAT"": 380, ""SELL:WOOL"": 196}","{""BUY_ANIMAL:COW"": 3600, ""BUY_ANIMAL:SHEEP"": 4000, ""BUY_PRODUCT:FERTILIZER"": 2333, ""BUY_PRODUCT:WHEAT"": 4961, ""BUY_SEED:CARROT"": 100, ""BUY_SEED:MELON"": 960, ""BUY_SEED:STRAWBERRY"": 3300, ""BUY_SEED:WHEAT"": 1890, ""SELL:CARROT"": 567, ""SELL:FERTILIZER"": 14921, ""SELL:MELON"": 14267, ""SELL:MILK"": 4411, ""SELL:STRAWBERRY"": 10732, ""SELL:WHEAT"": 12737, ""SELL:WOOL"": 47398}"
carrot-opportunity-development,9500401,1,arlene,78057.0,82669.0,-4612.0,719,5.976555228997313,0.07546255199849838,0.019049791000725236,0.019049791000725236,0.31585999700000067,28416,a2522fbaaf335b6ac37c7cf457753a17dd4c807a8119a46b5362cbd46de600e8,"{""BUILD_COOP"": 1, ""BUILD_PASTURE"": 17, ""CARE"": 381, ""COLLECT_FERTILIZER"": 379, ""DIG"": 36, ""DROP"": 15, ""EAST"": 702, ""FEED"": 361, ""FERTILIZE"": 96, ""HARVEST"": 468, ""NORTH"": 985, ""PASS"": 585, ""PICKUP"": 163, ""PLACE"": 109, ""PLANT"": 239, ""SOUTH"": 546, ""WATER"": 1111, ""WEST"": 976}","{""BUY_ANIMAL:COW"": 9, ""BUY_ANIMAL:SHEEP"": 8, ""BUY_PRODUCT:FERTILIZER"": 67, ""BUY_PRODUCT:WHEAT"": 143, ""BUY_SEED:CARROT"": 5, ""BUY_SEED:MELON"": 12, ""BUY_SEED:STRAWBERRY"": 33, ""BUY_SEED:WHEAT"": 189, ""SELL:CARROT"": 9, ""SELL:FERTILIZER"": 350, ""SELL:MELON"": 72, ""SELL:MILK"": 261, ""SELL:STRAWBERRY"": 262, ""SELL:WHEAT"": 380, ""SELL:WOOL"": 196}","{""BUY_ANIMAL:COW"": 3600, ""BUY_ANIMAL:SHEEP"": 4000, ""BUY_PRODUCT:FERTILIZER"": 2333, ""BUY_PRODUCT:WHEAT"": 4961, ""BUY_SEED:CARROT"": 100, ""BUY_SEED:MELON"": 960, ""BUY_SEED:STRAWBERRY"": 3300, ""BUY_SEED:WHEAT"": 1890, ""SELL:CARROT"": 567, ""SELL:FERTILIZER"": 14921, ""SELL:MELON"": 14267, ""SELL:MILK"": 4411, ""SELL:STRAWBERRY"": 10732, ""SELL:WHEAT"": 12737, ""SELL:WOOL"": 47398}"
carrot-opportunity-development,9500401,0,apex,78312.0,77749.0,563.0,719,6.304632425002637,0.09470285099814646,0.02517402300145477,0.02517402300145477,0.33414452099999997,40808,5200d25f0ca3bc24a3ad838d7451b72251cbe9805375aa9e61ec69fb2b8039aa,"{""BUILD_COOP"": 1, ""BUILD_PASTURE"": 17, ""CARE"": 381, ""COLLECT_FERTILIZER"": 379, ""DIG"": 36, ""DROP"": 15, ""EAST"": 702, ""FEED"": 361, ""FERTILIZE"": 96, ""HARVEST"": 468, ""NORTH"": 985, ""PASS"": 585, ""PICKUP"": 163, ""PLACE"": 109, ""PLANT"": 239, ""SOUTH"": 546, ""WATER"": 1111, ""WEST"": 976}","{""BUY_ANIMAL:COW"": 9, ""BUY_ANIMAL:SHEEP"": 8, ""BUY_PRODUCT:FERTILIZER"": 67, ""BUY_PRODUCT:WHEAT"": 143, ""BUY_SEED:CARROT"": 5, ""BUY_SEED:MELON"": 12, ""BUY_SEED:STRAWBERRY"": 33, ""BUY_SEED:WHEAT"": 189, ""SELL:CARROT"": 9, ""SELL:FERTILIZER"": 350, ""SELL:MELON"": 72, ""SELL:MILK"": 261, ""SELL:STRAWBERRY"": 262, ""SELL:WHEAT"": 380, ""SELL:WOOL"": 196}","{""BUY_ANIMAL:COW"": 3600, ""BUY_ANIMAL:SHEEP"": 4000, ""BUY_PRODUCT:FERTILIZER"": 2351, ""BUY_PRODUCT:WHEAT"": 4960, ""BUY_SEED:CARROT"": 100, ""BUY_SEED:MELON"": 960, ""BUY_SEED:STRAWBERRY"": 3300, ""BUY_SEED:WHEAT"": 1890, ""SELL:CARROT"": 567, ""SELL:FERTILIZER"": 14883, ""SELL:MELON"": 14267, ""SELL:MILK"": 4407, ""SELL:STRAWBERRY"": 10819, ""SELL:WHEAT"": 12948, ""SELL:WOOL"": 47414}"
carrot-opportunity-development,9500401,1,apex,78312.0,77749.0,563.0,719,6.3820596509976895,0.06799965100071859,0.02387273700151127,0.02387273700151127,0.3256843030000008,53260,92e13f71852f08284937314791c4208c3217a6d638c927fb508be19f1cbefa7e,"{""BUILD_COOP"": 1, ""BUILD_PASTURE"": 17, ""CARE"": 381, ""COLLECT_FERTILIZER"": 379, ""DIG"": 36, ""DROP"": 15, ""EAST"": 702, ""FEED"": 361, ""FERTILIZE"": 96, ""HARVEST"": 468, ""NORTH"": 985, ""PASS"": 585, ""PICKUP"": 163, ""PLACE"": 109, ""PLANT"": 239, ""SOUTH"": 546, ""WATER"": 1111, ""WEST"": 976}","{""BUY_ANIMAL:COW"": 9, ""BUY_ANIMAL:SHEEP"": 8, ""BUY_PRODUCT:FERTILIZER"": 67, ""BUY_PRODUCT:WHEAT"": 143, ""BUY_SEED:CARROT"": 5, ""BUY_SEED:MELON"": 12, ""BUY_SEED:STRAWBERRY"": 33, ""BUY_SEED:WHEAT"": 189, ""SELL:CARROT"": 9, ""SELL:FERTILIZER"": 350, ""SELL:MELON"": 72, ""SELL:MILK"": 261, ""SELL:STRAWBERRY"": 262, ""SELL:WHEAT"": 380, ""SELL:WOOL"": 196}","{""BUY_ANIMAL:COW"": 3600, ""BUY_ANIMAL:SHEEP"": 4000, ""BUY_PRODUCT:FERTILIZER"": 2351, ""BUY_PRODUCT:WHEAT"": 4960, ""BUY_SEED:CARROT"": 100, ""BUY_SEED:MELON"": 960, ""BUY_SEED:STRAWBERRY"": 3300, ""BUY_SEED:WHEAT"": 1890, ""SELL:CARROT"": 567, ""SELL:FERTILIZER"": 14883, ""SELL:MELON"": 14267, ""SELL:MILK"": 4407, ""SELL:STRAWBERRY"": 10819, ""SELL:WHEAT"": 12948, ""SELL:WOOL"": 47414}"
carrot-opportunity-development,9500419,0,arlene,84640.0,84640.0,0.0,719,6.239819098998851,0.07498857800237602,0.03267437399335904,0.03267437399335904,0.34222327900000066,65704,ef56d42d6e75c2e5bb6ea584453a2f28bb97abb79dc9d1716aba84406aa95959,"{""BUILD_COOP"": 1, ""BUILD_PASTURE"": 17, ""CARE"": 381, ""COLLECT_FERTILIZER"": 379, ""DIG"": 36, ""DROP"": 15, ""EAST"": 702, ""FEED"": 361, ""FERTILIZE"": 96, ""HARVEST"": 468, ""NORTH"": 985, ""PASS"": 585, ""PICKUP"": 163, ""PLACE"": 109, ""PLANT"": 239, ""SOUTH"": 546, ""WATER"": 1111, ""WEST"": 976}","{""BUY_ANIMAL:COW"": 9, ""BUY_ANIMAL:SHEEP"": 8, ""BUY_PRODUCT:FERTILIZER"": 67, ""BUY_PRODUCT:WHEAT"": 150, ""BUY_SEED:CARROT"": 5, ""BUY_SEED:MELON"": 12, ""BUY_SEED:STRAWBERRY"": 33, ""BUY_SEED:WHEAT"": 189, ""SELL:CARROT"": 9, ""SELL:FERTILIZER"": 350, ""SELL:MELON"": 72, ""SELL:MILK"": 261, ""SELL:STRAWBERRY"": 262, ""SELL:WHEAT"": 387, ""SELL:WOOL"": 196}","{""BUY_ANIMAL:COW"": 3600, ""BUY_ANIMAL:SHEEP"": 4000, ""BUY_PRODUCT:FERTILIZER"": 2342, ""BUY_PRODUCT:WHEAT"": 5244, ""BUY_SEED:CARROT"": 100, ""BUY_SEED:MELON"": 960, ""BUY_SEED:STRAWBERRY"": 3300, ""BUY_SEED:WHEAT"": 1890, ""SELL:CARROT"": 594, ""SELL:FERTILIZER"": 14940, ""SELL:MELON"": 14267, ""SELL:MILK"": 10676, ""SELL:STRAWBERRY"": 14523, ""SELL:WHEAT"": 15099, ""SELL:WOOL"": 41809}"
carrot-opportunity-development,9500419,1,arlene,84640.0,84640.0,0.0,719,7.098018265001883,0.41139735499746166,0.07619401600095443,0.07619401600095443,0.42240044500000196,70724,ef56d42d6e75c2e5bb6ea584453a2f28bb97abb79dc9d1716aba84406aa95959,"{""BUILD_COOP"": 1, ""BUILD_PASTURE"": 17, ""CARE"": 381, ""COLLECT_FERTILIZER"": 379, ""DIG"": 36, ""DROP"": 15, ""EAST"": 702, ""FEED"": 361, ""FERTILIZE"": 96, ""HARVEST"": 468, ""NORTH"": 985, ""PASS"": 585, ""PICKUP"": 163, ""PLACE"": 109, ""PLANT"": 239, ""SOUTH"": 546, ""WATER"": 1111, ""WEST"": 976}","{""BUY_ANIMAL:COW"": 9, ""BUY_ANIMAL:SHEEP"": 8, ""BUY_PRODUCT:FERTILIZER"": 67, ""BUY_PRODUCT:WHEAT"": 150, ""BUY_SEED:CARROT"": 5, ""BUY_SEED:MELON"": 12, ""BUY_SEED:STRAWBERRY"": 33, ""BUY_SEED:WHEAT"": 189, ""SELL:CARROT"": 9, ""SELL:FERTILIZER"": 350, ""SELL:MELON"": 72, ""SELL:MILK"": 261, ""SELL:STRAWBERRY"": 262, ""SELL:WHEAT"": 387, ""SELL:WOOL"": 196}","{""BUY_ANIMAL:COW"": 3600, ""BUY_ANIMAL:SHEEP"": 4000, ""BUY_PRODUCT:FERTILIZER"": 2342, ""BUY_PRODUCT:WHEAT"": 5244, ""BUY_SEED:CARROT"": 100, ""BUY_SEED:MELON"": 960, ""BUY_SEED:STRAWBERRY"": 3300, ""BUY_SEED:WHEAT"": 1890, ""SELL:CARROT"": 594, ""SELL:FERTILIZER"": 14940, ""SELL:MELON"": 14267, ""SELL:MILK"": 10676, ""SELL:STRAWBERRY"": 14523, ""SELL:WHEAT"": 15099, ""SELL:WOOL"": 41809}"
carrot-opportunity-development,9500419,0,apex,84468.0,82687.0,1781.0,719,6.441950034997717,0.08500827600073535,0.028889302993775345,0.028889302993775345,0.3658460880000006,81840,2551b20b5a61d2d26d432019d7e70516cdc6ad8c735a20e66756ca58e03ef6d6,"{""BUILD_COOP"": 1, ""BUILD_PASTURE"": 17, ""CARE"": 381, ""COLLECT_FERTILIZER"": 379, ""DIG"": 36, ""DROP"": 15, ""EAST"": 702, ""FEED"": 361, ""FERTILIZE"": 96, ""HARVEST"": 468, ""NORTH"": 985, ""PASS"": 585, ""PICKUP"": 163, ""PLACE"": 109, ""PLANT"": 239, ""SOUTH"": 546, ""WATER"": 1111, ""WEST"": 976}","{""BUY_ANIMAL:COW"": 9, ""BUY_ANIMAL:SHEEP"": 8, ""BUY_PRODUCT:FERTILIZER"": 67, ""BUY_PRODUCT:WHEAT"": 150, ""BUY_SEED:CARROT"": 5, ""BUY_SEED:MELON"": 12, ""BUY_SEED:STRAWBERRY"": 33, ""BUY_SEED:WHEAT"": 189, ""SELL:CARROT"": 9, ""SELL:FERTILIZER"": 350, ""SELL:MELON"": 72, ""SELL:MILK"": 261, ""SELL:STRAWBERRY"": 262, ""SELL:WHEAT"": 387, ""SELL:WOOL"": 196}","{""BUY_ANIMAL:COW"": 3600, ""BUY_ANIMAL:SHEEP"": 4000, ""BUY_PRODUCT:FERTILIZER"": 2351, ""BUY_PRODUCT:WHEAT"": 5244, ""BUY_SEED:CARROT"": 100, ""BUY_SEED:MELON"": 960, ""BUY_SEED:STRAWBERRY"": 3300, ""BUY_SEED:WHEAT"": 1890, ""SELL:CARROT"": 594, ""SELL:FERTILIZER"": 14883, ""SELL:MELON"": 14267, ""SELL:MILK"": 10448, ""SELL:STRAWBERRY"": 14662, ""SELL:WHEAT"": 15051, ""SELL:WOOL"": 41840}"
carrot-opportunity-development,9500419,1,apex,84468.0,82687.0,1781.0,719,6.607736767997267,0.11054808300104924,0.024835845004417934,0.024835845004417934,0.42465157500000084,92888,7d89d0cf577fde65bdd67e2e232ba6eca6be2454ae62a31a3a54222a5871a66e,"{""BUILD_COOP"": 1, ""BUILD_PASTURE"": 17, ""CARE"": 381, ""COLLECT_FERTILIZER"": 379, ""DIG"": 36, ""DROP"": 15, ""EAST"": 702, ""FEED"": 361, ""FERTILIZE"": 96, ""HARVEST"": 468, ""NORTH"": 985, ""PASS"": 585, ""PICKUP"": 163, ""PLACE"": 109, ""PLANT"": 239, ""SOUTH"": 546, ""WATER"": 1111, ""WEST"": 976}","{""BUY_ANIMAL:COW"": 9, ""BUY_ANIMAL:SHEEP"": 8, ""BUY_PRODUCT:FERTILIZER"": 67, ""BUY_PRODUCT:WHEAT"": 150, ""BUY_SEED:CARROT"": 5, ""BUY_SEED:MELON"": 12, ""BUY_SEED:STRAWBERRY"": 33, ""BUY_SEED:WHEAT"": 189, ""SELL:CARROT"": 9, ""SELL:FERTILIZER"": 350, ""SELL:MELON"": 72, ""SELL:MILK"": 261, ""SELL:STRAWBERRY"": 262, ""SELL:WHEAT"": 387, ""SELL:WOOL"": 196}","{""BUY_ANIMAL:COW"": 3600, ""BUY_ANIMAL:SHEEP"": 4000, ""BUY_PRODUCT:FERTILIZER"": 2351, ""BUY_PRODUCT:WHEAT"": 5244, ""BUY_SEED:CARROT"": 100, ""BUY_SEED:MELON"": 960, ""BUY_SEED:STRAWBERRY"": 3300, ""BUY_SEED:WHEAT"": 1890, ""SELL:CARROT"": 594, ""SELL:FERTILIZER"": 14883, ""SELL:MELON"": 14267, ""SELL:MILK"": 10448, ""SELL:STRAWBERRY"": 14662, ""SELL:WHEAT"": 15051, ""SELL:WOOL"": 41840}"
dairy-continuation-development,9500301,0,arlene,69416.0,71415.0,-1999.0,719,6.1983339299986255,0.11855601199931698,,0.042639308998332126,0.3806675279999999,21332,2c13a2459b7db4102b6875424da2101667174318530d8816fa348ee75c33d685,"{""BUILD_COOP"": 4, ""BUILD_PASTURE"": 13, ""CARE"": 381, ""COLLECT_FERTILIZER"": 384, ""DIG"": 37, ""DROP"": 19, ""EAST"": 704, ""FEED"": 360, ""FERTILIZE"": 98, ""HARVEST"": 481, ""NORTH"": 982, ""PASS"": 529, ""PICKUP"": 162, ""PLACE"": 108, ""PLANT"": 239, ""SOUTH"": 550, ""WATER"": 1122, ""WEST"": 976}","{""BUY_ANIMAL:COW"": 8, ""BUY_ANIMAL:GOOSE"": 3, ""BUY_ANIMAL:SHEEP"": 5, ""BUY_PRODUCT:FERTILIZER"": 66, ""BUY_PRODUCT:WHEAT"": 131, ""BUY_SEED:CARROT"": 31, ""BUY_SEED:MELON"": 12, ""BUY_SEED:STRAWBERRY"": 32, ""BUY_SEED:WHEAT"": 188, ""SELL:CARROT"": 93, ""SELL:EGG"": 79, ""SELL:FERTILIZER"": 326, ""SELL:MELON"": 72, ""SELL:MILK"": 228, ""SELL:STRAWBERRY"": 255, ""SELL:WHEAT"": 316, ""SELL:WOOL"": 131}","{""BUY_ANIMAL:COW"": 3200, ""BUY_ANIMAL:GOOSE"": 900, ""BUY_ANIMAL:SHEEP"": 2500, ""BUY_PRODUCT:FERTILIZER"": 2218, ""BUY_PRODUCT:WHEAT"": 4647, ""BUY_SEED:CARROT"": 620, ""BUY_SEED:MELON"": 960, ""BUY_SEED:STRAWBERRY"": 3200, ""BUY_SEED:WHEAT"": 1880, ""SELL:CARROT"": 5117, ""SELL:EGG"": 4866, ""SELL:FERTILIZER"": 14327, ""SELL:MELON"": 14267, ""SELL:MILK"": 5296, ""SELL:STRAWBERRY"": 30741, ""SELL:WHEAT"": 13008, ""SELL:WOOL"": 7497}"
dairy-continuation-development,9500301,1,arlene,70487.0,70201.0,286.0,719,6.664297658000578,0.06552659400040284,,0.017524170998513,0.419724969,26496,5723f54309a312bb2325abd2405b4facec361685290b8b18facfd8088bce003c,"{""BUILD_COOP"": 4, ""BUILD_PASTURE"": 14, ""CARE"": 381, ""COLLECT_FERTILIZER"": 384, ""DIG"": 36, ""DROP"": 19, ""EAST"": 704, ""FEED"": 361, ""FERTILIZE"": 98, ""HARVEST"": 480, ""NORTH"": 982, ""PASS"": 528, ""PICKUP"": 162, ""PLACE"": 108, ""PLANT"": 240, ""SOUTH"": 550, ""WATER"": 1122, ""WEST"": 976}","{""BUY_ANIMAL:COW"": 9, ""BUY_ANIMAL:GOOSE"": 3, ""BUY_ANIMAL:SHEEP"": 5, ""BUY_PRODUCT:FERTILIZER"": 64, ""BUY_PRODUCT:WHEAT"": 132, ""BUY_SEED:CARROT"": 31, ""BUY_SEED:MELON"": 12, ""BUY_SEED:STRAWBERRY"": 33, ""BUY_SEED:WHEAT"": 188, ""SELL:CARROT"": 93, ""SELL:EGG"": 79, ""SELL:FERTILIZER"": 348, ""SELL:MELON"": 72, ""SELL:MILK"": 261, ""SELL:STRAWBERRY"": 262, ""SELL:WHEAT"": 293, ""SELL:WOOL"": 131}","{""BUY_ANIMAL:COW"": 3600, ""BUY_ANIMAL:GOOSE"": 900, ""BUY_ANIMAL:SHEEP"": 2500, ""BUY_PRODUCT:FERTILIZER"": 2038, ""BUY_PRODUCT:WHEAT"": 4688, ""BUY_SEED:CARROT"": 620, ""BUY_SEED:MELON"": 960, ""BUY_SEED:STRAWBERRY"": 3300, ""BUY_SEED:WHEAT"": 1880, ""SELL:CARROT"": 5117, ""SELL:EGG"": 4863, ""SELL:FERTILIZER"": 15158, ""SELL:MELON"": 14267, ""SELL:MILK"": 6047, ""SELL:STRAWBERRY"": 31578, ""SELL:WHEAT"": 12024, ""SELL:WOOL"": 7497}"
dairy-continuation-development,9500301,0,apex,68925.0,60743.0,8182.0,719,6.650151284997264,0.07465728699753527,,0.02075804600099218,0.33765977300000005,37116,163b49e9e09e90efa63fb2777869c97b0411b1ae3fea0b4a02b32d16a69c3b7d,"{""BUILD_COOP"": 4, ""BUILD_PASTURE"": 13, ""CARE"": 381, ""COLLECT_FERTILIZER"": 384, ""DIG"": 37, ""DROP"": 19, ""EAST"": 704, ""FEED"": 360, ""FERTILIZE"": 98, ""HARVEST"": 481, ""NORTH"": 982, ""PASS"": 529, ""PICKUP"": 162, ""PLACE"": 108, ""PLANT"": 239, ""SOUTH"": 550, ""WATER"": 1122, ""WEST"": 976}","{""BUY_ANIMAL:COW"": 8, ""BUY_ANIMAL:GOOSE"": 3, ""BUY_ANIMAL:SHEEP"": 5, ""BUY_PRODUCT:FERTILIZER"": 66, ""BUY_PRODUCT:WHEAT"": 131, ""BUY_SEED:CARROT"": 31, ""BUY_SEED:MELON"": 12, ""BUY_SEED:STRAWBERRY"": 32, ""BUY_SEED:WHEAT"": 188, ""SELL:CARROT"": 93, ""SELL:EGG"": 79, ""SELL:FERTILIZER"": 326, ""SELL:MELON"": 72, ""SELL:MILK"": 228, ""SELL:STRAWBERRY"": 255, ""SELL:WHEAT"": 316, ""SELL:WOOL"": 131}","{""BUY_ANIMAL:COW"": 3200, ""BUY_ANIMAL:GOOSE"": 900, ""BUY_ANIMAL:SHEEP"": 2500, ""BUY_PRODUCT:FERTILIZER"": 2225, ""BUY_PRODUCT:WHEAT"": 4647, ""BUY_SEED:CARROT"": 620, ""BUY_SEED:MELON"": 960, ""BUY_SEED:STRAWBERRY"": 3200, ""BUY_SEED:WHEAT"": 1880, ""SELL:CARROT"": 5501, ""SELL:EGG"": 5054, ""SELL:FERTILIZER"": 14240, ""SELL:MELON"": 14267, ""SELL:MILK"": 4728, ""SELL:STRAWBERRY"": 31244, ""SELL:WHEAT"": 13156, ""SELL:WOOL"": 6445}"
dairy-continuation-development,9500301,1,apex,59785.0,57884.0,1901.0,719,5.9824814410021645,0.05598410399761633,,0.02539673200226389,0.3347617950000007,47952,4a4caa50928fc6ff93dbe3ad7a23a2a91997792ed7c4c440947106aecf7de5c4,"{""BUILD_COOP"": 4, ""BUILD_PASTURE"": 14, ""CARE"": 381, ""COLLECT_FERTILIZER"": 384, ""DIG"": 35, ""DROP"": 19, ""EAST"": 704, ""FEED"": 361, ""FERTILIZE"": 98, ""HARVEST"": 481, ""NORTH"": 982, ""PASS"": 528, ""PICKUP"": 162, ""PLACE"": 108, ""PLANT"": 240, ""SOUTH"": 550, ""WATER"": 1122, ""WEST"": 976}","{""BUY_ANIMAL:COW"": 9, ""BUY_ANIMAL:GOOSE"": 3, ""BUY_ANIMAL:SHEEP"": 5, ""BUY_PRODUCT:FERTILIZER"": 64, ""BUY_PRODUCT:WHEAT"": 132, ""BUY_SEED:CARROT"": 31, ""BUY_SEED:MELON"": 12, ""BUY_SEED:STRAWBERRY"": 33, ""BUY_SEED:WHEAT"": 188, ""SELL:CARROT"": 93, ""SELL:EGG"": 79, ""SELL:FERTILIZER"": 348, ""SELL:MELON"": 72, ""SELL:MILK"": 261, ""SELL:STRAWBERRY"": 262, ""SELL:WHEAT"": 293, ""SELL:WOOL"": 131}","{""BUY_ANIMAL:COW"": 3600, ""BUY_ANIMAL:GOOSE"": 900, ""BUY_ANIMAL:SHEEP"": 2500, ""BUY_PRODUCT:FERTILIZER"": 1926, ""BUY_PRODUCT:WHEAT"": 4665, ""BUY_SEED:CARROT"": 620, ""BUY_SEED:MELON"": 960, ""BUY_SEED:STRAWBERRY"": 3300, ""BUY_SEED:WHEAT"": 1880, ""SELL:CARROT"": 2770, ""SELL:EGG"": 5131, ""SELL:FERTILIZER"": 14459, ""SELL:MELON"": 14267, ""SELL:MILK"": 8688, ""SELL:STRAWBERRY"": 15301, ""SELL:WHEAT"": 11975, ""SELL:WOOL"": 13123}"
dairy-continuation-development,9500319,0,arlene,80030.0,80147.0,-117.0,719,6.594382604002021,0.07578448900312651,,0.020294263998948736,0.3036413630000001,58804,d72784eee41030fa39ad92e50f696e48f7154af5735de4065f12abafbbb910ed,"{""BUILD_COOP"": 1, ""BUILD_PASTURE"": 17, ""CARE"": 381, ""COLLECT_FERTILIZER"": 379, ""DIG"": 37, ""DROP"": 15, ""EAST"": 702, ""FEED"": 361, ""FERTILIZE"": 96, ""HARVEST"": 468, ""NORTH"": 985, ""PASS"": 585, ""PICKUP"": 163, ""PLACE"": 109, ""PLANT"": 238, ""SOUTH"": 546, ""WATER"": 1111, ""WEST"": 976}","{""BUY_ANIMAL:COW"": 9, ""BUY_ANIMAL:SHEEP"": 8, ""BUY_PRODUCT:FERTILIZER"": 67, ""BUY_PRODUCT:WHEAT"": 144, ""BUY_SEED:CARROT"": 5, ""BUY_SEED:MELON"": 12, ""BUY_SEED:STRAWBERRY"": 33, ""BUY_SEED:WHEAT"": 189, ""SELL:CARROT"": 9, ""SELL:FERTILIZER"": 350, ""SELL:MELON"": 72, ""SELL:MILK"": 261, ""SELL:STRAWBERRY"": 262, ""SELL:WHEAT"": 378, ""SELL:WOOL"": 196}","{""BUY_ANIMAL:COW"": 3600, ""BUY_ANIMAL:SHEEP"": 4000, ""BUY_PRODUCT:FERTILIZER"": 2342, ""BUY_PRODUCT:WHEAT"": 4899, ""BUY_SEED:CARROT"": 100, ""BUY_SEED:MELON"": 960, ""BUY_SEED:STRAWBERRY"": 3300, ""BUY_SEED:WHEAT"": 1890, ""SELL:CARROT"": 549, ""SELL:FERTILIZER"": 14940, ""SELL:MELON"": 14267, ""SELL:MILK"": 4662, ""SELL:STRAWBERRY"": 11168, ""SELL:WHEAT"": 13374, ""SELL:WOOL"": 47993}"
dairy-continuation-development,9500319,1,arlene,80147.0,80030.0,117.0,719,5.9178591029995005,0.08070942699851003,,0.022675886000797618,0.33576664599999784,63124,d72784eee41030fa39ad92e50f696e48f7154af5735de4065f12abafbbb910ed,"{""BUILD_COOP"": 1, ""BUILD_PASTURE"": 17, ""CARE"": 381, ""COLLECT_FERTILIZER"": 379, ""DIG"": 36, ""DROP"": 15, ""EAST"": 702, ""FEED"": 361, ""FERTILIZE"": 96, ""HARVEST"": 468, ""NORTH"": 985, ""PASS"": 585, ""PICKUP"": 163, ""PLACE"": 109, ""PLANT"": 239, ""SOUTH"": 546, ""WATER"": 1111, ""WEST"": 976}","{""BUY_ANIMAL:COW"": 9, ""BUY_ANIMAL:SHEEP"": 8, ""BUY_PRODUCT:FERTILIZER"": 67, ""BUY_PRODUCT:WHEAT"": 144, ""BUY_SEED:CARROT"": 5, ""BUY_SEED:MELON"": 12, ""BUY_SEED:STRAWBERRY"": 33, ""BUY_SEED:WHEAT"": 189, ""SELL:CARROT"": 9, ""SELL:FERTILIZER"": 350, ""SELL:MELON"": 72, ""SELL:MILK"": 261, ""SELL:STRAWBERRY"": 262, ""SELL:WHEAT"": 381, ""SELL:WOOL"": 196}","{""BUY_ANIMAL:COW"": 3600, ""BUY_ANIMAL:SHEEP"": 4000, ""BUY_PRODUCT:FERTILIZER"": 2342, ""BUY_PRODUCT:WHEAT"": 4899, ""BUY_SEED:CARROT"": 100, ""BUY_SEED:MELON"": 960, ""BUY_SEED:STRAWBERRY"": 3300, ""BUY_SEED:WHEAT"": 1890, ""SELL:CARROT"": 549, ""SELL:FERTILIZER"": 14940, ""SELL:MELON"": 14267, ""SELL:MILK"": 4662, ""SELL:STRAWBERRY"": 11168, ""SELL:WHEAT"": 13491, ""SELL:WOOL"": 47993}"
dairy-continuation-development,9500319,0,apex,80065.0,78238.0,1827.0,719,7.041780577001191,0.09395792199939024,,0.047601268997823354,0.33822648200000005,72496,c688d0067d6c8f94e3f5c559b6d8678d51e65a8497f63cebb1b3d829762308c9,"{""BUILD_COOP"": 1, ""BUILD_PASTURE"": 17, ""CARE"": 381, ""COLLECT_FERTILIZER"": 379, ""DIG"": 37, ""DROP"": 15, ""EAST"": 702, ""FEED"": 361, ""FERTILIZE"": 96, ""HARVEST"": 468, ""NORTH"": 985, ""PASS"": 585, ""PICKUP"": 163, ""PLACE"": 109, ""PLANT"": 238, ""SOUTH"": 546, ""WATER"": 1111, ""WEST"": 976}","{""BUY_ANIMAL:COW"": 9, ""BUY_ANIMAL:SHEEP"": 8, ""BUY_PRODUCT:FERTILIZER"": 67, ""BUY_PRODUCT:WHEAT"": 144, ""BUY_SEED:CARROT"": 5, ""BUY_SEED:MELON"": 12, ""BUY_SEED:STRAWBERRY"": 33, ""BUY_SEED:WHEAT"": 189, ""SELL:CARROT"": 9, ""SELL:FERTILIZER"": 350, ""SELL:MELON"": 72, ""SELL:MILK"": 261, ""SELL:STRAWBERRY"": 262, ""SELL:WHEAT"": 378, ""SELL:WOOL"": 196}","{""BUY_ANIMAL:COW"": 3600, ""BUY_ANIMAL:SHEEP"": 4000, ""BUY_PRODUCT:FERTILIZER"": 2351, ""BUY_PRODUCT:WHEAT"": 4899, ""BUY_SEED:CARROT"": 100, ""BUY_SEED:MELON"": 960, ""BUY_SEED:STRAWBERRY"": 3300, ""BUY_SEED:WHEAT"": 1890, ""SELL:CARROT"": 549, ""SELL:FERTILIZER"": 14883, ""SELL:MELON"": 14267, ""SELL:MILK"": 4575, ""SELL:STRAWBERRY"": 11567, ""SELL:WHEAT"": 13169, ""SELL:WOOL"": 47987}"
dairy-continuation-development,9500319,1,apex,80320.0,77761.0,2559.0,719,6.013529673000448,0.07180637399869738,,0.12728662500012433,0.4790118039999986,81936,b81acc713345606696cfbae611281a9954eadbb4e7d9ca89515182e5a73c6995,"{""BUILD_COOP"": 1, ""BUILD_PASTURE"": 17, ""CARE"": 381, ""COLLECT_FERTILIZER"": 379, ""DIG"": 36, ""DROP"": 15, ""EAST"": 702, ""FEED"": 361, ""FERTILIZE"": 96, ""HARVEST"": 468, ""NORTH"": 985, ""PASS"": 585, ""PICKUP"": 163, ""PLACE"": 109, ""PLANT"": 239, ""SOUTH"": 546, ""WATER"": 1111, ""WEST"": 976}","{""BUY_ANIMAL:COW"": 9, ""BUY_ANIMAL:SHEEP"": 8, ""BUY_PRODUCT:FERTILIZER"": 67, ""BUY_PRODUCT:WHEAT"": 144, ""BUY_SEED:CARROT"": 5, ""BUY_SEED:MELON"": 12, ""BUY_SEED:STRAWBERRY"": 33, ""BUY_SEED:WHEAT"": 189, ""SELL:CARROT"": 9, ""SELL:FERTILIZER"": 350, ""SELL:MELON"": 72, ""SELL:MILK"": 261, ""SELL:STRAWBERRY"": 262, ""SELL:WHEAT"": 381, ""SELL:WOOL"": 196}","{""BUY_ANIMAL:COW"": 3600, ""BUY_ANIMAL:SHEEP"": 4000, ""BUY_PRODUCT:FERTILIZER"": 2351, ""BUY_PRODUCT:WHEAT"": 4899, ""BUY_SEED:CARROT"": 100, ""BUY_SEED:MELON"": 960, ""BUY_SEED:STRAWBERRY"": 3300, ""BUY_SEED:WHEAT"": 1890, ""SELL:CARROT"": 549, ""SELL:FERTILIZER"": 14883, ""SELL:MELON"": 14267, ""SELL:MILK"": 4575, ""SELL:STRAWBERRY"": 11567, ""SELL:WHEAT"": 13424, ""SELL:WOOL"": 47987}"
deferred-milk-development,9500301,0,arlene,69416.0,71415.0,-1999.0,719,6.491546671000833,0.11249025999859441,,0.024011732999497326,0.32408150300000005,21336,2c13a2459b7db4102b6875424da2101667174318530d8816fa348ee75c33d685,"{""BUILD_COOP"": 4, ""BUILD_PASTURE"": 13, ""CARE"": 381, ""COLLECT_FERTILIZER"": 384, ""DIG"": 37, ""DROP"": 19, ""EAST"": 704, ""FEED"": 360, ""FERTILIZE"": 98, ""HARVEST"": 481, ""NORTH"": 982, ""PASS"": 529, ""PICKUP"": 162, ""PLACE"": 108, ""PLANT"": 239, ""SOUTH"": 550, ""WATER"": 1122, ""WEST"": 976}","{""BUY_ANIMAL:COW"": 8, ""BUY_ANIMAL:GOOSE"": 3, ""BUY_ANIMAL:SHEEP"": 5, ""BUY_PRODUCT:FERTILIZER"": 66, ""BUY_PRODUCT:WHEAT"": 131, ""BUY_SEED:CARROT"": 31, ""BUY_SEED:MELON"": 12, ""BUY_SEED:STRAWBERRY"": 32, ""BUY_SEED:WHEAT"": 188, ""SELL:CARROT"": 93, ""SELL:EGG"": 79, ""SELL:FERTILIZER"": 326, ""SELL:MELON"": 72, ""SELL:MILK"": 228, ""SELL:STRAWBERRY"": 255, ""SELL:WHEAT"": 316, ""SELL:WOOL"": 131}","{""BUY_ANIMAL:COW"": 3200, ""BUY_ANIMAL:GOOSE"": 900, ""BUY_ANIMAL:SHEEP"": 2500, ""BUY_PRODUCT:FERTILIZER"": 2218, ""BUY_PRODUCT:WHEAT"": 4647, ""BUY_SEED:CARROT"": 620, ""BUY_SEED:MELON"": 960, ""BUY_SEED:STRAWBERRY"": 3200, ""BUY_SEED:WHEAT"": 1880, ""SELL:CARROT"": 5117, ""SELL:EGG"": 4866, ""SELL:FERTILIZER"": 14327, ""SELL:MELON"": 14267, ""SELL:MILK"": 5296, ""SELL:STRAWBERRY"": 30741, ""SELL:WHEAT"": 13008, ""SELL:WOOL"": 7497}"
deferred-milk-development,9500301,1,arlene,70487.0,70201.0,286.0,719,5.828886324998166,0.1270505399988906,,0.029663834000530187,0.3329327780000001,26752,5723f54309a312bb2325abd2405b4facec361685290b8b18facfd8088bce003c,"{""BUILD_COOP"": 4, ""BUILD_PASTURE"": 14, ""CARE"": 381, ""COLLECT_FERTILIZER"": 384, ""DIG"": 36, ""DROP"": 19, ""EAST"": 704, ""FEED"": 361, ""FERTILIZE"": 98, ""HARVEST"": 480, ""NORTH"": 982, ""PASS"": 528, ""PICKUP"": 162, ""PLACE"": 108, ""PLANT"": 240, ""SOUTH"": 550, ""WATER"": 1122, ""WEST"": 976}","{""BUY_ANIMAL:COW"": 9, ""BUY_ANIMAL:GOOSE"": 3, ""BUY_ANIMAL:SHEEP"": 5, ""BUY_PRODUCT:FERTILIZER"": 64, ""BUY_PRODUCT:WHEAT"": 132, ""BUY_SEED:CARROT"": 31, ""BUY_SEED:MELON"": 12, ""BUY_SEED:STRAWBERRY"": 33, ""BUY_SEED:WHEAT"": 188, ""SELL:CARROT"": 93, ""SELL:EGG"": 79, ""SELL:FERTILIZER"": 348, ""SELL:MELON"": 72, ""SELL:MILK"": 261, ""SELL:STRAWBERRY"": 262, ""SELL:WHEAT"": 293, ""SELL:WOOL"": 131}","{""BUY_ANIMAL:COW"": 3600, ""BUY_ANIMAL:GOOSE"": 900, ""BUY_ANIMAL:SHEEP"": 2500, ""BUY_PRODUCT:FERTILIZER"": 2038, ""BUY_PRODUCT:WHEAT"": 4688, ""BUY_SEED:CARROT"": 620, ""BUY_SEED:MELON"": 960, ""BUY_SEED:STRAWBERRY"": 3300, ""BUY_SEED:WHEAT"": 1880, ""SELL:CARROT"": 5117, ""SELL:EGG"": 4863, ""SELL:FERTILIZER"": 15158, ""SELL:MELON"": 14267, ""SELL:MILK"": 6047, ""SELL:STRAWBERRY"": 31578, ""SELL:WHEAT"": 12024, ""SELL:WOOL"": 7497}"
deferred-milk-development,9500301,0,apex,69955.0,60678.0,9277.0,719,6.316404164997948,0.08302485200329102,,0.021406808999017812,0.331777684000002,37340,f041d537761f739e899715c02deebc3c43a8263b56d818821f4b268faa3ddcb5,"{""BUILD_COOP"": 4, ""BUILD_PASTURE"": 13, ""CARE"": 364, ""COLLECT_FERTILIZER"": 368, ""DIG"": 37, ""DROP"": 22, ""EAST"": 701, ""FEED"": 314, ""FERTILIZE"": 98, ""HARVEST"": 470, ""NORTH"": 979, ""PASS"": 611, ""PICKUP"": 159, ""PLACE"": 107, ""PLANT"": 239, ""SOUTH"": 552, ""WATER"": 1122, ""WEST"": 969}","{""BUY_ANIMAL:COW"": 8, ""BUY_ANIMAL:GOOSE"": 3, ""BUY_ANIMAL:SHEEP"": 5, ""BUY_PRODUCT:FERTILIZER"": 78, ""BUY_PRODUCT:WHEAT"": 131, ""BUY_SEED:CARROT"": 31, ""BUY_SEED:MELON"": 12, ""BUY_SEED:STRAWBERRY"": 32, ""BUY_SEED:WHEAT"": 188, ""SELL:CARROT"": 93, ""SELL:EGG"": 79, ""SELL:FERTILIZER"": 304, ""SELL:MELON"": 72, ""SELL:MILK"": 180, ""SELL:STRAWBERRY"": 255, ""SELL:WHEAT"": 358, ""SELL:WOOL"": 122}","{""BUY_ANIMAL:COW"": 3200, ""BUY_ANIMAL:GOOSE"": 900, ""BUY_ANIMAL:SHEEP"": 2500, ""BUY_PRODUCT:FERTILIZER"": 2285, ""BUY_PRODUCT:WHEAT"": 4647, ""BUY_SEED:CARROT"": 620, ""BUY_SEED:MELON"": 960, ""BUY_SEED:STRAWBERRY"": 3200, ""BUY_SEED:WHEAT"": 1880, ""SELL:CARROT"": 5498, ""SELL:EGG"": 5053, ""SELL:FERTILIZER"": 14227, ""SELL:MELON"": 14267, ""SELL:MILK"": 4435, ""SELL:STRAWBERRY"": 31215, ""SELL:WHEAT"": 14884, ""SELL:WOOL"": 6057}"
deferred-milk-development,9500301,1,apex,60015.0,59903.0,112.0,719,7.55088061999777,0.0745777519987314,,0.021310045001882827,0.4252566560000008,48180,7a26b4b12703656aabc7cc9037e38aea3cfd86e240bdc86fdf3e1ca62f39142e,"{""BUILD_COOP"": 4, ""BUILD_PASTURE"": 14, ""CARE"": 364, ""COLLECT_FERTILIZER"": 368, ""DIG"": 35, ""DROP"": 22, ""EAST"": 701, ""FEED"": 315, ""FERTILIZE"": 98, ""HARVEST"": 470, ""NORTH"": 979, ""PASS"": 610, ""PICKUP"": 159, ""PLACE"": 107, ""PLANT"": 240, ""SOUTH"": 552, ""WATER"": 1122, ""WEST"": 969}","{""BUY_ANIMAL:COW"": 9, ""BUY_ANIMAL:GOOSE"": 3, ""BUY_ANIMAL:SHEEP"": 5, ""BUY_PRODUCT:FERTILIZER"": 76, ""BUY_PRODUCT:WHEAT"": 132, ""BUY_SEED:CARROT"": 31, ""BUY_SEED:MELON"": 12, ""BUY_SEED:STRAWBERRY"": 33, ""BUY_SEED:WHEAT"": 188, ""SELL:CARROT"": 93, ""SELL:EGG"": 79, ""SELL:FERTILIZER"": 323, ""SELL:MELON"": 72, ""SELL:MILK"": 207, ""SELL:STRAWBERRY"": 262, ""SELL:WHEAT"": 339, ""SELL:WOOL"": 122}","{""BUY_ANIMAL:COW"": 3600, ""BUY_ANIMAL:GOOSE"": 900, ""BUY_ANIMAL:SHEEP"": 2500, ""BUY_PRODUCT:FERTILIZER"": 1986, ""BUY_PRODUCT:WHEAT"": 4665, ""BUY_SEED:CARROT"": 620, ""BUY_SEED:MELON"": 960, ""BUY_SEED:STRAWBERRY"": 3300, ""BUY_SEED:WHEAT"": 1880, ""SELL:CARROT"": 2770, ""SELL:EGG"": 5130, ""SELL:FERTILIZER"": 14447, ""SELL:MELON"": 14267, ""SELL:MILK"": 7480, ""SELL:STRAWBERRY"": 15267, ""SELL:WHEAT"": 13823, ""SELL:WOOL"": 12731}"
deferred-milk-development,9500319,0,arlene,80030.0,80147.0,-117.0,719,6.408338541998091,0.09446630200181971,,0.0260372839984484,0.2978360529999994,58792,d72784eee41030fa39ad92e50f696e48f7154af5735de4065f12abafbbb910ed,"{""BUILD_COOP"": 1, ""BUILD_PASTURE"": 17, ""CARE"": 381, ""COLLECT_FERTILIZER"": 379, ""DIG"": 37, ""DROP"": 15, ""EAST"": 702, ""FEED"": 361, ""FERTILIZE"": 96, ""HARVEST"": 468, ""NORTH"": 985, ""PASS"": 585, ""PICKUP"": 163, ""PLACE"": 109, ""PLANT"": 238, ""SOUTH"": 546, ""WATER"": 1111, ""WEST"": 976}","{""BUY_ANIMAL:COW"": 9, ""BUY_ANIMAL:SHEEP"": 8, ""BUY_PRODUCT:FERTILIZER"": 67, ""BUY_PRODUCT:WHEAT"": 144, ""BUY_SEED:CARROT"": 5, ""BUY_SEED:MELON"": 12, ""BUY_SEED:STRAWBERRY"": 33, ""BUY_SEED:WHEAT"": 189, ""SELL:CARROT"": 9, ""SELL:FERTILIZER"": 350, ""SELL:MELON"": 72, ""SELL:MILK"": 261, ""SELL:STRAWBERRY"": 262, ""SELL:WHEAT"": 378, ""SELL:WOOL"": 196}","{""BUY_ANIMAL:COW"": 3600, ""BUY_ANIMAL:SHEEP"": 4000, ""BUY_PRODUCT:FERTILIZER"": 2342, ""BUY_PRODUCT:WHEAT"": 4899, ""BUY_SEED:CARROT"": 100, ""BUY_SEED:MELON"": 960, ""BUY_SEED:STRAWBERRY"": 3300, ""BUY_SEED:WHEAT"": 1890, ""SELL:CARROT"": 549, ""SELL:FERTILIZER"": 14940, ""SELL:MELON"": 14267, ""SELL:MILK"": 4662, ""SELL:STRAWBERRY"": 11168, ""SELL:WHEAT"": 13374, ""SELL:WOOL"": 47993}"
deferred-milk-development,9500319,1,arlene,80147.0,80030.0,117.0,719,6.840545889001078,0.0712274850011454,,0.020151918000919977,0.3216252049999991,63256,d72784eee41030fa39ad92e50f696e48f7154af5735de4065f12abafbbb910ed,"{""BUILD_COOP"": 1, ""BUILD_PASTURE"": 17, ""CARE"": 381, ""COLLECT_FERTILIZER"": 379, ""DIG"": 36, ""DROP"": 15, ""EAST"": 702, ""FEED"": 361, ""FERTILIZE"": 96, ""HARVEST"": 468, ""NORTH"": 985, ""PASS"": 585, ""PICKUP"": 163, ""PLACE"": 109, ""PLANT"": 239, ""SOUTH"": 546, ""WATER"": 1111, ""WEST"": 976}","{""BUY_ANIMAL:COW"": 9, ""BUY_ANIMAL:SHEEP"": 8, ""BUY_PRODUCT:FERTILIZER"": 67, ""BUY_PRODUCT:WHEAT"": 144, ""BUY_SEED:CARROT"": 5, ""BUY_SEED:MELON"": 12, ""BUY_SEED:STRAWBERRY"": 33, ""BUY_SEED:WHEAT"": 189, ""SELL:CARROT"": 9, ""SELL:FERTILIZER"": 350, ""SELL:MELON"": 72, ""SELL:MILK"": 261, ""SELL:STRAWBERRY"": 262, ""SELL:WHEAT"": 381, ""SELL:WOOL"": 196}","{""BUY_ANIMAL:COW"": 3600, ""BUY_ANIMAL:SHEEP"": 4000, ""BUY_PRODUCT:FERTILIZER"": 2342, ""BUY_PRODUCT:WHEAT"": 4899, ""BUY_SEED:CARROT"": 100, ""BUY_SEED:MELON"": 960, ""BUY_SEED:STRAWBERRY"": 3300, ""BUY_SEED:WHEAT"": 1890, ""SELL:CARROT"": 549, ""SELL:FERTILIZER"": 14940, ""SELL:MELON"": 14267, ""SELL:MILK"": 4662, ""SELL:STRAWBERRY"": 11168, ""SELL:WHEAT"": 13491, ""SELL:WOOL"": 47993}"
deferred-milk-development,9500319,0,apex,80065.0,78238.0,1827.0,719,7.245006529999955,0.05542692100061686,,0.016523424001206877,0.3411510289999996,72508,c688d0067d6c8f94e3f5c559b6d8678d51e65a8497f63cebb1b3d829762308c9,"{""BUILD_COOP"": 1, ""BUILD_PASTURE"": 17, ""CARE"": 381, ""COLLECT_FERTILIZER"": 379, ""DIG"": 37, ""DROP"": 15, ""EAST"": 702, ""FEED"": 361, ""FERTILIZE"": 96, ""HARVEST"": 468, ""NORTH"": 985, ""PASS"": 585, ""PICKUP"": 163, ""PLACE"": 109, ""PLANT"": 238, ""SOUTH"": 546, ""WATER"": 1111, ""WEST"": 976}","{""BUY_ANIMAL:COW"": 9, ""BUY_ANIMAL:SHEEP"": 8, ""BUY_PRODUCT:FERTILIZER"": 67, ""BUY_PRODUCT:WHEAT"": 144, ""BUY_SEED:CARROT"": 5, ""BUY_SEED:MELON"": 12, ""BUY_SEED:STRAWBERRY"": 33, ""BUY_SEED:WHEAT"": 189, ""SELL:CARROT"": 9, ""SELL:FERTILIZER"": 350, ""SELL:MELON"": 72, ""SELL:MILK"": 261, ""SELL:STRAWBERRY"": 262, ""SELL:WHEAT"": 378, ""SELL:WOOL"": 196}","{""BUY_ANIMAL:COW"": 3600, ""BUY_ANIMAL:SHEEP"": 4000, ""BUY_PRODUCT:FERTILIZER"": 2351, ""BUY_PRODUCT:WHEAT"": 4899, ""BUY_SEED:CARROT"": 100, ""BUY_SEED:MELON"": 960, ""BUY_SEED:STRAWBERRY"": 3300, ""BUY_SEED:WHEAT"": 1890, ""SELL:CARROT"": 549, ""SELL:FERTILIZER"": 14883, ""SELL:MELON"": 14267, ""SELL:MILK"": 4575, ""SELL:STRAWBERRY"": 11567, ""SELL:WHEAT"": 13169, ""SELL:WOOL"": 47987}"
deferred-milk-development,9500319,1,apex,80320.0,77761.0,2559.0,719,6.104523962003441,0.06270093500279472,,0.01814883000042755,0.35311524899999946,81920,b81acc713345606696cfbae611281a9954eadbb4e7d9ca89515182e5a73c6995,"{""BUILD_COOP"": 1, ""BUILD_PASTURE"": 17, ""CARE"": 381, ""COLLECT_FERTILIZER"": 379, ""DIG"": 36, ""DROP"": 15, ""EAST"": 702, ""FEED"": 361, ""FERTILIZE"": 96, ""HARVEST"": 468, ""NORTH"": 985, ""PASS"": 585, ""PICKUP"": 163, ""PLACE"": 109, ""PLANT"": 239, ""SOUTH"": 546, ""WATER"": 1111, ""WEST"": 976}","{""BUY_ANIMAL:COW"": 9, ""BUY_ANIMAL:SHEEP"": 8, ""BUY_PRODUCT:FERTILIZER"": 67, ""BUY_PRODUCT:WHEAT"": 144, ""BUY_SEED:CARROT"": 5, ""BUY_SEED:MELON"": 12, ""BUY_SEED:STRAWBERRY"": 33, ""BUY_SEED:WHEAT"": 189, ""SELL:CARROT"": 9, ""SELL:FERTILIZER"": 350, ""SELL:MELON"": 72, ""SELL:MILK"": 261, ""SELL:STRAWBERRY"": 262, ""SELL:WHEAT"": 381, ""SELL:WOOL"": 196}","{""BUY_ANIMAL:COW"": 3600, ""BUY_ANIMAL:SHEEP"": 4000, ""BUY_PRODUCT:FERTILIZER"": 2351, ""BUY_PRODUCT:WHEAT"": 4899, ""BUY_SEED:CARROT"": 100, ""BUY_SEED:MELON"": 960, ""BUY_SEED:STRAWBERRY"": 3300, ""BUY_SEED:WHEAT"": 1890, ""SELL:CARROT"": 549, ""SELL:FERTILIZER"": 14883, ""SELL:MELON"": 14267, ""SELL:MILK"": 4575, ""SELL:STRAWBERRY"": 11567, ""SELL:WHEAT"": 13424, ""SELL:WOOL"": 47987}"
demand-dairy-development,9500301,0,arlene,69900.0,71083.0,-1183.0,719,5.5810815440017905,0.08282737600166001,,0.023345387002336793,0.32423574600000005,21380,04e71d881bcb1b6716f52efcd8d03fec8659b643b4f62ae979506185a98fe966,"{""BUILD_COOP"": 4, ""BUILD_PASTURE"": 13, ""CARE"": 364, ""COLLECT_FERTILIZER"": 368, ""DIG"": 37, ""DROP"": 22, ""EAST"": 701, ""FEED"": 314, ""FERTILIZE"": 98, ""HARVEST"": 470, ""NORTH"": 979, ""PASS"": 611, ""PICKUP"": 159, ""PLACE"": 107, ""PLANT"": 239, ""SOUTH"": 552, ""WATER"": 1122, ""WEST"": 969}","{""BUY_ANIMAL:COW"": 8, ""BUY_ANIMAL:GOOSE"": 3, ""BUY_ANIMAL:SHEEP"": 5, ""BUY_PRODUCT:FERTILIZER"": 78, ""BUY_PRODUCT:WHEAT"": 131, ""BUY_SEED:CARROT"": 31, ""BUY_SEED:MELON"": 12, ""BUY_SEED:STRAWBERRY"": 32, ""BUY_SEED:WHEAT"": 188, ""SELL:CARROT"": 93, ""SELL:EGG"": 79, ""SELL:FERTILIZER"": 304, ""SELL:MELON"": 72, ""SELL:MILK"": 180, ""SELL:STRAWBERRY"": 255, ""SELL:WHEAT"": 358, ""SELL:WOOL"": 122}","{""BUY_ANIMAL:COW"": 3200, ""BUY_ANIMAL:GOOSE"": 900, ""BUY_ANIMAL:SHEEP"": 2500, ""BUY_PRODUCT:FERTILIZER"": 2304, ""BUY_PRODUCT:WHEAT"": 4647, ""BUY_SEED:CARROT"": 620, ""BUY_SEED:MELON"": 960, ""BUY_SEED:STRAWBERRY"": 3200, ""BUY_SEED:WHEAT"": 1880, ""SELL:CARROT"": 5254, ""SELL:EGG"": 4866, ""SELL:FERTILIZER"": 14274, ""SELL:MELON"": 14267, ""SELL:MILK"": 4600, ""SELL:STRAWBERRY"": 30736, ""SELL:WHEAT"": 14697, ""SELL:WOOL"": 6906}"
demand-dairy-development,9500301,1,arlene,71083.0,69900.0,1183.0,719,5.02943356600008,0.05599579000045196,,0.019028475999220973,0.30425020299999955,26232,04e71d881bcb1b6716f52efcd8d03fec8659b643b4f62ae979506185a98fe966,"{""BUILD_COOP"": 4, ""BUILD_PASTURE"": 14, ""CARE"": 364, ""COLLECT_FERTILIZER"": 368, ""DIG"": 36, ""DROP"": 22, ""EAST"": 701, ""FEED"": 315, ""FERTILIZE"": 98, ""HARVEST"": 469, ""NORTH"": 979, ""PASS"": 610, ""PICKUP"": 159, ""PLACE"": 107, ""PLANT"": 240, ""SOUTH"": 552, ""WATER"": 1122, ""WEST"": 969}","{""BUY_ANIMAL:COW"": 9, ""BUY_ANIMAL:GOOSE"": 3, ""BUY_ANIMAL:SHEEP"": 5, ""BUY_PRODUCT:FERTILIZER"": 76, ""BUY_PRODUCT:WHEAT"": 132, ""BUY_SEED:CARROT"": 31, ""BUY_SEED:MELON"": 12, ""BUY_SEED:STRAWBERRY"": 33, ""BUY_SEED:WHEAT"": 188, ""SELL:CARROT"": 93, ""SELL:EGG"": 79, ""SELL:FERTILIZER"": 323, ""SELL:MELON"": 72, ""SELL:MILK"": 207, ""SELL:STRAWBERRY"": 262, ""SELL:WHEAT"": 339, ""SELL:WOOL"": 122}","{""BUY_ANIMAL:COW"": 3600, ""BUY_ANIMAL:GOOSE"": 900, ""BUY_ANIMAL:SHEEP"": 2500, ""BUY_PRODUCT:FERTILIZER"": 2125, ""BUY_PRODUCT:WHEAT"": 4688, ""BUY_SEED:CARROT"": 620, ""BUY_SEED:MELON"": 960, ""BUY_SEED:STRAWBERRY"": 3300, ""BUY_SEED:WHEAT"": 1880, ""SELL:CARROT"": 5254, ""SELL:EGG"": 4863, ""SELL:FERTILIZER"": 15098, ""SELL:MELON"": 14267, ""SELL:MILK"": 5345, ""SELL:STRAWBERRY"": 31552, ""SELL:WHEAT"": 13860, ""SELL:WOOL"": 6906}"
demand-dairy-development,9500301,0,apex,69955.0,60678.0,9277.0,719,5.193853010001476,0.05843685499712592,,0.016928160999668762,0.26871580100000025,36768,f041d537761f739e899715c02deebc3c43a8263b56d818821f4b268faa3ddcb5,"{""BUILD_COOP"": 4, ""BUILD_PASTURE"": 13, ""CARE"": 364, ""COLLECT_FERTILIZER"": 368, ""DIG"": 37, ""DROP"": 22, ""EAST"": 701, ""FEED"": 314, ""FERTILIZE"": 98, ""HARVEST"": 470, ""NORTH"": 979, ""PASS"": 611, ""PICKUP"": 159, ""PLACE"": 107, ""PLANT"": 239, ""SOUTH"": 552, ""WATER"": 1122, ""WEST"": 969}","{""BUY_ANIMAL:COW"": 8, ""BUY_ANIMAL:GOOSE"": 3, ""BUY_ANIMAL:SHEEP"": 5, ""BUY_PRODUCT:FERTILIZER"": 78, ""BUY_PRODUCT:WHEAT"": 131, ""BUY_SEED:CARROT"": 31, ""BUY_SEED:MELON"": 12, ""BUY_SEED:STRAWBERRY"": 32, ""BUY_SEED:WHEAT"": 188, ""SELL:CARROT"": 93, ""SELL:EGG"": 79, ""SELL:FERTILIZER"": 304, ""SELL:MELON"": 72, ""SELL:MILK"": 180, ""SELL:STRAWBERRY"": 255, ""SELL:WHEAT"": 358, ""SELL:WOOL"": 122}","{""BUY_ANIMAL:COW"": 3200, ""BUY_ANIMAL:GOOSE"": 900, ""BUY_ANIMAL:SHEEP"": 2500, ""BUY_PRODUCT:FERTILIZER"": 2285, ""BUY_PRODUCT:WHEAT"": 4647, ""BUY_SEED:CARROT"": 620, ""BUY_SEED:MELON"": 960, ""BUY_SEED:STRAWBERRY"": 3200, ""BUY_SEED:WHEAT"": 1880, ""SELL:CARROT"": 5498, ""SELL:EGG"": 5053, ""SELL:FERTILIZER"": 14227, ""SELL:MELON"": 14267, ""SELL:MILK"": 4435, ""SELL:STRAWBERRY"": 31215, ""SELL:WHEAT"": 14884, ""SELL:WOOL"": 6057}"
demand-dairy-development,9500301,1,apex,59785.0,57884.0,1901.0,719,5.620338836997689,0.056122420999599854,,0.016910025999095524,0.2727774629999994,47504,4a4caa50928fc6ff93dbe3ad7a23a2a91997792ed7c4c440947106aecf7de5c4,"{""BUILD_COOP"": 4, ""BUILD_PASTURE"": 14, ""CARE"": 381, ""COLLECT_FERTILIZER"": 384, ""DIG"": 35, ""DROP"": 19, ""EAST"": 704, ""FEED"": 361, ""FERTILIZE"": 98, ""HARVEST"": 481, ""NORTH"": 982, ""PASS"": 528, ""PICKUP"": 162, ""PLACE"": 108, ""PLANT"": 240, ""SOUTH"": 550, ""WATER"": 1122, ""WEST"": 976}","{""BUY_ANIMAL:COW"": 9, ""BUY_ANIMAL:GOOSE"": 3, ""BUY_ANIMAL:SHEEP"": 5, ""BUY_PRODUCT:FERTILIZER"": 64, ""BUY_PRODUCT:WHEAT"": 132, ""BUY_SEED:CARROT"": 31, ""BUY_SEED:MELON"": 12, ""BUY_SEED:STRAWBERRY"": 33, ""BUY_SEED:WHEAT"": 188, ""SELL:CARROT"": 93, ""SELL:EGG"": 79, ""SELL:FERTILIZER"": 348, ""SELL:MELON"": 72, ""SELL:MILK"": 261, ""SELL:STRAWBERRY"": 262, ""SELL:WHEAT"": 293, ""SELL:WOOL"": 131}","{""BUY_ANIMAL:COW"": 3600, ""BUY_ANIMAL:GOOSE"": 900, ""BUY_ANIMAL:SHEEP"": 2500, ""BUY_PRODUCT:FERTILIZER"": 1926, ""BUY_PRODUCT:WHEAT"": 4665, ""BUY_SEED:CARROT"": 620, ""BUY_SEED:MELON"": 960, ""BUY_SEED:STRAWBERRY"": 3300, ""BUY_SEED:WHEAT"": 1880, ""SELL:CARROT"": 2770, ""SELL:EGG"": 5131, ""SELL:FERTILIZER"": 14459, ""SELL:MELON"": 14267, ""SELL:MILK"": 8688, ""SELL:STRAWBERRY"": 15301, ""SELL:WHEAT"": 11975, ""SELL:WOOL"": 13123}"
demand-dairy-development,9500319,0,arlene,80030.0,80147.0,-117.0,719,6.184308903997589,0.07210232599754818,,0.019937651999498485,0.31222343699999977,58296,d72784eee41030fa39ad92e50f696e48f7154af5735de4065f12abafbbb910ed,"{""BUILD_COOP"": 1, ""BUILD_PASTURE"": 17, ""CARE"": 381, ""COLLECT_FERTILIZER"": 379, ""DIG"": 37, ""DROP"": 15, ""EAST"": 702, ""FEED"": 361, ""FERTILIZE"": 96, ""HARVEST"": 468, ""NORTH"": 985, ""PASS"": 585, ""PICKUP"": 163, ""PLACE"": 109, ""PLANT"": 238, ""SOUTH"": 546, ""WATER"": 1111, ""WEST"": 976}","{""BUY_ANIMAL:COW"": 9, ""BUY_ANIMAL:SHEEP"": 8, ""BUY_PRODUCT:FERTILIZER"": 67, ""BUY_PRODUCT:WHEAT"": 144, ""BUY_SEED:CARROT"": 5, ""BUY_SEED:MELON"": 12, ""BUY_SEED:STRAWBERRY"": 33, ""BUY_SEED:WHEAT"": 189, ""SELL:CARROT"": 9, ""SELL:FERTILIZER"": 350, ""SELL:MELON"": 72, ""SELL:MILK"": 261, ""SELL:STRAWBERRY"": 262, ""SELL:WHEAT"": 378, ""SELL:WOOL"": 196}","{""BUY_ANIMAL:COW"": 3600, ""BUY_ANIMAL:SHEEP"": 4000, ""BUY_PRODUCT:FERTILIZER"": 2342, ""BUY_PRODUCT:WHEAT"": 4899, ""BUY_SEED:CARROT"": 100, ""BUY_SEED:MELON"": 960, ""BUY_SEED:STRAWBERRY"": 3300, ""BUY_SEED:WHEAT"": 1890, ""SELL:CARROT"": 549, ""SELL:FERTILIZER"": 14940, ""SELL:MELON"": 14267, ""SELL:MILK"": 4662, ""SELL:STRAWBERRY"": 11168, ""SELL:WHEAT"": 13374, ""SELL:WOOL"": 47993}"
demand-dairy-development,9500319,1,arlene,80147.0,80030.0,117.0,719,6.081683259999409,0.05234412000208977,,0.015644912000425393,0.2996054529999992,62780,d72784eee41030fa39ad92e50f696e48f7154af5735de4065f12abafbbb910ed,"{""BUILD_COOP"": 1, ""BUILD_PASTURE"": 17, ""CARE"": 381, ""COLLECT_FERTILIZER"": 379, ""DIG"": 36, ""DROP"": 15, ""EAST"": 702, ""FEED"": 361, ""FERTILIZE"": 96, ""HARVEST"": 468, ""NORTH"": 985, ""PASS"": 585, ""PICKUP"": 163, ""PLACE"": 109, ""PLANT"": 239, ""SOUTH"": 546, ""WATER"": 1111, ""WEST"": 976}","{""BUY_ANIMAL:COW"": 9, ""BUY_ANIMAL:SHEEP"": 8, ""BUY_PRODUCT:FERTILIZER"": 67, ""BUY_PRODUCT:WHEAT"": 144, ""BUY_SEED:CARROT"": 5, ""BUY_SEED:MELON"": 12, ""BUY_SEED:STRAWBERRY"": 33, ""BUY_SEED:WHEAT"": 189, ""SELL:CARROT"": 9, ""SELL:FERTILIZER"": 350, ""SELL:MELON"": 72, ""SELL:MILK"": 261, ""SELL:STRAWBERRY"": 262, ""SELL:WHEAT"": 381, ""SELL:WOOL"": 196}","{""BUY_ANIMAL:COW"": 3600, ""BUY_ANIMAL:SHEEP"": 4000, ""BUY_PRODUCT:FERTILIZER"": 2342, ""BUY_PRODUCT:WHEAT"": 4899, ""BUY_SEED:CARROT"": 100, ""BUY_SEED:MELON"": 960, ""BUY_SEED:STRAWBERRY"": 3300, ""BUY_SEED:WHEAT"": 1890, ""SELL:CARROT"": 549, ""SELL:FERTILIZER"": 14940, ""SELL:MELON"": 14267, ""SELL:MILK"": 4662, ""SELL:STRAWBERRY"": 11168, ""SELL:WHEAT"": 13491, ""SELL:WOOL"": 47993}"
demand-dairy-development,9500319,0,apex,80065.0,78238.0,1827.0,719,6.924187011998583,0.06352714199965703,,0.016908571000385564,0.3230162490000007,79440,c688d0067d6c8f94e3f5c559b6d8678d51e65a8497f63cebb1b3d829762308c9,"{""BUILD_COOP"": 1, ""BUILD_PASTURE"": 17, ""CARE"": 381, ""COLLECT_FERTILIZER"": 379, ""DIG"": 37, ""DROP"": 15, ""EAST"": 702, ""FEED"": 361, ""FERTILIZE"": 96, ""HARVEST"": 468, ""NORTH"": 985, ""PASS"": 585, ""PICKUP"": 163, ""PLACE"": 109, ""PLANT"": 238, ""SOUTH"": 546, ""WATER"": 1111, ""WEST"": 976}","{""BUY_ANIMAL:COW"": 9, ""BUY_ANIMAL:SHEEP"": 8, ""BUY_PRODUCT:FERTILIZER"": 67, ""BUY_PRODUCT:WHEAT"": 144, ""BUY_SEED:CARROT"": 5, ""BUY_SEED:MELON"": 12, ""BUY_SEED:STRAWBERRY"": 33, ""BUY_SEED:WHEAT"": 189, ""SELL:CARROT"": 9, ""SELL:FERTILIZER"": 350, ""SELL:MELON"": 72, ""SELL:MILK"": 261, ""SELL:STRAWBERRY"": 262, ""SELL:WHEAT"": 378, ""SELL:WOOL"": 196}","{""BUY_ANIMAL:COW"": 3600, ""BUY_ANIMAL:SHEEP"": 4000, ""BUY_PRODUCT:FERTILIZER"": 2351, ""BUY_PRODUCT:WHEAT"": 4899, ""BUY_SEED:CARROT"": 100, ""BUY_SEED:MELON"": 960, ""BUY_SEED:STRAWBERRY"": 3300, ""BUY_SEED:WHEAT"": 1890, ""SELL:CARROT"": 549, ""SELL:FERTILIZER"": 14883, ""SELL:MELON"": 14267, ""SELL:MILK"": 4575, ""SELL:STRAWBERRY"": 11567, ""SELL:WHEAT"": 13169, ""SELL:WOOL"": 47987}"
demand-dairy-development,9500319,1,apex,80320.0,77761.0,2559.0,719,7.654320558998734,0.11833120800292818,,0.01915629799987073,0.321990035,81480,b81acc713345606696cfbae611281a9954eadbb4e7d9ca89515182e5a73c6995,"{""BUILD_COOP"": 1, ""BUILD_PASTURE"": 17, ""CARE"": 381, ""COLLECT_FERTILIZER"": 379, ""DIG"": 36, ""DROP"": 15, ""EAST"": 702, ""FEED"": 361, ""FERTILIZE"": 96, ""HARVEST"": 468, ""NORTH"": 985, ""PASS"": 585, ""PICKUP"": 163, ""PLACE"": 109, ""PLANT"": 239, ""SOUTH"": 546, ""WATER"": 1111, ""WEST"": 976}","{""BUY_ANIMAL:COW"": 9, ""BUY_ANIMAL:SHEEP"": 8, ""BUY_PRODUCT:FERTILIZER"": 67, ""BUY_PRODUCT:WHEAT"": 144, ""BUY_SEED:CARROT"": 5, ""BUY_SEED:MELON"": 12, ""BUY_SEED:STRAWBERRY"": 33, ""BUY_SEED:WHEAT"": 189, ""SELL:CARROT"": 9, ""SELL:FERTILIZER"": 350, ""SELL:MELON"": 72, ""SELL:MILK"": 261, ""SELL:STRAWBERRY"": 262, ""SELL:WHEAT"": 381, ""SELL:WOOL"": 196}","{""BUY_ANIMAL:COW"": 3600, ""BUY_ANIMAL:SHEEP"": 4000, ""BUY_PRODUCT:FERTILIZER"": 2351, ""BUY_PRODUCT:WHEAT"": 4899, ""BUY_SEED:CARROT"": 100, ""BUY_SEED:MELON"": 960, ""BUY_SEED:STRAWBERRY"": 3300, ""BUY_SEED:WHEAT"": 1890, ""SELL:CARROT"": 549, ""SELL:FERTILIZER"": 14883, ""SELL:MELON"": 14267, ""SELL:MILK"": 4575, ""SELL:STRAWBERRY"": 11567, ""SELL:WHEAT"": 13424, ""SELL:WOOL"": 47987}"
demand-dairy-development,9500337,0,arlene,132693.0,132693.0,0.0,719,6.4591680800003815,0.061919244999444345,,0.017508984998130472,0.29181751300000003,90724,97ff2232c8a78cf07848b61c7d0b99ad7479d344cbb452d850d84fdbfec19c43,"{""BUILD_COOP"": 4, ""BUILD_PASTURE"": 14, ""CARE"": 381, ""COLLECT_FERTILIZER"": 384, ""DIG"": 35, ""DROP"": 19, ""EAST"": 704, ""FEED"": 361, ""FERTILIZE"": 98, ""HARVEST"": 481, ""NORTH"": 982, ""PASS"": 528, ""PICKUP"": 162, ""PLACE"": 108, ""PLANT"": 240, ""SOUTH"": 550, ""WATER"": 1122, ""WEST"": 976}","{""BUY_ANIMAL:COW"": 9, ""BUY_ANIMAL:GOOSE"": 3, ""BUY_ANIMAL:SHEEP"": 5, ""BUY_PRODUCT:FERTILIZER"": 64, ""BUY_PRODUCT:WHEAT"": 148, ""BUY_SEED:CARROT"": 31, ""BUY_SEED:MELON"": 12, ""BUY_SEED:STRAWBERRY"": 33, ""BUY_SEED:WHEAT"": 188, ""SELL:CARROT"": 93, ""SELL:EGG"": 79, ""SELL:FERTILIZER"": 348, ""SELL:MELON"": 72, ""SELL:MILK"": 261, ""SELL:STRAWBERRY"": 262, ""SELL:WHEAT"": 309, ""SELL:WOOL"": 131}","{""BUY_ANIMAL:COW"": 3600, ""BUY_ANIMAL:GOOSE"": 900, ""BUY_ANIMAL:SHEEP"": 2500, ""BUY_PRODUCT:FERTILIZER"": 1920, ""BUY_PRODUCT:WHEAT"": 5325, ""BUY_SEED:CARROT"": 620, ""BUY_SEED:MELON"": 960, ""BUY_SEED:STRAWBERRY"": 3300, ""BUY_SEED:WHEAT"": 1880, ""SELL:CARROT"": 3820, ""SELL:EGG"": 4132, ""SELL:FERTILIZER"": 14518, ""SELL:MELON"": 14267, ""SELL:MILK"": 46669, ""SELL:STRAWBERRY"": 56909, ""SELL:WHEAT"": 13427, ""SELL:WOOL"": 5534}"
demand-dairy-development,9500337,1,arlene,132693.0,132693.0,0.0,719,6.096255339998606,0.06331441300062579,,0.017461372997786384,0.3126066099999999,100372,97ff2232c8a78cf07848b61c7d0b99ad7479d344cbb452d850d84fdbfec19c43,"{""BUILD_COOP"": 4, ""BUILD_PASTURE"": 14, ""CARE"": 381, ""COLLECT_FERTILIZER"": 384, ""DIG"": 35, ""DROP"": 19, ""EAST"": 704, ""FEED"": 361, ""FERTILIZE"": 98, ""HARVEST"": 481, ""NORTH"": 982, ""PASS"": 528, ""PICKUP"": 162, ""PLACE"": 108, ""PLANT"": 240, ""SOUTH"": 550, ""WATER"": 1122, ""WEST"": 976}","{""BUY_ANIMAL:COW"": 9, ""BUY_ANIMAL:GOOSE"": 3, ""BUY_ANIMAL:SHEEP"": 5, ""BUY_PRODUCT:FERTILIZER"": 64, ""BUY_PRODUCT:WHEAT"": 148, ""BUY_SEED:CARROT"": 31, ""BUY_SEED:MELON"": 12, ""BUY_SEED:STRAWBERRY"": 33, ""BUY_SEED:WHEAT"": 188, ""SELL:CARROT"": 93, ""SELL:EGG"": 79, ""SELL:FERTILIZER"": 348, ""SELL:MELON"": 72, ""SELL:MILK"": 261, ""SELL:STRAWBERRY"": 262, ""SELL:WHEAT"": 309, ""SELL:WOOL"": 131}","{""BUY_ANIMAL:COW"": 3600, ""BUY_ANIMAL:GOOSE"": 900, ""BUY_ANIMAL:SHEEP"": 2500, ""BUY_PRODUCT:FERTILIZER"": 1920, ""BUY_PRODUCT:WHEAT"": 5325, ""BUY_SEED:CARROT"": 620, ""BUY_SEED:MELON"": 960, ""BUY_SEED:STRAWBERRY"": 3300, ""BUY_SEED:WHEAT"": 1880, ""SELL:CARROT"": 3820, ""SELL:EGG"": 4132, ""SELL:FERTILIZER"": 14518, ""SELL:MELON"": 14267, ""SELL:MILK"": 46669, ""SELL:STRAWBERRY"": 56909, ""SELL:WHEAT"": 13427, ""SELL:WOOL"": 5534}"
demand-dairy-development,9500337,0,apex,134305.0,125852.0,8453.0,719,6.328132509999705,0.0653408850012056,,0.01707503899888252,0.3821310720000002,109976,02e3538ee40b3bc33912a74f3694505958aca3d8b29f370709056f11bb82abe8,"{""BUILD_COOP"": 4, ""BUILD_PASTURE"": 14, ""CARE"": 381, ""COLLECT_FERTILIZER"": 384, ""DIG"": 35, ""DROP"": 19, ""EAST"": 704, ""FEED"": 361, ""FERTILIZE"": 98, ""HARVEST"": 481, ""NORTH"": 982, ""PASS"": 528, ""PICKUP"": 162, ""PLACE"": 108, ""PLANT"": 240, ""SOUTH"": 550, ""WATER"": 1122, ""WEST"": 976}","{""BUY_ANIMAL:COW"": 9, ""BUY_ANIMAL:GOOSE"": 3, ""BUY_ANIMAL:SHEEP"": 5, ""BUY_PRODUCT:FERTILIZER"": 64, ""BUY_PRODUCT:WHEAT"": 148, ""BUY_SEED:CARROT"": 31, ""BUY_SEED:MELON"": 12, ""BUY_SEED:STRAWBERRY"": 33, ""BUY_SEED:WHEAT"": 188, ""SELL:CARROT"": 93, ""SELL:EGG"": 79, ""SELL:FERTILIZER"": 348, ""SELL:MELON"": 72, ""SELL:MILK"": 261, ""SELL:STRAWBERRY"": 262, ""SELL:WHEAT"": 309, ""SELL:WOOL"": 131}","{""BUY_ANIMAL:COW"": 3600, ""BUY_ANIMAL:GOOSE"": 900, ""BUY_ANIMAL:SHEEP"": 2500, ""BUY_PRODUCT:FERTILIZER"": 1932, ""BUY_PRODUCT:WHEAT"": 5322, ""BUY_SEED:CARROT"": 620, ""BUY_SEED:MELON"": 960, ""BUY_SEED:STRAWBERRY"": 3300, ""BUY_SEED:WHEAT"": 1880, ""SELL:CARROT"": 4079, ""SELL:EGG"": 4320, ""SELL:FERTILIZER"": 14471, ""SELL:MELON"": 14267, ""SELL:MILK"": 47468, ""SELL:STRAWBERRY"": 57307, ""SELL:WHEAT"": 13386, ""SELL:WOOL"": 5599}"
demand-dairy-development,9500337,1,apex,134305.0,125852.0,8453.0,719,6.384970530998544,0.0600194670005294,,0.02776801299842191,0.3377779419999998,119360,42aa954f03576f81fe07cfaaac4d95be7980e2cc644413cefb57688d05ad2c5b,"{""BUILD_COOP"": 4, ""BUILD_PASTURE"": 14, ""CARE"": 381, ""COLLECT_FERTILIZER"": 384, ""DIG"": 35, ""DROP"": 19, ""EAST"": 704, ""FEED"": 361, ""FERTILIZE"": 98, ""HARVEST"": 481, ""NORTH"": 982, ""PASS"": 528, ""PICKUP"": 162, ""PLACE"": 108, ""PLANT"": 240, ""SOUTH"": 550, ""WATER"": 1122, ""WEST"": 976}","{""BUY_ANIMAL:COW"": 9, ""BUY_ANIMAL:GOOSE"": 3, ""BUY_ANIMAL:SHEEP"": 5, ""BUY_PRODUCT:FERTILIZER"": 64, ""BUY_PRODUCT:WHEAT"": 148, ""BUY_SEED:CARROT"": 31, ""BUY_SEED:MELON"": 12, ""BUY_SEED:STRAWBERRY"": 33, ""BUY_SEED:WHEAT"": 188, ""SELL:CARROT"": 93, ""SELL:EGG"": 79, ""SELL:FERTILIZER"": 348, ""SELL:MELON"": 72, ""SELL:MILK"": 261, ""SELL:STRAWBERRY"": 262, ""SELL:WHEAT"": 309, ""SELL:WOOL"": 131}","{""BUY_ANIMAL:COW"": 3600, ""BUY_ANIMAL:GOOSE"": 900, ""BUY_ANIMAL:SHEEP"": 2500, ""BUY_PRODUCT:FERTILIZER"": 1932, ""BUY_PRODUCT:WHEAT"": 5322, ""BUY_SEED:CARROT"": 620, ""BUY_SEED:MELON"": 960, ""BUY_SEED:STRAWBERRY"": 3300, ""BUY_SEED:WHEAT"": 1880, ""SELL:CARROT"": 4079, ""SELL:EGG"": 4320, ""SELL:FERTILIZER"": 14471, ""SELL:MELON"": 14267, ""SELL:MILK"": 47468, ""SELL:STRAWBERRY"": 57307, ""SELL:WHEAT"": 13386, ""SELL:WOOL"": 5599}"
demand-dairy-development,9500355,0,arlene,77222.0,77222.0,0.0,719,5.545234042001539,0.059710556000936776,,0.027580246998695657,0.31779161400000155,128916,93d725ff5811028a030b7fab4efb1744123b1674d8bee475058eb1bef16b23e5,"{""BUILD_COOP"": 1, ""BUILD_PASTURE"": 17, ""CARE"": 381, ""COLLECT_FERTILIZER"": 379, ""DIG"": 36, ""DROP"": 15, ""EAST"": 702, ""FEED"": 361, ""FERTILIZE"": 96, ""HARVEST"": 468, ""NORTH"": 985, ""PASS"": 585, ""PICKUP"": 163, ""PLACE"": 109, ""PLANT"": 239, ""SOUTH"": 546, ""WATER"": 1111, ""WEST"": 976}","{""BUY_ANIMAL:COW"": 9, ""BUY_ANIMAL:SHEEP"": 8, ""BUY_PRODUCT:FERTILIZER"": 65, ""BUY_PRODUCT:WHEAT"": 132, ""BUY_SEED:CARROT"": 5, ""BUY_SEED:MELON"": 12, ""BUY_SEED:STRAWBERRY"": 33, ""BUY_SEED:WHEAT"": 189, ""SELL:CARROT"": 9, ""SELL:FERTILIZER"": 348, ""SELL:MELON"": 72, ""SELL:MILK"": 261, ""SELL:STRAWBERRY"": 262, ""SELL:WHEAT"": 369, ""SELL:WOOL"": 196}","{""BUY_ANIMAL:COW"": 3600, ""BUY_ANIMAL:SHEEP"": 4000, ""BUY_PRODUCT:FERTILIZER"": 2162, ""BUY_PRODUCT:WHEAT"": 4664, ""BUY_SEED:CARROT"": 100, ""BUY_SEED:MELON"": 960, ""BUY_SEED:STRAWBERRY"": 3300, ""BUY_SEED:WHEAT"": 1890, ""SELL:CARROT"": 446, ""SELL:FERTILIZER"": 14760, ""SELL:MELON"": 14267, ""SELL:MILK"": 4407, ""SELL:STRAWBERRY"": 31884, ""SELL:WHEAT"": 15242, ""SELL:WOOL"": 22724}"
demand-dairy-development,9500355,1,arlene,77222.0,77222.0,0.0,719,6.075129519998882,0.052834125999652315,,0.02145069499965757,0.33706845199999924,138224,93d725ff5811028a030b7fab4efb1744123b1674d8bee475058eb1bef16b23e5,"{""BUILD_COOP"": 1, ""BUILD_PASTURE"": 17, ""CARE"": 381, ""COLLECT_FERTILIZER"": 379, ""DIG"": 36, ""DROP"": 15, ""EAST"": 702, ""FEED"": 361, ""FERTILIZE"": 96, ""HARVEST"": 468, ""NORTH"": 985, ""PASS"": 585, ""PICKUP"": 163, ""PLACE"": 109, ""PLANT"": 239, ""SOUTH"": 546, ""WATER"": 1111, ""WEST"": 976}","{""BUY_ANIMAL:COW"": 9, ""BUY_ANIMAL:SHEEP"": 8, ""BUY_PRODUCT:FERTILIZER"": 65, ""BUY_PRODUCT:WHEAT"": 132, ""BUY_SEED:CARROT"": 5, ""BUY_SEED:MELON"": 12, ""BUY_SEED:STRAWBERRY"": 33, ""BUY_SEED:WHEAT"": 189, ""SELL:CARROT"": 9, ""SELL:FERTILIZER"": 348, ""SELL:MELON"": 72, ""SELL:MILK"": 261, ""SELL:STRAWBERRY"": 262, ""SELL:WHEAT"": 369, ""SELL:WOOL"": 196}","{""BUY_ANIMAL:COW"": 3600, ""BUY_ANIMAL:SHEEP"": 4000, ""BUY_PRODUCT:FERTILIZER"": 2162, ""BUY_PRODUCT:WHEAT"": 4664, ""BUY_SEED:CARROT"": 100, ""BUY_SEED:MELON"": 960, ""BUY_SEED:STRAWBERRY"": 3300, ""BUY_SEED:WHEAT"": 1890, ""SELL:CARROT"": 446, ""SELL:FERTILIZER"": 14760, ""SELL:MELON"": 14267, ""SELL:MILK"": 4407, ""SELL:STRAWBERRY"": 31884, ""SELL:WHEAT"": 15242, ""SELL:WOOL"": 22724}"
demand-dairy-development,9500355,0,apex,77802.0,74083.0,3719.0,719,5.8710766619988135,0.0964979870004754,,0.025929895000444958,0.3252479210000009,147428,42e3bed4c233ac8cddf4e21fe9a2b65a1d7420052d9c8675216cd448adf82736,"{""BUILD_COOP"": 1, ""BUILD_PASTURE"": 17, ""CARE"": 381, ""COLLECT_FERTILIZER"": 379, ""DIG"": 36, ""DROP"": 15, ""EAST"": 702, ""FEED"": 361, ""FERTILIZE"": 96, ""HARVEST"": 468, ""NORTH"": 985, ""PASS"": 585, ""PICKUP"": 163, ""PLACE"": 109, ""PLANT"": 239, ""SOUTH"": 546, ""WATER"": 1111, ""WEST"": 976}","{""BUY_ANIMAL:COW"": 9, ""BUY_ANIMAL:SHEEP"": 8, ""BUY_PRODUCT:FERTILIZER"": 65, ""BUY_PRODUCT:WHEAT"": 132, ""BUY_SEED:CARROT"": 5, ""BUY_SEED:MELON"": 12, ""BUY_SEED:STRAWBERRY"": 33, ""BUY_SEED:WHEAT"": 189, ""SELL:CARROT"": 9, ""SELL:FERTILIZER"": 348, ""SELL:MELON"": 72, ""SELL:MILK"": 261, ""SELL:STRAWBERRY"": 262, ""SELL:WHEAT"": 369, ""SELL:WOOL"": 196}","{""BUY_ANIMAL:COW"": 3600, ""BUY_ANIMAL:SHEEP"": 4000, ""BUY_PRODUCT:FERTILIZER"": 2171, ""BUY_PRODUCT:WHEAT"": 4665, ""BUY_SEED:CARROT"": 100, ""BUY_SEED:MELON"": 960, ""BUY_SEED:STRAWBERRY"": 3300, ""BUY_SEED:WHEAT"": 1890, ""SELL:CARROT"": 446, ""SELL:FERTILIZER"": 14703, ""SELL:MELON"": 14267, ""SELL:MILK"": 4407, ""SELL:STRAWBERRY"": 32564, ""SELL:WHEAT"": 15205, ""SELL:WOOL"": 22728}"
demand-dairy-development,9500355,1,apex,77802.0,74083.0,3719.0,719,5.822055717999319,0.0673432719995617,,0.020730706997710513,0.33453821600000044,156696,8fb0f7aefd0ebf790df26a3fc0de0d6b6ff97b54da64923738b17deade5857b9,"{""BUILD_COOP"": 1, ""BUILD_PASTURE"": 17, ""CARE"": 381, ""COLLECT_FERTILIZER"": 379, ""DIG"": 36, ""DROP"": 15, ""EAST"": 702, ""FEED"": 361, ""FERTILIZE"": 96, ""HARVEST"": 468, ""NORTH"": 985, ""PASS"": 585, ""PICKUP"": 163, ""PLACE"": 109, ""PLANT"": 239, ""SOUTH"": 546, ""WATER"": 1111, ""WEST"": 976}","{""BUY_ANIMAL:COW"": 9, ""BUY_ANIMAL:SHEEP"": 8, ""BUY_PRODUCT:FERTILIZER"": 65, ""BUY_PRODUCT:WHEAT"": 132, ""BUY_SEED:CARROT"": 5, ""BUY_SEED:MELON"": 12, ""BUY_SEED:STRAWBERRY"": 33, ""BUY_SEED:WHEAT"": 189, ""SELL:CARROT"": 9, ""SELL:FERTILIZER"": 348, ""SELL:MELON"": 72, ""SELL:MILK"": 261, ""SELL:STRAWBERRY"": 262, ""SELL:WHEAT"": 369, ""SELL:WOOL"": 196}","{""BUY_ANIMAL:COW"": 3600, ""BUY_ANIMAL:SHEEP"": 4000, ""BUY_PRODUCT:FERTILIZER"": 2171, ""BUY_PRODUCT:WHEAT"": 4665, ""BUY_SEED:CARROT"": 100, ""BUY_SEED:MELON"": 960, ""BUY_SEED:STRAWBERRY"": 3300, ""BUY_SEED:WHEAT"": 1890, ""SELL:CARROT"": 446, ""SELL:FERTILIZER"": 14703, ""SELL:MELON"": 14267, ""SELL:MILK"": 4407, ""SELL:STRAWBERRY"": 32564, ""SELL:WHEAT"": 15205, ""SELL:WOOL"": 22728}"
feed-priority-development,9500109,0,arlene,95694.0,113284.0,-17590.0,719,7.440908401000343,0.21118111300165765,,0.11059640600069542,0.9752754439999991,30884,18e7d8b24dc0a4de08c23116605211946c826b8cf5910d0246bbda89a3119116,"{""BUILD_PASTURE"": 15, ""CARE"": 338, ""COLLECT_FERTILIZER"": 336, ""DIG"": 53, ""DROP"": 139, ""EAST"": 766, ""FEED"": 350, ""FERTILIZE"": 80, ""HARVEST"": 420, ""NORTH"": 1001, ""PASS"": 365, ""PICKUP"": 297, ""PLACE"": 45, ""PLANT"": 202, ""SOUTH"": 763, ""WATER"": 977, ""WEST"": 937}","{""BUY_ANIMAL:COW"": 11, ""BUY_ANIMAL:SHEEP"": 4, ""BUY_PRODUCT:WHEAT"": 99, ""BUY_SEED:CARROT"": 20, ""BUY_SEED:MELON"": 11, ""BUY_SEED:STRAWBERRY"": 40, ""BUY_SEED:WHEAT"": 139, ""SELL:CARROT"": 54, ""SELL:FERTILIZER"": 246, ""SELL:MELON"": 64, ""SELL:MILK"": 239, ""SELL:STRAWBERRY"": 279, ""SELL:WHEAT"": 205, ""SELL:WOOL"": 122}","{""BUY_ANIMAL:COW"": 4400, ""BUY_ANIMAL:SHEEP"": 2000, ""BUY_PRODUCT:WHEAT"": 3753, ""BUY_SEED:CARROT"": 400, ""BUY_SEED:MELON"": 880, ""BUY_SEED:STRAWBERRY"": 4000, ""BUY_SEED:WHEAT"": 1390, ""SELL:CARROT"": 1641, ""SELL:FERTILIZER"": 11055, ""SELL:MELON"": 12505, ""SELL:MILK"": 58536, ""SELL:STRAWBERRY"": 21705, ""SELL:WHEAT"": 9111, ""SELL:WOOL"": 6094}"
feed-priority-development,9500109,1,arlene,95694.0,113284.0,-17590.0,719,6.392092726000556,0.07113886300066952,,0.10597563799819909,0.7999629320000005,30992,cea41dcc63ef5c09386ae28052d3ec62ec00fe757cec1ca11a0aa7cf1c4cdb31,"{""BUILD_PASTURE"": 15, ""CARE"": 338, ""COLLECT_FERTILIZER"": 336, ""DIG"": 53, ""DROP"": 139, ""EAST"": 766, ""FEED"": 350, ""FERTILIZE"": 80, ""HARVEST"": 420, ""NORTH"": 1001, ""PASS"": 365, ""PICKUP"": 297, ""PLACE"": 45, ""PLANT"": 202, ""SOUTH"": 763, ""WATER"": 977, ""WEST"": 937}","{""BUY_ANIMAL:COW"": 11, ""BUY_ANIMAL:SHEEP"": 4, ""BUY_PRODUCT:WHEAT"": 99, ""BUY_SEED:CARROT"": 20, ""BUY_SEED:MELON"": 11, ""BUY_SEED:STRAWBERRY"": 40, ""BUY_SEED:WHEAT"": 139, ""SELL:CARROT"": 54, ""SELL:FERTILIZER"": 246, ""SELL:MELON"": 64, ""SELL:MILK"": 239, ""SELL:STRAWBERRY"": 279, ""SELL:WHEAT"": 205, ""SELL:WOOL"": 122}","{""BUY_ANIMAL:COW"": 4400, ""BUY_ANIMAL:SHEEP"": 2000, ""BUY_PRODUCT:WHEAT"": 3753, ""BUY_SEED:CARROT"": 400, ""BUY_SEED:MELON"": 880, ""BUY_SEED:STRAWBERRY"": 4000, ""BUY_SEED:WHEAT"": 1390, ""SELL:CARROT"": 1641, ""SELL:FERTILIZER"": 11055, ""SELL:MELON"": 12505, ""SELL:MILK"": 58536, ""SELL:STRAWBERRY"": 21705, ""SELL:WHEAT"": 9111, ""SELL:WOOL"": 6094}"
feed-priority-development,9500109,0,apex,94891.0,108067.0,-13176.0,719,7.689330373999837,0.10736949000056484,,0.11919405999651644,0.8002098339999995,37568,31f9c19d80f96f50bb5f4d982f1d7db9079f33f35b411096d7173e3b4ba1f18b,"{""BUILD_PASTURE"": 15, ""CARE"": 338, ""COLLECT_FERTILIZER"": 336, ""DIG"": 53, ""DROP"": 139, ""EAST"": 766, ""FEED"": 350, ""FERTILIZE"": 80, ""HARVEST"": 420, ""NORTH"": 1001, ""PASS"": 365, ""PICKUP"": 297, ""PLACE"": 45, ""PLANT"": 202, ""SOUTH"": 763, ""WATER"": 977, ""WEST"": 937}","{""BUY_ANIMAL:COW"": 11, ""BUY_ANIMAL:SHEEP"": 4, ""BUY_PRODUCT:WHEAT"": 100, ""BUY_SEED:CARROT"": 20, ""BUY_SEED:MELON"": 11, ""BUY_SEED:STRAWBERRY"": 40, ""BUY_SEED:WHEAT"": 139, ""SELL:CARROT"": 54, ""SELL:FERTILIZER"": 246, ""SELL:MELON"": 64, ""SELL:MILK"": 239, ""SELL:STRAWBERRY"": 279, ""SELL:WHEAT"": 205, ""SELL:WOOL"": 122}","{""BUY_ANIMAL:COW"": 4400, ""BUY_ANIMAL:SHEEP"": 2000, ""BUY_PRODUCT:WHEAT"": 3780, ""BUY_SEED:CARROT"": 400, ""BUY_SEED:MELON"": 880, ""BUY_SEED:STRAWBERRY"": 4000, ""BUY_SEED:WHEAT"": 1390, ""SELL:CARROT"": 1731, ""SELL:FERTILIZER"": 11003, ""SELL:MELON"": 12505, ""SELL:MILK"": 58429, ""SELL:STRAWBERRY"": 21061, ""SELL:WHEAT"": 9048, ""SELL:WOOL"": 6094}"
feed-priority-development,9500109,1,apex,94891.0,108067.0,-13176.0,719,7.6046669550014485,0.061444438997568795,,0.1115253309981199,0.7706788239999981,48628,419ea0f306583f857ddf157e8fe7d6daac455a0583a26159de10ff7d40db2bfd,"{""BUILD_PASTURE"": 15, ""CARE"": 338, ""COLLECT_FERTILIZER"": 336, ""DIG"": 53, ""DROP"": 139, ""EAST"": 766, ""FEED"": 350, ""FERTILIZE"": 80, ""HARVEST"": 420, ""NORTH"": 1001, ""PASS"": 365, ""PICKUP"": 297, ""PLACE"": 45, ""PLANT"": 202, ""SOUTH"": 763, ""WATER"": 977, ""WEST"": 937}","{""BUY_ANIMAL:COW"": 11, ""BUY_ANIMAL:SHEEP"": 4, ""BUY_PRODUCT:WHEAT"": 100, ""BUY_SEED:CARROT"": 20, ""BUY_SEED:MELON"": 11, ""BUY_SEED:STRAWBERRY"": 40, ""BUY_SEED:WHEAT"": 139, ""SELL:CARROT"": 54, ""SELL:FERTILIZER"": 246, ""SELL:MELON"": 64, ""SELL:MILK"": 239, ""SELL:STRAWBERRY"": 279, ""SELL:WHEAT"": 205, ""SELL:WOOL"": 122}","{""BUY_ANIMAL:COW"": 4400, ""BUY_ANIMAL:SHEEP"": 2000, ""BUY_PRODUCT:WHEAT"": 3780, ""BUY_SEED:CARROT"": 400, ""BUY_SEED:MELON"": 880, ""BUY_SEED:STRAWBERRY"": 4000, ""BUY_SEED:WHEAT"": 1390, ""SELL:CARROT"": 1731, ""SELL:FERTILIZER"": 11003, ""SELL:MELON"": 12505, ""SELL:MILK"": 58429, ""SELL:STRAWBERRY"": 21061, ""SELL:WHEAT"": 9048, ""SELL:WOOL"": 6094}"
feed-rescue-development,9500109,0,arlene,95699.0,113284.0,-17585.0,719,7.64101155499884,0.5951869630007423,,0.2134442520000448,1.0590161949999979,30628,26993b1e45a428db8387affbd8edd3368d66e43bcb9f1458181672864c716c21,"{""BUILD_PASTURE"": 15, ""CARE"": 341, ""COLLECT_FERTILIZER"": 336, ""DIG"": 53, ""DROP"": 139, ""EAST"": 766, ""FEED"": 347, ""FERTILIZE"": 80, ""HARVEST"": 420, ""NORTH"": 1001, ""PASS"": 365, ""PICKUP"": 297, ""PLACE"": 45, ""PLANT"": 202, ""SOUTH"": 763, ""WATER"": 977, ""WEST"": 937}","{""BUY_ANIMAL:COW"": 11, ""BUY_ANIMAL:SHEEP"": 4, ""BUY_PRODUCT:WHEAT"": 99, ""BUY_SEED:CARROT"": 20, ""BUY_SEED:MELON"": 11, ""BUY_SEED:STRAWBERRY"": 40, ""BUY_SEED:WHEAT"": 139, ""SELL:CARROT"": 54, ""SELL:FERTILIZER"": 246, ""SELL:MELON"": 64, ""SELL:MILK"": 239, ""SELL:STRAWBERRY"": 279, ""SELL:WHEAT"": 205, ""SELL:WOOL"": 127}","{""BUY_ANIMAL:COW"": 4400, ""BUY_ANIMAL:SHEEP"": 2000, ""BUY_PRODUCT:WHEAT"": 3753, ""BUY_SEED:CARROT"": 400, ""BUY_SEED:MELON"": 880, ""BUY_SEED:STRAWBERRY"": 4000, ""BUY_SEED:WHEAT"": 1390, ""SELL:CARROT"": 1641, ""SELL:FERTILIZER"": 11055, ""SELL:MELON"": 12505, ""SELL:MILK"": 58536, ""SELL:STRAWBERRY"": 21705, ""SELL:WHEAT"": 9111, ""SELL:WOOL"": 6099}"
feed-rescue-development,9500109,1,arlene,95699.0,113284.0,-17585.0,719,7.656933610000124,0.07640606200220645,,0.1771660080012225,0.8657224649999976,30668,175cf917f24d88589a184bbe0ec61c28b2809885d8e0524a5a220ff8e58266c8,"{""BUILD_PASTURE"": 15, ""CARE"": 341, ""COLLECT_FERTILIZER"": 336, ""DIG"": 53, ""DROP"": 139, ""EAST"": 766, ""FEED"": 347, ""FERTILIZE"": 80, ""HARVEST"": 420, ""NORTH"": 1001, ""PASS"": 365, ""PICKUP"": 297, ""PLACE"": 45, ""PLANT"": 202, ""SOUTH"": 763, ""WATER"": 977, ""WEST"": 937}","{""BUY_ANIMAL:COW"": 11, ""BUY_ANIMAL:SHEEP"": 4, ""BUY_PRODUCT:WHEAT"": 99, ""BUY_SEED:CARROT"": 20, ""BUY_SEED:MELON"": 11, ""BUY_SEED:STRAWBERRY"": 40, ""BUY_SEED:WHEAT"": 139, ""SELL:CARROT"": 54, ""SELL:FERTILIZER"": 246, ""SELL:MELON"": 64, ""SELL:MILK"": 239, ""SELL:STRAWBERRY"": 279, ""SELL:WHEAT"": 205, ""SELL:WOOL"": 127}","{""BUY_ANIMAL:COW"": 4400, ""BUY_ANIMAL:SHEEP"": 2000, ""BUY_PRODUCT:WHEAT"": 3753, ""BUY_SEED:CARROT"": 400, ""BUY_SEED:MELON"": 880, ""BUY_SEED:STRAWBERRY"": 4000, ""BUY_SEED:WHEAT"": 1390, ""SELL:CARROT"": 1641, ""SELL:FERTILIZER"": 11055, ""SELL:MELON"": 12505, ""SELL:MILK"": 58536, ""SELL:STRAWBERRY"": 21705, ""SELL:WHEAT"": 9111, ""SELL:WOOL"": 6099}"
feed-rescue-development,9500109,0,apex,94896.0,108067.0,-13171.0,719,8.452875917999336,0.06188098799975705,,0.10813425299784285,0.9530030679999999,37628,b78539039507ae67e8088a841280e649475d1c8c2427c6adf0758a47a19b3ddc,"{""BUILD_PASTURE"": 15, ""CARE"": 341, ""COLLECT_FERTILIZER"": 336, ""DIG"": 53, ""DROP"": 139, ""EAST"": 766, ""FEED"": 347, ""FERTILIZE"": 80, ""HARVEST"": 420, ""NORTH"": 1001, ""PASS"": 365, ""PICKUP"": 297, ""PLACE"": 45, ""PLANT"": 202, ""SOUTH"": 763, ""WATER"": 977, ""WEST"": 937}","{""BUY_ANIMAL:COW"": 11, ""BUY_ANIMAL:SHEEP"": 4, ""BUY_PRODUCT:WHEAT"": 100, ""BUY_SEED:CARROT"": 20, ""BUY_SEED:MELON"": 11, ""BUY_SEED:STRAWBERRY"": 40, ""BUY_SEED:WHEAT"": 139, ""SELL:CARROT"": 54, ""SELL:FERTILIZER"": 246, ""SELL:MELON"": 64, ""SELL:MILK"": 239, ""SELL:STRAWBERRY"": 279, ""SELL:WHEAT"": 205, ""SELL:WOOL"": 127}","{""BUY_ANIMAL:COW"": 4400, ""BUY_ANIMAL:SHEEP"": 2000, ""BUY_PRODUCT:WHEAT"": 3780, ""BUY_SEED:CARROT"": 400, ""BUY_SEED:MELON"": 880, ""BUY_SEED:STRAWBERRY"": 4000, ""BUY_SEED:WHEAT"": 1390, ""SELL:CARROT"": 1731, ""SELL:FERTILIZER"": 11003, ""SELL:MELON"": 12505, ""SELL:MILK"": 58429, ""SELL:STRAWBERRY"": 21061, ""SELL:WHEAT"": 9048, ""SELL:WOOL"": 6099}"
feed-rescue-development,9500109,1,apex,94896.0,108067.0,-13171.0,719,7.662022018997959,0.13818360100049176,,0.172338344000309,0.858996246999998,48588,478658e02e916bc5c7d522e0d8385ca93b68d87758d04fa70775d65063cef7b8,"{""BUILD_PASTURE"": 15, ""CARE"": 341, ""COLLECT_FERTILIZER"": 336, ""DIG"": 53, ""DROP"": 139, ""EAST"": 766, ""FEED"": 347, ""FERTILIZE"": 80, ""HARVEST"": 420, ""NORTH"": 1001, ""PASS"": 365, ""PICKUP"": 297, ""PLACE"": 45, ""PLANT"": 202, ""SOUTH"": 763, ""WATER"": 977, ""WEST"": 937}","{""BUY_ANIMAL:COW"": 11, ""BUY_ANIMAL:SHEEP"": 4, ""BUY_PRODUCT:WHEAT"": 100, ""BUY_SEED:CARROT"": 20, ""BUY_SEED:MELON"": 11, ""BUY_SEED:STRAWBERRY"": 40, ""BUY_SEED:WHEAT"": 139, ""SELL:CARROT"": 54, ""SELL:FERTILIZER"": 246, ""SELL:MELON"": 64, ""SELL:MILK"": 239, ""SELL:STRAWBERRY"": 279, ""SELL:WHEAT"": 205, ""SELL:WOOL"": 127}","{""BUY_ANIMAL:COW"": 4400, ""BUY_ANIMAL:SHEEP"": 2000, ""BUY_PRODUCT:WHEAT"": 3780, ""BUY_SEED:CARROT"": 400, ""BUY_SEED:MELON"": 880, ""BUY_SEED:STRAWBERRY"": 4000, ""BUY_SEED:WHEAT"": 1390, ""SELL:CARROT"": 1731, ""SELL:FERTILIZER"": 11003, ""SELL:MELON"": 12505, ""SELL:MILK"": 58429, ""SELL:STRAWBERRY"": 21061, ""SELL:WHEAT"": 9048, ""SELL:WOOL"": 6099}"
frozen-development,9500109,0,arlene,95699.0,113284.0,-17585.0,719,5.938557764002326,0.12194527400060906,,0.1428820459987037,0.7224737860000008,30740,26993b1e45a428db8387affbd8edd3368d66e43bcb9f1458181672864c716c21,"{""BUILD_PASTURE"": 15, ""CARE"": 341, ""COLLECT_FERTILIZER"": 336, ""DIG"": 53, ""DROP"": 139, ""EAST"": 766, ""FEED"": 347, ""FERTILIZE"": 80, ""HARVEST"": 420, ""NORTH"": 1001, ""PASS"": 365, ""PICKUP"": 297, ""PLACE"": 45, ""PLANT"": 202, ""SOUTH"": 763, ""WATER"": 977, ""WEST"": 937}","{""BUY_ANIMAL:COW"": 11, ""BUY_ANIMAL:SHEEP"": 4, ""BUY_PRODUCT:WHEAT"": 99, ""BUY_SEED:CARROT"": 20, ""BUY_SEED:MELON"": 11, ""BUY_SEED:STRAWBERRY"": 40, ""BUY_SEED:WHEAT"": 139, ""SELL:CARROT"": 54, ""SELL:FERTILIZER"": 246, ""SELL:MELON"": 64, ""SELL:MILK"": 239, ""SELL:STRAWBERRY"": 279, ""SELL:WHEAT"": 205, ""SELL:WOOL"": 127}","{""BUY_ANIMAL:COW"": 4400, ""BUY_ANIMAL:SHEEP"": 2000, ""BUY_PRODUCT:WHEAT"": 3753, ""BUY_SEED:CARROT"": 400, ""BUY_SEED:MELON"": 880, ""BUY_SEED:STRAWBERRY"": 4000, ""BUY_SEED:WHEAT"": 1390, ""SELL:CARROT"": 1641, ""SELL:FERTILIZER"": 11055, ""SELL:MELON"": 12505, ""SELL:MILK"": 58536, ""SELL:STRAWBERRY"": 21705, ""SELL:WHEAT"": 9111, ""SELL:WOOL"": 6099}"
frozen-development,9500109,1,arlene,95699.0,113284.0,-17585.0,719,5.611975347001135,0.05446693100020639,,0.11167551499966066,0.6689445660000017,30740,175cf917f24d88589a184bbe0ec61c28b2809885d8e0524a5a220ff8e58266c8,"{""BUILD_PASTURE"": 15, ""CARE"": 341, ""COLLECT_FERTILIZER"": 336, ""DIG"": 53, ""DROP"": 139, ""EAST"": 766, ""FEED"": 347, ""FERTILIZE"": 80, ""HARVEST"": 420, ""NORTH"": 1001, ""PASS"": 365, ""PICKUP"": 297, ""PLACE"": 45, ""PLANT"": 202, ""SOUTH"": 763, ""WATER"": 977, ""WEST"": 937}","{""BUY_ANIMAL:COW"": 11, ""BUY_ANIMAL:SHEEP"": 4, ""BUY_PRODUCT:WHEAT"": 99, ""BUY_SEED:CARROT"": 20, ""BUY_SEED:MELON"": 11, ""BUY_SEED:STRAWBERRY"": 40, ""BUY_SEED:WHEAT"": 139, ""SELL:CARROT"": 54, ""SELL:FERTILIZER"": 246, ""SELL:MELON"": 64, ""SELL:MILK"": 239, ""SELL:STRAWBERRY"": 279, ""SELL:WHEAT"": 205, ""SELL:WOOL"": 127}","{""BUY_ANIMAL:COW"": 4400, ""BUY_ANIMAL:SHEEP"": 2000, ""BUY_PRODUCT:WHEAT"": 3753, ""BUY_SEED:CARROT"": 400, ""BUY_SEED:MELON"": 880, ""BUY_SEED:STRAWBERRY"": 4000, ""BUY_SEED:WHEAT"": 1390, ""SELL:CARROT"": 1641, ""SELL:FERTILIZER"": 11055, ""SELL:MELON"": 12505, ""SELL:MILK"": 58536, ""SELL:STRAWBERRY"": 21705, ""SELL:WHEAT"": 9111, ""SELL:WOOL"": 6099}"
frozen-development,9500109,0,apex,94896.0,108067.0,-13171.0,719,5.823579287996836,0.05259992600258556,,0.10069824599850108,0.6595180829999993,36888,b78539039507ae67e8088a841280e649475d1c8c2427c6adf0758a47a19b3ddc,"{""BUILD_PASTURE"": 15, ""CARE"": 341, ""COLLECT_FERTILIZER"": 336, ""DIG"": 53, ""DROP"": 139, ""EAST"": 766, ""FEED"": 347, ""FERTILIZE"": 80, ""HARVEST"": 420, ""NORTH"": 1001, ""PASS"": 365, ""PICKUP"": 297, ""PLACE"": 45, ""PLANT"": 202, ""SOUTH"": 763, ""WATER"": 977, ""WEST"": 937}","{""BUY_ANIMAL:COW"": 11, ""BUY_ANIMAL:SHEEP"": 4, ""BUY_PRODUCT:WHEAT"": 100, ""BUY_SEED:CARROT"": 20, ""BUY_SEED:MELON"": 11, ""BUY_SEED:STRAWBERRY"": 40, ""BUY_SEED:WHEAT"": 139, ""SELL:CARROT"": 54, ""SELL:FERTILIZER"": 246, ""SELL:MELON"": 64, ""SELL:MILK"": 239, ""SELL:STRAWBERRY"": 279, ""SELL:WHEAT"": 205, ""SELL:WOOL"": 127}","{""BUY_ANIMAL:COW"": 4400, ""BUY_ANIMAL:SHEEP"": 2000, ""BUY_PRODUCT:WHEAT"": 3780, ""BUY_SEED:CARROT"": 400, ""BUY_SEED:MELON"": 880, ""BUY_SEED:STRAWBERRY"": 4000, ""BUY_SEED:WHEAT"": 1390, ""SELL:CARROT"": 1731, ""SELL:FERTILIZER"": 11003, ""SELL:MELON"": 12505, ""SELL:MILK"": 58429, ""SELL:STRAWBERRY"": 21061, ""SELL:WHEAT"": 9048, ""SELL:WOOL"": 6099}"
frozen-development,9500109,1,apex,94896.0,108067.0,-13171.0,719,7.130529043002753,0.07053877600264968,,0.1442417389989714,0.934403340000003,47500,478658e02e916bc5c7d522e0d8385ca93b68d87758d04fa70775d65063cef7b8,"{""BUILD_PASTURE"": 15, ""CARE"": 341, ""COLLECT_FERTILIZER"": 336, ""DIG"": 53, ""DROP"": 139, ""EAST"": 766, ""FEED"": 347, ""FERTILIZE"": 80, ""HARVEST"": 420, ""NORTH"": 1001, ""PASS"": 365, ""PICKUP"": 297, ""PLACE"": 45, ""PLANT"": 202, ""SOUTH"": 763, ""WATER"": 977, ""WEST"": 937}","{""BUY_ANIMAL:COW"": 11, ""BUY_ANIMAL:SHEEP"": 4, ""BUY_PRODUCT:WHEAT"": 100, ""BUY_SEED:CARROT"": 20, ""BUY_SEED:MELON"": 11, ""BUY_SEED:STRAWBERRY"": 40, ""BUY_SEED:WHEAT"": 139, ""SELL:CARROT"": 54, ""SELL:FERTILIZER"": 246, ""SELL:MELON"": 64, ""SELL:MILK"": 239, ""SELL:STRAWBERRY"": 279, ""SELL:WHEAT"": 205, ""SELL:WOOL"": 127}","{""BUY_ANIMAL:COW"": 4400, ""BUY_ANIMAL:SHEEP"": 2000, ""BUY_PRODUCT:WHEAT"": 3780, ""BUY_SEED:CARROT"": 400, ""BUY_SEED:MELON"": 880, ""BUY_SEED:STRAWBERRY"": 4000, ""BUY_SEED:WHEAT"": 1390, ""SELL:CARROT"": 1731, ""SELL:FERTILIZER"": 11003, ""SELL:MELON"": 12505, ""SELL:MILK"": 58429, ""SELL:STRAWBERRY"": 21061, ""SELL:WHEAT"": 9048, ""SELL:WOOL"": 6099}"
frozen-development,9500123,0,arlene,58389.0,80201.0,-21812.0,719,6.811959539001691,0.06465445700087002,,0.12288630300099612,0.8635724630000001,58140,3169721b5ce2f835fd1b5e1c33414a316606fd82c91d5dd7e9e84e5bb945eed7,"{""BUILD_PASTURE"": 15, ""CARE"": 342, ""COLLECT_FERTILIZER"": 336, ""DIG"": 48, ""DROP"": 139, ""EAST"": 771, ""FEED"": 347, ""FERTILIZE"": 80, ""HARVEST"": 420, ""NORTH"": 1010, ""PASS"": 381, ""PICKUP"": 297, ""PLACE"": 45, ""PLANT"": 203, ""SOUTH"": 767, ""WATER"": 984, ""WEST"": 942}","{""BUY_ANIMAL:COW"": 11, ""BUY_ANIMAL:SHEEP"": 4, ""BUY_PRODUCT:WHEAT"": 103, ""BUY_SEED:CARROT"": 20, ""BUY_SEED:MELON"": 11, ""BUY_SEED:STRAWBERRY"": 40, ""BUY_SEED:WHEAT"": 139, ""SELL:CARROT"": 57, ""SELL:FERTILIZER"": 258, ""SELL:MELON"": 66, ""SELL:MILK"": 264, ""SELL:STRAWBERRY"": 311, ""SELL:WHEAT"": 195, ""SELL:WOOL"": 127}","{""BUY_ANIMAL:COW"": 4400, ""BUY_ANIMAL:SHEEP"": 2000, ""BUY_PRODUCT:WHEAT"": 3939, ""BUY_SEED:CARROT"": 400, ""BUY_SEED:MELON"": 880, ""BUY_SEED:STRAWBERRY"": 4000, ""BUY_SEED:WHEAT"": 1390, ""SELL:CARROT"": 1733, ""SELL:FERTILIZER"": 11328, ""SELL:MELON"": 12768, ""SELL:MILK"": 20437, ""SELL:STRAWBERRY"": 3946, ""SELL:WHEAT"": 8922, ""SELL:WOOL"": 24428}"
frozen-development,9500123,1,arlene,58389.0,80201.0,-21812.0,719,6.5726557269990735,0.07299717899877578,,0.11114646900023217,0.9415035119999999,62652,70d204f4ceca734d1a9decbb27aec9ea2ca2f7d96fca2cb4e613bb9ddabce12a,"{""BUILD_PASTURE"": 15, ""CARE"": 342, ""COLLECT_FERTILIZER"": 336, ""DIG"": 48, ""DROP"": 139, ""EAST"": 771, ""FEED"": 347, ""FERTILIZE"": 80, ""HARVEST"": 420, ""NORTH"": 1010, ""PASS"": 381, ""PICKUP"": 297, ""PLACE"": 45, ""PLANT"": 203, ""SOUTH"": 767, ""WATER"": 984, ""WEST"": 942}","{""BUY_ANIMAL:COW"": 11, ""BUY_ANIMAL:SHEEP"": 4, ""BUY_PRODUCT:WHEAT"": 103, ""BUY_SEED:CARROT"": 20, ""BUY_SEED:MELON"": 11, ""BUY_SEED:STRAWBERRY"": 40, ""BUY_SEED:WHEAT"": 139, ""SELL:CARROT"": 57, ""SELL:FERTILIZER"": 258, ""SELL:MELON"": 66, ""SELL:MILK"": 264, ""SELL:STRAWBERRY"": 311, ""SELL:WHEAT"": 195, ""SELL:WOOL"": 127}","{""BUY_ANIMAL:COW"": 4400, ""BUY_ANIMAL:SHEEP"": 2000, ""BUY_PRODUCT:WHEAT"": 3939, ""BUY_SEED:CARROT"": 400, ""BUY_SEED:MELON"": 880, ""BUY_SEED:STRAWBERRY"": 4000, ""BUY_SEED:WHEAT"": 1390, ""SELL:CARROT"": 1733, ""SELL:FERTILIZER"": 11328, ""SELL:MELON"": 12768, ""SELL:MILK"": 20437, ""SELL:STRAWBERRY"": 3946, ""SELL:WHEAT"": 8922, ""SELL:WOOL"": 24428}"
frozen-development,9500123,0,apex,56384.0,85385.0,-29001.0,719,6.697293016000913,0.060438634998718044,,0.11282182200011448,0.7843385879999994,79316,909c9040ca8ac3b0012471299fed3da202ec857ed6f30adccc50a93fb301fca8,"{""BUILD_PASTURE"": 15, ""CARE"": 342, ""COLLECT_FERTILIZER"": 336, ""DIG"": 48, ""DROP"": 139, ""EAST"": 771, ""FEED"": 347, ""FERTILIZE"": 80, ""HARVEST"": 420, ""NORTH"": 1010, ""PASS"": 381, ""PICKUP"": 297, ""PLACE"": 45, ""PLANT"": 203, ""SOUTH"": 767, ""WATER"": 984, ""WEST"": 942}","{""BUY_ANIMAL:COW"": 11, ""BUY_ANIMAL:SHEEP"": 4, ""BUY_PRODUCT:WHEAT"": 103, ""BUY_SEED:CARROT"": 20, ""BUY_SEED:MELON"": 11, ""BUY_SEED:STRAWBERRY"": 40, ""BUY_SEED:WHEAT"": 139, ""SELL:CARROT"": 57, ""SELL:FERTILIZER"": 258, ""SELL:MELON"": 66, ""SELL:MILK"": 264, ""SELL:STRAWBERRY"": 311, ""SELL:WHEAT"": 195, ""SELL:WOOL"": 127}","{""BUY_ANIMAL:COW"": 4400, ""BUY_ANIMAL:SHEEP"": 2000, ""BUY_PRODUCT:WHEAT"": 3920, ""BUY_SEED:CARROT"": 400, ""BUY_SEED:MELON"": 880, ""BUY_SEED:STRAWBERRY"": 4000, ""BUY_SEED:WHEAT"": 1390, ""SELL:CARROT"": 1820, ""SELL:FERTILIZER"": 11282, ""SELL:MELON"": 12768, ""SELL:MILK"": 19872, ""SELL:STRAWBERRY"": 3950, ""SELL:WHEAT"": 8857, ""SELL:WOOL"": 22989}"
frozen-development,9500123,1,apex,56384.0,85385.0,-29001.0,719,7.005773372999101,0.06477451899991138,,0.11696565500096767,1.025099995,81424,75fed1665fa564be4a53fb51bd261ee0eb7f0046ffda04f166a94541fd00daa6,"{""BUILD_PASTURE"": 15, ""CARE"": 342, ""COLLECT_FERTILIZER"": 336, ""DIG"": 48, ""DROP"": 139, ""EAST"": 771, ""FEED"": 347, ""FERTILIZE"": 80, ""HARVEST"": 420, ""NORTH"": 1010, ""PASS"": 381, ""PICKUP"": 297, ""PLACE"": 45, ""PLANT"": 203, ""SOUTH"": 767, ""WATER"": 984, ""WEST"": 942}","{""BUY_ANIMAL:COW"": 11, ""BUY_ANIMAL:SHEEP"": 4, ""BUY_PRODUCT:WHEAT"": 103, ""BUY_SEED:CARROT"": 20, ""BUY_SEED:MELON"": 11, ""BUY_SEED:STRAWBERRY"": 40, ""BUY_SEED:WHEAT"": 139, ""SELL:CARROT"": 57, ""SELL:FERTILIZER"": 258, ""SELL:MELON"": 66, ""SELL:MILK"": 264, ""SELL:STRAWBERRY"": 311, ""SELL:WHEAT"": 195, ""SELL:WOOL"": 127}","{""BUY_ANIMAL:COW"": 4400, ""BUY_ANIMAL:SHEEP"": 2000, ""BUY_PRODUCT:WHEAT"": 3920, ""BUY_SEED:CARROT"": 400, ""BUY_SEED:MELON"": 880, ""BUY_SEED:STRAWBERRY"": 4000, ""BUY_SEED:WHEAT"": 1390, ""SELL:CARROT"": 1820, ""SELL:FERTILIZER"": 11282, ""SELL:MELON"": 12768, ""SELL:MILK"": 19872, ""SELL:STRAWBERRY"": 3950, ""SELL:WHEAT"": 8857, ""SELL:WOOL"": 22989}"
frozen-development,9500137,0,arlene,110367.0,124822.0,-14455.0,719,6.798609648998536,0.06833631400149898,,0.10760711100010667,0.8177991679999986,90580,1c9e29469bf511c25fdca0458059bcac158383dc8da64e6af3396db1eb378f21,"{""BUILD_PASTURE"": 15, ""CARE"": 342, ""COLLECT_FERTILIZER"": 336, ""DIG"": 47, ""DROP"": 139, ""EAST"": 771, ""FEED"": 347, ""FERTILIZE"": 80, ""HARVEST"": 420, ""NORTH"": 1010, ""PASS"": 382, ""PICKUP"": 297, ""PLACE"": 45, ""PLANT"": 203, ""SOUTH"": 767, ""WATER"": 984, ""WEST"": 942}","{""BUY_ANIMAL:COW"": 11, ""BUY_ANIMAL:SHEEP"": 4, ""BUY_PRODUCT:WHEAT"": 104, ""BUY_SEED:CARROT"": 20, ""BUY_SEED:MELON"": 11, ""BUY_SEED:STRAWBERRY"": 40, ""BUY_SEED:WHEAT"": 139, ""SELL:CARROT"": 57, ""SELL:FERTILIZER"": 258, ""SELL:MELON"": 66, ""SELL:MILK"": 264, ""SELL:STRAWBERRY"": 311, ""SELL:WHEAT"": 195, ""SELL:WOOL"": 127}","{""BUY_ANIMAL:COW"": 4400, ""BUY_ANIMAL:SHEEP"": 2000, ""BUY_PRODUCT:WHEAT"": 3820, ""BUY_SEED:CARROT"": 400, ""BUY_SEED:MELON"": 880, ""BUY_SEED:STRAWBERRY"": 4000, ""BUY_SEED:WHEAT"": 1390, ""SELL:CARROT"": 2440, ""SELL:FERTILIZER"": 11328, ""SELL:MELON"": 12768, ""SELL:MILK"": 20921, ""SELL:STRAWBERRY"": 55783, ""SELL:WHEAT"": 7985, ""SELL:WOOL"": 24196}"
frozen-development,9500137,1,arlene,110367.0,124822.0,-14455.0,719,6.780097296999884,0.058621837000828236,,0.10914576700088219,0.8830617539999989,99988,2b858bdeb085e472050a08ac2d360ed6ddd3247282466c262c81446ed4a7d74d,"{""BUILD_PASTURE"": 15, ""CARE"": 342, ""COLLECT_FERTILIZER"": 336, ""DIG"": 47, ""DROP"": 139, ""EAST"": 771, ""FEED"": 347, ""FERTILIZE"": 80, ""HARVEST"": 420, ""NORTH"": 1010, ""PASS"": 382, ""PICKUP"": 297, ""PLACE"": 45, ""PLANT"": 203, ""SOUTH"": 767, ""WATER"": 984, ""WEST"": 942}","{""BUY_ANIMAL:COW"": 11, ""BUY_ANIMAL:SHEEP"": 4, ""BUY_PRODUCT:WHEAT"": 104, ""BUY_SEED:CARROT"": 20, ""BUY_SEED:MELON"": 11, ""BUY_SEED:STRAWBERRY"": 40, ""BUY_SEED:WHEAT"": 139, ""SELL:CARROT"": 57, ""SELL:FERTILIZER"": 258, ""SELL:MELON"": 66, ""SELL:MILK"": 264, ""SELL:STRAWBERRY"": 311, ""SELL:WHEAT"": 195, ""SELL:WOOL"": 127}","{""BUY_ANIMAL:COW"": 4400, ""BUY_ANIMAL:SHEEP"": 2000, ""BUY_PRODUCT:WHEAT"": 3820, ""BUY_SEED:CARROT"": 400, ""BUY_SEED:MELON"": 880, ""BUY_SEED:STRAWBERRY"": 4000, ""BUY_SEED:WHEAT"": 1390, ""SELL:CARROT"": 2440, ""SELL:FERTILIZER"": 11328, ""SELL:MELON"": 12768, ""SELL:MILK"": 20921, ""SELL:STRAWBERRY"": 55783, ""SELL:WHEAT"": 7985, ""SELL:WOOL"": 24196}"
frozen-development,9500137,0,apex,108338.0,127857.0,-19519.0,719,7.553784652998729,0.08191204800095875,,0.15396866900118766,0.9756100749999992,109280,07655ba2fe34b8782925dcfda47ab9ed218d834581fab73128b03101f8bcdb88,"{""BUILD_PASTURE"": 15, ""CARE"": 342, ""COLLECT_FERTILIZER"": 336, ""DIG"": 47, ""DROP"": 139, ""EAST"": 771, ""FEED"": 347, ""FERTILIZE"": 80, ""HARVEST"": 420, ""NORTH"": 1010, ""PASS"": 382, ""PICKUP"": 297, ""PLACE"": 45, ""PLANT"": 203, ""SOUTH"": 767, ""WATER"": 984, ""WEST"": 942}","{""BUY_ANIMAL:COW"": 11, ""BUY_ANIMAL:SHEEP"": 4, ""BUY_PRODUCT:WHEAT"": 104, ""BUY_SEED:CARROT"": 20, ""BUY_SEED:MELON"": 11, ""BUY_SEED:STRAWBERRY"": 40, ""BUY_SEED:WHEAT"": 139, ""SELL:CARROT"": 57, ""SELL:FERTILIZER"": 258, ""SELL:MELON"": 66, ""SELL:MILK"": 264, ""SELL:STRAWBERRY"": 311, ""SELL:WHEAT"": 195, ""SELL:WOOL"": 127}","{""BUY_ANIMAL:COW"": 4400, ""BUY_ANIMAL:SHEEP"": 2000, ""BUY_PRODUCT:WHEAT"": 3810, ""BUY_SEED:CARROT"": 400, ""BUY_SEED:MELON"": 880, ""BUY_SEED:STRAWBERRY"": 4000, ""BUY_SEED:WHEAT"": 1390, ""SELL:CARROT"": 2510, ""SELL:FERTILIZER"": 11282, ""SELL:MELON"": 12768, ""SELL:MILK"": 20231, ""SELL:STRAWBERRY"": 56254, ""SELL:WHEAT"": 7875, ""SELL:WOOL"": 22462}"
frozen-development,9500137,1,apex,108338.0,127857.0,-19519.0,719,7.838172014999145,0.10006018800049787,,0.19723535400044057,1.0220629239999997,118572,37b325c71982e09442110edf4ebe3651c6e7c2992eea323f5e104a6b0f68cbe4,"{""BUILD_PASTURE"": 15, ""CARE"": 342, ""COLLECT_FERTILIZER"": 336, ""DIG"": 47, ""DROP"": 139, ""EAST"": 771, ""FEED"": 347, ""FERTILIZE"": 80, ""HARVEST"": 420, ""NORTH"": 1010, ""PASS"": 382, ""PICKUP"": 297, ""PLACE"": 45, ""PLANT"": 203, ""SOUTH"": 767, ""WATER"": 984, ""WEST"": 942}","{""BUY_ANIMAL:COW"": 11, ""BUY_ANIMAL:SHEEP"": 4, ""BUY_PRODUCT:WHEAT"": 104, ""BUY_SEED:CARROT"": 20, ""BUY_SEED:MELON"": 11, ""BUY_SEED:STRAWBERRY"": 40, ""BUY_SEED:WHEAT"": 139, ""SELL:CARROT"": 57, ""SELL:FERTILIZER"": 258, ""SELL:MELON"": 66, ""SELL:MILK"": 264, ""SELL:STRAWBERRY"": 311, ""SELL:WHEAT"": 195, ""SELL:WOOL"": 127}","{""BUY_ANIMAL:COW"": 4400, ""BUY_ANIMAL:SHEEP"": 2000, ""BUY_PRODUCT:WHEAT"": 3810, ""BUY_SEED:CARROT"": 400, ""BUY_SEED:MELON"": 880, ""BUY_SEED:STRAWBERRY"": 4000, ""BUY_SEED:WHEAT"": 1390, ""SELL:CARROT"": 2510, ""SELL:FERTILIZER"": 11282, ""SELL:MELON"": 12768, ""SELL:MILK"": 20231, ""SELL:STRAWBERRY"": 56254, ""SELL:WHEAT"": 7875, ""SELL:WOOL"": 22462}"
frozen-development,9500151,0,arlene,49495.0,81531.0,-32036.0,719,7.261247303002165,0.061273496998182964,,0.1020862080004008,0.7715856019999994,128044,759a8bdccdc26ff235847805750d8e63cd6e74587b1aa8d925f20e765354df68,"{""BUILD_PASTURE"": 15, ""CARE"": 343, ""COLLECT_FERTILIZER"": 337, ""DIG"": 48, ""DROP"": 138, ""EAST"": 775, ""FEED"": 347, ""FERTILIZE"": 80, ""HARVEST"": 420, ""NORTH"": 1015, ""PASS"": 381, ""PICKUP"": 297, ""PLACE"": 45, ""PLANT"": 204, ""SOUTH"": 771, ""WATER"": 986, ""WEST"": 946}","{""BUY_ANIMAL:COW"": 10, ""BUY_ANIMAL:SHEEP"": 4, ""BUY_PRODUCT:WHEAT"": 103, ""BUY_SEED:CARROT"": 20, ""BUY_SEED:MELON"": 11, ""BUY_SEED:STRAWBERRY"": 41, ""BUY_SEED:WHEAT"": 139, ""SELL:CARROT"": 57, ""SELL:FERTILIZER"": 236, ""SELL:MELON"": 66, ""SELL:MILK"": 240, ""SELL:STRAWBERRY"": 313, ""SELL:WHEAT"": 209, ""SELL:WOOL"": 135}","{""BUY_ANIMAL:COW"": 4000, ""BUY_ANIMAL:SHEEP"": 2000, ""BUY_PRODUCT:WHEAT"": 3712, ""BUY_SEED:CARROT"": 400, ""BUY_SEED:MELON"": 880, ""BUY_SEED:STRAWBERRY"": 4100, ""BUY_SEED:WHEAT"": 1390, ""SELL:CARROT"": 3562, ""SELL:FERTILIZER"": 10880, ""SELL:MELON"": 12768, ""SELL:MILK"": 3539, ""SELL:STRAWBERRY"": 8668, ""SELL:WHEAT"": 8208, ""SELL:WOOL"": 26660}"
frozen-development,9500151,1,arlene,49495.0,81531.0,-32036.0,719,6.706361371998355,0.07151526900270255,,0.16607877000205917,0.9342363910000037,137296,0759c9a2b27fb8530cfed15f1aa0d4bef4c9a84eb8b451af487e9412eb741bf4,"{""BUILD_PASTURE"": 15, ""CARE"": 343, ""COLLECT_FERTILIZER"": 337, ""DIG"": 48, ""DROP"": 138, ""EAST"": 775, ""FEED"": 347, ""FERTILIZE"": 80, ""HARVEST"": 420, ""NORTH"": 1015, ""PASS"": 381, ""PICKUP"": 297, ""PLACE"": 45, ""PLANT"": 204, ""SOUTH"": 771, ""WATER"": 986, ""WEST"": 946}","{""BUY_ANIMAL:COW"": 10, ""BUY_ANIMAL:SHEEP"": 4, ""BUY_PRODUCT:WHEAT"": 103, ""BUY_SEED:CARROT"": 20, ""BUY_SEED:MELON"": 11, ""BUY_SEED:STRAWBERRY"": 41, ""BUY_SEED:WHEAT"": 139, ""SELL:CARROT"": 57, ""SELL:FERTILIZER"": 236, ""SELL:MELON"": 66, ""SELL:MILK"": 240, ""SELL:STRAWBERRY"": 313, ""SELL:WHEAT"": 209, ""SELL:WOOL"": 135}","{""BUY_ANIMAL:COW"": 4000, ""BUY_ANIMAL:SHEEP"": 2000, ""BUY_PRODUCT:WHEAT"": 3712, ""BUY_SEED:CARROT"": 400, ""BUY_SEED:MELON"": 880, ""BUY_SEED:STRAWBERRY"": 4100, ""BUY_SEED:WHEAT"": 1390, ""SELL:CARROT"": 3562, ""SELL:FERTILIZER"": 10880, ""SELL:MELON"": 12768, ""SELL:MILK"": 3539, ""SELL:STRAWBERRY"": 8668, ""SELL:WHEAT"": 8208, ""SELL:WOOL"": 26660}"
frozen-development,9500151,0,apex,49287.0,76933.0,-27646.0,719,7.445484250998561,0.057395970998186385,,0.11616349399992032,0.7628812060000013,146732,1ac83e5f51899a135a1297a64a070bcb3ef3faece67bbd06929741cb0a04a9ac,"{""BUILD_PASTURE"": 15, ""CARE"": 343, ""COLLECT_FERTILIZER"": 337, ""DIG"": 48, ""DROP"": 138, ""EAST"": 775, ""FEED"": 347, ""FERTILIZE"": 80, ""HARVEST"": 420, ""NORTH"": 1015, ""PASS"": 381, ""PICKUP"": 297, ""PLACE"": 45, ""PLANT"": 204, ""SOUTH"": 771, ""WATER"": 986, ""WEST"": 946}","{""BUY_ANIMAL:COW"": 10, ""BUY_ANIMAL:SHEEP"": 4, ""BUY_PRODUCT:WHEAT"": 103, ""BUY_SEED:CARROT"": 20, ""BUY_SEED:MELON"": 11, ""BUY_SEED:STRAWBERRY"": 41, ""BUY_SEED:WHEAT"": 139, ""SELL:CARROT"": 57, ""SELL:FERTILIZER"": 236, ""SELL:MELON"": 66, ""SELL:MILK"": 240, ""SELL:STRAWBERRY"": 313, ""SELL:WHEAT"": 209, ""SELL:WOOL"": 135}","{""BUY_ANIMAL:COW"": 4000, ""BUY_ANIMAL:SHEEP"": 2000, ""BUY_PRODUCT:WHEAT"": 3712, ""BUY_SEED:CARROT"": 400, ""BUY_SEED:MELON"": 880, ""BUY_SEED:STRAWBERRY"": 4100, ""BUY_SEED:WHEAT"": 1390, ""SELL:CARROT"": 3703, ""SELL:FERTILIZER"": 10705, ""SELL:MELON"": 12768, ""SELL:MILK"": 3532, ""SELL:STRAWBERRY"": 8377, ""SELL:WHEAT"": 8332, ""SELL:WOOL"": 26660}"
frozen-development,9500151,1,apex,49287.0,76933.0,-27646.0,719,7.157552036002016,0.08597708100205637,,0.16761561699968297,0.9218328860000019,156132,502584f841ec2413a370d09944d146626ed5a22a14f55e76b9de409eb1a2fae8,"{""BUILD_PASTURE"": 15, ""CARE"": 343, ""COLLECT_FERTILIZER"": 337, ""DIG"": 48, ""DROP"": 138, ""EAST"": 775, ""FEED"": 347, ""FERTILIZE"": 80, ""HARVEST"": 420, ""NORTH"": 1015, ""PASS"": 381, ""PICKUP"": 297, ""PLACE"": 45, ""PLANT"": 204, ""SOUTH"": 771, ""WATER"": 986, ""WEST"": 946}","{""BUY_ANIMAL:COW"": 10, ""BUY_ANIMAL:SHEEP"": 4, ""BUY_PRODUCT:WHEAT"": 103, ""BUY_SEED:CARROT"": 20, ""BUY_SEED:MELON"": 11, ""BUY_SEED:STRAWBERRY"": 41, ""BUY_SEED:WHEAT"": 139, ""SELL:CARROT"": 57, ""SELL:FERTILIZER"": 236, ""SELL:MELON"": 66, ""SELL:MILK"": 240, ""SELL:STRAWBERRY"": 313, ""SELL:WHEAT"": 209, ""SELL:WOOL"": 135}","{""BUY_ANIMAL:COW"": 4000, ""BUY_ANIMAL:SHEEP"": 2000, ""BUY_PRODUCT:WHEAT"": 3712, ""BUY_SEED:CARROT"": 400, ""BUY_SEED:MELON"": 880, ""BUY_SEED:STRAWBERRY"": 4100, ""BUY_SEED:WHEAT"": 1390, ""SELL:CARROT"": 3703, ""SELL:FERTILIZER"": 10705, ""SELL:MELON"": 12768, ""SELL:MILK"": 3532, ""SELL:STRAWBERRY"": 8377, ""SELL:WHEAT"": 8332, ""SELL:WOOL"": 26660}"
harvest-rescue-development,9500109,0,arlene,72318.0,93161.0,-20843.0,719,6.845112016999337,0.09148628200273379,,0.13515606800137903,0.894436398000003,31144,df48b6333ae8abfa54b7fe2f3febb3e8b710346f59302f31e3e63250c8383ee3,"{""BUILD_PASTURE"": 15, ""CARE"": 342, ""COLLECT_FERTILIZER"": 336, ""DIG"": 51, ""DROP"": 138, ""EAST"": 771, ""FEED"": 347, ""FERTILIZE"": 80, ""HARVEST"": 481, ""NORTH"": 1008, ""PASS"": 321, ""PICKUP"": 297, ""PLACE"": 45, ""PLANT"": 203, ""SOUTH"": 767, ""WATER"": 983, ""WEST"": 942}","{""BUY_ANIMAL:COW"": 11, ""BUY_ANIMAL:SHEEP"": 4, ""BUY_PRODUCT:WHEAT"": 103, ""BUY_SEED:CARROT"": 20, ""BUY_SEED:MELON"": 11, ""BUY_SEED:STRAWBERRY"": 40, ""BUY_SEED:WHEAT"": 139, ""SELL:CARROT"": 51, ""SELL:FERTILIZER"": 244, ""SELL:MELON"": 66, ""SELL:MILK"": 240, ""SELL:STRAWBERRY"": 301, ""SELL:WHEAT"": 187, ""SELL:WOOL"": 127}","{""BUY_ANIMAL:COW"": 4400, ""BUY_ANIMAL:SHEEP"": 2000, ""BUY_PRODUCT:WHEAT"": 3961, ""BUY_SEED:CARROT"": 400, ""BUY_SEED:MELON"": 880, ""BUY_SEED:STRAWBERRY"": 4000, ""BUY_SEED:WHEAT"": 1390, ""SELL:CARROT"": 1698, ""SELL:FERTILIZER"": 11069, ""SELL:MELON"": 12768, ""SELL:MILK"": 45390, ""SELL:STRAWBERRY"": 8203, ""SELL:WHEAT"": 8985, ""SELL:WOOL"": 9400}"
harvest-rescue-development,9500109,1,arlene,72318.0,93161.0,-20843.0,719,6.9432147100014845,0.058933476000675,,0.2857350079975731,1.2603537579999988,31140,f9f11f20510390d85ef9f4a1b1591a9f72456d62ea0a3e2855cc5b7bd756e849,"{""BUILD_PASTURE"": 15, ""CARE"": 342, ""COLLECT_FERTILIZER"": 336, ""DIG"": 51, ""DROP"": 138, ""EAST"": 771, ""FEED"": 347, ""FERTILIZE"": 80, ""HARVEST"": 481, ""NORTH"": 1008, ""PASS"": 321, ""PICKUP"": 297, ""PLACE"": 45, ""PLANT"": 203, ""SOUTH"": 767, ""WATER"": 983, ""WEST"": 942}","{""BUY_ANIMAL:COW"": 11, ""BUY_ANIMAL:SHEEP"": 4, ""BUY_PRODUCT:WHEAT"": 103, ""BUY_SEED:CARROT"": 20, ""BUY_SEED:MELON"": 11, ""BUY_SEED:STRAWBERRY"": 40, ""BUY_SEED:WHEAT"": 139, ""SELL:CARROT"": 51, ""SELL:FERTILIZER"": 244, ""SELL:MELON"": 66, ""SELL:MILK"": 240, ""SELL:STRAWBERRY"": 301, ""SELL:WHEAT"": 187, ""SELL:WOOL"": 127}","{""BUY_ANIMAL:COW"": 4400, ""BUY_ANIMAL:SHEEP"": 2000, ""BUY_PRODUCT:WHEAT"": 3961, ""BUY_SEED:CARROT"": 400, ""BUY_SEED:MELON"": 880, ""BUY_SEED:STRAWBERRY"": 4000, ""BUY_SEED:WHEAT"": 1390, ""SELL:CARROT"": 1698, ""SELL:FERTILIZER"": 11069, ""SELL:MELON"": 12768, ""SELL:MILK"": 45390, ""SELL:STRAWBERRY"": 8203, ""SELL:WHEAT"": 8985, ""SELL:WOOL"": 9400}"
harvest-rescue-development,9500109,0,apex,70444.0,86859.0,-16415.0,719,6.626865471000201,0.07578186200044001,,0.10545787900264258,0.8305481059999997,37824,75a3138d8c26f730f9ec28e903308eb5be946863c659bc913a532a28dbf44ec1,"{""BUILD_PASTURE"": 15, ""CARE"": 342, ""COLLECT_FERTILIZER"": 336, ""DIG"": 51, ""DROP"": 138, ""EAST"": 771, ""FEED"": 347, ""FERTILIZE"": 80, ""HARVEST"": 481, ""NORTH"": 1008, ""PASS"": 321, ""PICKUP"": 297, ""PLACE"": 45, ""PLANT"": 203, ""SOUTH"": 767, ""WATER"": 983, ""WEST"": 942}","{""BUY_ANIMAL:COW"": 11, ""BUY_ANIMAL:SHEEP"": 4, ""BUY_PRODUCT:WHEAT"": 103, ""BUY_SEED:CARROT"": 20, ""BUY_SEED:MELON"": 11, ""BUY_SEED:STRAWBERRY"": 40, ""BUY_SEED:WHEAT"": 139, ""SELL:CARROT"": 51, ""SELL:FERTILIZER"": 244, ""SELL:MELON"": 66, ""SELL:MILK"": 240, ""SELL:STRAWBERRY"": 301, ""SELL:WHEAT"": 187, ""SELL:WOOL"": 127}","{""BUY_ANIMAL:COW"": 4400, ""BUY_ANIMAL:SHEEP"": 2000, ""BUY_PRODUCT:WHEAT"": 3955, ""BUY_SEED:CARROT"": 400, ""BUY_SEED:MELON"": 880, ""BUY_SEED:STRAWBERRY"": 4000, ""BUY_SEED:WHEAT"": 1390, ""SELL:CARROT"": 1852, ""SELL:FERTILIZER"": 11044, ""SELL:MELON"": 12768, ""SELL:MILK"": 45494, ""SELL:STRAWBERRY"": 7918, ""SELL:WHEAT"": 8948, ""SELL:WOOL"": 7609}"
harvest-rescue-development,9500109,1,apex,70444.0,86859.0,-16415.0,719,6.921917583000322,0.054451400003017625,,0.10061970100286999,0.7889362109999992,48904,2e09bfd78a98734907bfc9564f92a9d356e5220ddd5aacc441a88460843a28cc,"{""BUILD_PASTURE"": 15, ""CARE"": 342, ""COLLECT_FERTILIZER"": 336, ""DIG"": 51, ""DROP"": 138, ""EAST"": 771, ""FEED"": 347, ""FERTILIZE"": 80, ""HARVEST"": 481, ""NORTH"": 1008, ""PASS"": 321, ""PICKUP"": 297, ""PLACE"": 45, ""PLANT"": 203, ""SOUTH"": 767, ""WATER"": 983, ""WEST"": 942}","{""BUY_ANIMAL:COW"": 11, ""BUY_ANIMAL:SHEEP"": 4, ""BUY_PRODUCT:WHEAT"": 103, ""BUY_SEED:CARROT"": 20, ""BUY_SEED:MELON"": 11, ""BUY_SEED:STRAWBERRY"": 40, ""BUY_SEED:WHEAT"": 139, ""SELL:CARROT"": 51, ""SELL:FERTILIZER"": 244, ""SELL:MELON"": 66, ""SELL:MILK"": 240, ""SELL:STRAWBERRY"": 301, ""SELL:WHEAT"": 187, ""SELL:WOOL"": 127}","{""BUY_ANIMAL:COW"": 4400, ""BUY_ANIMAL:SHEEP"": 2000, ""BUY_PRODUCT:WHEAT"": 3955, ""BUY_SEED:CARROT"": 400, ""BUY_SEED:MELON"": 880, ""BUY_SEED:STRAWBERRY"": 4000, ""BUY_SEED:WHEAT"": 1390, ""SELL:CARROT"": 1852, ""SELL:FERTILIZER"": 11044, ""SELL:MELON"": 12768, ""SELL:MILK"": 45494, ""SELL:STRAWBERRY"": 7918, ""SELL:WHEAT"": 8948, ""SELL:WOOL"": 7609}"
next-baseline-comparison,9500203,0,arlene,69003.0,69003.0,0.0,719,5.459538635001081,0.056604106997838244,0.0184144800005015,0.0184144800005015,0.28839526800000037,21336,6ac1443207f818a17a9aec9cbb1a65209ec0b882c4605d82d95f07abe66602ab,"{""BUILD_COOP"": 1, ""BUILD_PASTURE"": 17, ""CARE"": 363, ""COLLECT_FERTILIZER"": 376, ""DIG"": 35, ""DROP"": 18, ""EAST"": 701, ""FEED"": 325, ""FERTILIZE"": 98, ""HARVEST"": 466, ""NORTH"": 979, ""PASS"": 596, ""PICKUP"": 161, ""PLACE"": 108, ""PLANT"": 240, ""SOUTH"": 548, ""WATER"": 1122, ""WEST"": 973}","{""BUY_ANIMAL:COW"": 9, ""BUY_ANIMAL:SHEEP"": 8, ""BUY_PRODUCT:FERTILIZER"": 73, ""BUY_PRODUCT:WHEAT"": 148, ""BUY_SEED:CARROT"": 31, ""BUY_SEED:MELON"": 12, ""BUY_SEED:STRAWBERRY"": 33, ""BUY_SEED:WHEAT"": 188, ""SELL:CARROT"": 93, ""SELL:FERTILIZER"": 322, ""SELL:MELON"": 72, ""SELL:MILK"": 207, ""SELL:STRAWBERRY"": 262, ""SELL:WHEAT"": 345, ""SELL:WOOL"": 196}","{""BUY_ANIMAL:COW"": 3600, ""BUY_ANIMAL:SHEEP"": 4000, ""BUY_PRODUCT:FERTILIZER"": 1983, ""BUY_PRODUCT:WHEAT"": 5232, ""BUY_SEED:CARROT"": 620, ""BUY_SEED:MELON"": 960, ""BUY_SEED:STRAWBERRY"": 3300, ""BUY_SEED:WHEAT"": 1880, ""SELL:CARROT"": 4868, ""SELL:FERTILIZER"": 14497, ""SELL:MELON"": 14267, ""SELL:MILK"": 17263, ""SELL:STRAWBERRY"": 3660, ""SELL:WHEAT"": 13758, ""SELL:WOOL"": 27809}"
next-baseline-comparison,9500203,1,arlene,69003.0,69003.0,0.0,719,5.657798066000396,0.05387532099848613,0.018099406999681378,0.018099406999681378,0.32411893999999875,28672,6ac1443207f818a17a9aec9cbb1a65209ec0b882c4605d82d95f07abe66602ab,"{""BUILD_COOP"": 1, ""BUILD_PASTURE"": 17, ""CARE"": 363, ""COLLECT_FERTILIZER"": 376, ""DIG"": 35, ""DROP"": 18, ""EAST"": 701, ""FEED"": 325, ""FERTILIZE"": 98, ""HARVEST"": 466, ""NORTH"": 979, ""PASS"": 596, ""PICKUP"": 161, ""PLACE"": 108, ""PLANT"": 240, ""SOUTH"": 548, ""WATER"": 1122, ""WEST"": 973}","{""BUY_ANIMAL:COW"": 9, ""BUY_ANIMAL:SHEEP"": 8, ""BUY_PRODUCT:FERTILIZER"": 73, ""BUY_PRODUCT:WHEAT"": 148, ""BUY_SEED:CARROT"": 31, ""BUY_SEED:MELON"": 12, ""BUY_SEED:STRAWBERRY"": 33, ""BUY_SEED:WHEAT"": 188, ""SELL:CARROT"": 93, ""SELL:FERTILIZER"": 322, ""SELL:MELON"": 72, ""SELL:MILK"": 207, ""SELL:STRAWBERRY"": 262, ""SELL:WHEAT"": 345, ""SELL:WOOL"": 196}","{""BUY_ANIMAL:COW"": 3600, ""BUY_ANIMAL:SHEEP"": 4000, ""BUY_PRODUCT:FERTILIZER"": 1983, ""BUY_PRODUCT:WHEAT"": 5232, ""BUY_SEED:CARROT"": 620, ""BUY_SEED:MELON"": 960, ""BUY_SEED:STRAWBERRY"": 3300, ""BUY_SEED:WHEAT"": 1880, ""SELL:CARROT"": 4868, ""SELL:FERTILIZER"": 14497, ""SELL:MELON"": 14267, ""SELL:MILK"": 17263, ""SELL:STRAWBERRY"": 3660, ""SELL:WHEAT"": 13758, ""SELL:WOOL"": 27809}"
next-baseline-comparison,9500203,0,apex,69505.0,65740.0,3765.0,719,6.081750525998359,0.06349285500255064,0.01936266600023373,0.01936266600023373,0.3316430099999994,41044,8ead97471f8be6b218c1391847dc9dbed711eff3bdce6c9f05b72dc51c92cb59,"{""BUILD_COOP"": 1, ""BUILD_PASTURE"": 17, ""CARE"": 363, ""COLLECT_FERTILIZER"": 376, ""DIG"": 35, ""DROP"": 18, ""EAST"": 701, ""FEED"": 325, ""FERTILIZE"": 98, ""HARVEST"": 466, ""NORTH"": 979, ""PASS"": 596, ""PICKUP"": 161, ""PLACE"": 108, ""PLANT"": 240, ""SOUTH"": 548, ""WATER"": 1122, ""WEST"": 973}","{""BUY_ANIMAL:COW"": 9, ""BUY_ANIMAL:SHEEP"": 8, ""BUY_PRODUCT:FERTILIZER"": 73, ""BUY_PRODUCT:WHEAT"": 148, ""BUY_SEED:CARROT"": 31, ""BUY_SEED:MELON"": 12, ""BUY_SEED:STRAWBERRY"": 33, ""BUY_SEED:WHEAT"": 188, ""SELL:CARROT"": 93, ""SELL:FERTILIZER"": 322, ""SELL:MELON"": 72, ""SELL:MILK"": 207, ""SELL:STRAWBERRY"": 262, ""SELL:WHEAT"": 345, ""SELL:WOOL"": 196}","{""BUY_ANIMAL:COW"": 3600, ""BUY_ANIMAL:SHEEP"": 4000, ""BUY_PRODUCT:FERTILIZER"": 1971, ""BUY_PRODUCT:WHEAT"": 5227, ""BUY_SEED:CARROT"": 620, ""BUY_SEED:MELON"": 960, ""BUY_SEED:STRAWBERRY"": 3300, ""BUY_SEED:WHEAT"": 1880, ""SELL:CARROT"": 5113, ""SELL:FERTILIZER"": 14450, ""SELL:MELON"": 14267, ""SELL:MILK"": 16738, ""SELL:STRAWBERRY"": 3887, ""SELL:WHEAT"": 13886, ""SELL:WOOL"": 28266}"
next-baseline-comparison,9500203,1,apex,69505.0,65740.0,3765.0,719,6.419138471002952,0.04898034700090648,0.02851924499918823,0.02851924499918823,0.4078999880000002,53352,c31f5a8fecaf0bfbdd9df2dd2115976477484958b7fef874166bec363a475619,"{""BUILD_COOP"": 1, ""BUILD_PASTURE"": 17, ""CARE"": 363, ""COLLECT_FERTILIZER"": 376, ""DIG"": 35, ""DROP"": 18, ""EAST"": 701, ""FEED"": 325, ""FERTILIZE"": 98, ""HARVEST"": 466, ""NORTH"": 979, ""PASS"": 596, ""PICKUP"": 161, ""PLACE"": 108, ""PLANT"": 240, ""SOUTH"": 548, ""WATER"": 1122, ""WEST"": 973}","{""BUY_ANIMAL:COW"": 9, ""BUY_ANIMAL:SHEEP"": 8, ""BUY_PRODUCT:FERTILIZER"": 73, ""BUY_PRODUCT:WHEAT"": 148, ""BUY_SEED:CARROT"": 31, ""BUY_SEED:MELON"": 12, ""BUY_SEED:STRAWBERRY"": 33, ""BUY_SEED:WHEAT"": 188, ""SELL:CARROT"": 93, ""SELL:FERTILIZER"": 322, ""SELL:MELON"": 72, ""SELL:MILK"": 207, ""SELL:STRAWBERRY"": 262, ""SELL:WHEAT"": 345, ""SELL:WOOL"": 196}","{""BUY_ANIMAL:COW"": 3600, ""BUY_ANIMAL:SHEEP"": 4000, ""BUY_PRODUCT:FERTILIZER"": 1971, ""BUY_PRODUCT:WHEAT"": 5227, ""BUY_SEED:CARROT"": 620, ""BUY_SEED:MELON"": 960, ""BUY_SEED:STRAWBERRY"": 3300, ""BUY_SEED:WHEAT"": 1880, ""SELL:CARROT"": 5113, ""SELL:FERTILIZER"": 14450, ""SELL:MELON"": 14267, ""SELL:MILK"": 16738, ""SELL:STRAWBERRY"": 3887, ""SELL:WHEAT"": 13886, ""SELL:WOOL"": 28266}"
next-baseline-comparison,9500203,0,kaito,83396.0,74131.0,9265.0,719,8.340768326001125,0.05906329799836385,0.020133657002588734,0.020133657002588734,0.32814310399999896,65784,cbc218a357a6501c91cb6dd5ef95c3b62deed16bf1402bad466997fea45ee1dc,"{""BUILD_COOP"": 1, ""BUILD_PASTURE"": 17, ""CARE"": 363, ""COLLECT_FERTILIZER"": 376, ""DIG"": 35, ""DROP"": 18, ""EAST"": 701, ""FEED"": 325, ""FERTILIZE"": 98, ""HARVEST"": 466, ""NORTH"": 979, ""PASS"": 596, ""PICKUP"": 161, ""PLACE"": 108, ""PLANT"": 240, ""SOUTH"": 548, ""WATER"": 1122, ""WEST"": 973}","{""BUY_ANIMAL:COW"": 9, ""BUY_ANIMAL:SHEEP"": 8, ""BUY_PRODUCT:FERTILIZER"": 75, ""BUY_PRODUCT:WHEAT"": 150, ""BUY_SEED:CARROT"": 31, ""BUY_SEED:MELON"": 12, ""BUY_SEED:STRAWBERRY"": 33, ""BUY_SEED:WHEAT"": 188, ""SELL:CARROT"": 93, ""SELL:FERTILIZER"": 324, ""SELL:MELON"": 72, ""SELL:MILK"": 207, ""SELL:STRAWBERRY"": 262, ""SELL:WHEAT"": 347, ""SELL:WOOL"": 196}","{""BUY_ANIMAL:COW"": 3600, ""BUY_ANIMAL:SHEEP"": 4000, ""BUY_PRODUCT:FERTILIZER"": 2233, ""BUY_PRODUCT:WHEAT"": 5057, ""BUY_SEED:CARROT"": 620, ""BUY_SEED:MELON"": 960, ""BUY_SEED:STRAWBERRY"": 3300, ""BUY_SEED:WHEAT"": 1880, ""SELL:CARROT"": 8333, ""SELL:FERTILIZER"": 15249, ""SELL:MELON"": 16381, ""SELL:MILK"": 17443, ""SELL:STRAWBERRY"": 9559, ""SELL:WHEAT"": 14154, ""SELL:WOOL"": 29471}"
next-baseline-comparison,9500203,1,kaito,89688.0,85345.0,4343.0,719,8.009709728001326,0.0662008710023656,0.017085701998439617,0.017085701998439617,0.34056968999999815,70740,c10bbf4396403ea200825b0afd62eaaf53e7e9dd4c855b190ccc5aefe8ff8c2a,"{""BUILD_COOP"": 1, ""BUILD_PASTURE"": 17, ""CARE"": 363, ""COLLECT_FERTILIZER"": 376, ""DIG"": 36, ""DROP"": 18, ""EAST"": 701, ""FEED"": 325, ""FERTILIZE"": 98, ""HARVEST"": 466, ""NORTH"": 979, ""PASS"": 596, ""PICKUP"": 161, ""PLACE"": 108, ""PLANT"": 239, ""SOUTH"": 548, ""WATER"": 1122, ""WEST"": 973}","{""BUY_ANIMAL:COW"": 9, ""BUY_ANIMAL:SHEEP"": 8, ""BUY_PRODUCT:FERTILIZER"": 75, ""BUY_PRODUCT:WHEAT"": 150, ""BUY_SEED:CARROT"": 31, ""BUY_SEED:MELON"": 12, ""BUY_SEED:STRAWBERRY"": 33, ""BUY_SEED:WHEAT"": 188, ""SELL:CARROT"": 93, ""SELL:FERTILIZER"": 326, ""SELL:MELON"": 72, ""SELL:MILK"": 207, ""SELL:STRAWBERRY"": 255, ""SELL:WHEAT"": 347, ""SELL:WOOL"": 196}","{""BUY_ANIMAL:COW"": 3600, ""BUY_ANIMAL:SHEEP"": 4000, ""BUY_PRODUCT:FERTILIZER"": 2229, ""BUY_PRODUCT:WHEAT"": 5028, ""BUY_SEED:CARROT"": 620, ""BUY_SEED:MELON"": 960, ""BUY_SEED:STRAWBERRY"": 3300, ""BUY_SEED:WHEAT"": 1880, ""SELL:CARROT"": 14118, ""SELL:FERTILIZER"": 15244, ""SELL:MELON"": 16381, ""SELL:MILK"": 7498, ""SELL:STRAWBERRY"": 4316, ""SELL:WHEAT"": 11663, ""SELL:WOOL"": 47629}"
next-baseline-comparison,9500203,0,igor,151784.0,28671.0,123113.0,719,5.6171282889990835,0.07064390399682452,0.02107033200081787,0.02107033200081787,0.31347040999999987,81592,8af7050be5f6b03d5e75b8c022f8c87a0bc6fbe85f659b858a4273a71db4c5b6,"{""BUILD_COOP"": 4, ""BUILD_PASTURE"": 14, ""CARE"": 364, ""COLLECT_FERTILIZER"": 368, ""DIG"": 35, ""DROP"": 22, ""EAST"": 701, ""FEED"": 315, ""FERTILIZE"": 98, ""HARVEST"": 470, ""NORTH"": 979, ""PASS"": 610, ""PICKUP"": 159, ""PLACE"": 107, ""PLANT"": 240, ""SOUTH"": 552, ""WATER"": 1122, ""WEST"": 969}","{""BUY_ANIMAL:COW"": 9, ""BUY_ANIMAL:GOOSE"": 3, ""BUY_ANIMAL:SHEEP"": 5, ""BUY_PRODUCT:FERTILIZER"": 76, ""BUY_PRODUCT:WHEAT"": 138, ""BUY_SEED:CARROT"": 31, ""BUY_SEED:MELON"": 12, ""BUY_SEED:STRAWBERRY"": 33, ""BUY_SEED:WHEAT"": 188, ""SELL:CARROT"": 93, ""SELL:EGG"": 79, ""SELL:FERTILIZER"": 323, ""SELL:MELON"": 72, ""SELL:MILK"": 207, ""SELL:STRAWBERRY"": 262, ""SELL:WHEAT"": 345, ""SELL:WOOL"": 122}","{""BUY_ANIMAL:COW"": 3600, ""BUY_ANIMAL:GOOSE"": 900, ""BUY_ANIMAL:SHEEP"": 2500, ""BUY_PRODUCT:FERTILIZER"": 2200, ""BUY_PRODUCT:WHEAT"": 4554, ""BUY_SEED:CARROT"": 620, ""BUY_SEED:MELON"": 960, ""BUY_SEED:STRAWBERRY"": 3300, ""BUY_SEED:WHEAT"": 1880, ""SELL:CARROT"": 115723, ""SELL:EGG"": 3662, ""SELL:FERTILIZER"": 15770, ""SELL:MELON"": 15927, ""SELL:MILK"": 5145, ""SELL:STRAWBERRY"": 4893, ""SELL:WHEAT"": 10520, ""SELL:WOOL"": 6147}"
next-baseline-comparison,9500203,1,igor,117159.0,41623.0,75536.0,719,5.946299266997812,0.09338080700035789,0.042548166999040404,0.042548166999040404,0.32679701300000047,92232,d628888cac0672f5666fa50352e88f8a9da166832ca0b20236504df7a2e28c9b,"{""BUILD_COOP"": 1, ""BUILD_PASTURE"": 17, ""CARE"": 363, ""COLLECT_FERTILIZER"": 376, ""DIG"": 36, ""DROP"": 18, ""EAST"": 701, ""FEED"": 325, ""FERTILIZE"": 98, ""HARVEST"": 466, ""NORTH"": 979, ""PASS"": 596, ""PICKUP"": 161, ""PLACE"": 108, ""PLANT"": 239, ""SOUTH"": 548, ""WATER"": 1122, ""WEST"": 973}","{""BUY_ANIMAL:COW"": 9, ""BUY_ANIMAL:SHEEP"": 8, ""BUY_PRODUCT:FERTILIZER"": 73, ""BUY_PRODUCT:WHEAT"": 138, ""BUY_SEED:CARROT"": 31, ""BUY_SEED:MELON"": 12, ""BUY_SEED:STRAWBERRY"": 33, ""BUY_SEED:WHEAT"": 188, ""SELL:CARROT"": 93, ""SELL:FERTILIZER"": 322, ""SELL:MELON"": 72, ""SELL:MILK"": 207, ""SELL:STRAWBERRY"": 262, ""SELL:WHEAT"": 333, ""SELL:WOOL"": 196}","{""BUY_ANIMAL:COW"": 3600, ""BUY_ANIMAL:SHEEP"": 4000, ""BUY_PRODUCT:FERTILIZER"": 2195, ""BUY_PRODUCT:WHEAT"": 4554, ""BUY_SEED:CARROT"": 620, ""BUY_SEED:MELON"": 960, ""BUY_SEED:STRAWBERRY"": 3300, ""BUY_SEED:WHEAT"": 1880, ""SELL:CARROT"": 64196, ""SELL:FERTILIZER"": 15824, ""SELL:MELON"": 15986, ""SELL:MILK"": 5133, ""SELL:STRAWBERRY"": 4929, ""SELL:WHEAT"": 10260, ""SELL:WOOL"": 27484}"
next-baseline-comparison,9500217,0,arlene,64064.0,64064.0,0.0,719,5.9436913290010125,0.08206307299769833,0.02434496299974853,0.02434496299974853,0.37738455899999934,102996,3cec38eabd2dbe3e4cf9eeb004b2690d0e6a80868b186e74229df6019735c765,"{""BUILD_COOP"": 1, ""BUILD_PASTURE"": 17, ""CARE"": 363, ""COLLECT_FERTILIZER"": 376, ""DIG"": 35, ""DROP"": 18, ""EAST"": 701, ""FEED"": 325, ""FERTILIZE"": 98, ""HARVEST"": 466, ""NORTH"": 979, ""PASS"": 596, ""PICKUP"": 161, ""PLACE"": 108, ""PLANT"": 240, ""SOUTH"": 548, ""WATER"": 1122, ""WEST"": 973}","{""BUY_ANIMAL:COW"": 9, ""BUY_ANIMAL:SHEEP"": 8, ""BUY_PRODUCT:FERTILIZER"": 73, ""BUY_PRODUCT:WHEAT"": 132, ""BUY_SEED:CARROT"": 31, ""BUY_SEED:MELON"": 12, ""BUY_SEED:STRAWBERRY"": 33, ""BUY_SEED:WHEAT"": 188, ""SELL:CARROT"": 93, ""SELL:FERTILIZER"": 322, ""SELL:MELON"": 72, ""SELL:MILK"": 207, ""SELL:STRAWBERRY"": 262, ""SELL:WHEAT"": 329, ""SELL:WOOL"": 196}","{""BUY_ANIMAL:COW"": 3600, ""BUY_ANIMAL:SHEEP"": 4000, ""BUY_PRODUCT:FERTILIZER"": 1983, ""BUY_PRODUCT:WHEAT"": 4577, ""BUY_SEED:CARROT"": 620, ""BUY_SEED:MELON"": 960, ""BUY_SEED:STRAWBERRY"": 3300, ""BUY_SEED:WHEAT"": 1880, ""SELL:CARROT"": 6153, ""SELL:FERTILIZER"": 14497, ""SELL:MELON"": 14267, ""SELL:MILK"": 4483, ""SELL:STRAWBERRY"": 16215, ""SELL:WHEAT"": 12171, ""SELL:WOOL"": 22742}"
next-baseline-comparison,9500217,1,arlene,64064.0,64064.0,0.0,719,6.252217387998826,0.05480748699847027,0.024805591001495486,0.024805591001495486,0.3311744620000002,113720,3cec38eabd2dbe3e4cf9eeb004b2690d0e6a80868b186e74229df6019735c765,"{""BUILD_COOP"": 1, ""BUILD_PASTURE"": 17, ""CARE"": 363, ""COLLECT_FERTILIZER"": 376, ""DIG"": 35, ""DROP"": 18, ""EAST"": 701, ""FEED"": 325, ""FERTILIZE"": 98, ""HARVEST"": 466, ""NORTH"": 979, ""PASS"": 596, ""PICKUP"": 161, ""PLACE"": 108, ""PLANT"": 240, ""SOUTH"": 548, ""WATER"": 1122, ""WEST"": 973}","{""BUY_ANIMAL:COW"": 9, ""BUY_ANIMAL:SHEEP"": 8, ""BUY_PRODUCT:FERTILIZER"": 73, ""BUY_PRODUCT:WHEAT"": 132, ""BUY_SEED:CARROT"": 31, ""BUY_SEED:MELON"": 12, ""BUY_SEED:STRAWBERRY"": 33, ""BUY_SEED:WHEAT"": 188, ""SELL:CARROT"": 93, ""SELL:FERTILIZER"": 322, ""SELL:MELON"": 72, ""SELL:MILK"": 207, ""SELL:STRAWBERRY"": 262, ""SELL:WHEAT"": 329, ""SELL:WOOL"": 196}","{""BUY_ANIMAL:COW"": 3600, ""BUY_ANIMAL:SHEEP"": 4000, ""BUY_PRODUCT:FERTILIZER"": 1983, ""BUY_PRODUCT:WHEAT"": 4577, ""BUY_SEED:CARROT"": 620, ""BUY_SEED:MELON"": 960, ""BUY_SEED:STRAWBERRY"": 3300, ""BUY_SEED:WHEAT"": 1880, ""SELL:CARROT"": 6153, ""SELL:FERTILIZER"": 14497, ""SELL:MELON"": 14267, ""SELL:MILK"": 4483, ""SELL:STRAWBERRY"": 16215, ""SELL:WHEAT"": 12171, ""SELL:WOOL"": 22742}"
next-baseline-comparison,9500217,0,apex,65374.0,57536.0,7838.0,719,7.011695356999553,0.06857523600046989,0.023427272997651016,0.023427272997651016,0.3379792539999996,125092,e3f95279b043cfdfb9a3ff45df2628c1def4c221967882732a82b32e18fb2415,"{""BUILD_COOP"": 1, ""BUILD_PASTURE"": 17, ""CARE"": 363, ""COLLECT_FERTILIZER"": 376, ""DIG"": 35, ""DROP"": 18, ""EAST"": 701, ""FEED"": 325, ""FERTILIZE"": 98, ""HARVEST"": 466, ""NORTH"": 979, ""PASS"": 596, ""PICKUP"": 161, ""PLACE"": 108, ""PLANT"": 240, ""SOUTH"": 548, ""WATER"": 1122, ""WEST"": 973}","{""BUY_ANIMAL:COW"": 9, ""BUY_ANIMAL:SHEEP"": 8, ""BUY_PRODUCT:FERTILIZER"": 73, ""BUY_PRODUCT:WHEAT"": 132, ""BUY_SEED:CARROT"": 31, ""BUY_SEED:MELON"": 12, ""BUY_SEED:STRAWBERRY"": 33, ""BUY_SEED:WHEAT"": 188, ""SELL:CARROT"": 93, ""SELL:FERTILIZER"": 322, ""SELL:MELON"": 72, ""SELL:MILK"": 207, ""SELL:STRAWBERRY"": 262, ""SELL:WHEAT"": 329, ""SELL:WOOL"": 196}","{""BUY_ANIMAL:COW"": 3600, ""BUY_ANIMAL:SHEEP"": 4000, ""BUY_PRODUCT:FERTILIZER"": 1971, ""BUY_PRODUCT:WHEAT"": 4578, ""BUY_SEED:CARROT"": 620, ""BUY_SEED:MELON"": 960, ""BUY_SEED:STRAWBERRY"": 3300, ""BUY_SEED:WHEAT"": 1880, ""SELL:CARROT"": 6400, ""SELL:FERTILIZER"": 14450, ""SELL:MELON"": 14267, ""SELL:MILK"": 4481, ""SELL:STRAWBERRY"": 16721, ""SELL:WHEAT"": 12387, ""SELL:WOOL"": 23121}"
next-baseline-comparison,9500217,1,apex,65374.0,57536.0,7838.0,719,5.768517493997933,0.048841373001778265,0.015336902997660218,0.015336902997660218,0.2959505420000004,136228,28ba3e4aea9a6b73c318a8a356fdf25d2cbc7b94a9d52321b474261fd69d0a2b,"{""BUILD_COOP"": 1, ""BUILD_PASTURE"": 17, ""CARE"": 363, ""COLLECT_FERTILIZER"": 376, ""DIG"": 35, ""DROP"": 18, ""EAST"": 701, ""FEED"": 325, ""FERTILIZE"": 98, ""HARVEST"": 466, ""NORTH"": 979, ""PASS"": 596, ""PICKUP"": 161, ""PLACE"": 108, ""PLANT"": 240, ""SOUTH"": 548, ""WATER"": 1122, ""WEST"": 973}","{""BUY_ANIMAL:COW"": 9, ""BUY_ANIMAL:SHEEP"": 8, ""BUY_PRODUCT:FERTILIZER"": 73, ""BUY_PRODUCT:WHEAT"": 132, ""BUY_SEED:CARROT"": 31, ""BUY_SEED:MELON"": 12, ""BUY_SEED:STRAWBERRY"": 33, ""BUY_SEED:WHEAT"": 188, ""SELL:CARROT"": 93, ""SELL:FERTILIZER"": 322, ""SELL:MELON"": 72, ""SELL:MILK"": 207, ""SELL:STRAWBERRY"": 262, ""SELL:WHEAT"": 329, ""SELL:WOOL"": 196}","{""BUY_ANIMAL:COW"": 3600, ""BUY_ANIMAL:SHEEP"": 4000, ""BUY_PRODUCT:FERTILIZER"": 1971, ""BUY_PRODUCT:WHEAT"": 4578, ""BUY_SEED:CARROT"": 620, ""BUY_SEED:MELON"": 960, ""BUY_SEED:STRAWBERRY"": 3300, ""BUY_SEED:WHEAT"": 1880, ""SELL:CARROT"": 6400, ""SELL:FERTILIZER"": 14450, ""SELL:MELON"": 14267, ""SELL:MILK"": 4481, ""SELL:STRAWBERRY"": 16721, ""SELL:WHEAT"": 12387, ""SELL:WOOL"": 23121}"
next-baseline-comparison,9500217,0,kaito,120170.0,113342.0,6828.0,719,5.9279972209988046,0.05604681300246739,0.02933214500080794,0.02933214500080794,0.2944884680000003,147288,f6fa4a9f0154c6cab72991830f36fa16838edb08b4b41921ada75f91463ea828,"{""BUILD_COOP"": 4, ""BUILD_PASTURE"": 14, ""CARE"": 381, ""COLLECT_FERTILIZER"": 384, ""DIG"": 35, ""DROP"": 19, ""EAST"": 704, ""FEED"": 361, ""FERTILIZE"": 98, ""HARVEST"": 481, ""NORTH"": 982, ""PASS"": 528, ""PICKUP"": 162, ""PLACE"": 108, ""PLANT"": 240, ""SOUTH"": 550, ""WATER"": 1122, ""WEST"": 976}","{""BUY_ANIMAL:COW"": 9, ""BUY_ANIMAL:GOOSE"": 3, ""BUY_ANIMAL:SHEEP"": 5, ""BUY_PRODUCT:FERTILIZER"": 66, ""BUY_PRODUCT:WHEAT"": 150, ""BUY_SEED:CARROT"": 31, ""BUY_SEED:MELON"": 12, ""BUY_SEED:STRAWBERRY"": 33, ""BUY_SEED:WHEAT"": 188, ""SELL:CARROT"": 93, ""SELL:EGG"": 79, ""SELL:FERTILIZER"": 350, ""SELL:MELON"": 72, ""SELL:MILK"": 261, ""SELL:STRAWBERRY"": 262, ""SELL:WHEAT"": 311, ""SELL:WOOL"": 131}","{""BUY_ANIMAL:COW"": 3600, ""BUY_ANIMAL:GOOSE"": 900, ""BUY_ANIMAL:SHEEP"": 2500, ""BUY_PRODUCT:FERTILIZER"": 2377, ""BUY_PRODUCT:WHEAT"": 5276, ""BUY_SEED:CARROT"": 620, ""BUY_SEED:MELON"": 960, ""BUY_SEED:STRAWBERRY"": 3300, ""BUY_SEED:WHEAT"": 1880, ""SELL:CARROT"": 5436, ""SELL:EGG"": 3716, ""SELL:FERTILIZER"": 16149, ""SELL:MELON"": 15957, ""SELL:MILK"": 57598, ""SELL:STRAWBERRY"": 30726, ""SELL:WHEAT"": 13221, ""SELL:WOOL"": 4358}"
next-baseline-comparison,9500217,1,kaito,120170.0,113342.0,6828.0,719,6.689212392000627,0.05479275999823585,0.017019267001160188,0.0729476929991506,0.4223428590000013,158380,e2fa792866a6f261dbdbc920517308800cdb77986b3b4f6df55a7d71f080f4bb,"{""BUILD_COOP"": 4, ""BUILD_PASTURE"": 14, ""CARE"": 381, ""COLLECT_FERTILIZER"": 384, ""DIG"": 35, ""DROP"": 19, ""EAST"": 704, ""FEED"": 361, ""FERTILIZE"": 98, ""HARVEST"": 481, ""NORTH"": 982, ""PASS"": 528, ""PICKUP"": 162, ""PLACE"": 108, ""PLANT"": 240, ""SOUTH"": 550, ""WATER"": 1122, ""WEST"": 976}","{""BUY_ANIMAL:COW"": 9, ""BUY_ANIMAL:GOOSE"": 3, ""BUY_ANIMAL:SHEEP"": 5, ""BUY_PRODUCT:FERTILIZER"": 66, ""BUY_PRODUCT:WHEAT"": 150, ""BUY_SEED:CARROT"": 31, ""BUY_SEED:MELON"": 12, ""BUY_SEED:STRAWBERRY"": 33, ""BUY_SEED:WHEAT"": 188, ""SELL:CARROT"": 93, ""SELL:EGG"": 79, ""SELL:FERTILIZER"": 350, ""SELL:MELON"": 72, ""SELL:MILK"": 261, ""SELL:STRAWBERRY"": 262, ""SELL:WHEAT"": 311, ""SELL:WOOL"": 131}","{""BUY_ANIMAL:COW"": 3600, ""BUY_ANIMAL:GOOSE"": 900, ""BUY_ANIMAL:SHEEP"": 2500, ""BUY_PRODUCT:FERTILIZER"": 2377, ""BUY_PRODUCT:WHEAT"": 5276, ""BUY_SEED:CARROT"": 620, ""BUY_SEED:MELON"": 960, ""BUY_SEED:STRAWBERRY"": 3300, ""BUY_SEED:WHEAT"": 1880, ""SELL:CARROT"": 5436, ""SELL:EGG"": 3716, ""SELL:FERTILIZER"": 16149, ""SELL:MELON"": 15957, ""SELL:MILK"": 57598, ""SELL:STRAWBERRY"": 30726, ""SELL:WHEAT"": 13221, ""SELL:WOOL"": 4358}"
next-baseline-comparison,9500217,0,igor,93015.0,76006.0,17009.0,719,5.876831713998399,0.082166257998324,0.01675669899850618,0.01675669899850618,0.3210991859999991,169420,6cdab921a211f12fad802862d1e65384127351390956a93c5a7814a0e6b19000,"{""BUILD_COOP"": 1, ""BUILD_PASTURE"": 17, ""CARE"": 363, ""COLLECT_FERTILIZER"": 376, ""DIG"": 35, ""DROP"": 18, ""EAST"": 701, ""FEED"": 325, ""FERTILIZE"": 98, ""HARVEST"": 466, ""NORTH"": 979, ""PASS"": 596, ""PICKUP"": 161, ""PLACE"": 108, ""PLANT"": 240, ""SOUTH"": 548, ""WATER"": 1122, ""WEST"": 973}","{""BUY_ANIMAL:COW"": 9, ""BUY_ANIMAL:SHEEP"": 8, ""BUY_PRODUCT:FERTILIZER"": 73, ""BUY_PRODUCT:WHEAT"": 137, ""BUY_SEED:CARROT"": 31, ""BUY_SEED:MELON"": 12, ""BUY_SEED:STRAWBERRY"": 33, ""BUY_SEED:WHEAT"": 188, ""SELL:CARROT"": 93, ""SELL:FERTILIZER"": 322, ""SELL:MELON"": 72, ""SELL:MILK"": 207, ""SELL:STRAWBERRY"": 262, ""SELL:WHEAT"": 334, ""SELL:WOOL"": 196}","{""BUY_ANIMAL:COW"": 3600, ""BUY_ANIMAL:SHEEP"": 4000, ""BUY_PRODUCT:FERTILIZER"": 2195, ""BUY_PRODUCT:WHEAT"": 4718, ""BUY_SEED:CARROT"": 620, ""BUY_SEED:MELON"": 960, ""BUY_SEED:STRAWBERRY"": 3300, ""BUY_SEED:WHEAT"": 1880, ""SELL:CARROT"": 6415, ""SELL:FERTILIZER"": 15829, ""SELL:MELON"": 15986, ""SELL:MILK"": 5442, ""SELL:STRAWBERRY"": 18410, ""SELL:WHEAT"": 12056, ""SELL:WOOL"": 45694}"
next-baseline-comparison,9500217,1,igor,93015.0,76006.0,17009.0,719,6.720912486998714,0.06391761999839218,0.01627773300060653,0.01627773300060653,0.3203452539999995,180148,431b13154b477f32ebbd63dc82c2d3016929c627c1b6ae8a723b53c2d538ac7e,"{""BUILD_COOP"": 1, ""BUILD_PASTURE"": 17, ""CARE"": 363, ""COLLECT_FERTILIZER"": 376, ""DIG"": 35, ""DROP"": 18, ""EAST"": 701, ""FEED"": 325, ""FERTILIZE"": 98, ""HARVEST"": 466, ""NORTH"": 979, ""PASS"": 596, ""PICKUP"": 161, ""PLACE"": 108, ""PLANT"": 240, ""SOUTH"": 548, ""WATER"": 1122, ""WEST"": 973}","{""BUY_ANIMAL:COW"": 9, ""BUY_ANIMAL:SHEEP"": 8, ""BUY_PRODUCT:FERTILIZER"": 73, ""BUY_PRODUCT:WHEAT"": 137, ""BUY_SEED:CARROT"": 31, ""BUY_SEED:MELON"": 12, ""BUY_SEED:STRAWBERRY"": 33, ""BUY_SEED:WHEAT"": 188, ""SELL:CARROT"": 93, ""SELL:FERTILIZER"": 322, ""SELL:MELON"": 72, ""SELL:MILK"": 207, ""SELL:STRAWBERRY"": 262, ""SELL:WHEAT"": 334, ""SELL:WOOL"": 196}","{""BUY_ANIMAL:COW"": 3600, ""BUY_ANIMAL:SHEEP"": 4000, ""BUY_PRODUCT:FERTILIZER"": 2195, ""BUY_PRODUCT:WHEAT"": 4718, ""BUY_SEED:CARROT"": 620, ""BUY_SEED:MELON"": 960, ""BUY_SEED:STRAWBERRY"": 3300, ""BUY_SEED:WHEAT"": 1880, ""SELL:CARROT"": 6415, ""SELL:FERTILIZER"": 15829, ""SELL:MELON"": 15986, ""SELL:MILK"": 5442, ""SELL:STRAWBERRY"": 18410, ""SELL:WHEAT"": 12056, ""SELL:WOOL"": 45694}"
next-candidate-comparison,9500203,0,arlene,69003.0,69003.0,0.0,719,5.928240684999764,0.06418455799939693,0.01837775200328906,0.01837775200328906,0.2850603849999992,21372,6ac1443207f818a17a9aec9cbb1a65209ec0b882c4605d82d95f07abe66602ab,"{""BUILD_COOP"": 1, ""BUILD_PASTURE"": 17, ""CARE"": 363, ""COLLECT_FERTILIZER"": 376, ""DIG"": 35, ""DROP"": 18, ""EAST"": 701, ""FEED"": 325, ""FERTILIZE"": 98, ""HARVEST"": 466, ""NORTH"": 979, ""PASS"": 596, ""PICKUP"": 161, ""PLACE"": 108, ""PLANT"": 240, ""SOUTH"": 548, ""WATER"": 1122, ""WEST"": 973}","{""BUY_ANIMAL:COW"": 9, ""BUY_ANIMAL:SHEEP"": 8, ""BUY_PRODUCT:FERTILIZER"": 73, ""BUY_PRODUCT:WHEAT"": 148, ""BUY_SEED:CARROT"": 31, ""BUY_SEED:MELON"": 12, ""BUY_SEED:STRAWBERRY"": 33, ""BUY_SEED:WHEAT"": 188, ""SELL:CARROT"": 93, ""SELL:FERTILIZER"": 322, ""SELL:MELON"": 72, ""SELL:MILK"": 207, ""SELL:STRAWBERRY"": 262, ""SELL:WHEAT"": 345, ""SELL:WOOL"": 196}","{""BUY_ANIMAL:COW"": 3600, ""BUY_ANIMAL:SHEEP"": 4000, ""BUY_PRODUCT:FERTILIZER"": 1983, ""BUY_PRODUCT:WHEAT"": 5232, ""BUY_SEED:CARROT"": 620, ""BUY_SEED:MELON"": 960, ""BUY_SEED:STRAWBERRY"": 3300, ""BUY_SEED:WHEAT"": 1880, ""SELL:CARROT"": 4868, ""SELL:FERTILIZER"": 14497, ""SELL:MELON"": 14267, ""SELL:MILK"": 17263, ""SELL:STRAWBERRY"": 3660, ""SELL:WHEAT"": 13758, ""SELL:WOOL"": 27809}"
next-candidate-comparison,9500203,1,arlene,69003.0,69003.0,0.0,719,5.628428535997955,0.07401684199794545,0.030989765000413172,0.030989765000413172,0.32843862500000054,28544,6ac1443207f818a17a9aec9cbb1a65209ec0b882c4605d82d95f07abe66602ab,"{""BUILD_COOP"": 1, ""BUILD_PASTURE"": 17, ""CARE"": 363, ""COLLECT_FERTILIZER"": 376, ""DIG"": 35, ""DROP"": 18, ""EAST"": 701, ""FEED"": 325, ""FERTILIZE"": 98, ""HARVEST"": 466, ""NORTH"": 979, ""PASS"": 596, ""PICKUP"": 161, ""PLACE"": 108, ""PLANT"": 240, ""SOUTH"": 548, ""WATER"": 1122, ""WEST"": 973}","{""BUY_ANIMAL:COW"": 9, ""BUY_ANIMAL:SHEEP"": 8, ""BUY_PRODUCT:FERTILIZER"": 73, ""BUY_PRODUCT:WHEAT"": 148, ""BUY_SEED:CARROT"": 31, ""BUY_SEED:MELON"": 12, ""BUY_SEED:STRAWBERRY"": 33, ""BUY_SEED:WHEAT"": 188, ""SELL:CARROT"": 93, ""SELL:FERTILIZER"": 322, ""SELL:MELON"": 72, ""SELL:MILK"": 207, ""SELL:STRAWBERRY"": 262, ""SELL:WHEAT"": 345, ""SELL:WOOL"": 196}","{""BUY_ANIMAL:COW"": 3600, ""BUY_ANIMAL:SHEEP"": 4000, ""BUY_PRODUCT:FERTILIZER"": 1983, ""BUY_PRODUCT:WHEAT"": 5232, ""BUY_SEED:CARROT"": 620, ""BUY_SEED:MELON"": 960, ""BUY_SEED:STRAWBERRY"": 3300, ""BUY_SEED:WHEAT"": 1880, ""SELL:CARROT"": 4868, ""SELL:FERTILIZER"": 14497, ""SELL:MELON"": 14267, ""SELL:MILK"": 17263, ""SELL:STRAWBERRY"": 3660, ""SELL:WHEAT"": 13758, ""SELL:WOOL"": 27809}"
next-candidate-comparison,9500203,0,apex,69505.0,65740.0,3765.0,719,6.592238508001174,0.06787629999962519,0.019444214998657117,0.09723546199893462,0.4587347510000007,40884,8ead97471f8be6b218c1391847dc9dbed711eff3bdce6c9f05b72dc51c92cb59,"{""BUILD_COOP"": 1, ""BUILD_PASTURE"": 17, ""CARE"": 363, ""COLLECT_FERTILIZER"": 376, ""DIG"": 35, ""DROP"": 18, ""EAST"": 701, ""FEED"": 325, ""FERTILIZE"": 98, ""HARVEST"": 466, ""NORTH"": 979, ""PASS"": 596, ""PICKUP"": 161, ""PLACE"": 108, ""PLANT"": 240, ""SOUTH"": 548, ""WATER"": 1122, ""WEST"": 973}","{""BUY_ANIMAL:COW"": 9, ""BUY_ANIMAL:SHEEP"": 8, ""BUY_PRODUCT:FERTILIZER"": 73, ""BUY_PRODUCT:WHEAT"": 148, ""BUY_SEED:CARROT"": 31, ""BUY_SEED:MELON"": 12, ""BUY_SEED:STRAWBERRY"": 33, ""BUY_SEED:WHEAT"": 188, ""SELL:CARROT"": 93, ""SELL:FERTILIZER"": 322, ""SELL:MELON"": 72, ""SELL:MILK"": 207, ""SELL:STRAWBERRY"": 262, ""SELL:WHEAT"": 345, ""SELL:WOOL"": 196}","{""BUY_ANIMAL:COW"": 3600, ""BUY_ANIMAL:SHEEP"": 4000, ""BUY_PRODUCT:FERTILIZER"": 1971, ""BUY_PRODUCT:WHEAT"": 5227, ""BUY_SEED:CARROT"": 620, ""BUY_SEED:MELON"": 960, ""BUY_SEED:STRAWBERRY"": 3300, ""BUY_SEED:WHEAT"": 1880, ""SELL:CARROT"": 5113, ""SELL:FERTILIZER"": 14450, ""SELL:MELON"": 14267, ""SELL:MILK"": 16738, ""SELL:STRAWBERRY"": 3887, ""SELL:WHEAT"": 13886, ""SELL:WOOL"": 28266}"
next-candidate-comparison,9500203,1,apex,69505.0,65740.0,3765.0,719,6.479582906998985,0.06690175199764781,0.030673016000946518,0.030673016000946518,0.33615874799999984,53512,c31f5a8fecaf0bfbdd9df2dd2115976477484958b7fef874166bec363a475619,"{""BUILD_COOP"": 1, ""BUILD_PASTURE"": 17, ""CARE"": 363, ""COLLECT_FERTILIZER"": 376, ""DIG"": 35, ""DROP"": 18, ""EAST"": 701, ""FEED"": 325, ""FERTILIZE"": 98, ""HARVEST"": 466, ""NORTH"": 979, ""PASS"": 596, ""PICKUP"": 161, ""PLACE"": 108, ""PLANT"": 240, ""SOUTH"": 548, ""WATER"": 1122, ""WEST"": 973}","{""BUY_ANIMAL:COW"": 9, ""BUY_ANIMAL:SHEEP"": 8, ""BUY_PRODUCT:FERTILIZER"": 73, ""BUY_PRODUCT:WHEAT"": 148, ""BUY_SEED:CARROT"": 31, ""BUY_SEED:MELON"": 12, ""BUY_SEED:STRAWBERRY"": 33, ""BUY_SEED:WHEAT"": 188, ""SELL:CARROT"": 93, ""SELL:FERTILIZER"": 322, ""SELL:MELON"": 72, ""SELL:MILK"": 207, ""SELL:STRAWBERRY"": 262, ""SELL:WHEAT"": 345, ""SELL:WOOL"": 196}","{""BUY_ANIMAL:COW"": 3600, ""BUY_ANIMAL:SHEEP"": 4000, ""BUY_PRODUCT:FERTILIZER"": 1971, ""BUY_PRODUCT:WHEAT"": 5227, ""BUY_SEED:CARROT"": 620, ""BUY_SEED:MELON"": 960, ""BUY_SEED:STRAWBERRY"": 3300, ""BUY_SEED:WHEAT"": 1880, ""SELL:CARROT"": 5113, ""SELL:FERTILIZER"": 14450, ""SELL:MELON"": 14267, ""SELL:MILK"": 16738, ""SELL:STRAWBERRY"": 3887, ""SELL:WHEAT"": 13886, ""SELL:WOOL"": 28266}"
next-candidate-comparison,9500203,0,kaito,83396.0,74131.0,9265.0,719,8.254178013998171,0.054532468999241246,0.016457116998935817,0.016457116998935817,0.3132464450000003,65852,cbc218a357a6501c91cb6dd5ef95c3b62deed16bf1402bad466997fea45ee1dc,"{""BUILD_COOP"": 1, ""BUILD_PASTURE"": 17, ""CARE"": 363, ""COLLECT_FERTILIZER"": 376, ""DIG"": 35, ""DROP"": 18, ""EAST"": 701, ""FEED"": 325, ""FERTILIZE"": 98, ""HARVEST"": 466, ""NORTH"": 979, ""PASS"": 596, ""PICKUP"": 161, ""PLACE"": 108, ""PLANT"": 240, ""SOUTH"": 548, ""WATER"": 1122, ""WEST"": 973}","{""BUY_ANIMAL:COW"": 9, ""BUY_ANIMAL:SHEEP"": 8, ""BUY_PRODUCT:FERTILIZER"": 75, ""BUY_PRODUCT:WHEAT"": 150, ""BUY_SEED:CARROT"": 31, ""BUY_SEED:MELON"": 12, ""BUY_SEED:STRAWBERRY"": 33, ""BUY_SEED:WHEAT"": 188, ""SELL:CARROT"": 93, ""SELL:FERTILIZER"": 324, ""SELL:MELON"": 72, ""SELL:MILK"": 207, ""SELL:STRAWBERRY"": 262, ""SELL:WHEAT"": 347, ""SELL:WOOL"": 196}","{""BUY_ANIMAL:COW"": 3600, ""BUY_ANIMAL:SHEEP"": 4000, ""BUY_PRODUCT:FERTILIZER"": 2233, ""BUY_PRODUCT:WHEAT"": 5057, ""BUY_SEED:CARROT"": 620, ""BUY_SEED:MELON"": 960, ""BUY_SEED:STRAWBERRY"": 3300, ""BUY_SEED:WHEAT"": 1880, ""SELL:CARROT"": 8333, ""SELL:FERTILIZER"": 15249, ""SELL:MELON"": 16381, ""SELL:MILK"": 17443, ""SELL:STRAWBERRY"": 9559, ""SELL:WHEAT"": 14154, ""SELL:WOOL"": 29471}"
next-candidate-comparison,9500203,1,kaito,89688.0,85345.0,4343.0,719,7.958068910000293,0.05361572800029535,0.01669727300031809,0.01669727300031809,0.2925751010000009,70756,c10bbf4396403ea200825b0afd62eaaf53e7e9dd4c855b190ccc5aefe8ff8c2a,"{""BUILD_COOP"": 1, ""BUILD_PASTURE"": 17, ""CARE"": 363, ""COLLECT_FERTILIZER"": 376, ""DIG"": 36, ""DROP"": 18, ""EAST"": 701, ""FEED"": 325, ""FERTILIZE"": 98, ""HARVEST"": 466, ""NORTH"": 979, ""PASS"": 596, ""PICKUP"": 161, ""PLACE"": 108, ""PLANT"": 239, ""SOUTH"": 548, ""WATER"": 1122, ""WEST"": 973}","{""BUY_ANIMAL:COW"": 9, ""BUY_ANIMAL:SHEEP"": 8, ""BUY_PRODUCT:FERTILIZER"": 75, ""BUY_PRODUCT:WHEAT"": 150, ""BUY_SEED:CARROT"": 31, ""BUY_SEED:MELON"": 12, ""BUY_SEED:STRAWBERRY"": 33, ""BUY_SEED:WHEAT"": 188, ""SELL:CARROT"": 93, ""SELL:FERTILIZER"": 326, ""SELL:MELON"": 72, ""SELL:MILK"": 207, ""SELL:STRAWBERRY"": 255, ""SELL:WHEAT"": 347, ""SELL:WOOL"": 196}","{""BUY_ANIMAL:COW"": 3600, ""BUY_ANIMAL:SHEEP"": 4000, ""BUY_PRODUCT:FERTILIZER"": 2229, ""BUY_PRODUCT:WHEAT"": 5028, ""BUY_SEED:CARROT"": 620, ""BUY_SEED:MELON"": 960, ""BUY_SEED:STRAWBERRY"": 3300, ""BUY_SEED:WHEAT"": 1880, ""SELL:CARROT"": 14118, ""SELL:FERTILIZER"": 15244, ""SELL:MELON"": 16381, ""SELL:MILK"": 7498, ""SELL:STRAWBERRY"": 4316, ""SELL:WHEAT"": 11663, ""SELL:WOOL"": 47629}"
next-candidate-comparison,9500203,0,igor,151784.0,28671.0,123113.0,719,5.759581982001691,0.19967080499918666,0.02043735299957916,0.02043735299957916,0.33708862500000114,81536,8af7050be5f6b03d5e75b8c022f8c87a0bc6fbe85f659b858a4273a71db4c5b6,"{""BUILD_COOP"": 4, ""BUILD_PASTURE"": 14, ""CARE"": 364, ""COLLECT_FERTILIZER"": 368, ""DIG"": 35, ""DROP"": 22, ""EAST"": 701, ""FEED"": 315, ""FERTILIZE"": 98, ""HARVEST"": 470, ""NORTH"": 979, ""PASS"": 610, ""PICKUP"": 159, ""PLACE"": 107, ""PLANT"": 240, ""SOUTH"": 552, ""WATER"": 1122, ""WEST"": 969}","{""BUY_ANIMAL:COW"": 9, ""BUY_ANIMAL:GOOSE"": 3, ""BUY_ANIMAL:SHEEP"": 5, ""BUY_PRODUCT:FERTILIZER"": 76, ""BUY_PRODUCT:WHEAT"": 138, ""BUY_SEED:CARROT"": 31, ""BUY_SEED:MELON"": 12, ""BUY_SEED:STRAWBERRY"": 33, ""BUY_SEED:WHEAT"": 188, ""SELL:CARROT"": 93, ""SELL:EGG"": 79, ""SELL:FERTILIZER"": 323, ""SELL:MELON"": 72, ""SELL:MILK"": 207, ""SELL:STRAWBERRY"": 262, ""SELL:WHEAT"": 345, ""SELL:WOOL"": 122}","{""BUY_ANIMAL:COW"": 3600, ""BUY_ANIMAL:GOOSE"": 900, ""BUY_ANIMAL:SHEEP"": 2500, ""BUY_PRODUCT:FERTILIZER"": 2200, ""BUY_PRODUCT:WHEAT"": 4554, ""BUY_SEED:CARROT"": 620, ""BUY_SEED:MELON"": 960, ""BUY_SEED:STRAWBERRY"": 3300, ""BUY_SEED:WHEAT"": 1880, ""SELL:CARROT"": 115723, ""SELL:EGG"": 3662, ""SELL:FERTILIZER"": 15770, ""SELL:MELON"": 15927, ""SELL:MILK"": 5145, ""SELL:STRAWBERRY"": 4893, ""SELL:WHEAT"": 10520, ""SELL:WOOL"": 6147}"
next-candidate-comparison,9500203,1,igor,117159.0,41623.0,75536.0,719,6.418567235003138,0.05883017900123377,0.019158089999109507,0.019158089999109507,0.2989619669999999,92304,d628888cac0672f5666fa50352e88f8a9da166832ca0b20236504df7a2e28c9b,"{""BUILD_COOP"": 1, ""BUILD_PASTURE"": 17, ""CARE"": 363, ""COLLECT_FERTILIZER"": 376, ""DIG"": 36, ""DROP"": 18, ""EAST"": 701, ""FEED"": 325, ""FERTILIZE"": 98, ""HARVEST"": 466, ""NORTH"": 979, ""PASS"": 596, ""PICKUP"": 161, ""PLACE"": 108, ""PLANT"": 239, ""SOUTH"": 548, ""WATER"": 1122, ""WEST"": 973}","{""BUY_ANIMAL:COW"": 9, ""BUY_ANIMAL:SHEEP"": 8, ""BUY_PRODUCT:FERTILIZER"": 73, ""BUY_PRODUCT:WHEAT"": 138, ""BUY_SEED:CARROT"": 31, ""BUY_SEED:MELON"": 12, ""BUY_SEED:STRAWBERRY"": 33, ""BUY_SEED:WHEAT"": 188, ""SELL:CARROT"": 93, ""SELL:FERTILIZER"": 322, ""SELL:MELON"": 72, ""SELL:MILK"": 207, ""SELL:STRAWBERRY"": 262, ""SELL:WHEAT"": 333, ""SELL:WOOL"": 196}","{""BUY_ANIMAL:COW"": 3600, ""BUY_ANIMAL:SHEEP"": 4000, ""BUY_PRODUCT:FERTILIZER"": 2195, ""BUY_PRODUCT:WHEAT"": 4554, ""BUY_SEED:CARROT"": 620, ""BUY_SEED:MELON"": 960, ""BUY_SEED:STRAWBERRY"": 3300, ""BUY_SEED:WHEAT"": 1880, ""SELL:CARROT"": 64196, ""SELL:FERTILIZER"": 15824, ""SELL:MELON"": 15986, ""SELL:MILK"": 5133, ""SELL:STRAWBERRY"": 4929, ""SELL:WHEAT"": 10260, ""SELL:WOOL"": 27484}"
next-candidate-comparison,9500217,0,arlene,64064.0,64064.0,0.0,719,5.9399722989983275,0.10408569799983525,0.03474544599885121,0.03474544599885121,0.3194783949999993,102832,3cec38eabd2dbe3e4cf9eeb004b2690d0e6a80868b186e74229df6019735c765,"{""BUILD_COOP"": 1, ""BUILD_PASTURE"": 17, ""CARE"": 363, ""COLLECT_FERTILIZER"": 376, ""DIG"": 35, ""DROP"": 18, ""EAST"": 701, ""FEED"": 325, ""FERTILIZE"": 98, ""HARVEST"": 466, ""NORTH"": 979, ""PASS"": 596, ""PICKUP"": 161, ""PLACE"": 108, ""PLANT"": 240, ""SOUTH"": 548, ""WATER"": 1122, ""WEST"": 973}","{""BUY_ANIMAL:COW"": 9, ""BUY_ANIMAL:SHEEP"": 8, ""BUY_PRODUCT:FERTILIZER"": 73, ""BUY_PRODUCT:WHEAT"": 132, ""BUY_SEED:CARROT"": 31, ""BUY_SEED:MELON"": 12, ""BUY_SEED:STRAWBERRY"": 33, ""BUY_SEED:WHEAT"": 188, ""SELL:CARROT"": 93, ""SELL:FERTILIZER"": 322, ""SELL:MELON"": 72, ""SELL:MILK"": 207, ""SELL:STRAWBERRY"": 262, ""SELL:WHEAT"": 329, ""SELL:WOOL"": 196}","{""BUY_ANIMAL:COW"": 3600, ""BUY_ANIMAL:SHEEP"": 4000, ""BUY_PRODUCT:FERTILIZER"": 1983, ""BUY_PRODUCT:WHEAT"": 4577, ""BUY_SEED:CARROT"": 620, ""BUY_SEED:MELON"": 960, ""BUY_SEED:STRAWBERRY"": 3300, ""BUY_SEED:WHEAT"": 1880, ""SELL:CARROT"": 6153, ""SELL:FERTILIZER"": 14497, ""SELL:MELON"": 14267, ""SELL:MILK"": 4483, ""SELL:STRAWBERRY"": 16215, ""SELL:WHEAT"": 12171, ""SELL:WOOL"": 22742}"
next-candidate-comparison,9500217,1,arlene,64064.0,64064.0,0.0,719,5.695375269999204,0.0565127299996675,0.017072989998268895,0.017072989998268895,0.31592776499999975,113852,3cec38eabd2dbe3e4cf9eeb004b2690d0e6a80868b186e74229df6019735c765,"{""BUILD_COOP"": 1, ""BUILD_PASTURE"": 17, ""CARE"": 363, ""COLLECT_FERTILIZER"": 376, ""DIG"": 35, ""DROP"": 18, ""EAST"": 701, ""FEED"": 325, ""FERTILIZE"": 98, ""HARVEST"": 466, ""NORTH"": 979, ""PASS"": 596, ""PICKUP"": 161, ""PLACE"": 108, ""PLANT"": 240, ""SOUTH"": 548, ""WATER"": 1122, ""WEST"": 973}","{""BUY_ANIMAL:COW"": 9, ""BUY_ANIMAL:SHEEP"": 8, ""BUY_PRODUCT:FERTILIZER"": 73, ""BUY_PRODUCT:WHEAT"": 132, ""BUY_SEED:CARROT"": 31, ""BUY_SEED:MELON"": 12, ""BUY_SEED:STRAWBERRY"": 33, ""BUY_SEED:WHEAT"": 188, ""SELL:CARROT"": 93, ""SELL:FERTILIZER"": 322, ""SELL:MELON"": 72, ""SELL:MILK"": 207, ""SELL:STRAWBERRY"": 262, ""SELL:WHEAT"": 329, ""SELL:WOOL"": 196}","{""BUY_ANIMAL:COW"": 3600, ""BUY_ANIMAL:SHEEP"": 4000, ""BUY_PRODUCT:FERTILIZER"": 1983, ""BUY_PRODUCT:WHEAT"": 4577, ""BUY_SEED:CARROT"": 620, ""BUY_SEED:MELON"": 960, ""BUY_SEED:STRAWBERRY"": 3300, ""BUY_SEED:WHEAT"": 1880, ""SELL:CARROT"": 6153, ""SELL:FERTILIZER"": 14497, ""SELL:MELON"": 14267, ""SELL:MILK"": 4483, ""SELL:STRAWBERRY"": 16215, ""SELL:WHEAT"": 12171, ""SELL:WOOL"": 22742}"
next-candidate-comparison,9500217,0,apex,65374.0,57536.0,7838.0,719,7.005912094999076,0.06368809800187591,0.021017364000726957,0.021017364000726957,0.3246260830000001,125024,e3f95279b043cfdfb9a3ff45df2628c1def4c221967882732a82b32e18fb2415,"{""BUILD_COOP"": 1, ""BUILD_PASTURE"": 17, ""CARE"": 363, ""COLLECT_FERTILIZER"": 376, ""DIG"": 35, ""DROP"": 18, ""EAST"": 701, ""FEED"": 325, ""FERTILIZE"": 98, ""HARVEST"": 466, ""NORTH"": 979, ""PASS"": 596, ""PICKUP"": 161, ""PLACE"": 108, ""PLANT"": 240, ""SOUTH"": 548, ""WATER"": 1122, ""WEST"": 973}","{""BUY_ANIMAL:COW"": 9, ""BUY_ANIMAL:SHEEP"": 8, ""BUY_PRODUCT:FERTILIZER"": 73, ""BUY_PRODUCT:WHEAT"": 132, ""BUY_SEED:CARROT"": 31, ""BUY_SEED:MELON"": 12, ""BUY_SEED:STRAWBERRY"": 33, ""BUY_SEED:WHEAT"": 188, ""SELL:CARROT"": 93, ""SELL:FERTILIZER"": 322, ""SELL:MELON"": 72, ""SELL:MILK"": 207, ""SELL:STRAWBERRY"": 262, ""SELL:WHEAT"": 329, ""SELL:WOOL"": 196}","{""BUY_ANIMAL:COW"": 3600, ""BUY_ANIMAL:SHEEP"": 4000, ""BUY_PRODUCT:FERTILIZER"": 1971, ""BUY_PRODUCT:WHEAT"": 4578, ""BUY_SEED:CARROT"": 620, ""BUY_SEED:MELON"": 960, ""BUY_SEED:STRAWBERRY"": 3300, ""BUY_SEED:WHEAT"": 1880, ""SELL:CARROT"": 6400, ""SELL:FERTILIZER"": 14450, ""SELL:MELON"": 14267, ""SELL:MILK"": 4481, ""SELL:STRAWBERRY"": 16721, ""SELL:WHEAT"": 12387, ""SELL:WOOL"": 23121}"
next-candidate-comparison,9500217,1,apex,65374.0,57536.0,7838.0,719,5.806244311999762,0.051011214000027394,0.01586813499670825,0.01919398700192687,0.33283817000000016,136100,28ba3e4aea9a6b73c318a8a356fdf25d2cbc7b94a9d52321b474261fd69d0a2b,"{""BUILD_COOP"": 1, ""BUILD_PASTURE"": 17, ""CARE"": 363, ""COLLECT_FERTILIZER"": 376, ""DIG"": 35, ""DROP"": 18, ""EAST"": 701, ""FEED"": 325, ""FERTILIZE"": 98, ""HARVEST"": 466, ""NORTH"": 979, ""PASS"": 596, ""PICKUP"": 161, ""PLACE"": 108, ""PLANT"": 240, ""SOUTH"": 548, ""WATER"": 1122, ""WEST"": 973}","{""BUY_ANIMAL:COW"": 9, ""BUY_ANIMAL:SHEEP"": 8, ""BUY_PRODUCT:FERTILIZER"": 73, ""BUY_PRODUCT:WHEAT"": 132, ""BUY_SEED:CARROT"": 31, ""BUY_SEED:MELON"": 12, ""BUY_SEED:STRAWBERRY"": 33, ""BUY_SEED:WHEAT"": 188, ""SELL:CARROT"": 93, ""SELL:FERTILIZER"": 322, ""SELL:MELON"": 72, ""SELL:MILK"": 207, ""SELL:STRAWBERRY"": 262, ""SELL:WHEAT"": 329, ""SELL:WOOL"": 196}","{""BUY_ANIMAL:COW"": 3600, ""BUY_ANIMAL:SHEEP"": 4000, ""BUY_PRODUCT:FERTILIZER"": 1971, ""BUY_PRODUCT:WHEAT"": 4578, ""BUY_SEED:CARROT"": 620, ""BUY_SEED:MELON"": 960, ""BUY_SEED:STRAWBERRY"": 3300, ""BUY_SEED:WHEAT"": 1880, ""SELL:CARROT"": 6400, ""SELL:FERTILIZER"": 14450, ""SELL:MELON"": 14267, ""SELL:MILK"": 4481, ""SELL:STRAWBERRY"": 16721, ""SELL:WHEAT"": 12387, ""SELL:WOOL"": 23121}"
next-candidate-comparison,9500217,0,kaito,120170.0,113342.0,6828.0,719,6.524630084000819,0.06066368999745464,0.028132203999120975,0.028132203999120975,0.31649049199999846,147032,f6fa4a9f0154c6cab72991830f36fa16838edb08b4b41921ada75f91463ea828,"{""BUILD_COOP"": 4, ""BUILD_PASTURE"": 14, ""CARE"": 381, ""COLLECT_FERTILIZER"": 384, ""DIG"": 35, ""DROP"": 19, ""EAST"": 704, ""FEED"": 361, ""FERTILIZE"": 98, ""HARVEST"": 481, ""NORTH"": 982, ""PASS"": 528, ""PICKUP"": 162, ""PLACE"": 108, ""PLANT"": 240, ""SOUTH"": 550, ""WATER"": 1122, ""WEST"": 976}","{""BUY_ANIMAL:COW"": 9, ""BUY_ANIMAL:GOOSE"": 3, ""BUY_ANIMAL:SHEEP"": 5, ""BUY_PRODUCT:FERTILIZER"": 66, ""BUY_PRODUCT:WHEAT"": 150, ""BUY_SEED:CARROT"": 31, ""BUY_SEED:MELON"": 12, ""BUY_SEED:STRAWBERRY"": 33, ""BUY_SEED:WHEAT"": 188, ""SELL:CARROT"": 93, ""SELL:EGG"": 79, ""SELL:FERTILIZER"": 350, ""SELL:MELON"": 72, ""SELL:MILK"": 261, ""SELL:STRAWBERRY"": 262, ""SELL:WHEAT"": 311, ""SELL:WOOL"": 131}","{""BUY_ANIMAL:COW"": 3600, ""BUY_ANIMAL:GOOSE"": 900, ""BUY_ANIMAL:SHEEP"": 2500, ""BUY_PRODUCT:FERTILIZER"": 2377, ""BUY_PRODUCT:WHEAT"": 5276, ""BUY_SEED:CARROT"": 620, ""BUY_SEED:MELON"": 960, ""BUY_SEED:STRAWBERRY"": 3300, ""BUY_SEED:WHEAT"": 1880, ""SELL:CARROT"": 5436, ""SELL:EGG"": 3716, ""SELL:FERTILIZER"": 16149, ""SELL:MELON"": 15957, ""SELL:MILK"": 57598, ""SELL:STRAWBERRY"": 30726, ""SELL:WHEAT"": 13221, ""SELL:WOOL"": 4358}"
next-candidate-comparison,9500217,1,kaito,120170.0,113342.0,6828.0,719,6.725720591999561,0.05304898100075661,0.016851427000801777,0.016851427000801777,0.3569189870000009,158196,e2fa792866a6f261dbdbc920517308800cdb77986b3b4f6df55a7d71f080f4bb,"{""BUILD_COOP"": 4, ""BUILD_PASTURE"": 14, ""CARE"": 381, ""COLLECT_FERTILIZER"": 384, ""DIG"": 35, ""DROP"": 19, ""EAST"": 704, ""FEED"": 361, ""FERTILIZE"": 98, ""HARVEST"": 481, ""NORTH"": 982, ""PASS"": 528, ""PICKUP"": 162, ""PLACE"": 108, ""PLANT"": 240, ""SOUTH"": 550, ""WATER"": 1122, ""WEST"": 976}","{""BUY_ANIMAL:COW"": 9, ""BUY_ANIMAL:GOOSE"": 3, ""BUY_ANIMAL:SHEEP"": 5, ""BUY_PRODUCT:FERTILIZER"": 66, ""BUY_PRODUCT:WHEAT"": 150, ""BUY_SEED:CARROT"": 31, ""BUY_SEED:MELON"": 12, ""BUY_SEED:STRAWBERRY"": 33, ""BUY_SEED:WHEAT"": 188, ""SELL:CARROT"": 93, ""SELL:EGG"": 79, ""SELL:FERTILIZER"": 350, ""SELL:MELON"": 72, ""SELL:MILK"": 261, ""SELL:STRAWBERRY"": 262, ""SELL:WHEAT"": 311, ""SELL:WOOL"": 131}","{""BUY_ANIMAL:COW"": 3600, ""BUY_ANIMAL:GOOSE"": 900, ""BUY_ANIMAL:SHEEP"": 2500, ""BUY_PRODUCT:FERTILIZER"": 2377, ""BUY_PRODUCT:WHEAT"": 5276, ""BUY_SEED:CARROT"": 620, ""BUY_SEED:MELON"": 960, ""BUY_SEED:STRAWBERRY"": 3300, ""BUY_SEED:WHEAT"": 1880, ""SELL:CARROT"": 5436, ""SELL:EGG"": 3716, ""SELL:FERTILIZER"": 16149, ""SELL:MELON"": 15957, ""SELL:MILK"": 57598, ""SELL:STRAWBERRY"": 30726, ""SELL:WHEAT"": 13221, ""SELL:WOOL"": 4358}"
next-candidate-comparison,9500217,0,igor,93015.0,76006.0,17009.0,719,6.160644499999762,0.06658813100148109,0.020568054002069402,0.020568054002069402,0.3615906310000007,169268,6cdab921a211f12fad802862d1e65384127351390956a93c5a7814a0e6b19000,"{""BUILD_COOP"": 1, ""BUILD_PASTURE"": 17, ""CARE"": 363, ""COLLECT_FERTILIZER"": 376, ""DIG"": 35, ""DROP"": 18, ""EAST"": 701, ""FEED"": 325, ""FERTILIZE"": 98, ""HARVEST"": 466, ""NORTH"": 979, ""PASS"": 596, ""PICKUP"": 161, ""PLACE"": 108, ""PLANT"": 240, ""SOUTH"": 548, ""WATER"": 1122, ""WEST"": 973}","{""BUY_ANIMAL:COW"": 9, ""BUY_ANIMAL:SHEEP"": 8, ""BUY_PRODUCT:FERTILIZER"": 73, ""BUY_PRODUCT:WHEAT"": 137, ""BUY_SEED:CARROT"": 31, ""BUY_SEED:MELON"": 12, ""BUY_SEED:STRAWBERRY"": 33, ""BUY_SEED:WHEAT"": 188, ""SELL:CARROT"": 93, ""SELL:FERTILIZER"": 322, ""SELL:MELON"": 72, ""SELL:MILK"": 207, ""SELL:STRAWBERRY"": 262, ""SELL:WHEAT"": 334, ""SELL:WOOL"": 196}","{""BUY_ANIMAL:COW"": 3600, ""BUY_ANIMAL:SHEEP"": 4000, ""BUY_PRODUCT:FERTILIZER"": 2195, ""BUY_PRODUCT:WHEAT"": 4718, ""BUY_SEED:CARROT"": 620, ""BUY_SEED:MELON"": 960, ""BUY_SEED:STRAWBERRY"": 3300, ""BUY_SEED:WHEAT"": 1880, ""SELL:CARROT"": 6415, ""SELL:FERTILIZER"": 15829, ""SELL:MELON"": 15986, ""SELL:MILK"": 5442, ""SELL:STRAWBERRY"": 18410, ""SELL:WHEAT"": 12056, ""SELL:WOOL"": 45694}"
next-candidate-comparison,9500217,1,igor,93015.0,76006.0,17009.0,719,5.885434160998557,0.08241010100027779,0.039095186002668925,0.039095186002668925,0.35329616099999933,180048,431b13154b477f32ebbd63dc82c2d3016929c627c1b6ae8a723b53c2d538ac7e,"{""BUILD_COOP"": 1, ""BUILD_PASTURE"": 17, ""CARE"": 363, ""COLLECT_FERTILIZER"": 376, ""DIG"": 35, ""DROP"": 18, ""EAST"": 701, ""FEED"": 325, ""FERTILIZE"": 98, ""HARVEST"": 466, ""NORTH"": 979, ""PASS"": 596, ""PICKUP"": 161, ""PLACE"": 108, ""PLANT"": 240, ""SOUTH"": 548, ""WATER"": 1122, ""WEST"": 973}","{""BUY_ANIMAL:COW"": 9, ""BUY_ANIMAL:SHEEP"": 8, ""BUY_PRODUCT:FERTILIZER"": 73, ""BUY_PRODUCT:WHEAT"": 137, ""BUY_SEED:CARROT"": 31, ""BUY_SEED:MELON"": 12, ""BUY_SEED:STRAWBERRY"": 33, ""BUY_SEED:WHEAT"": 188, ""SELL:CARROT"": 93, ""SELL:FERTILIZER"": 322, ""SELL:MELON"": 72, ""SELL:MILK"": 207, ""SELL:STRAWBERRY"": 262, ""SELL:WHEAT"": 334, ""SELL:WOOL"": 196}","{""BUY_ANIMAL:COW"": 3600, ""BUY_ANIMAL:SHEEP"": 4000, ""BUY_PRODUCT:FERTILIZER"": 2195, ""BUY_PRODUCT:WHEAT"": 4718, ""BUY_SEED:CARROT"": 620, ""BUY_SEED:MELON"": 960, ""BUY_SEED:STRAWBERRY"": 3300, ""BUY_SEED:WHEAT"": 1880, ""SELL:CARROT"": 6415, ""SELL:FERTILIZER"": 15829, ""SELL:MELON"": 15986, ""SELL:MILK"": 5442, ""SELL:STRAWBERRY"": 18410, ""SELL:WHEAT"": 12056, ""SELL:WOOL"": 45694}"
next-export-vs-deployed,9500203,0,frozen,83396.0,74131.0,9265.0,719,6.163210864000575,0.06171997300043586,0.01985036400219542,0.01985036400219542,0.36305848199999896,21240,cbc218a357a6501c91cb6dd5ef95c3b62deed16bf1402bad466997fea45ee1dc,"{""BUILD_COOP"": 1, ""BUILD_PASTURE"": 17, ""CARE"": 363, ""COLLECT_FERTILIZER"": 376, ""DIG"": 35, ""DROP"": 18, ""EAST"": 701, ""FEED"": 325, ""FERTILIZE"": 98, ""HARVEST"": 466, ""NORTH"": 979, ""PASS"": 596, ""PICKUP"": 161, ""PLACE"": 108, ""PLANT"": 240, ""SOUTH"": 548, ""WATER"": 1122, ""WEST"": 973}","{""BUY_ANIMAL:COW"": 9, ""BUY_ANIMAL:SHEEP"": 8, ""BUY_PRODUCT:FERTILIZER"": 75, ""BUY_PRODUCT:WHEAT"": 150, ""BUY_SEED:CARROT"": 31, ""BUY_SEED:MELON"": 12, ""BUY_SEED:STRAWBERRY"": 33, ""BUY_SEED:WHEAT"": 188, ""SELL:CARROT"": 93, ""SELL:FERTILIZER"": 324, ""SELL:MELON"": 72, ""SELL:MILK"": 207, ""SELL:STRAWBERRY"": 262, ""SELL:WHEAT"": 347, ""SELL:WOOL"": 196}","{""BUY_ANIMAL:COW"": 3600, ""BUY_ANIMAL:SHEEP"": 4000, ""BUY_PRODUCT:FERTILIZER"": 2233, ""BUY_PRODUCT:WHEAT"": 5057, ""BUY_SEED:CARROT"": 620, ""BUY_SEED:MELON"": 960, ""BUY_SEED:STRAWBERRY"": 3300, ""BUY_SEED:WHEAT"": 1880, ""SELL:CARROT"": 8333, ""SELL:FERTILIZER"": 15249, ""SELL:MELON"": 16381, ""SELL:MILK"": 17443, ""SELL:STRAWBERRY"": 9559, ""SELL:WHEAT"": 14154, ""SELL:WOOL"": 29471}"
next-export-vs-deployed,9500203,1,frozen,89688.0,85345.0,4343.0,719,7.174324850002449,0.10946081200017943,0.02913324900146108,0.02913324900146108,0.353287625999999,28672,c10bbf4396403ea200825b0afd62eaaf53e7e9dd4c855b190ccc5aefe8ff8c2a,"{""BUILD_COOP"": 1, ""BUILD_PASTURE"": 17, ""CARE"": 363, ""COLLECT_FERTILIZER"": 376, ""DIG"": 36, ""DROP"": 18, ""EAST"": 701, ""FEED"": 325, ""FERTILIZE"": 98, ""HARVEST"": 466, ""NORTH"": 979, ""PASS"": 596, ""PICKUP"": 161, ""PLACE"": 108, ""PLANT"": 239, ""SOUTH"": 548, ""WATER"": 1122, ""WEST"": 973}","{""BUY_ANIMAL:COW"": 9, ""BUY_ANIMAL:SHEEP"": 8, ""BUY_PRODUCT:FERTILIZER"": 75, ""BUY_PRODUCT:WHEAT"": 150, ""BUY_SEED:CARROT"": 31, ""BUY_SEED:MELON"": 12, ""BUY_SEED:STRAWBERRY"": 33, ""BUY_SEED:WHEAT"": 188, ""SELL:CARROT"": 93, ""SELL:FERTILIZER"": 326, ""SELL:MELON"": 72, ""SELL:MILK"": 207, ""SELL:STRAWBERRY"": 255, ""SELL:WHEAT"": 347, ""SELL:WOOL"": 196}","{""BUY_ANIMAL:COW"": 3600, ""BUY_ANIMAL:SHEEP"": 4000, ""BUY_PRODUCT:FERTILIZER"": 2229, ""BUY_PRODUCT:WHEAT"": 5028, ""BUY_SEED:CARROT"": 620, ""BUY_SEED:MELON"": 960, ""BUY_SEED:STRAWBERRY"": 3300, ""BUY_SEED:WHEAT"": 1880, ""SELL:CARROT"": 14118, ""SELL:FERTILIZER"": 15244, ""SELL:MELON"": 16381, ""SELL:MILK"": 7498, ""SELL:STRAWBERRY"": 4316, ""SELL:WHEAT"": 11663, ""SELL:WOOL"": 47629}"
next-export-vs-deployed,9500217,0,frozen,120170.0,113342.0,6828.0,719,6.63214387699918,0.0585781079971639,0.019531362999259727,0.019531362999259727,0.33369374500000004,40620,f6fa4a9f0154c6cab72991830f36fa16838edb08b4b41921ada75f91463ea828,"{""BUILD_COOP"": 4, ""BUILD_PASTURE"": 14, ""CARE"": 381, ""COLLECT_FERTILIZER"": 384, ""DIG"": 35, ""DROP"": 19, ""EAST"": 704, ""FEED"": 361, ""FERTILIZE"": 98, ""HARVEST"": 481, ""NORTH"": 982, ""PASS"": 528, ""PICKUP"": 162, ""PLACE"": 108, ""PLANT"": 240, ""SOUTH"": 550, ""WATER"": 1122, ""WEST"": 976}","{""BUY_ANIMAL:COW"": 9, ""BUY_ANIMAL:GOOSE"": 3, ""BUY_ANIMAL:SHEEP"": 5, ""BUY_PRODUCT:FERTILIZER"": 66, ""BUY_PRODUCT:WHEAT"": 150, ""BUY_SEED:CARROT"": 31, ""BUY_SEED:MELON"": 12, ""BUY_SEED:STRAWBERRY"": 33, ""BUY_SEED:WHEAT"": 188, ""SELL:CARROT"": 93, ""SELL:EGG"": 79, ""SELL:FERTILIZER"": 350, ""SELL:MELON"": 72, ""SELL:MILK"": 261, ""SELL:STRAWBERRY"": 262, ""SELL:WHEAT"": 311, ""SELL:WOOL"": 131}","{""BUY_ANIMAL:COW"": 3600, ""BUY_ANIMAL:GOOSE"": 900, ""BUY_ANIMAL:SHEEP"": 2500, ""BUY_PRODUCT:FERTILIZER"": 2377, ""BUY_PRODUCT:WHEAT"": 5276, ""BUY_SEED:CARROT"": 620, ""BUY_SEED:MELON"": 960, ""BUY_SEED:STRAWBERRY"": 3300, ""BUY_SEED:WHEAT"": 1880, ""SELL:CARROT"": 5436, ""SELL:EGG"": 3716, ""SELL:FERTILIZER"": 16149, ""SELL:MELON"": 15957, ""SELL:MILK"": 57598, ""SELL:STRAWBERRY"": 30726, ""SELL:WHEAT"": 13221, ""SELL:WOOL"": 4358}"
next-export-vs-deployed,9500217,1,frozen,120170.0,113342.0,6828.0,719,6.6237241070011805,0.09090180700150086,0.024620562999189133,0.024620562999189133,0.3084021630000002,53164,e2fa792866a6f261dbdbc920517308800cdb77986b3b4f6df55a7d71f080f4bb,"{""BUILD_COOP"": 4, ""BUILD_PASTURE"": 14, ""CARE"": 381, ""COLLECT_FERTILIZER"": 384, ""DIG"": 35, ""DROP"": 19, ""EAST"": 704, ""FEED"": 361, ""FERTILIZE"": 98, ""HARVEST"": 481, ""NORTH"": 982, ""PASS"": 528, ""PICKUP"": 162, ""PLACE"": 108, ""PLANT"": 240, ""SOUTH"": 550, ""WATER"": 1122, ""WEST"": 976}","{""BUY_ANIMAL:COW"": 9, ""BUY_ANIMAL:GOOSE"": 3, ""BUY_ANIMAL:SHEEP"": 5, ""BUY_PRODUCT:FERTILIZER"": 66, ""BUY_PRODUCT:WHEAT"": 150, ""BUY_SEED:CARROT"": 31, ""BUY_SEED:MELON"": 12, ""BUY_SEED:STRAWBERRY"": 33, ""BUY_SEED:WHEAT"": 188, ""SELL:CARROT"": 93, ""SELL:EGG"": 79, ""SELL:FERTILIZER"": 350, ""SELL:MELON"": 72, ""SELL:MILK"": 261, ""SELL:STRAWBERRY"": 262, ""SELL:WHEAT"": 311, ""SELL:WOOL"": 131}","{""BUY_ANIMAL:COW"": 3600, ""BUY_ANIMAL:GOOSE"": 900, ""BUY_ANIMAL:SHEEP"": 2500, ""BUY_PRODUCT:FERTILIZER"": 2377, ""BUY_PRODUCT:WHEAT"": 5276, ""BUY_SEED:CARROT"": 620, ""BUY_SEED:MELON"": 960, ""BUY_SEED:STRAWBERRY"": 3300, ""BUY_SEED:WHEAT"": 1880, ""SELL:CARROT"": 5436, ""SELL:EGG"": 3716, ""SELL:FERTILIZER"": 16149, ""SELL:MELON"": 15957, ""SELL:MILK"": 57598, ""SELL:STRAWBERRY"": 30726, ""SELL:WHEAT"": 13221, ""SELL:WOOL"": 4358}"
ordered-shed-development,9500401,0,arlene,82016.0,82016.0,0.0,719,7.4369806539980345,0.05865597300726222,0.021996062001562677,0.025660972998593934,0.3968515790000005,21392,873dd835c298308ce08de30e03bd8ebad264a9401cccf589ed4d04f90c7c741e,"{""BUILD_COOP"": 1, ""BUILD_PASTURE"": 17, ""CARE"": 363, ""COLLECT_FERTILIZER"": 376, ""DIG"": 35, ""DROP"": 18, ""EAST"": 701, ""FEED"": 325, ""FERTILIZE"": 98, ""HARVEST"": 466, ""NORTH"": 979, ""PASS"": 596, ""PICKUP"": 161, ""PLACE"": 108, ""PLANT"": 240, ""SOUTH"": 548, ""WATER"": 1122, ""WEST"": 973}","{""BUY_ANIMAL:COW"": 9, ""BUY_ANIMAL:SHEEP"": 8, ""BUY_PRODUCT:FERTILIZER"": 75, ""BUY_PRODUCT:WHEAT"": 143, ""BUY_SEED:CARROT"": 31, ""BUY_SEED:MELON"": 12, ""BUY_SEED:STRAWBERRY"": 33, ""BUY_SEED:WHEAT"": 188, ""SELL:CARROT"": 93, ""SELL:FERTILIZER"": 324, ""SELL:MELON"": 72, ""SELL:MILK"": 207, ""SELL:STRAWBERRY"": 262, ""SELL:WHEAT"": 340, ""SELL:WOOL"": 196}","{""BUY_ANIMAL:COW"": 3600, ""BUY_ANIMAL:SHEEP"": 4000, ""BUY_PRODUCT:FERTILIZER"": 2163, ""BUY_PRODUCT:WHEAT"": 4961, ""BUY_SEED:CARROT"": 620, ""BUY_SEED:MELON"": 960, ""BUY_SEED:STRAWBERRY"": 3300, ""BUY_SEED:WHEAT"": 1880, ""SELL:CARROT"": 5379, ""SELL:FERTILIZER"": 14677, ""SELL:MELON"": 14267, ""SELL:MILK"": 4351, ""SELL:STRAWBERRY"": 10786, ""SELL:WHEAT"": 12167, ""SELL:WOOL"": 47417}"
ordered-shed-development,9500401,1,arlene,82016.0,82016.0,0.0,719,7.491948520000733,0.06928535999759333,0.02435423799761338,0.02435423799761338,0.45483932800000004,28544,ef793a81b10ddb80be02d98a00d86d8cd2808b1e6d953f5e4bcd47bf33d5e98a,"{""BUILD_COOP"": 1, ""BUILD_PASTURE"": 17, ""CARE"": 363, ""COLLECT_FERTILIZER"": 376, ""DIG"": 35, ""DROP"": 18, ""EAST"": 701, ""FEED"": 325, ""FERTILIZE"": 98, ""HARVEST"": 466, ""NORTH"": 979, ""PASS"": 596, ""PICKUP"": 161, ""PLACE"": 108, ""PLANT"": 240, ""SOUTH"": 548, ""WATER"": 1122, ""WEST"": 973}","{""BUY_ANIMAL:COW"": 9, ""BUY_ANIMAL:SHEEP"": 8, ""BUY_PRODUCT:FERTILIZER"": 75, ""BUY_PRODUCT:WHEAT"": 143, ""BUY_SEED:CARROT"": 31, ""BUY_SEED:MELON"": 12, ""BUY_SEED:STRAWBERRY"": 33, ""BUY_SEED:WHEAT"": 188, ""SELL:CARROT"": 93, ""SELL:FERTILIZER"": 324, ""SELL:MELON"": 72, ""SELL:MILK"": 207, ""SELL:STRAWBERRY"": 262, ""SELL:WHEAT"": 340, ""SELL:WOOL"": 196}","{""BUY_ANIMAL:COW"": 3600, ""BUY_ANIMAL:SHEEP"": 4000, ""BUY_PRODUCT:FERTILIZER"": 2163, ""BUY_PRODUCT:WHEAT"": 4961, ""BUY_SEED:CARROT"": 620, ""BUY_SEED:MELON"": 960, ""BUY_SEED:STRAWBERRY"": 3300, ""BUY_SEED:WHEAT"": 1880, ""SELL:CARROT"": 5379, ""SELL:FERTILIZER"": 14677, ""SELL:MELON"": 14267, ""SELL:MILK"": 4351, ""SELL:STRAWBERRY"": 10786, ""SELL:WHEAT"": 12167, ""SELL:WOOL"": 47417}"
ordered-shed-development,9500401,0,apex,82541.0,77294.0,5247.0,719,6.881068932001654,0.06782673599809641,0.017909466005221475,0.017909466005221475,0.3659025279999979,40736,96a564cfb019533db43af77488e61e6dd8955ea9da378631d11edb78ab639581,"{""BUILD_COOP"": 1, ""BUILD_PASTURE"": 17, ""CARE"": 363, ""COLLECT_FERTILIZER"": 376, ""DIG"": 35, ""DROP"": 18, ""EAST"": 701, ""FEED"": 325, ""FERTILIZE"": 98, ""HARVEST"": 466, ""NORTH"": 979, ""PASS"": 596, ""PICKUP"": 161, ""PLACE"": 108, ""PLANT"": 240, ""SOUTH"": 548, ""WATER"": 1122, ""WEST"": 973}","{""BUY_ANIMAL:COW"": 9, ""BUY_ANIMAL:SHEEP"": 8, ""BUY_PRODUCT:FERTILIZER"": 75, ""BUY_PRODUCT:WHEAT"": 143, ""BUY_SEED:CARROT"": 31, ""BUY_SEED:MELON"": 12, ""BUY_SEED:STRAWBERRY"": 33, ""BUY_SEED:WHEAT"": 188, ""SELL:CARROT"": 93, ""SELL:FERTILIZER"": 324, ""SELL:MELON"": 72, ""SELL:MILK"": 207, ""SELL:STRAWBERRY"": 262, ""SELL:WHEAT"": 340, ""SELL:WOOL"": 196}","{""BUY_ANIMAL:COW"": 3600, ""BUY_ANIMAL:SHEEP"": 4000, ""BUY_PRODUCT:FERTILIZER"": 2151, ""BUY_PRODUCT:WHEAT"": 4960, ""BUY_SEED:CARROT"": 620, ""BUY_SEED:MELON"": 960, ""BUY_SEED:STRAWBERRY"": 3300, ""BUY_SEED:WHEAT"": 1880, ""SELL:CARROT"": 5627, ""SELL:FERTILIZER"": 14630, ""SELL:MELON"": 14267, ""SELL:MILK"": 4355, ""SELL:STRAWBERRY"": 10911, ""SELL:WHEAT"": 12351, ""SELL:WOOL"": 47415}"
ordered-shed-development,9500401,1,apex,82541.0,77294.0,5247.0,719,6.871875009004725,0.05909308399714064,0.022836660995380953,0.022836660995380953,0.3965140240000011,53296,debf3ca990737a7f690981464fc95581272f600b7d48d9a7cc99f0fbb8654f88,"{""BUILD_COOP"": 1, ""BUILD_PASTURE"": 17, ""CARE"": 363, ""COLLECT_FERTILIZER"": 376, ""DIG"": 35, ""DROP"": 18, ""EAST"": 701, ""FEED"": 325, ""FERTILIZE"": 98, ""HARVEST"": 466, ""NORTH"": 979, ""PASS"": 596, ""PICKUP"": 161, ""PLACE"": 108, ""PLANT"": 240, ""SOUTH"": 548, ""WATER"": 1122, ""WEST"": 973}","{""BUY_ANIMAL:COW"": 9, ""BUY_ANIMAL:SHEEP"": 8, ""BUY_PRODUCT:FERTILIZER"": 75, ""BUY_PRODUCT:WHEAT"": 143, ""BUY_SEED:CARROT"": 31, ""BUY_SEED:MELON"": 12, ""BUY_SEED:STRAWBERRY"": 33, ""BUY_SEED:WHEAT"": 188, ""SELL:CARROT"": 93, ""SELL:FERTILIZER"": 324, ""SELL:MELON"": 72, ""SELL:MILK"": 207, ""SELL:STRAWBERRY"": 262, ""SELL:WHEAT"": 340, ""SELL:WOOL"": 196}","{""BUY_ANIMAL:COW"": 3600, ""BUY_ANIMAL:SHEEP"": 4000, ""BUY_PRODUCT:FERTILIZER"": 2151, ""BUY_PRODUCT:WHEAT"": 4960, ""BUY_SEED:CARROT"": 620, ""BUY_SEED:MELON"": 960, ""BUY_SEED:STRAWBERRY"": 3300, ""BUY_SEED:WHEAT"": 1880, ""SELL:CARROT"": 5627, ""SELL:FERTILIZER"": 14630, ""SELL:MELON"": 14267, ""SELL:MILK"": 4355, ""SELL:STRAWBERRY"": 10911, ""SELL:WHEAT"": 12351, ""SELL:WOOL"": 47415}"
ordered-shed-development,9500419,0,arlene,84640.0,84640.0,0.0,719,6.36523901399778,0.10845944000175223,0.05606265199457994,0.05606265199457994,0.37379715500000066,65804,b74af5325a1a8df39a6be85ec3fc87e292b79232843e0d4f6d5af1a4cfb0a0b3,"{""BUILD_COOP"": 1, ""BUILD_PASTURE"": 17, ""CARE"": 381, ""COLLECT_FERTILIZER"": 379, ""DIG"": 36, ""DROP"": 15, ""EAST"": 702, ""FEED"": 361, ""FERTILIZE"": 96, ""HARVEST"": 468, ""NORTH"": 985, ""PASS"": 585, ""PICKUP"": 163, ""PLACE"": 109, ""PLANT"": 239, ""SOUTH"": 546, ""WATER"": 1111, ""WEST"": 976}","{""BUY_ANIMAL:COW"": 9, ""BUY_ANIMAL:SHEEP"": 8, ""BUY_PRODUCT:FERTILIZER"": 67, ""BUY_PRODUCT:WHEAT"": 150, ""BUY_SEED:CARROT"": 5, ""BUY_SEED:MELON"": 12, ""BUY_SEED:STRAWBERRY"": 33, ""BUY_SEED:WHEAT"": 189, ""SELL:CARROT"": 9, ""SELL:FERTILIZER"": 350, ""SELL:MELON"": 72, ""SELL:MILK"": 261, ""SELL:STRAWBERRY"": 262, ""SELL:WHEAT"": 387, ""SELL:WOOL"": 196}","{""BUY_ANIMAL:COW"": 3600, ""BUY_ANIMAL:SHEEP"": 4000, ""BUY_PRODUCT:FERTILIZER"": 2342, ""BUY_PRODUCT:WHEAT"": 5244, ""BUY_SEED:CARROT"": 100, ""BUY_SEED:MELON"": 960, ""BUY_SEED:STRAWBERRY"": 3300, ""BUY_SEED:WHEAT"": 1890, ""SELL:CARROT"": 594, ""SELL:FERTILIZER"": 14940, ""SELL:MELON"": 14267, ""SELL:MILK"": 10676, ""SELL:STRAWBERRY"": 14523, ""SELL:WHEAT"": 15099, ""SELL:WOOL"": 41809}"
ordered-shed-development,9500419,1,arlene,84640.0,84640.0,0.0,719,8.035916509004892,0.0616945020010462,0.020382866998261306,0.14682775000255788,0.5876010499999982,70896,5b701240a0bfed0ff107ca7c04aaf14b49f202105f852c2227d1c36ea182acd4,"{""BUILD_COOP"": 1, ""BUILD_PASTURE"": 17, ""CARE"": 381, ""COLLECT_FERTILIZER"": 379, ""DIG"": 36, ""DROP"": 15, ""EAST"": 702, ""FEED"": 361, ""FERTILIZE"": 96, ""HARVEST"": 468, ""NORTH"": 985, ""PASS"": 585, ""PICKUP"": 163, ""PLACE"": 109, ""PLANT"": 239, ""SOUTH"": 546, ""WATER"": 1111, ""WEST"": 976}","{""BUY_ANIMAL:COW"": 9, ""BUY_ANIMAL:SHEEP"": 8, ""BUY_PRODUCT:FERTILIZER"": 67, ""BUY_PRODUCT:WHEAT"": 150, ""BUY_SEED:CARROT"": 5, ""BUY_SEED:MELON"": 12, ""BUY_SEED:STRAWBERRY"": 33, ""BUY_SEED:WHEAT"": 189, ""SELL:CARROT"": 9, ""SELL:FERTILIZER"": 350, ""SELL:MELON"": 72, ""SELL:MILK"": 261, ""SELL:STRAWBERRY"": 262, ""SELL:WHEAT"": 387, ""SELL:WOOL"": 196}","{""BUY_ANIMAL:COW"": 3600, ""BUY_ANIMAL:SHEEP"": 4000, ""BUY_PRODUCT:FERTILIZER"": 2342, ""BUY_PRODUCT:WHEAT"": 5244, ""BUY_SEED:CARROT"": 100, ""BUY_SEED:MELON"": 960, ""BUY_SEED:STRAWBERRY"": 3300, ""BUY_SEED:WHEAT"": 1890, ""SELL:CARROT"": 594, ""SELL:FERTILIZER"": 14940, ""SELL:MELON"": 14267, ""SELL:MILK"": 10676, ""SELL:STRAWBERRY"": 14523, ""SELL:WHEAT"": 15099, ""SELL:WOOL"": 41809}"
ordered-shed-development,9500419,0,apex,84468.0,82687.0,1781.0,719,7.820803782000439,0.07381021400215104,0.038515534994076006,0.038515534994076006,0.4199325199999998,81608,212b67907790e3b6ab2d94a6ae42607712a8fd7643a92a61d98139c6253b8450,"{""BUILD_COOP"": 1, ""BUILD_PASTURE"": 17, ""CARE"": 381, ""COLLECT_FERTILIZER"": 379, ""DIG"": 36, ""DROP"": 15, ""EAST"": 702, ""FEED"": 361, ""FERTILIZE"": 96, ""HARVEST"": 468, ""NORTH"": 985, ""PASS"": 585, ""PICKUP"": 163, ""PLACE"": 109, ""PLANT"": 239, ""SOUTH"": 546, ""WATER"": 1111, ""WEST"": 976}","{""BUY_ANIMAL:COW"": 9, ""BUY_ANIMAL:SHEEP"": 8, ""BUY_PRODUCT:FERTILIZER"": 67, ""BUY_PRODUCT:WHEAT"": 150, ""BUY_SEED:CARROT"": 5, ""BUY_SEED:MELON"": 12, ""BUY_SEED:STRAWBERRY"": 33, ""BUY_SEED:WHEAT"": 189, ""SELL:CARROT"": 9, ""SELL:FERTILIZER"": 350, ""SELL:MELON"": 72, ""SELL:MILK"": 261, ""SELL:STRAWBERRY"": 262, ""SELL:WHEAT"": 387, ""SELL:WOOL"": 196}","{""BUY_ANIMAL:COW"": 3600, ""BUY_ANIMAL:SHEEP"": 4000, ""BUY_PRODUCT:FERTILIZER"": 2351, ""BUY_PRODUCT:WHEAT"": 5244, ""BUY_SEED:CARROT"": 100, ""BUY_SEED:MELON"": 960, ""BUY_SEED:STRAWBERRY"": 3300, ""BUY_SEED:WHEAT"": 1890, ""SELL:CARROT"": 594, ""SELL:FERTILIZER"": 14883, ""SELL:MELON"": 14267, ""SELL:MILK"": 10448, ""SELL:STRAWBERRY"": 14662, ""SELL:WHEAT"": 15051, ""SELL:WOOL"": 41840}"
ordered-shed-development,9500419,1,apex,84468.0,82687.0,1781.0,719,7.172516610000457,0.07119073800276965,0.029009342993958853,0.029009342993958853,0.37683640899999965,92732,4ed13d3e6ac230213cc0ae97d0e950b20fe5db00d391130e1b9423e44744c99d,"{""BUILD_COOP"": 1, ""BUILD_PASTURE"": 17, ""CARE"": 381, ""COLLECT_FERTILIZER"": 379, ""DIG"": 36, ""DROP"": 15, ""EAST"": 702, ""FEED"": 361, ""FERTILIZE"": 96, ""HARVEST"": 468, ""NORTH"": 985, ""PASS"": 585, ""PICKUP"": 163, ""PLACE"": 109, ""PLANT"": 239, ""SOUTH"": 546, ""WATER"": 1111, ""WEST"": 976}","{""BUY_ANIMAL:COW"": 9, ""BUY_ANIMAL:SHEEP"": 8, ""BUY_PRODUCT:FERTILIZER"": 67, ""BUY_PRODUCT:WHEAT"": 150, ""BUY_SEED:CARROT"": 5, ""BUY_SEED:MELON"": 12, ""BUY_SEED:STRAWBERRY"": 33, ""BUY_SEED:WHEAT"": 189, ""SELL:CARROT"": 9, ""SELL:FERTILIZER"": 350, ""SELL:MELON"": 72, ""SELL:MILK"": 261, ""SELL:STRAWBERRY"": 262, ""SELL:WHEAT"": 387, ""SELL:WOOL"": 196}","{""BUY_ANIMAL:COW"": 3600, ""BUY_ANIMAL:SHEEP"": 4000, ""BUY_PRODUCT:FERTILIZER"": 2351, ""BUY_PRODUCT:WHEAT"": 5244, ""BUY_SEED:CARROT"": 100, ""BUY_SEED:MELON"": 960, ""BUY_SEED:STRAWBERRY"": 3300, ""BUY_SEED:WHEAT"": 1890, ""SELL:CARROT"": 594, ""SELL:FERTILIZER"": 14883, ""SELL:MELON"": 14267, ""SELL:MILK"": 10448, ""SELL:STRAWBERRY"": 14662, ""SELL:WHEAT"": 15051, ""SELL:WOOL"": 41840}"
ordered-shed-order-diagnostic,9500401,0,arlene,82016.0,82016.0,0.0,719,6.715141199005302,0.08744669400039129,0.025856487001874484,0.025856487001874484,0.3597247099999982,21392,873dd835c298308ce08de30e03bd8ebad264a9401cccf589ed4d04f90c7c741e,"{""BUILD_COOP"": 1, ""BUILD_PASTURE"": 17, ""CARE"": 363, ""COLLECT_FERTILIZER"": 376, ""DIG"": 35, ""DROP"": 18, ""EAST"": 701, ""FEED"": 325, ""FERTILIZE"": 98, ""HARVEST"": 466, ""NORTH"": 979, ""PASS"": 596, ""PICKUP"": 161, ""PLACE"": 108, ""PLANT"": 240, ""SOUTH"": 548, ""WATER"": 1122, ""WEST"": 973}","{""BUY_ANIMAL:COW"": 9, ""BUY_ANIMAL:SHEEP"": 8, ""BUY_PRODUCT:FERTILIZER"": 75, ""BUY_PRODUCT:WHEAT"": 143, ""BUY_SEED:CARROT"": 31, ""BUY_SEED:MELON"": 12, ""BUY_SEED:STRAWBERRY"": 33, ""BUY_SEED:WHEAT"": 188, ""SELL:CARROT"": 93, ""SELL:FERTILIZER"": 324, ""SELL:MELON"": 72, ""SELL:MILK"": 207, ""SELL:STRAWBERRY"": 262, ""SELL:WHEAT"": 340, ""SELL:WOOL"": 196}","{""BUY_ANIMAL:COW"": 3600, ""BUY_ANIMAL:SHEEP"": 4000, ""BUY_PRODUCT:FERTILIZER"": 2163, ""BUY_PRODUCT:WHEAT"": 4961, ""BUY_SEED:CARROT"": 620, ""BUY_SEED:MELON"": 960, ""BUY_SEED:STRAWBERRY"": 3300, ""BUY_SEED:WHEAT"": 1880, ""SELL:CARROT"": 5379, ""SELL:FERTILIZER"": 14677, ""SELL:MELON"": 14267, ""SELL:MILK"": 4351, ""SELL:STRAWBERRY"": 10786, ""SELL:WHEAT"": 12167, ""SELL:WOOL"": 47417}"
route-baseline-development-extra,9500437,0,arlene,97429.0,97429.0,0.0,719,5.9465640779963,0.0836660299974028,0.02511094499641331,0.02511094499641331,0.36457739800000044,21136,d207c871830c704ebf88aa6bfbadacc14337fce91a3b8804b252ec44dab681b2,"{""BUILD_COOP"": 1, ""BUILD_PASTURE"": 17, ""CARE"": 363, ""COLLECT_FERTILIZER"": 376, ""DIG"": 35, ""DROP"": 18, ""EAST"": 701, ""FEED"": 325, ""FERTILIZE"": 98, ""HARVEST"": 466, ""NORTH"": 979, ""PASS"": 596, ""PICKUP"": 161, ""PLACE"": 108, ""PLANT"": 240, ""SOUTH"": 548, ""WATER"": 1122, ""WEST"": 973}","{""BUY_ANIMAL:COW"": 9, ""BUY_ANIMAL:SHEEP"": 8, ""BUY_PRODUCT:FERTILIZER"": 75, ""BUY_PRODUCT:WHEAT"": 143, ""BUY_SEED:CARROT"": 31, ""BUY_SEED:MELON"": 12, ""BUY_SEED:STRAWBERRY"": 33, ""BUY_SEED:WHEAT"": 188, ""SELL:CARROT"": 93, ""SELL:FERTILIZER"": 324, ""SELL:MELON"": 72, ""SELL:MILK"": 207, ""SELL:STRAWBERRY"": 262, ""SELL:WHEAT"": 340, ""SELL:WOOL"": 196}","{""BUY_ANIMAL:COW"": 3600, ""BUY_ANIMAL:SHEEP"": 4000, ""BUY_PRODUCT:FERTILIZER"": 2163, ""BUY_PRODUCT:WHEAT"": 4961, ""BUY_SEED:CARROT"": 620, ""BUY_SEED:MELON"": 960, ""BUY_SEED:STRAWBERRY"": 3300, ""BUY_SEED:WHEAT"": 1880, ""SELL:CARROT"": 4608, ""SELL:FERTILIZER"": 14677, ""SELL:MELON"": 14267, ""SELL:MILK"": 7635, ""SELL:STRAWBERRY"": 24207, ""SELL:WHEAT"": 14143, ""SELL:WOOL"": 44920}"
route-baseline-development-extra,9500437,1,arlene,97429.0,97429.0,0.0,719,5.784942272002809,0.09739208499377128,0.02779408000060357,0.02779408000060357,0.319237526,28544,d207c871830c704ebf88aa6bfbadacc14337fce91a3b8804b252ec44dab681b2,"{""BUILD_COOP"": 1, ""BUILD_PASTURE"": 17, ""CARE"": 363, ""COLLECT_FERTILIZER"": 376, ""DIG"": 35, ""DROP"": 18, ""EAST"": 701, ""FEED"": 325, ""FERTILIZE"": 98, ""HARVEST"": 466, ""NORTH"": 979, ""PASS"": 596, ""PICKUP"": 161, ""PLACE"": 108, ""PLANT"": 240, ""SOUTH"": 548, ""WATER"": 1122, ""WEST"": 973}","{""BUY_ANIMAL:COW"": 9, ""BUY_ANIMAL:SHEEP"": 8, ""BUY_PRODUCT:FERTILIZER"": 75, ""BUY_PRODUCT:WHEAT"": 143, ""BUY_SEED:CARROT"": 31, ""BUY_SEED:MELON"": 12, ""BUY_SEED:STRAWBERRY"": 33, ""BUY_SEED:WHEAT"": 188, ""SELL:CARROT"": 93, ""SELL:FERTILIZER"": 324, ""SELL:MELON"": 72, ""SELL:MILK"": 207, ""SELL:STRAWBERRY"": 262, ""SELL:WHEAT"": 340, ""SELL:WOOL"": 196}","{""BUY_ANIMAL:COW"": 3600, ""BUY_ANIMAL:SHEEP"": 4000, ""BUY_PRODUCT:FERTILIZER"": 2163, ""BUY_PRODUCT:WHEAT"": 4961, ""BUY_SEED:CARROT"": 620, ""BUY_SEED:MELON"": 960, ""BUY_SEED:STRAWBERRY"": 3300, ""BUY_SEED:WHEAT"": 1880, ""SELL:CARROT"": 4608, ""SELL:FERTILIZER"": 14677, ""SELL:MELON"": 14267, ""SELL:MILK"": 7635, ""SELL:STRAWBERRY"": 24207, ""SELL:WHEAT"": 14143, ""SELL:WOOL"": 44920}"
route-baseline-development-extra,9500437,0,apex,98425.0,93667.0,4758.0,719,6.0085495640014415,0.06313403599779122,0.021019243002228905,0.021019243002228905,0.32490245299999954,40904,bdaab44d85a69804262d8cc50f1954a62f18fe0a466b669a87734b56f2cf56a1,"{""BUILD_COOP"": 1, ""BUILD_PASTURE"": 17, ""CARE"": 363, ""COLLECT_FERTILIZER"": 376, ""DIG"": 35, ""DROP"": 18, ""EAST"": 701, ""FEED"": 325, ""FERTILIZE"": 98, ""HARVEST"": 466, ""NORTH"": 979, ""PASS"": 596, ""PICKUP"": 161, ""PLACE"": 108, ""PLANT"": 240, ""SOUTH"": 548, ""WATER"": 1122, ""WEST"": 973}","{""BUY_ANIMAL:COW"": 9, ""BUY_ANIMAL:SHEEP"": 8, ""BUY_PRODUCT:FERTILIZER"": 75, ""BUY_PRODUCT:WHEAT"": 143, ""BUY_SEED:CARROT"": 31, ""BUY_SEED:MELON"": 12, ""BUY_SEED:STRAWBERRY"": 33, ""BUY_SEED:WHEAT"": 188, ""SELL:CARROT"": 93, ""SELL:FERTILIZER"": 324, ""SELL:MELON"": 72, ""SELL:MILK"": 207, ""SELL:STRAWBERRY"": 262, ""SELL:WHEAT"": 340, ""SELL:WOOL"": 196}","{""BUY_ANIMAL:COW"": 3600, ""BUY_ANIMAL:SHEEP"": 4000, ""BUY_PRODUCT:FERTILIZER"": 2151, ""BUY_PRODUCT:WHEAT"": 4960, ""BUY_SEED:CARROT"": 620, ""BUY_SEED:MELON"": 960, ""BUY_SEED:STRAWBERRY"": 3300, ""BUY_SEED:WHEAT"": 1880, ""SELL:CARROT"": 4853, ""SELL:FERTILIZER"": 14630, ""SELL:MELON"": 14267, ""SELL:MILK"": 7399, ""SELL:STRAWBERRY"": 25022, ""SELL:WHEAT"": 14252, ""SELL:WOOL"": 45017}"
route-baseline-development-extra,9500437,1,apex,98425.0,93667.0,4758.0,719,5.725047464999079,0.06803953099733917,0.019835484003124293,0.019835484003124293,0.3123399729999996,53396,1dfff8865372c8b5f3b52f16c2f389dc798772043fc402e89a873609b247ec30,"{""BUILD_COOP"": 1, ""BUILD_PASTURE"": 17, ""CARE"": 363, ""COLLECT_FERTILIZER"": 376, ""DIG"": 35, ""DROP"": 18, ""EAST"": 701, ""FEED"": 325, ""FERTILIZE"": 98, ""HARVEST"": 466, ""NORTH"": 979, ""PASS"": 596, ""PICKUP"": 161, ""PLACE"": 108, ""PLANT"": 240, ""SOUTH"": 548, ""WATER"": 1122, ""WEST"": 973}","{""BUY_ANIMAL:COW"": 9, ""BUY_ANIMAL:SHEEP"": 8, ""BUY_PRODUCT:FERTILIZER"": 75, ""BUY_PRODUCT:WHEAT"": 143, ""BUY_SEED:CARROT"": 31, ""BUY_SEED:MELON"": 12, ""BUY_SEED:STRAWBERRY"": 33, ""BUY_SEED:WHEAT"": 188, ""SELL:CARROT"": 93, ""SELL:FERTILIZER"": 324, ""SELL:MELON"": 72, ""SELL:MILK"": 207, ""SELL:STRAWBERRY"": 262, ""SELL:WHEAT"": 340, ""SELL:WOOL"": 196}","{""BUY_ANIMAL:COW"": 3600, ""BUY_ANIMAL:SHEEP"": 4000, ""BUY_PRODUCT:FERTILIZER"": 2151, ""BUY_PRODUCT:WHEAT"": 4960, ""BUY_SEED:CARROT"": 620, ""BUY_SEED:MELON"": 960, ""BUY_SEED:STRAWBERRY"": 3300, ""BUY_SEED:WHEAT"": 1880, ""SELL:CARROT"": 4853, ""SELL:FERTILIZER"": 14630, ""SELL:MELON"": 14267, ""SELL:MILK"": 7399, ""SELL:STRAWBERRY"": 25022, ""SELL:WHEAT"": 14252, ""SELL:WOOL"": 45017}"
route-baseline-development-extra,9500455,0,arlene,89162.0,89162.0,0.0,719,5.716971098998329,0.06006216100649908,0.01947359400219284,0.01947359400219284,0.32050421900000003,65948,8129e86f034888984f38434f85153349313548dd0c3f62975d470fa09e17abcf,"{""BUILD_COOP"": 4, ""BUILD_PASTURE"": 14, ""CARE"": 381, ""COLLECT_FERTILIZER"": 384, ""DIG"": 35, ""DROP"": 19, ""EAST"": 704, ""FEED"": 361, ""FERTILIZE"": 98, ""HARVEST"": 481, ""NORTH"": 982, ""PASS"": 528, ""PICKUP"": 162, ""PLACE"": 108, ""PLANT"": 240, ""SOUTH"": 550, ""WATER"": 1122, ""WEST"": 976}","{""BUY_ANIMAL:COW"": 9, ""BUY_ANIMAL:GOOSE"": 3, ""BUY_ANIMAL:SHEEP"": 5, ""BUY_PRODUCT:FERTILIZER"": 64, ""BUY_PRODUCT:WHEAT"": 148, ""BUY_SEED:CARROT"": 31, ""BUY_SEED:MELON"": 12, ""BUY_SEED:STRAWBERRY"": 33, ""BUY_SEED:WHEAT"": 188, ""SELL:CARROT"": 93, ""SELL:EGG"": 79, ""SELL:FERTILIZER"": 348, ""SELL:MELON"": 72, ""SELL:MILK"": 261, ""SELL:STRAWBERRY"": 262, ""SELL:WHEAT"": 309, ""SELL:WOOL"": 131}","{""BUY_ANIMAL:COW"": 3600, ""BUY_ANIMAL:GOOSE"": 900, ""BUY_ANIMAL:SHEEP"": 2500, ""BUY_PRODUCT:FERTILIZER"": 1920, ""BUY_PRODUCT:WHEAT"": 5349, ""BUY_SEED:CARROT"": 620, ""BUY_SEED:MELON"": 960, ""BUY_SEED:STRAWBERRY"": 3300, ""BUY_SEED:WHEAT"": 1880, ""SELL:CARROT"": 3820, ""SELL:EGG"": 4244, ""SELL:FERTILIZER"": 14518, ""SELL:MELON"": 14267, ""SELL:MILK"": 43743, ""SELL:STRAWBERRY"": 12814, ""SELL:WHEAT"": 13586, ""SELL:WOOL"": 8777}"
route-baseline-development-extra,9500455,1,arlene,89162.0,89162.0,0.0,719,6.129112321003049,0.06847658200422302,0.03304742400359828,0.03304742400359828,0.3759892699999995,71176,8129e86f034888984f38434f85153349313548dd0c3f62975d470fa09e17abcf,"{""BUILD_COOP"": 4, ""BUILD_PASTURE"": 14, ""CARE"": 381, ""COLLECT_FERTILIZER"": 384, ""DIG"": 35, ""DROP"": 19, ""EAST"": 704, ""FEED"": 361, ""FERTILIZE"": 98, ""HARVEST"": 481, ""NORTH"": 982, ""PASS"": 528, ""PICKUP"": 162, ""PLACE"": 108, ""PLANT"": 240, ""SOUTH"": 550, ""WATER"": 1122, ""WEST"": 976}","{""BUY_ANIMAL:COW"": 9, ""BUY_ANIMAL:GOOSE"": 3, ""BUY_ANIMAL:SHEEP"": 5, ""BUY_PRODUCT:FERTILIZER"": 64, ""BUY_PRODUCT:WHEAT"": 148, ""BUY_SEED:CARROT"": 31, ""BUY_SEED:MELON"": 12, ""BUY_SEED:STRAWBERRY"": 33, ""BUY_SEED:WHEAT"": 188, ""SELL:CARROT"": 93, ""SELL:EGG"": 79, ""SELL:FERTILIZER"": 348, ""SELL:MELON"": 72, ""SELL:MILK"": 261, ""SELL:STRAWBERRY"": 262, ""SELL:WHEAT"": 309, ""SELL:WOOL"": 131}","{""BUY_ANIMAL:COW"": 3600, ""BUY_ANIMAL:GOOSE"": 900, ""BUY_ANIMAL:SHEEP"": 2500, ""BUY_PRODUCT:FERTILIZER"": 1920, ""BUY_PRODUCT:WHEAT"": 5349, ""BUY_SEED:CARROT"": 620, ""BUY_SEED:MELON"": 960, ""BUY_SEED:STRAWBERRY"": 3300, ""BUY_SEED:WHEAT"": 1880, ""SELL:CARROT"": 3820, ""SELL:EGG"": 4244, ""SELL:FERTILIZER"": 14518, ""SELL:MELON"": 14267, ""SELL:MILK"": 43743, ""SELL:STRAWBERRY"": 12814, ""SELL:WHEAT"": 13586, ""SELL:WOOL"": 8777}"
route-baseline-development-extra,9500455,0,apex,88863.0,81260.0,7603.0,719,7.346946829005901,0.054770382994320244,0.06127454599482007,0.06127454599482007,0.4577763939999989,82352,75a4b6d507639b430a0227b9c2399704b1b84f9808606e58d287a86ca5c9706c,"{""BUILD_COOP"": 4, ""BUILD_PASTURE"": 14, ""CARE"": 381, ""COLLECT_FERTILIZER"": 384, ""DIG"": 35, ""DROP"": 19, ""EAST"": 704, ""FEED"": 361, ""FERTILIZE"": 98, ""HARVEST"": 481, ""NORTH"": 982, ""PASS"": 528, ""PICKUP"": 162, ""PLACE"": 108, ""PLANT"": 240, ""SOUTH"": 550, ""WATER"": 1122, ""WEST"": 976}","{""BUY_ANIMAL:COW"": 9, ""BUY_ANIMAL:GOOSE"": 3, ""BUY_ANIMAL:SHEEP"": 5, ""BUY_PRODUCT:FERTILIZER"": 64, ""BUY_PRODUCT:WHEAT"": 148, ""BUY_SEED:CARROT"": 31, ""BUY_SEED:MELON"": 12, ""BUY_SEED:STRAWBERRY"": 33, ""BUY_SEED:WHEAT"": 188, ""SELL:CARROT"": 93, ""SELL:EGG"": 79, ""SELL:FERTILIZER"": 348, ""SELL:MELON"": 72, ""SELL:MILK"": 261, ""SELL:STRAWBERRY"": 262, ""SELL:WHEAT"": 309, ""SELL:WOOL"": 131}","{""BUY_ANIMAL:COW"": 3600, ""BUY_ANIMAL:GOOSE"": 900, ""BUY_ANIMAL:SHEEP"": 2500, ""BUY_PRODUCT:FERTILIZER"": 1932, ""BUY_PRODUCT:WHEAT"": 5346, ""BUY_SEED:CARROT"": 620, ""BUY_SEED:MELON"": 960, ""BUY_SEED:STRAWBERRY"": 3300, ""BUY_SEED:WHEAT"": 1880, ""SELL:CARROT"": 4079, ""SELL:EGG"": 4433, ""SELL:FERTILIZER"": 14471, ""SELL:MELON"": 14267, ""SELL:MILK"": 44543, ""SELL:STRAWBERRY"": 12900, ""SELL:WHEAT"": 13545, ""SELL:WOOL"": 7241}"
route-baseline-development-extra,9500455,1,apex,88863.0,81260.0,7603.0,719,5.791806900000665,0.06271286300034262,0.02803929399669869,0.02803929399669869,0.32606462099999944,93340,69c063cd9e1ad430cfaf78240a435b7e67c1dd9f22e212f926e3a4760fb2893c,"{""BUILD_COOP"": 4, ""BUILD_PASTURE"": 14, ""CARE"": 381, ""COLLECT_FERTILIZER"": 384, ""DIG"": 35, ""DROP"": 19, ""EAST"": 704, ""FEED"": 361, ""FERTILIZE"": 98, ""HARVEST"": 481, ""NORTH"": 982, ""PASS"": 528, ""PICKUP"": 162, ""PLACE"": 108, ""PLANT"": 240, ""SOUTH"": 550, ""WATER"": 1122, ""WEST"": 976}","{""BUY_ANIMAL:COW"": 9, ""BUY_ANIMAL:GOOSE"": 3, ""BUY_ANIMAL:SHEEP"": 5, ""BUY_PRODUCT:FERTILIZER"": 64, ""BUY_PRODUCT:WHEAT"": 148, ""BUY_SEED:CARROT"": 31, ""BUY_SEED:MELON"": 12, ""BUY_SEED:STRAWBERRY"": 33, ""BUY_SEED:WHEAT"": 188, ""SELL:CARROT"": 93, ""SELL:EGG"": 79, ""SELL:FERTILIZER"": 348, ""SELL:MELON"": 72, ""SELL:MILK"": 261, ""SELL:STRAWBERRY"": 262, ""SELL:WHEAT"": 309, ""SELL:WOOL"": 131}","{""BUY_ANIMAL:COW"": 3600, ""BUY_ANIMAL:GOOSE"": 900, ""BUY_ANIMAL:SHEEP"": 2500, ""BUY_PRODUCT:FERTILIZER"": 1932, ""BUY_PRODUCT:WHEAT"": 5346, ""BUY_SEED:CARROT"": 620, ""BUY_SEED:MELON"": 960, ""BUY_SEED:STRAWBERRY"": 3300, ""BUY_SEED:WHEAT"": 1880, ""SELL:CARROT"": 4079, ""SELL:EGG"": 4433, ""SELL:FERTILIZER"": 14471, ""SELL:MELON"": 14267, ""SELL:MILK"": 44543, ""SELL:STRAWBERRY"": 12900, ""SELL:WHEAT"": 13545, ""SELL:WOOL"": 7241}"
route-baseline-development-extra,9500473,0,arlene,101783.0,101783.0,0.0,719,6.120943577996513,0.06717660400317982,0.07833888099412434,0.07833888099412434,0.38108188999999876,104528,db297e70aa2a160d18c5f5fa0b6825024ed78fe0740a2c68aed15ace8139df9b,"{""BUILD_COOP"": 4, ""BUILD_PASTURE"": 14, ""CARE"": 381, ""COLLECT_FERTILIZER"": 384, ""DIG"": 35, ""DROP"": 19, ""EAST"": 704, ""FEED"": 361, ""FERTILIZE"": 98, ""HARVEST"": 481, ""NORTH"": 982, ""PASS"": 528, ""PICKUP"": 162, ""PLACE"": 108, ""PLANT"": 240, ""SOUTH"": 550, ""WATER"": 1122, ""WEST"": 976}","{""BUY_ANIMAL:COW"": 9, ""BUY_ANIMAL:GOOSE"": 3, ""BUY_ANIMAL:SHEEP"": 5, ""BUY_PRODUCT:FERTILIZER"": 64, ""BUY_PRODUCT:WHEAT"": 147, ""BUY_SEED:CARROT"": 31, ""BUY_SEED:MELON"": 12, ""BUY_SEED:STRAWBERRY"": 33, ""BUY_SEED:WHEAT"": 188, ""SELL:CARROT"": 93, ""SELL:EGG"": 79, ""SELL:FERTILIZER"": 348, ""SELL:MELON"": 72, ""SELL:MILK"": 261, ""SELL:STRAWBERRY"": 262, ""SELL:WHEAT"": 308, ""SELL:WOOL"": 131}","{""BUY_ANIMAL:COW"": 3600, ""BUY_ANIMAL:GOOSE"": 900, ""BUY_ANIMAL:SHEEP"": 2500, ""BUY_PRODUCT:FERTILIZER"": 1920, ""BUY_PRODUCT:WHEAT"": 5308, ""BUY_SEED:CARROT"": 620, ""BUY_SEED:MELON"": 960, ""BUY_SEED:STRAWBERRY"": 3300, ""BUY_SEED:WHEAT"": 1880, ""SELL:CARROT"": 4222, ""SELL:EGG"": 4132, ""SELL:FERTILIZER"": 14518, ""SELL:MELON"": 14267, ""SELL:MILK"": 27114, ""SELL:STRAWBERRY"": 44651, ""SELL:WHEAT"": 13911, ""SELL:WOOL"": 5534}"
route-baseline-development-extra,9500473,1,arlene,101783.0,101783.0,0.0,719,6.365458473999752,0.07195262800087221,0.01883184500184143,0.01883184500184143,0.3554050340000011,115660,db297e70aa2a160d18c5f5fa0b6825024ed78fe0740a2c68aed15ace8139df9b,"{""BUILD_COOP"": 4, ""BUILD_PASTURE"": 14, ""CARE"": 381, ""COLLECT_FERTILIZER"": 384, ""DIG"": 35, ""DROP"": 19, ""EAST"": 704, ""FEED"": 361, ""FERTILIZE"": 98, ""HARVEST"": 481, ""NORTH"": 982, ""PASS"": 528, ""PICKUP"": 162, ""PLACE"": 108, ""PLANT"": 240, ""SOUTH"": 550, ""WATER"": 1122, ""WEST"": 976}","{""BUY_ANIMAL:COW"": 9, ""BUY_ANIMAL:GOOSE"": 3, ""BUY_ANIMAL:SHEEP"": 5, ""BUY_PRODUCT:FERTILIZER"": 64, ""BUY_PRODUCT:WHEAT"": 147, ""BUY_SEED:CARROT"": 31, ""BUY_SEED:MELON"": 12, ""BUY_SEED:STRAWBERRY"": 33, ""BUY_SEED:WHEAT"": 188, ""SELL:CARROT"": 93, ""SELL:EGG"": 79, ""SELL:FERTILIZER"": 348, ""SELL:MELON"": 72, ""SELL:MILK"": 261, ""SELL:STRAWBERRY"": 262, ""SELL:WHEAT"": 308, ""SELL:WOOL"": 131}","{""BUY_ANIMAL:COW"": 3600, ""BUY_ANIMAL:GOOSE"": 900, ""BUY_ANIMAL:SHEEP"": 2500, ""BUY_PRODUCT:FERTILIZER"": 1920, ""BUY_PRODUCT:WHEAT"": 5308, ""BUY_SEED:CARROT"": 620, ""BUY_SEED:MELON"": 960, ""BUY_SEED:STRAWBERRY"": 3300, ""BUY_SEED:WHEAT"": 1880, ""SELL:CARROT"": 4222, ""SELL:EGG"": 4132, ""SELL:FERTILIZER"": 14518, ""SELL:MELON"": 14267, ""SELL:MILK"": 27114, ""SELL:STRAWBERRY"": 44651, ""SELL:WHEAT"": 13911, ""SELL:WOOL"": 5534}"
route-baseline-development-extra,9500473,0,apex,102949.0,93419.0,9530.0,719,6.189821182000742,0.05653884500497952,0.016861801996128634,0.016861801996128634,0.32743863799999917,126748,cbad22f227fc80d41791746a28381879757cca2806ec42d079bde39ce7916d67,"{""BUILD_COOP"": 4, ""BUILD_PASTURE"": 14, ""CARE"": 381, ""COLLECT_FERTILIZER"": 384, ""DIG"": 35, ""DROP"": 19, ""EAST"": 704, ""FEED"": 361, ""FERTILIZE"": 98, ""HARVEST"": 481, ""NORTH"": 982, ""PASS"": 528, ""PICKUP"": 162, ""PLACE"": 108, ""PLANT"": 240, ""SOUTH"": 550, ""WATER"": 1122, ""WEST"": 976}","{""BUY_ANIMAL:COW"": 9, ""BUY_ANIMAL:GOOSE"": 3, ""BUY_ANIMAL:SHEEP"": 5, ""BUY_PRODUCT:FERTILIZER"": 64, ""BUY_PRODUCT:WHEAT"": 147, ""BUY_SEED:CARROT"": 31, ""BUY_SEED:MELON"": 12, ""BUY_SEED:STRAWBERRY"": 33, ""BUY_SEED:WHEAT"": 188, ""SELL:CARROT"": 93, ""SELL:EGG"": 79, ""SELL:FERTILIZER"": 348, ""SELL:MELON"": 72, ""SELL:MILK"": 261, ""SELL:STRAWBERRY"": 262, ""SELL:WHEAT"": 308, ""SELL:WOOL"": 131}","{""BUY_ANIMAL:COW"": 3600, ""BUY_ANIMAL:GOOSE"": 900, ""BUY_ANIMAL:SHEEP"": 2500, ""BUY_PRODUCT:FERTILIZER"": 1932, ""BUY_PRODUCT:WHEAT"": 5301, ""BUY_SEED:CARROT"": 620, ""BUY_SEED:MELON"": 960, ""BUY_SEED:STRAWBERRY"": 3300, ""BUY_SEED:WHEAT"": 1880, ""SELL:CARROT"": 4470, ""SELL:EGG"": 4320, ""SELL:FERTILIZER"": 14471, ""SELL:MELON"": 14267, ""SELL:MILK"": 26477, ""SELL:STRAWBERRY"": 46044, ""SELL:WHEAT"": 13872, ""SELL:WOOL"": 5599}"
route-baseline-development-extra,9500473,1,apex,102949.0,93419.0,9530.0,719,6.521339701001125,0.06162074200256029,0.02470403999905102,0.02470403999905102,0.33455394400000016,137792,f0eb9a82f01e7ae495160959931c96c3af651149b67594f489a8e29cd8ea6e8f,"{""BUILD_COOP"": 4, ""BUILD_PASTURE"": 14, ""CARE"": 381, ""COLLECT_FERTILIZER"": 384, ""DIG"": 35, ""DROP"": 19, ""EAST"": 704, ""FEED"": 361, ""FERTILIZE"": 98, ""HARVEST"": 481, ""NORTH"": 982, ""PASS"": 528, ""PICKUP"": 162, ""PLACE"": 108, ""PLANT"": 240, ""SOUTH"": 550, ""WATER"": 1122, ""WEST"": 976}","{""BUY_ANIMAL:COW"": 9, ""BUY_ANIMAL:GOOSE"": 3, ""BUY_ANIMAL:SHEEP"": 5, ""BUY_PRODUCT:FERTILIZER"": 64, ""BUY_PRODUCT:WHEAT"": 147, ""BUY_SEED:CARROT"": 31, ""BUY_SEED:MELON"": 12, ""BUY_SEED:STRAWBERRY"": 33, ""BUY_SEED:WHEAT"": 188, ""SELL:CARROT"": 93, ""SELL:EGG"": 79, ""SELL:FERTILIZER"": 348, ""SELL:MELON"": 72, ""SELL:MILK"": 261, ""SELL:STRAWBERRY"": 262, ""SELL:WHEAT"": 308, ""SELL:WOOL"": 131}","{""BUY_ANIMAL:COW"": 3600, ""BUY_ANIMAL:GOOSE"": 900, ""BUY_ANIMAL:SHEEP"": 2500, ""BUY_PRODUCT:FERTILIZER"": 1932, ""BUY_PRODUCT:WHEAT"": 5301, ""BUY_SEED:CARROT"": 620, ""BUY_SEED:MELON"": 960, ""BUY_SEED:STRAWBERRY"": 3300, ""BUY_SEED:WHEAT"": 1880, ""SELL:CARROT"": 4470, ""SELL:EGG"": 4320, ""SELL:FERTILIZER"": 14471, ""SELL:MELON"": 14267, ""SELL:MILK"": 26477, ""SELL:STRAWBERRY"": 46044, ""SELL:WHEAT"": 13872, ""SELL:WOOL"": 5599}"
route-baseline-development-extra,9500491,0,arlene,144819.0,144819.0,0.0,719,6.387698047001322,0.0587796019972302,0.019906722998712212,0.019906722998712212,0.3236767199999988,148980,301bf6a4de65b017d15a35cecb0852dc8220365dc8414375bdff18203a3d6a7c,"{""BUILD_COOP"": 4, ""BUILD_PASTURE"": 14, ""CARE"": 381, ""COLLECT_FERTILIZER"": 384, ""DIG"": 35, ""DROP"": 19, ""EAST"": 704, ""FEED"": 361, ""FERTILIZE"": 98, ""HARVEST"": 481, ""NORTH"": 982, ""PASS"": 528, ""PICKUP"": 162, ""PLACE"": 108, ""PLANT"": 240, ""SOUTH"": 550, ""WATER"": 1122, ""WEST"": 976}","{""BUY_ANIMAL:COW"": 9, ""BUY_ANIMAL:GOOSE"": 3, ""BUY_ANIMAL:SHEEP"": 5, ""BUY_PRODUCT:FERTILIZER"": 64, ""BUY_PRODUCT:WHEAT"": 149, ""BUY_SEED:CARROT"": 31, ""BUY_SEED:MELON"": 12, ""BUY_SEED:STRAWBERRY"": 33, ""BUY_SEED:WHEAT"": 188, ""SELL:CARROT"": 93, ""SELL:EGG"": 79, ""SELL:FERTILIZER"": 348, ""SELL:MELON"": 72, ""SELL:MILK"": 261, ""SELL:STRAWBERRY"": 262, ""SELL:WHEAT"": 310, ""SELL:WOOL"": 131}","{""BUY_ANIMAL:COW"": 3600, ""BUY_ANIMAL:GOOSE"": 900, ""BUY_ANIMAL:SHEEP"": 2500, ""BUY_PRODUCT:FERTILIZER"": 1920, ""BUY_PRODUCT:WHEAT"": 5099, ""BUY_SEED:CARROT"": 620, ""BUY_SEED:MELON"": 960, ""BUY_SEED:STRAWBERRY"": 3300, ""BUY_SEED:WHEAT"": 1880, ""SELL:CARROT"": 3820, ""SELL:EGG"": 3542, ""SELL:FERTILIZER"": 14518, ""SELL:MELON"": 14267, ""SELL:MILK"": 64148, ""SELL:STRAWBERRY"": 53298, ""SELL:WHEAT"": 12049, ""SELL:WOOL"": 5534}"
route-baseline-development-extra,9500491,1,arlene,144819.0,144819.0,0.0,719,5.902897226995265,0.06025845200201729,0.021238858003925998,0.021238858003925998,0.31655144500000054,160072,301bf6a4de65b017d15a35cecb0852dc8220365dc8414375bdff18203a3d6a7c,"{""BUILD_COOP"": 4, ""BUILD_PASTURE"": 14, ""CARE"": 381, ""COLLECT_FERTILIZER"": 384, ""DIG"": 35, ""DROP"": 19, ""EAST"": 704, ""FEED"": 361, ""FERTILIZE"": 98, ""HARVEST"": 481, ""NORTH"": 982, ""PASS"": 528, ""PICKUP"": 162, ""PLACE"": 108, ""PLANT"": 240, ""SOUTH"": 550, ""WATER"": 1122, ""WEST"": 976}","{""BUY_ANIMAL:COW"": 9, ""BUY_ANIMAL:GOOSE"": 3, ""BUY_ANIMAL:SHEEP"": 5, ""BUY_PRODUCT:FERTILIZER"": 64, ""BUY_PRODUCT:WHEAT"": 149, ""BUY_SEED:CARROT"": 31, ""BUY_SEED:MELON"": 12, ""BUY_SEED:STRAWBERRY"": 33, ""BUY_SEED:WHEAT"": 188, ""SELL:CARROT"": 93, ""SELL:EGG"": 79, ""SELL:FERTILIZER"": 348, ""SELL:MELON"": 72, ""SELL:MILK"": 261, ""SELL:STRAWBERRY"": 262, ""SELL:WHEAT"": 310, ""SELL:WOOL"": 131}","{""BUY_ANIMAL:COW"": 3600, ""BUY_ANIMAL:GOOSE"": 900, ""BUY_ANIMAL:SHEEP"": 2500, ""BUY_PRODUCT:FERTILIZER"": 1920, ""BUY_PRODUCT:WHEAT"": 5099, ""BUY_SEED:CARROT"": 620, ""BUY_SEED:MELON"": 960, ""BUY_SEED:STRAWBERRY"": 3300, ""BUY_SEED:WHEAT"": 1880, ""SELL:CARROT"": 3820, ""SELL:EGG"": 3542, ""SELL:FERTILIZER"": 14518, ""SELL:MELON"": 14267, ""SELL:MILK"": 64148, ""SELL:STRAWBERRY"": 53298, ""SELL:WHEAT"": 12049, ""SELL:WOOL"": 5534}"
route-baseline-development-extra,9500491,0,apex,146054.0,138420.0,7634.0,719,6.702793256001314,0.0577180159962154,0.01691554900025949,0.02127301099972101,0.3577844180000003,171280,dcc696e7ce85956de0b91315829b443346f89cf8ea55cdbb29e6242a5d691f00,"{""BUILD_COOP"": 4, ""BUILD_PASTURE"": 14, ""CARE"": 381, ""COLLECT_FERTILIZER"": 384, ""DIG"": 35, ""DROP"": 19, ""EAST"": 704, ""FEED"": 361, ""FERTILIZE"": 98, ""HARVEST"": 481, ""NORTH"": 982, ""PASS"": 528, ""PICKUP"": 162, ""PLACE"": 108, ""PLANT"": 240, ""SOUTH"": 550, ""WATER"": 1122, ""WEST"": 976}","{""BUY_ANIMAL:COW"": 9, ""BUY_ANIMAL:GOOSE"": 3, ""BUY_ANIMAL:SHEEP"": 5, ""BUY_PRODUCT:FERTILIZER"": 64, ""BUY_PRODUCT:WHEAT"": 149, ""BUY_SEED:CARROT"": 31, ""BUY_SEED:MELON"": 12, ""BUY_SEED:STRAWBERRY"": 33, ""BUY_SEED:WHEAT"": 188, ""SELL:CARROT"": 93, ""SELL:EGG"": 79, ""SELL:FERTILIZER"": 348, ""SELL:MELON"": 72, ""SELL:MILK"": 261, ""SELL:STRAWBERRY"": 262, ""SELL:WHEAT"": 310, ""SELL:WOOL"": 131}","{""BUY_ANIMAL:COW"": 3600, ""BUY_ANIMAL:GOOSE"": 900, ""BUY_ANIMAL:SHEEP"": 2500, ""BUY_PRODUCT:FERTILIZER"": 1932, ""BUY_PRODUCT:WHEAT"": 5095, ""BUY_SEED:CARROT"": 620, ""BUY_SEED:MELON"": 960, ""BUY_SEED:STRAWBERRY"": 3300, ""BUY_SEED:WHEAT"": 1880, ""SELL:CARROT"": 4079, ""SELL:EGG"": 3918, ""SELL:FERTILIZER"": 14471, ""SELL:MELON"": 14267, ""SELL:MILK"": 64224, ""SELL:STRAWBERRY"": 53878, ""SELL:WHEAT"": 11983, ""SELL:WOOL"": 5599}"
route-baseline-development-extra,9500491,1,apex,146054.0,138420.0,7634.0,719,6.878168032999383,0.07422109699837165,0.01837393500318285,0.01837393500318285,0.36678666199999954,182264,193cf69791878c165642f9c8eb1aeebb74bd5bccbe52986697c2797423c525dc,"{""BUILD_COOP"": 4, ""BUILD_PASTURE"": 14, ""CARE"": 381, ""COLLECT_FERTILIZER"": 384, ""DIG"": 35, ""DROP"": 19, ""EAST"": 704, ""FEED"": 361, ""FERTILIZE"": 98, ""HARVEST"": 481, ""NORTH"": 982, ""PASS"": 528, ""PICKUP"": 162, ""PLACE"": 108, ""PLANT"": 240, ""SOUTH"": 550, ""WATER"": 1122, ""WEST"": 976}","{""BUY_ANIMAL:COW"": 9, ""BUY_ANIMAL:GOOSE"": 3, ""BUY_ANIMAL:SHEEP"": 5, ""BUY_PRODUCT:FERTILIZER"": 64, ""BUY_PRODUCT:WHEAT"": 149, ""BUY_SEED:CARROT"": 31, ""BUY_SEED:MELON"": 12, ""BUY_SEED:STRAWBERRY"": 33, ""BUY_SEED:WHEAT"": 188, ""SELL:CARROT"": 93, ""SELL:EGG"": 79, ""SELL:FERTILIZER"": 348, ""SELL:MELON"": 72, ""SELL:MILK"": 261, ""SELL:STRAWBERRY"": 262, ""SELL:WHEAT"": 310, ""SELL:WOOL"": 131}","{""BUY_ANIMAL:COW"": 3600, ""BUY_ANIMAL:GOOSE"": 900, ""BUY_ANIMAL:SHEEP"": 2500, ""BUY_PRODUCT:FERTILIZER"": 1932, ""BUY_PRODUCT:WHEAT"": 5095, ""BUY_SEED:CARROT"": 620, ""BUY_SEED:MELON"": 960, ""BUY_SEED:STRAWBERRY"": 3300, ""BUY_SEED:WHEAT"": 1880, ""SELL:CARROT"": 4079, ""SELL:EGG"": 3918, ""SELL:FERTILIZER"": 14471, ""SELL:MELON"": 14267, ""SELL:MILK"": 64224, ""SELL:STRAWBERRY"": 53878, ""SELL:WHEAT"": 11983, ""SELL:WOOL"": 5599}"
route-baseline-development,9500401,0,arlene,82016.0,82016.0,0.0,719,6.018904497999756,0.1387338149943389,0.10061161500198068,0.10061161500198068,0.4218184579999986,21128,13d15aa13d83db3b4b3256c0a8fef35af9668f56eb906c9efa207a7df5175eba,"{""BUILD_COOP"": 1, ""BUILD_PASTURE"": 17, ""CARE"": 363, ""COLLECT_FERTILIZER"": 376, ""DIG"": 35, ""DROP"": 18, ""EAST"": 701, ""FEED"": 325, ""FERTILIZE"": 98, ""HARVEST"": 466, ""NORTH"": 979, ""PASS"": 596, ""PICKUP"": 161, ""PLACE"": 108, ""PLANT"": 240, ""SOUTH"": 548, ""WATER"": 1122, ""WEST"": 973}","{""BUY_ANIMAL:COW"": 9, ""BUY_ANIMAL:SHEEP"": 8, ""BUY_PRODUCT:FERTILIZER"": 75, ""BUY_PRODUCT:WHEAT"": 143, ""BUY_SEED:CARROT"": 31, ""BUY_SEED:MELON"": 12, ""BUY_SEED:STRAWBERRY"": 33, ""BUY_SEED:WHEAT"": 188, ""SELL:CARROT"": 93, ""SELL:FERTILIZER"": 324, ""SELL:MELON"": 72, ""SELL:MILK"": 207, ""SELL:STRAWBERRY"": 262, ""SELL:WHEAT"": 340, ""SELL:WOOL"": 196}","{""BUY_ANIMAL:COW"": 3600, ""BUY_ANIMAL:SHEEP"": 4000, ""BUY_PRODUCT:FERTILIZER"": 2163, ""BUY_PRODUCT:WHEAT"": 4961, ""BUY_SEED:CARROT"": 620, ""BUY_SEED:MELON"": 960, ""BUY_SEED:STRAWBERRY"": 3300, ""BUY_SEED:WHEAT"": 1880, ""SELL:CARROT"": 5379, ""SELL:FERTILIZER"": 14677, ""SELL:MELON"": 14267, ""SELL:MILK"": 4351, ""SELL:STRAWBERRY"": 10786, ""SELL:WHEAT"": 12167, ""SELL:WOOL"": 47417}"
route-baseline-development,9500401,1,arlene,82016.0,82016.0,0.0,719,6.441339124998194,0.07020789699890884,0.02867290500580566,0.02867290500580566,0.3135982580000001,28416,13d15aa13d83db3b4b3256c0a8fef35af9668f56eb906c9efa207a7df5175eba,"{""BUILD_COOP"": 1, ""BUILD_PASTURE"": 17, ""CARE"": 363, ""COLLECT_FERTILIZER"": 376, ""DIG"": 35, ""DROP"": 18, ""EAST"": 701, ""FEED"": 325, ""FERTILIZE"": 98, ""HARVEST"": 466, ""NORTH"": 979, ""PASS"": 596, ""PICKUP"": 161, ""PLACE"": 108, ""PLANT"": 240, ""SOUTH"": 548, ""WATER"": 1122, ""WEST"": 973}","{""BUY_ANIMAL:COW"": 9, ""BUY_ANIMAL:SHEEP"": 8, ""BUY_PRODUCT:FERTILIZER"": 75, ""BUY_PRODUCT:WHEAT"": 143, ""BUY_SEED:CARROT"": 31, ""BUY_SEED:MELON"": 12, ""BUY_SEED:STRAWBERRY"": 33, ""BUY_SEED:WHEAT"": 188, ""SELL:CARROT"": 93, ""SELL:FERTILIZER"": 324, ""SELL:MELON"": 72, ""SELL:MILK"": 207, ""SELL:STRAWBERRY"": 262, ""SELL:WHEAT"": 340, ""SELL:WOOL"": 196}","{""BUY_ANIMAL:COW"": 3600, ""BUY_ANIMAL:SHEEP"": 4000, ""BUY_PRODUCT:FERTILIZER"": 2163, ""BUY_PRODUCT:WHEAT"": 4961, ""BUY_SEED:CARROT"": 620, ""BUY_SEED:MELON"": 960, ""BUY_SEED:STRAWBERRY"": 3300, ""BUY_SEED:WHEAT"": 1880, ""SELL:CARROT"": 5379, ""SELL:FERTILIZER"": 14677, ""SELL:MELON"": 14267, ""SELL:MILK"": 4351, ""SELL:STRAWBERRY"": 10786, ""SELL:WHEAT"": 12167, ""SELL:WOOL"": 47417}"
route-baseline-development,9500401,0,apex,82541.0,77294.0,5247.0,719,6.4046206020066165,0.08910731100331759,0.02346722399670398,0.02346722399670398,0.3347483530000001,40672,0d46f46246f32b861c37c034b9e6a2fc9cf5f0f44b5cab006ba6d9073d09138b,"{""BUILD_COOP"": 1, ""BUILD_PASTURE"": 17, ""CARE"": 363, ""COLLECT_FERTILIZER"": 376, ""DIG"": 35, ""DROP"": 18, ""EAST"": 701, ""FEED"": 325, ""FERTILIZE"": 98, ""HARVEST"": 466, ""NORTH"": 979, ""PASS"": 596, ""PICKUP"": 161, ""PLACE"": 108, ""PLANT"": 240, ""SOUTH"": 548, ""WATER"": 1122, ""WEST"": 973}","{""BUY_ANIMAL:COW"": 9, ""BUY_ANIMAL:SHEEP"": 8, ""BUY_PRODUCT:FERTILIZER"": 75, ""BUY_PRODUCT:WHEAT"": 143, ""BUY_SEED:CARROT"": 31, ""BUY_SEED:MELON"": 12, ""BUY_SEED:STRAWBERRY"": 33, ""BUY_SEED:WHEAT"": 188, ""SELL:CARROT"": 93, ""SELL:FERTILIZER"": 324, ""SELL:MELON"": 72, ""SELL:MILK"": 207, ""SELL:STRAWBERRY"": 262, ""SELL:WHEAT"": 340, ""SELL:WOOL"": 196}","{""BUY_ANIMAL:COW"": 3600, ""BUY_ANIMAL:SHEEP"": 4000, ""BUY_PRODUCT:FERTILIZER"": 2151, ""BUY_PRODUCT:WHEAT"": 4960, ""BUY_SEED:CARROT"": 620, ""BUY_SEED:MELON"": 960, ""BUY_SEED:STRAWBERRY"": 3300, ""BUY_SEED:WHEAT"": 1880, ""SELL:CARROT"": 5627, ""SELL:FERTILIZER"": 14630, ""SELL:MELON"": 14267, ""SELL:MILK"": 4355, ""SELL:STRAWBERRY"": 10911, ""SELL:WHEAT"": 12351, ""SELL:WOOL"": 47415}"
route-baseline-development,9500401,1,apex,82541.0,77294.0,5247.0,719,6.506906176000484,0.08337305799796013,0.02804714000376407,0.02804714000376407,0.36148195800000127,53320,6756a6ea97a9559669419d533c99511b9f2f0f60b48cce547f3a1669b6c3eafc,"{""BUILD_COOP"": 1, ""BUILD_PASTURE"": 17, ""CARE"": 363, ""COLLECT_FERTILIZER"": 376, ""DIG"": 35, ""DROP"": 18, ""EAST"": 701, ""FEED"": 325, ""FERTILIZE"": 98, ""HARVEST"": 466, ""NORTH"": 979, ""PASS"": 596, ""PICKUP"": 161, ""PLACE"": 108, ""PLANT"": 240, ""SOUTH"": 548, ""WATER"": 1122, ""WEST"": 973}","{""BUY_ANIMAL:COW"": 9, ""BUY_ANIMAL:SHEEP"": 8, ""BUY_PRODUCT:FERTILIZER"": 75, ""BUY_PRODUCT:WHEAT"": 143, ""BUY_SEED:CARROT"": 31, ""BUY_SEED:MELON"": 12, ""BUY_SEED:STRAWBERRY"": 33, ""BUY_SEED:WHEAT"": 188, ""SELL:CARROT"": 93, ""SELL:FERTILIZER"": 324, ""SELL:MELON"": 72, ""SELL:MILK"": 207, ""SELL:STRAWBERRY"": 262, ""SELL:WHEAT"": 340, ""SELL:WOOL"": 196}","{""BUY_ANIMAL:COW"": 3600, ""BUY_ANIMAL:SHEEP"": 4000, ""BUY_PRODUCT:FERTILIZER"": 2151, ""BUY_PRODUCT:WHEAT"": 4960, ""BUY_SEED:CARROT"": 620, ""BUY_SEED:MELON"": 960, ""BUY_SEED:STRAWBERRY"": 3300, ""BUY_SEED:WHEAT"": 1880, ""SELL:CARROT"": 5627, ""SELL:FERTILIZER"": 14630, ""SELL:MELON"": 14267, ""SELL:MILK"": 4355, ""SELL:STRAWBERRY"": 10911, ""SELL:WHEAT"": 12351, ""SELL:WOOL"": 47415}"
route-baseline-development,9500419,0,arlene,84640.0,84640.0,0.0,719,5.767114914997364,0.07642404099897249,0.02162769500137074,0.02162769500137074,0.32531824200000037,65672,ef56d42d6e75c2e5bb6ea584453a2f28bb97abb79dc9d1716aba84406aa95959,"{""BUILD_COOP"": 1, ""BUILD_PASTURE"": 17, ""CARE"": 381, ""COLLECT_FERTILIZER"": 379, ""DIG"": 36, ""DROP"": 15, ""EAST"": 702, ""FEED"": 361, ""FERTILIZE"": 96, ""HARVEST"": 468, ""NORTH"": 985, ""PASS"": 585, ""PICKUP"": 163, ""PLACE"": 109, ""PLANT"": 239, ""SOUTH"": 546, ""WATER"": 1111, ""WEST"": 976}","{""BUY_ANIMAL:COW"": 9, ""BUY_ANIMAL:SHEEP"": 8, ""BUY_PRODUCT:FERTILIZER"": 67, ""BUY_PRODUCT:WHEAT"": 150, ""BUY_SEED:CARROT"": 5, ""BUY_SEED:MELON"": 12, ""BUY_SEED:STRAWBERRY"": 33, ""BUY_SEED:WHEAT"": 189, ""SELL:CARROT"": 9, ""SELL:FERTILIZER"": 350, ""SELL:MELON"": 72, ""SELL:MILK"": 261, ""SELL:STRAWBERRY"": 262, ""SELL:WHEAT"": 387, ""SELL:WOOL"": 196}","{""BUY_ANIMAL:COW"": 3600, ""BUY_ANIMAL:SHEEP"": 4000, ""BUY_PRODUCT:FERTILIZER"": 2342, ""BUY_PRODUCT:WHEAT"": 5244, ""BUY_SEED:CARROT"": 100, ""BUY_SEED:MELON"": 960, ""BUY_SEED:STRAWBERRY"": 3300, ""BUY_SEED:WHEAT"": 1890, ""SELL:CARROT"": 594, ""SELL:FERTILIZER"": 14940, ""SELL:MELON"": 14267, ""SELL:MILK"": 10676, ""SELL:STRAWBERRY"": 14523, ""SELL:WHEAT"": 15099, ""SELL:WOOL"": 41809}"
route-baseline-development,9500419,1,arlene,84640.0,84640.0,0.0,719,5.914046941004926,0.06015255600505043,0.018347331002587453,0.018347331002587453,0.3235551599999995,70812,ef56d42d6e75c2e5bb6ea584453a2f28bb97abb79dc9d1716aba84406aa95959,"{""BUILD_COOP"": 1, ""BUILD_PASTURE"": 17, ""CARE"": 381, ""COLLECT_FERTILIZER"": 379, ""DIG"": 36, ""DROP"": 15, ""EAST"": 702, ""FEED"": 361, ""FERTILIZE"": 96, ""HARVEST"": 468, ""NORTH"": 985, ""PASS"": 585, ""PICKUP"": 163, ""PLACE"": 109, ""PLANT"": 239, ""SOUTH"": 546, ""WATER"": 1111, ""WEST"": 976}","{""BUY_ANIMAL:COW"": 9, ""BUY_ANIMAL:SHEEP"": 8, ""BUY_PRODUCT:FERTILIZER"": 67, ""BUY_PRODUCT:WHEAT"": 150, ""BUY_SEED:CARROT"": 5, ""BUY_SEED:MELON"": 12, ""BUY_SEED:STRAWBERRY"": 33, ""BUY_SEED:WHEAT"": 189, ""SELL:CARROT"": 9, ""SELL:FERTILIZER"": 350, ""SELL:MELON"": 72, ""SELL:MILK"": 261, ""SELL:STRAWBERRY"": 262, ""SELL:WHEAT"": 387, ""SELL:WOOL"": 196}","{""BUY_ANIMAL:COW"": 3600, ""BUY_ANIMAL:SHEEP"": 4000, ""BUY_PRODUCT:FERTILIZER"": 2342, ""BUY_PRODUCT:WHEAT"": 5244, ""BUY_SEED:CARROT"": 100, ""BUY_SEED:MELON"": 960, ""BUY_SEED:STRAWBERRY"": 3300, ""BUY_SEED:WHEAT"": 1890, ""SELL:CARROT"": 594, ""SELL:FERTILIZER"": 14940, ""SELL:MELON"": 14267, ""SELL:MILK"": 10676, ""SELL:STRAWBERRY"": 14523, ""SELL:WHEAT"": 15099, ""SELL:WOOL"": 41809}"
route-baseline-development,9500419,0,apex,84468.0,82687.0,1781.0,719,6.155381190998014,0.07361283600039314,0.025189084000885487,0.025189084000885487,0.3539098100000002,81784,2551b20b5a61d2d26d432019d7e70516cdc6ad8c735a20e66756ca58e03ef6d6,"{""BUILD_COOP"": 1, ""BUILD_PASTURE"": 17, ""CARE"": 381, ""COLLECT_FERTILIZER"": 379, ""DIG"": 36, ""DROP"": 15, ""EAST"": 702, ""FEED"": 361, ""FERTILIZE"": 96, ""HARVEST"": 468, ""NORTH"": 985, ""PASS"": 585, ""PICKUP"": 163, ""PLACE"": 109, ""PLANT"": 239, ""SOUTH"": 546, ""WATER"": 1111, ""WEST"": 976}","{""BUY_ANIMAL:COW"": 9, ""BUY_ANIMAL:SHEEP"": 8, ""BUY_PRODUCT:FERTILIZER"": 67, ""BUY_PRODUCT:WHEAT"": 150, ""BUY_SEED:CARROT"": 5, ""BUY_SEED:MELON"": 12, ""BUY_SEED:STRAWBERRY"": 33, ""BUY_SEED:WHEAT"": 189, ""SELL:CARROT"": 9, ""SELL:FERTILIZER"": 350, ""SELL:MELON"": 72, ""SELL:MILK"": 261, ""SELL:STRAWBERRY"": 262, ""SELL:WHEAT"": 387, ""SELL:WOOL"": 196}","{""BUY_ANIMAL:COW"": 3600, ""BUY_ANIMAL:SHEEP"": 4000, ""BUY_PRODUCT:FERTILIZER"": 2351, ""BUY_PRODUCT:WHEAT"": 5244, ""BUY_SEED:CARROT"": 100, ""BUY_SEED:MELON"": 960, ""BUY_SEED:STRAWBERRY"": 3300, ""BUY_SEED:WHEAT"": 1890, ""SELL:CARROT"": 594, ""SELL:FERTILIZER"": 14883, ""SELL:MELON"": 14267, ""SELL:MILK"": 10448, ""SELL:STRAWBERRY"": 14662, ""SELL:WHEAT"": 15051, ""SELL:WOOL"": 41840}"
route-baseline-development,9500419,1,apex,84468.0,82687.0,1781.0,719,5.9549976979978965,0.058535957999993116,0.01975756700267084,0.01975756700267084,0.3310896459999999,92852,7d89d0cf577fde65bdd67e2e232ba6eca6be2454ae62a31a3a54222a5871a66e,"{""BUILD_COOP"": 1, ""BUILD_PASTURE"": 17, ""CARE"": 381, ""COLLECT_FERTILIZER"": 379, ""DIG"": 36, ""DROP"": 15, ""EAST"": 702, ""FEED"": 361, ""FERTILIZE"": 96, ""HARVEST"": 468, ""NORTH"": 985, ""PASS"": 585, ""PICKUP"": 163, ""PLACE"": 109, ""PLANT"": 239, ""SOUTH"": 546, ""WATER"": 1111, ""WEST"": 976}","{""BUY_ANIMAL:COW"": 9, ""BUY_ANIMAL:SHEEP"": 8, ""BUY_PRODUCT:FERTILIZER"": 67, ""BUY_PRODUCT:WHEAT"": 150, ""BUY_SEED:CARROT"": 5, ""BUY_SEED:MELON"": 12, ""BUY_SEED:STRAWBERRY"": 33, ""BUY_SEED:WHEAT"": 189, ""SELL:CARROT"": 9, ""SELL:FERTILIZER"": 350, ""SELL:MELON"": 72, ""SELL:MILK"": 261, ""SELL:STRAWBERRY"": 262, ""SELL:WHEAT"": 387, ""SELL:WOOL"": 196}","{""BUY_ANIMAL:COW"": 3600, ""BUY_ANIMAL:SHEEP"": 4000, ""BUY_PRODUCT:FERTILIZER"": 2351, ""BUY_PRODUCT:WHEAT"": 5244, ""BUY_SEED:CARROT"": 100, ""BUY_SEED:MELON"": 960, ""BUY_SEED:STRAWBERRY"": 3300, ""BUY_SEED:WHEAT"": 1890, ""SELL:CARROT"": 594, ""SELL:FERTILIZER"": 14883, ""SELL:MELON"": 14267, ""SELL:MILK"": 10448, ""SELL:STRAWBERRY"": 14662, ""SELL:WHEAT"": 15051, ""SELL:WOOL"": 41840}"
route-baseline-reserved,9500503,0,arlene,76899.0,76899.0,0.0,719,6.576742921002733,0.10842540400335565,0.06139635200088378,0.06139635200088378,0.3861908989999985,21048,13cd6087b7736eed23927edc67e53c8152ce2ce7f9f3a01a3320fe080ab72480,"{""BUILD_COOP"": 1, ""BUILD_PASTURE"": 17, ""CARE"": 381, ""COLLECT_FERTILIZER"": 379, ""DIG"": 36, ""DROP"": 15, ""EAST"": 702, ""FEED"": 361, ""FERTILIZE"": 96, ""HARVEST"": 468, ""NORTH"": 985, ""PASS"": 585, ""PICKUP"": 163, ""PLACE"": 109, ""PLANT"": 239, ""SOUTH"": 546, ""WATER"": 1111, ""WEST"": 976}","{""BUY_ANIMAL:COW"": 9, ""BUY_ANIMAL:SHEEP"": 8, ""BUY_PRODUCT:FERTILIZER"": 67, ""BUY_PRODUCT:WHEAT"": 143, ""BUY_SEED:CARROT"": 5, ""BUY_SEED:MELON"": 12, ""BUY_SEED:STRAWBERRY"": 33, ""BUY_SEED:WHEAT"": 189, ""SELL:CARROT"": 9, ""SELL:FERTILIZER"": 350, ""SELL:MELON"": 72, ""SELL:MILK"": 261, ""SELL:STRAWBERRY"": 262, ""SELL:WHEAT"": 380, ""SELL:WOOL"": 196}","{""BUY_ANIMAL:COW"": 3600, ""BUY_ANIMAL:SHEEP"": 4000, ""BUY_PRODUCT:FERTILIZER"": 2342, ""BUY_PRODUCT:WHEAT"": 4961, ""BUY_SEED:CARROT"": 100, ""BUY_SEED:MELON"": 960, ""BUY_SEED:STRAWBERRY"": 3300, ""BUY_SEED:WHEAT"": 1890, ""SELL:CARROT"": 394, ""SELL:FERTILIZER"": 14940, ""SELL:MELON"": 14267, ""SELL:MILK"": 5541, ""SELL:STRAWBERRY"": 8134, ""SELL:WHEAT"": 13720, ""SELL:WOOL"": 46888}"
route-baseline-reserved,9500503,1,arlene,76899.0,76899.0,0.0,719,8.282019219994254,0.07178801300324267,0.04177725900080986,0.04177725900080986,0.4770686580000013,28032,13cd6087b7736eed23927edc67e53c8152ce2ce7f9f3a01a3320fe080ab72480,"{""BUILD_COOP"": 1, ""BUILD_PASTURE"": 17, ""CARE"": 381, ""COLLECT_FERTILIZER"": 379, ""DIG"": 36, ""DROP"": 15, ""EAST"": 702, ""FEED"": 361, ""FERTILIZE"": 96, ""HARVEST"": 468, ""NORTH"": 985, ""PASS"": 585, ""PICKUP"": 163, ""PLACE"": 109, ""PLANT"": 239, ""SOUTH"": 546, ""WATER"": 1111, ""WEST"": 976}","{""BUY_ANIMAL:COW"": 9, ""BUY_ANIMAL:SHEEP"": 8, ""BUY_PRODUCT:FERTILIZER"": 67, ""BUY_PRODUCT:WHEAT"": 143, ""BUY_SEED:CARROT"": 5, ""BUY_SEED:MELON"": 12, ""BUY_SEED:STRAWBERRY"": 33, ""BUY_SEED:WHEAT"": 189, ""SELL:CARROT"": 9, ""SELL:FERTILIZER"": 350, ""SELL:MELON"": 72, ""SELL:MILK"": 261, ""SELL:STRAWBERRY"": 262, ""SELL:WHEAT"": 380, ""SELL:WOOL"": 196}","{""BUY_ANIMAL:COW"": 3600, ""BUY_ANIMAL:SHEEP"": 4000, ""BUY_PRODUCT:FERTILIZER"": 2342, ""BUY_PRODUCT:WHEAT"": 4961, ""BUY_SEED:CARROT"": 100, ""BUY_SEED:MELON"": 960, ""BUY_SEED:STRAWBERRY"": 3300, ""BUY_SEED:WHEAT"": 1890, ""SELL:CARROT"": 394, ""SELL:FERTILIZER"": 14940, ""SELL:MELON"": 14267, ""SELL:MILK"": 5541, ""SELL:STRAWBERRY"": 8134, ""SELL:WHEAT"": 13720, ""SELL:WOOL"": 46888}"
route-baseline-reserved,9500503,0,apex,76737.0,75197.0,1540.0,719,10.651265313994372,0.07920103200012818,0.026230085000861436,0.026230085000861436,0.46810801599999985,40360,c7a92af000b7b8a73f05914f9015f30f89d3dc83d2a959d1f30fa8271b0b5b4e,"{""BUILD_COOP"": 1, ""BUILD_PASTURE"": 17, ""CARE"": 381, ""COLLECT_FERTILIZER"": 379, ""DIG"": 36, ""DROP"": 15, ""EAST"": 702, ""FEED"": 361, ""FERTILIZE"": 96, ""HARVEST"": 468, ""NORTH"": 985, ""PASS"": 585, ""PICKUP"": 163, ""PLACE"": 109, ""PLANT"": 239, ""SOUTH"": 546, ""WATER"": 1111, ""WEST"": 976}","{""BUY_ANIMAL:COW"": 9, ""BUY_ANIMAL:SHEEP"": 8, ""BUY_PRODUCT:FERTILIZER"": 67, ""BUY_PRODUCT:WHEAT"": 143, ""BUY_SEED:CARROT"": 5, ""BUY_SEED:MELON"": 12, ""BUY_SEED:STRAWBERRY"": 33, ""BUY_SEED:WHEAT"": 189, ""SELL:CARROT"": 9, ""SELL:FERTILIZER"": 350, ""SELL:MELON"": 72, ""SELL:MILK"": 261, ""SELL:STRAWBERRY"": 262, ""SELL:WHEAT"": 380, ""SELL:WOOL"": 196}","{""BUY_ANIMAL:COW"": 3600, ""BUY_ANIMAL:SHEEP"": 4000, ""BUY_PRODUCT:FERTILIZER"": 2351, ""BUY_PRODUCT:WHEAT"": 4960, ""BUY_SEED:CARROT"": 100, ""BUY_SEED:MELON"": 960, ""BUY_SEED:STRAWBERRY"": 3300, ""BUY_SEED:WHEAT"": 1890, ""SELL:CARROT"": 394, ""SELL:FERTILIZER"": 14883, ""SELL:MELON"": 14267, ""SELL:MILK"": 5444, ""SELL:STRAWBERRY"": 8301, ""SELL:WHEAT"": 13548, ""SELL:WOOL"": 46893}"
route-baseline-reserved,9500503,1,apex,76737.0,75197.0,1540.0,719,7.235910600997158,0.070743089003372,0.01944694099802291,0.01944694099802291,0.39106946700000095,52812,2ef6a7d9c68e1e2682c9793049750a4421e2fda01d4652432b9ebb62b6fa7bdc,"{""BUILD_COOP"": 1, ""BUILD_PASTURE"": 17, ""CARE"": 381, ""COLLECT_FERTILIZER"": 379, ""DIG"": 36, ""DROP"": 15, ""EAST"": 702, ""FEED"": 361, ""FERTILIZE"": 96, ""HARVEST"": 468, ""NORTH"": 985, ""PASS"": 585, ""PICKUP"": 163, ""PLACE"": 109, ""PLANT"": 239, ""SOUTH"": 546, ""WATER"": 1111, ""WEST"": 976}","{""BUY_ANIMAL:COW"": 9, ""BUY_ANIMAL:SHEEP"": 8, ""BUY_PRODUCT:FERTILIZER"": 67, ""BUY_PRODUCT:WHEAT"": 143, ""BUY_SEED:CARROT"": 5, ""BUY_SEED:MELON"": 12, ""BUY_SEED:STRAWBERRY"": 33, ""BUY_SEED:WHEAT"": 189, ""SELL:CARROT"": 9, ""SELL:FERTILIZER"": 350, ""SELL:MELON"": 72, ""SELL:MILK"": 261, ""SELL:STRAWBERRY"": 262, ""SELL:WHEAT"": 380, ""SELL:WOOL"": 196}","{""BUY_ANIMAL:COW"": 3600, ""BUY_ANIMAL:SHEEP"": 4000, ""BUY_PRODUCT:FERTILIZER"": 2351, ""BUY_PRODUCT:WHEAT"": 4960, ""BUY_SEED:CARROT"": 100, ""BUY_SEED:MELON"": 960, ""BUY_SEED:STRAWBERRY"": 3300, ""BUY_SEED:WHEAT"": 1890, ""SELL:CARROT"": 394, ""SELL:FERTILIZER"": 14883, ""SELL:MELON"": 14267, ""SELL:MILK"": 5444, ""SELL:STRAWBERRY"": 8301, ""SELL:WHEAT"": 13548, ""SELL:WOOL"": 46893}"
route-baseline-reserved,9500521,0,arlene,78179.0,78179.0,0.0,719,7.84875537300104,0.0657461169976159,0.020333804000983946,0.020333804000983946,0.39764299299999917,65268,1d5d3e039021f9257d6b47e1d040727d67f6d8636071ee0ae6d23e2d09fd7c44,"{""BUILD_COOP"": 1, ""BUILD_PASTURE"": 17, ""CARE"": 381, ""COLLECT_FERTILIZER"": 379, ""DIG"": 36, ""DROP"": 15, ""EAST"": 702, ""FEED"": 361, ""FERTILIZE"": 96, ""HARVEST"": 468, ""NORTH"": 985, ""PASS"": 585, ""PICKUP"": 163, ""PLACE"": 109, ""PLANT"": 239, ""SOUTH"": 546, ""WATER"": 1111, ""WEST"": 976}","{""BUY_ANIMAL:COW"": 9, ""BUY_ANIMAL:SHEEP"": 8, ""BUY_PRODUCT:FERTILIZER"": 67, ""BUY_PRODUCT:WHEAT"": 143, ""BUY_SEED:CARROT"": 5, ""BUY_SEED:MELON"": 12, ""BUY_SEED:STRAWBERRY"": 33, ""BUY_SEED:WHEAT"": 189, ""SELL:CARROT"": 9, ""SELL:FERTILIZER"": 350, ""SELL:MELON"": 72, ""SELL:MILK"": 261, ""SELL:STRAWBERRY"": 262, ""SELL:WHEAT"": 380, ""SELL:WOOL"": 196}","{""BUY_ANIMAL:COW"": 3600, ""BUY_ANIMAL:SHEEP"": 4000, ""BUY_PRODUCT:FERTILIZER"": 2342, ""BUY_PRODUCT:WHEAT"": 4961, ""BUY_SEED:CARROT"": 100, ""BUY_SEED:MELON"": 960, ""BUY_SEED:STRAWBERRY"": 3300, ""BUY_SEED:WHEAT"": 1890, ""SELL:CARROT"": 412, ""SELL:FERTILIZER"": 14940, ""SELL:MELON"": 14267, ""SELL:MILK"": 4596, ""SELL:STRAWBERRY"": 8713, ""SELL:WHEAT"": 14335, ""SELL:WOOL"": 47901}"
route-baseline-reserved,9500521,1,arlene,78179.0,78179.0,0.0,719,6.93573428599484,0.06426473199826432,0.02194197999779135,0.02194197999779135,0.4092300080000011,70176,1d5d3e039021f9257d6b47e1d040727d67f6d8636071ee0ae6d23e2d09fd7c44,"{""BUILD_COOP"": 1, ""BUILD_PASTURE"": 17, ""CARE"": 381, ""COLLECT_FERTILIZER"": 379, ""DIG"": 36, ""DROP"": 15, ""EAST"": 702, ""FEED"": 361, ""FERTILIZE"": 96, ""HARVEST"": 468, ""NORTH"": 985, ""PASS"": 585, ""PICKUP"": 163, ""PLACE"": 109, ""PLANT"": 239, ""SOUTH"": 546, ""WATER"": 1111, ""WEST"": 976}","{""BUY_ANIMAL:COW"": 9, ""BUY_ANIMAL:SHEEP"": 8, ""BUY_PRODUCT:FERTILIZER"": 67, ""BUY_PRODUCT:WHEAT"": 143, ""BUY_SEED:CARROT"": 5, ""BUY_SEED:MELON"": 12, ""BUY_SEED:STRAWBERRY"": 33, ""BUY_SEED:WHEAT"": 189, ""SELL:CARROT"": 9, ""SELL:FERTILIZER"": 350, ""SELL:MELON"": 72, ""SELL:MILK"": 261, ""SELL:STRAWBERRY"": 262, ""SELL:WHEAT"": 380, ""SELL:WOOL"": 196}","{""BUY_ANIMAL:COW"": 3600, ""BUY_ANIMAL:SHEEP"": 4000, ""BUY_PRODUCT:FERTILIZER"": 2342, ""BUY_PRODUCT:WHEAT"": 4961, ""BUY_SEED:CARROT"": 100, ""BUY_SEED:MELON"": 960, ""BUY_SEED:STRAWBERRY"": 3300, ""BUY_SEED:WHEAT"": 1890, ""SELL:CARROT"": 412, ""SELL:FERTILIZER"": 14940, ""SELL:MELON"": 14267, ""SELL:MILK"": 4596, ""SELL:STRAWBERRY"": 8713, ""SELL:WHEAT"": 14335, ""SELL:WOOL"": 47901}"
route-baseline-reserved,9500521,0,apex,78021.0,77145.0,876.0,719,7.552799490003963,0.06390742800431326,0.020959052002581302,0.020959052002581302,0.3636107449999993,81424,bd72ab56a705b08fa584d134a6b8b7cd41ca4ffb556af928ff19b9797cce05aa,"{""BUILD_COOP"": 1, ""BUILD_PASTURE"": 17, ""CARE"": 381, ""COLLECT_FERTILIZER"": 379, ""DIG"": 36, ""DROP"": 15, ""EAST"": 702, ""FEED"": 361, ""FERTILIZE"": 96, ""HARVEST"": 468, ""NORTH"": 985, ""PASS"": 585, ""PICKUP"": 163, ""PLACE"": 109, ""PLANT"": 239, ""SOUTH"": 546, ""WATER"": 1111, ""WEST"": 976}","{""BUY_ANIMAL:COW"": 9, ""BUY_ANIMAL:SHEEP"": 8, ""BUY_PRODUCT:FERTILIZER"": 67, ""BUY_PRODUCT:WHEAT"": 143, ""BUY_SEED:CARROT"": 5, ""BUY_SEED:MELON"": 12, ""BUY_SEED:STRAWBERRY"": 33, ""BUY_SEED:WHEAT"": 189, ""SELL:CARROT"": 9, ""SELL:FERTILIZER"": 350, ""SELL:MELON"": 72, ""SELL:MILK"": 261, ""SELL:STRAWBERRY"": 262, ""SELL:WHEAT"": 380, ""SELL:WOOL"": 196}","{""BUY_ANIMAL:COW"": 3600, ""BUY_ANIMAL:SHEEP"": 4000, ""BUY_PRODUCT:FERTILIZER"": 2351, ""BUY_PRODUCT:WHEAT"": 4960, ""BUY_SEED:CARROT"": 100, ""BUY_SEED:MELON"": 960, ""BUY_SEED:STRAWBERRY"": 3300, ""BUY_SEED:WHEAT"": 1890, ""SELL:CARROT"": 412, ""SELL:FERTILIZER"": 14883, ""SELL:MELON"": 14267, ""SELL:MILK"": 4521, ""SELL:STRAWBERRY"": 8750, ""SELL:WHEAT"": 14280, ""SELL:WOOL"": 47901}"
route-baseline-reserved,9500521,1,apex,78021.0,77145.0,876.0,719,6.849246192999999,0.08295820700004697,0.03206495600170456,0.03206495600170456,0.3437812359999997,92544,bd98e0d396e61fd299473883e929ff15e0806ccc6bad3ba886d0142a3cc33a5b,"{""BUILD_COOP"": 1, ""BUILD_PASTURE"": 17, ""CARE"": 381, ""COLLECT_FERTILIZER"": 379, ""DIG"": 36, ""DROP"": 15, ""EAST"": 702, ""FEED"": 361, ""FERTILIZE"": 96, ""HARVEST"": 468, ""NORTH"": 985, ""PASS"": 585, ""PICKUP"": 163, ""PLACE"": 109, ""PLANT"": 239, ""SOUTH"": 546, ""WATER"": 1111, ""WEST"": 976}","{""BUY_ANIMAL:COW"": 9, ""BUY_ANIMAL:SHEEP"": 8, ""BUY_PRODUCT:FERTILIZER"": 67, ""BUY_PRODUCT:WHEAT"": 143, ""BUY_SEED:CARROT"": 5, ""BUY_SEED:MELON"": 12, ""BUY_SEED:STRAWBERRY"": 33, ""BUY_SEED:WHEAT"": 189, ""SELL:CARROT"": 9, ""SELL:FERTILIZER"": 350, ""SELL:MELON"": 72, ""SELL:MILK"": 261, ""SELL:STRAWBERRY"": 262, ""SELL:WHEAT"": 380, ""SELL:WOOL"": 196}","{""BUY_ANIMAL:COW"": 3600, ""BUY_ANIMAL:SHEEP"": 4000, ""BUY_PRODUCT:FERTILIZER"": 2351, ""BUY_PRODUCT:WHEAT"": 4960, ""BUY_SEED:CARROT"": 100, ""BUY_SEED:MELON"": 960, ""BUY_SEED:STRAWBERRY"": 3300, ""BUY_SEED:WHEAT"": 1890, ""SELL:CARROT"": 412, ""SELL:FERTILIZER"": 14883, ""SELL:MELON"": 14267, ""SELL:MILK"": 4521, ""SELL:STRAWBERRY"": 8750, ""SELL:WHEAT"": 14280, ""SELL:WOOL"": 47901}"
service-diagnostic,9500109,0,arlene,95699.0,113284.0,-17585.0,719,7.197766035002132,0.13457671500145807,,0.14829393300169613,0.8715007700000005,30704,26993b1e45a428db8387affbd8edd3368d66e43bcb9f1458181672864c716c21,"{""BUILD_PASTURE"": 15, ""CARE"": 341, ""COLLECT_FERTILIZER"": 336, ""DIG"": 53, ""DROP"": 139, ""EAST"": 766, ""FEED"": 347, ""FERTILIZE"": 80, ""HARVEST"": 420, ""NORTH"": 1001, ""PASS"": 365, ""PICKUP"": 297, ""PLACE"": 45, ""PLANT"": 202, ""SOUTH"": 763, ""WATER"": 977, ""WEST"": 937}","{""BUY_ANIMAL:COW"": 11, ""BUY_ANIMAL:SHEEP"": 4, ""BUY_PRODUCT:WHEAT"": 99, ""BUY_SEED:CARROT"": 20, ""BUY_SEED:MELON"": 11, ""BUY_SEED:STRAWBERRY"": 40, ""BUY_SEED:WHEAT"": 139, ""SELL:CARROT"": 54, ""SELL:FERTILIZER"": 246, ""SELL:MELON"": 64, ""SELL:MILK"": 239, ""SELL:STRAWBERRY"": 279, ""SELL:WHEAT"": 205, ""SELL:WOOL"": 127}","{""BUY_ANIMAL:COW"": 4400, ""BUY_ANIMAL:SHEEP"": 2000, ""BUY_PRODUCT:WHEAT"": 3753, ""BUY_SEED:CARROT"": 400, ""BUY_SEED:MELON"": 880, ""BUY_SEED:STRAWBERRY"": 4000, ""BUY_SEED:WHEAT"": 1390, ""SELL:CARROT"": 1641, ""SELL:FERTILIZER"": 11055, ""SELL:MELON"": 12505, ""SELL:MILK"": 58536, ""SELL:STRAWBERRY"": 21705, ""SELL:WHEAT"": 9111, ""SELL:WOOL"": 6099}"
strong-source-head-to-head-extra,9500337,0,apex,134305.0,125852.0,8453.0,719,5.895380867998028,0.059480584000993986,,0.019262456000433303,0.3193355070000007,21328,02e3538ee40b3bc33912a74f3694505958aca3d8b29f370709056f11bb82abe8,"{""BUILD_COOP"": 4, ""BUILD_PASTURE"": 14, ""CARE"": 381, ""COLLECT_FERTILIZER"": 384, ""DIG"": 35, ""DROP"": 19, ""EAST"": 704, ""FEED"": 361, ""FERTILIZE"": 98, ""HARVEST"": 481, ""NORTH"": 982, ""PASS"": 528, ""PICKUP"": 162, ""PLACE"": 108, ""PLANT"": 240, ""SOUTH"": 550, ""WATER"": 1122, ""WEST"": 976}","{""BUY_ANIMAL:COW"": 9, ""BUY_ANIMAL:GOOSE"": 3, ""BUY_ANIMAL:SHEEP"": 5, ""BUY_PRODUCT:FERTILIZER"": 64, ""BUY_PRODUCT:WHEAT"": 148, ""BUY_SEED:CARROT"": 31, ""BUY_SEED:MELON"": 12, ""BUY_SEED:STRAWBERRY"": 33, ""BUY_SEED:WHEAT"": 188, ""SELL:CARROT"": 93, ""SELL:EGG"": 79, ""SELL:FERTILIZER"": 348, ""SELL:MELON"": 72, ""SELL:MILK"": 261, ""SELL:STRAWBERRY"": 262, ""SELL:WHEAT"": 309, ""SELL:WOOL"": 131}","{""BUY_ANIMAL:COW"": 3600, ""BUY_ANIMAL:GOOSE"": 900, ""BUY_ANIMAL:SHEEP"": 2500, ""BUY_PRODUCT:FERTILIZER"": 1932, ""BUY_PRODUCT:WHEAT"": 5322, ""BUY_SEED:CARROT"": 620, ""BUY_SEED:MELON"": 960, ""BUY_SEED:STRAWBERRY"": 3300, ""BUY_SEED:WHEAT"": 1880, ""SELL:CARROT"": 4079, ""SELL:EGG"": 4320, ""SELL:FERTILIZER"": 14471, ""SELL:MELON"": 14267, ""SELL:MILK"": 47468, ""SELL:STRAWBERRY"": 57307, ""SELL:WHEAT"": 13386, ""SELL:WOOL"": 5599}"
strong-source-head-to-head-extra,9500337,1,apex,134305.0,125852.0,8453.0,719,6.441952424000192,0.10757621399898198,,0.019631143000879092,0.3375322420000006,26496,42aa954f03576f81fe07cfaaac4d95be7980e2cc644413cefb57688d05ad2c5b,"{""BUILD_COOP"": 4, ""BUILD_PASTURE"": 14, ""CARE"": 381, ""COLLECT_FERTILIZER"": 384, ""DIG"": 35, ""DROP"": 19, ""EAST"": 704, ""FEED"": 361, ""FERTILIZE"": 98, ""HARVEST"": 481, ""NORTH"": 982, ""PASS"": 528, ""PICKUP"": 162, ""PLACE"": 108, ""PLANT"": 240, ""SOUTH"": 550, ""WATER"": 1122, ""WEST"": 976}","{""BUY_ANIMAL:COW"": 9, ""BUY_ANIMAL:GOOSE"": 3, ""BUY_ANIMAL:SHEEP"": 5, ""BUY_PRODUCT:FERTILIZER"": 64, ""BUY_PRODUCT:WHEAT"": 148, ""BUY_SEED:CARROT"": 31, ""BUY_SEED:MELON"": 12, ""BUY_SEED:STRAWBERRY"": 33, ""BUY_SEED:WHEAT"": 188, ""SELL:CARROT"": 93, ""SELL:EGG"": 79, ""SELL:FERTILIZER"": 348, ""SELL:MELON"": 72, ""SELL:MILK"": 261, ""SELL:STRAWBERRY"": 262, ""SELL:WHEAT"": 309, ""SELL:WOOL"": 131}","{""BUY_ANIMAL:COW"": 3600, ""BUY_ANIMAL:GOOSE"": 900, ""BUY_ANIMAL:SHEEP"": 2500, ""BUY_PRODUCT:FERTILIZER"": 1932, ""BUY_PRODUCT:WHEAT"": 5322, ""BUY_SEED:CARROT"": 620, ""BUY_SEED:MELON"": 960, ""BUY_SEED:STRAWBERRY"": 3300, ""BUY_SEED:WHEAT"": 1880, ""SELL:CARROT"": 4079, ""SELL:EGG"": 4320, ""SELL:FERTILIZER"": 14471, ""SELL:MELON"": 14267, ""SELL:MILK"": 47468, ""SELL:STRAWBERRY"": 57307, ""SELL:WHEAT"": 13386, ""SELL:WOOL"": 5599}"
strong-source-head-to-head-extra,9500355,0,apex,77802.0,74083.0,3719.0,719,6.422324019000371,0.08137592300045071,,0.06097038299776614,0.48258154400000186,37212,42e3bed4c233ac8cddf4e21fe9a2b65a1d7420052d9c8675216cd448adf82736,"{""BUILD_COOP"": 1, ""BUILD_PASTURE"": 17, ""CARE"": 381, ""COLLECT_FERTILIZER"": 379, ""DIG"": 36, ""DROP"": 15, ""EAST"": 702, ""FEED"": 361, ""FERTILIZE"": 96, ""HARVEST"": 468, ""NORTH"": 985, ""PASS"": 585, ""PICKUP"": 163, ""PLACE"": 109, ""PLANT"": 239, ""SOUTH"": 546, ""WATER"": 1111, ""WEST"": 976}","{""BUY_ANIMAL:COW"": 9, ""BUY_ANIMAL:SHEEP"": 8, ""BUY_PRODUCT:FERTILIZER"": 65, ""BUY_PRODUCT:WHEAT"": 132, ""BUY_SEED:CARROT"": 5, ""BUY_SEED:MELON"": 12, ""BUY_SEED:STRAWBERRY"": 33, ""BUY_SEED:WHEAT"": 189, ""SELL:CARROT"": 9, ""SELL:FERTILIZER"": 348, ""SELL:MELON"": 72, ""SELL:MILK"": 261, ""SELL:STRAWBERRY"": 262, ""SELL:WHEAT"": 369, ""SELL:WOOL"": 196}","{""BUY_ANIMAL:COW"": 3600, ""BUY_ANIMAL:SHEEP"": 4000, ""BUY_PRODUCT:FERTILIZER"": 2171, ""BUY_PRODUCT:WHEAT"": 4665, ""BUY_SEED:CARROT"": 100, ""BUY_SEED:MELON"": 960, ""BUY_SEED:STRAWBERRY"": 3300, ""BUY_SEED:WHEAT"": 1890, ""SELL:CARROT"": 446, ""SELL:FERTILIZER"": 14703, ""SELL:MELON"": 14267, ""SELL:MILK"": 4407, ""SELL:STRAWBERRY"": 32564, ""SELL:WHEAT"": 15205, ""SELL:WOOL"": 22728}"
strong-source-head-to-head-extra,9500355,1,apex,77802.0,74083.0,3719.0,719,6.128256749001594,0.07029927099938504,,0.04096586000014213,0.3826481450000006,47896,8fb0f7aefd0ebf790df26a3fc0de0d6b6ff97b54da64923738b17deade5857b9,"{""BUILD_COOP"": 1, ""BUILD_PASTURE"": 17, ""CARE"": 381, ""COLLECT_FERTILIZER"": 379, ""DIG"": 36, ""DROP"": 15, ""EAST"": 702, ""FEED"": 361, ""FERTILIZE"": 96, ""HARVEST"": 468, ""NORTH"": 985, ""PASS"": 585, ""PICKUP"": 163, ""PLACE"": 109, ""PLANT"": 239, ""SOUTH"": 546, ""WATER"": 1111, ""WEST"": 976}","{""BUY_ANIMAL:COW"": 9, ""BUY_ANIMAL:SHEEP"": 8, ""BUY_PRODUCT:FERTILIZER"": 65, ""BUY_PRODUCT:WHEAT"": 132, ""BUY_SEED:CARROT"": 5, ""BUY_SEED:MELON"": 12, ""BUY_SEED:STRAWBERRY"": 33, ""BUY_SEED:WHEAT"": 189, ""SELL:CARROT"": 9, ""SELL:FERTILIZER"": 348, ""SELL:MELON"": 72, ""SELL:MILK"": 261, ""SELL:STRAWBERRY"": 262, ""SELL:WHEAT"": 369, ""SELL:WOOL"": 196}","{""BUY_ANIMAL:COW"": 3600, ""BUY_ANIMAL:SHEEP"": 4000, ""BUY_PRODUCT:FERTILIZER"": 2171, ""BUY_PRODUCT:WHEAT"": 4665, ""BUY_SEED:CARROT"": 100, ""BUY_SEED:MELON"": 960, ""BUY_SEED:STRAWBERRY"": 3300, ""BUY_SEED:WHEAT"": 1890, ""SELL:CARROT"": 446, ""SELL:FERTILIZER"": 14703, ""SELL:MELON"": 14267, ""SELL:MILK"": 4407, ""SELL:STRAWBERRY"": 32564, ""SELL:WHEAT"": 15205, ""SELL:WOOL"": 22728}"
strong-source-head-to-head,9500301,0,apex,69955.0,60678.0,9277.0,719,6.706123324001965,0.07388088399966364,,0.04889614400235587,0.5080471320000008,21328,f041d537761f739e899715c02deebc3c43a8263b56d818821f4b268faa3ddcb5,"{""BUILD_COOP"": 4, ""BUILD_PASTURE"": 13, ""CARE"": 364, ""COLLECT_FERTILIZER"": 368, ""DIG"": 37, ""DROP"": 22, ""EAST"": 701, ""FEED"": 314, ""FERTILIZE"": 98, ""HARVEST"": 470, ""NORTH"": 979, ""PASS"": 611, ""PICKUP"": 159, ""PLACE"": 107, ""PLANT"": 239, ""SOUTH"": 552, ""WATER"": 1122, ""WEST"": 969}","{""BUY_ANIMAL:COW"": 8, ""BUY_ANIMAL:GOOSE"": 3, ""BUY_ANIMAL:SHEEP"": 5, ""BUY_PRODUCT:FERTILIZER"": 78, ""BUY_PRODUCT:WHEAT"": 131, ""BUY_SEED:CARROT"": 31, ""BUY_SEED:MELON"": 12, ""BUY_SEED:STRAWBERRY"": 32, ""BUY_SEED:WHEAT"": 188, ""SELL:CARROT"": 93, ""SELL:EGG"": 79, ""SELL:FERTILIZER"": 304, ""SELL:MELON"": 72, ""SELL:MILK"": 180, ""SELL:STRAWBERRY"": 255, ""SELL:WHEAT"": 358, ""SELL:WOOL"": 122}","{""BUY_ANIMAL:COW"": 3200, ""BUY_ANIMAL:GOOSE"": 900, ""BUY_ANIMAL:SHEEP"": 2500, ""BUY_PRODUCT:FERTILIZER"": 2285, ""BUY_PRODUCT:WHEAT"": 4647, ""BUY_SEED:CARROT"": 620, ""BUY_SEED:MELON"": 960, ""BUY_SEED:STRAWBERRY"": 3200, ""BUY_SEED:WHEAT"": 1880, ""SELL:CARROT"": 5498, ""SELL:EGG"": 5053, ""SELL:FERTILIZER"": 14227, ""SELL:MELON"": 14267, ""SELL:MILK"": 4435, ""SELL:STRAWBERRY"": 31215, ""SELL:WHEAT"": 14884, ""SELL:WOOL"": 6057}"
strong-source-head-to-head,9500301,1,apex,60015.0,59903.0,112.0,719,5.914211159997649,0.06078256299952045,,0.018243255999550456,0.3239784530000006,26368,7a26b4b12703656aabc7cc9037e38aea3cfd86e240bdc86fdf3e1ca62f39142e,"{""BUILD_COOP"": 4, ""BUILD_PASTURE"": 14, ""CARE"": 364, ""COLLECT_FERTILIZER"": 368, ""DIG"": 35, ""DROP"": 22, ""EAST"": 701, ""FEED"": 315, ""FERTILIZE"": 98, ""HARVEST"": 470, ""NORTH"": 979, ""PASS"": 610, ""PICKUP"": 159, ""PLACE"": 107, ""PLANT"": 240, ""SOUTH"": 552, ""WATER"": 1122, ""WEST"": 969}","{""BUY_ANIMAL:COW"": 9, ""BUY_ANIMAL:GOOSE"": 3, ""BUY_ANIMAL:SHEEP"": 5, ""BUY_PRODUCT:FERTILIZER"": 76, ""BUY_PRODUCT:WHEAT"": 132, ""BUY_SEED:CARROT"": 31, ""BUY_SEED:MELON"": 12, ""BUY_SEED:STRAWBERRY"": 33, ""BUY_SEED:WHEAT"": 188, ""SELL:CARROT"": 93, ""SELL:EGG"": 79, ""SELL:FERTILIZER"": 323, ""SELL:MELON"": 72, ""SELL:MILK"": 207, ""SELL:STRAWBERRY"": 262, ""SELL:WHEAT"": 339, ""SELL:WOOL"": 122}","{""BUY_ANIMAL:COW"": 3600, ""BUY_ANIMAL:GOOSE"": 900, ""BUY_ANIMAL:SHEEP"": 2500, ""BUY_PRODUCT:FERTILIZER"": 1986, ""BUY_PRODUCT:WHEAT"": 4665, ""BUY_SEED:CARROT"": 620, ""BUY_SEED:MELON"": 960, ""BUY_SEED:STRAWBERRY"": 3300, ""BUY_SEED:WHEAT"": 1880, ""SELL:CARROT"": 2770, ""SELL:EGG"": 5130, ""SELL:FERTILIZER"": 14447, ""SELL:MELON"": 14267, ""SELL:MILK"": 7480, ""SELL:STRAWBERRY"": 15267, ""SELL:WHEAT"": 13823, ""SELL:WOOL"": 12731}"
strong-source-head-to-head,9500319,0,apex,80065.0,78238.0,1827.0,719,6.529563992000476,0.07322381099947961,,0.045844329997635214,0.410004957,36872,c688d0067d6c8f94e3f5c559b6d8678d51e65a8497f63cebb1b3d829762308c9,"{""BUILD_COOP"": 1, ""BUILD_PASTURE"": 17, ""CARE"": 381, ""COLLECT_FERTILIZER"": 379, ""DIG"": 37, ""DROP"": 15, ""EAST"": 702, ""FEED"": 361, ""FERTILIZE"": 96, ""HARVEST"": 468, ""NORTH"": 985, ""PASS"": 585, ""PICKUP"": 163, ""PLACE"": 109, ""PLANT"": 238, ""SOUTH"": 546, ""WATER"": 1111, ""WEST"": 976}","{""BUY_ANIMAL:COW"": 9, ""BUY_ANIMAL:SHEEP"": 8, ""BUY_PRODUCT:FERTILIZER"": 67, ""BUY_PRODUCT:WHEAT"": 144, ""BUY_SEED:CARROT"": 5, ""BUY_SEED:MELON"": 12, ""BUY_SEED:STRAWBERRY"": 33, ""BUY_SEED:WHEAT"": 189, ""SELL:CARROT"": 9, ""SELL:FERTILIZER"": 350, ""SELL:MELON"": 72, ""SELL:MILK"": 261, ""SELL:STRAWBERRY"": 262, ""SELL:WHEAT"": 378, ""SELL:WOOL"": 196}","{""BUY_ANIMAL:COW"": 3600, ""BUY_ANIMAL:SHEEP"": 4000, ""BUY_PRODUCT:FERTILIZER"": 2351, ""BUY_PRODUCT:WHEAT"": 4899, ""BUY_SEED:CARROT"": 100, ""BUY_SEED:MELON"": 960, ""BUY_SEED:STRAWBERRY"": 3300, ""BUY_SEED:WHEAT"": 1890, ""SELL:CARROT"": 549, ""SELL:FERTILIZER"": 14883, ""SELL:MELON"": 14267, ""SELL:MILK"": 4575, ""SELL:STRAWBERRY"": 11567, ""SELL:WHEAT"": 13169, ""SELL:WOOL"": 47987}"
strong-source-head-to-head,9500319,1,apex,80320.0,77761.0,2559.0,719,6.163509581001563,0.05702165099864942,,0.017869930001324974,0.2980137349999997,47552,b81acc713345606696cfbae611281a9954eadbb4e7d9ca89515182e5a73c6995,"{""BUILD_COOP"": 1, ""BUILD_PASTURE"": 17, ""CARE"": 381, ""COLLECT_FERTILIZER"": 379, ""DIG"": 36, ""DROP"": 15, ""EAST"": 702, ""FEED"": 361, ""FERTILIZE"": 96, ""HARVEST"": 468, ""NORTH"": 985, ""PASS"": 585, ""PICKUP"": 163, ""PLACE"": 109, ""PLANT"": 239, ""SOUTH"": 546, ""WATER"": 1111, ""WEST"": 976}","{""BUY_ANIMAL:COW"": 9, ""BUY_ANIMAL:SHEEP"": 8, ""BUY_PRODUCT:FERTILIZER"": 67, ""BUY_PRODUCT:WHEAT"": 144, ""BUY_SEED:CARROT"": 5, ""BUY_SEED:MELON"": 12, ""BUY_SEED:STRAWBERRY"": 33, ""BUY_SEED:WHEAT"": 189, ""SELL:CARROT"": 9, ""SELL:FERTILIZER"": 350, ""SELL:MELON"": 72, ""SELL:MILK"": 261, ""SELL:STRAWBERRY"": 262, ""SELL:WHEAT"": 381, ""SELL:WOOL"": 196}","{""BUY_ANIMAL:COW"": 3600, ""BUY_ANIMAL:SHEEP"": 4000, ""BUY_PRODUCT:FERTILIZER"": 2351, ""BUY_PRODUCT:WHEAT"": 4899, ""BUY_SEED:CARROT"": 100, ""BUY_SEED:MELON"": 960, ""BUY_SEED:STRAWBERRY"": 3300, ""BUY_SEED:WHEAT"": 1890, ""SELL:CARROT"": 549, ""SELL:FERTILIZER"": 14883, ""SELL:MELON"": 14267, ""SELL:MILK"": 4575, ""SELL:STRAWBERRY"": 11567, ""SELL:WHEAT"": 13424, ""SELL:WOOL"": 47987}"
