action_step,seat,kind,operation,item,quote,cash_delta
0,0,trade,BUY_PRODUCT,WHEAT,26,-26.0
0,1,trade,BUY_PRODUCT,WHEAT,26,-26.0
0,0,trade,BUY_PRODUCT,WHEAT,27,-27.0
0,1,trade,BUY_PRODUCT,WHEAT,27,-27.0
0,0,trade,BUY_PRODUCT,WHEAT,27,-27.0
0,1,trade,BUY_PRODUCT,WHEAT,27,-27.0
0,0,trade,BUY_PRODUCT,WHEAT,28,-28.0
0,1,trade,BUY_PRODUCT,WHEAT,28,-28.0
0,0,trade,BUY_PRODUCT,WHEAT,28,-28.0
0,1,trade,BUY_PRODUCT,WHEAT,28,-28.0
0,0,trade,BUY_PRODUCT,WHEAT,28,-28.0
0,1,trade,BUY_PRODUCT,WHEAT,28,-28.0
0,0,trade,BUY_PRODUCT,WHEAT,29,-29.0
0,1,trade,BUY_PRODUCT,WHEAT,29,-29.0
0,0,trade,BUY_PRODUCT,WHEAT,29,-29.0
0,1,trade,BUY_PRODUCT,WHEAT,29,-29.0
0,0,trade,BUY_PRODUCT,WHEAT,29,-29.0
0,1,trade,BUY_PRODUCT,WHEAT,29,-29.0
0,0,trade,BUY_PRODUCT,WHEAT,29,-29.0
0,1,trade,BUY_PRODUCT,WHEAT,29,-29.0
0,0,trade,BUY_PRODUCT,WHEAT,30,-30.0
0,1,trade,BUY_PRODUCT,WHEAT,30,-30.0
0,0,trade,BUY_PRODUCT,WHEAT,30,-30.0
0,1,trade,BUY_PRODUCT,WHEAT,30,-30.0
0,0,trade,BUY_PRODUCT,WHEAT,30,-30.0
0,1,trade,BUY_PRODUCT,WHEAT,30,-30.0
0,0,trade,BUY_PRODUCT,WHEAT,30,-30.0
0,1,trade,BUY_PRODUCT,WHEAT,30,-30.0
0,0,trade,BUY_PRODUCT,WHEAT,30,-30.0
0,1,trade,BUY_PRODUCT,WHEAT,30,-30.0
0,0,trade,BUY_PRODUCT,WHEAT,31,-31.0
0,1,trade,BUY_PRODUCT,WHEAT,31,-31.0
0,0,trade,BUY_PRODUCT,WHEAT,31,-31.0
0,1,trade,BUY_PRODUCT,WHEAT,31,-31.0
0,0,trade,BUY_PRODUCT,WHEAT,31,-31.0
0,1,trade,BUY_PRODUCT,WHEAT,31,-31.0
0,0,trade,BUY_PRODUCT,WHEAT,31,-31.0
0,1,trade,BUY_PRODUCT,WHEAT,31,-31.0
0,0,trade,BUY_PRODUCT,WHEAT,31,-31.0
0,1,trade,BUY_PRODUCT,WHEAT,31,-31.0
0,0,trade,BUY_PRODUCT,WHEAT,31,-31.0
0,1,trade,BUY_PRODUCT,WHEAT,31,-31.0
0,0,trade,BUY_PRODUCT,WHEAT,32,-32.0
0,1,trade,BUY_PRODUCT,WHEAT,32,-32.0
0,0,trade,BUY_PRODUCT,WHEAT,32,-32.0
0,1,trade,BUY_PRODUCT,WHEAT,32,-32.0
0,0,trade,BUY_PRODUCT,WHEAT,32,-32.0
0,1,trade,BUY_PRODUCT,WHEAT,32,-32.0
0,0,trade,BUY_PRODUCT,WHEAT,32,-32.0
0,1,trade,BUY_PRODUCT,WHEAT,32,-32.0
0,0,trade,BUY_PRODUCT,WHEAT,32,-32.0
0,1,trade,BUY_PRODUCT,WHEAT,32,-32.0
0,0,trade,BUY_PRODUCT,WHEAT,32,-32.0
0,1,trade,BUY_PRODUCT,WHEAT,32,-32.0
0,0,trade,BUY_PRODUCT,WHEAT,32,-32.0
0,1,trade,BUY_PRODUCT,WHEAT,32,-32.0
0,0,trade,BUY_PRODUCT,WHEAT,33,-33.0
0,1,trade,BUY_PRODUCT,WHEAT,33,-33.0
0,0,trade,BUY_PRODUCT,WHEAT,33,-33.0
0,1,trade,BUY_PRODUCT,WHEAT,33,-33.0
0,0,trade,BUY_PRODUCT,WHEAT,33,-33.0
0,0,trade,BUY_PRODUCT,WHEAT,33,-33.0
0,0,trade,BUY_PRODUCT,WHEAT,33,-33.0
0,0,trade,BUY_PRODUCT,WHEAT,33,-33.0
0,0,trade,BUY_PRODUCT,WHEAT,33,-33.0
0,0,trade,BUY_PRODUCT,WHEAT,33,-33.0
0,0,trade,BUY_PRODUCT,WHEAT,33,-33.0
0,0,trade,BUY_PRODUCT,WHEAT,33,-33.0
0,0,trade,BUY_PRODUCT,WHEAT,33,-33.0
0,0,trade,BUY_PRODUCT,WHEAT,33,-33.0
0,0,trade,BUY_PRODUCT,WHEAT,33,-33.0
0,0,trade,BUY_PRODUCT,WHEAT,33,-33.0
0,0,trade,BUY_PRODUCT,WHEAT,34,-34.0
0,0,trade,BUY_PRODUCT,WHEAT,34,-34.0
0,0,trade,BUY_PRODUCT,WHEAT,34,-34.0
0,0,trade,BUY_PRODUCT,WHEAT,34,-34.0
0,0,trade,BUY_PRODUCT,WHEAT,34,-34.0
0,0,trade,BUY_PRODUCT,WHEAT,34,-34.0
0,0,trade,BUY_PRODUCT,WHEAT,34,-34.0
0,0,trade,BUY_PRODUCT,WHEAT,34,-34.0
0,0,trade,BUY_PRODUCT,WHEAT,34,-34.0
0,0,trade,BUY_PRODUCT,WHEAT,34,-34.0
0,0,trade,BUY_PRODUCT,WHEAT,34,-34.0
0,0,trade,BUY_PRODUCT,WHEAT,34,-34.0
0,0,trade,BUY_PRODUCT,WHEAT,34,-34.0
0,0,trade,BUY_PRODUCT,WHEAT,34,-34.0
0,0,trade,BUY_PRODUCT,WHEAT,34,-34.0
0,0,trade,BUY_PRODUCT,WHEAT,34,-34.0
0,0,trade,BUY_PRODUCT,WHEAT,34,-34.0
0,0,trade,BUY_PRODUCT,WHEAT,34,-34.0
0,0,trade,BUY_PRODUCT,WHEAT,35,-35.0
0,0,trade,BUY_PRODUCT,WHEAT,35,-35.0
0,0,trade,BUY_PRODUCT,WHEAT,35,-35.0
0,0,trade,BUY_PRODUCT,WHEAT,35,-35.0
0,0,trade,BUY_PRODUCT,WHEAT,35,-35.0
0,0,trade,BUY_PRODUCT,WHEAT,35,-35.0
0,0,trade,BUY_PRODUCT,WHEAT,35,-35.0
0,0,trade,BUY_PRODUCT,WHEAT,35,-35.0
0,0,trade,BUY_PRODUCT,WHEAT,35,-35.0
0,0,trade,BUY_PRODUCT,WHEAT,35,-35.0
0,0,trade,BUY_PRODUCT,WHEAT,35,-35.0
0,0,trade,BUY_PRODUCT,WHEAT,35,-35.0
0,0,trade,BUY_PRODUCT,WHEAT,35,-35.0
0,0,trade,BUY_PRODUCT,WHEAT,35,-35.0
0,0,trade,BUY_PRODUCT,WHEAT,35,-35.0
0,0,trade,BUY_PRODUCT,WHEAT,35,-35.0
0,0,trade,BUY_PRODUCT,WHEAT,35,-35.0
0,0,trade,BUY_PRODUCT,WHEAT,35,-35.0
0,0,trade,BUY_PRODUCT,WHEAT,35,-35.0
0,0,trade,BUY_PRODUCT,WHEAT,35,-35.0
0,0,trade,BUY_PRODUCT,WHEAT,36,-36.0
0,0,trade,BUY_PRODUCT,WHEAT,36,-36.0
0,0,trade,BUY_PRODUCT,WHEAT,36,-36.0
0,0,trade,BUY_PRODUCT,WHEAT,36,-36.0
0,0,trade,BUY_PRODUCT,WHEAT,36,-36.0
0,0,trade,BUY_PRODUCT,WHEAT,36,-36.0
0,0,trade,BUY_PRODUCT,WHEAT,36,-36.0
0,0,trade,BUY_PRODUCT,WHEAT,36,-36.0
0,0,trade,BUY_PRODUCT,WHEAT,36,-36.0
0,0,trade,BUY_PRODUCT,WHEAT,36,-36.0
0,0,trade,BUY_PRODUCT,WHEAT,36,0.0
0,0,trade,SELL,WHEAT,36,36.0
0,0,trade,SELL,WHEAT,36,36.0
0,0,trade,SELL,WHEAT,36,36.0
0,0,trade,SELL,WHEAT,36,36.0
0,0,trade,SELL,WHEAT,36,36.0
0,0,trade,SELL,WHEAT,36,36.0
0,0,trade,SELL,WHEAT,36,36.0
0,0,trade,SELL,WHEAT,36,36.0
0,0,trade,SELL,WHEAT,36,36.0
0,0,trade,SELL,WHEAT,36,36.0
0,0,trade,SELL,WHEAT,35,35.0
0,0,trade,SELL,WHEAT,35,35.0
0,0,trade,SELL,WHEAT,35,35.0
0,0,trade,SELL,WHEAT,35,35.0
0,0,trade,SELL,WHEAT,35,35.0
0,0,trade,SELL,WHEAT,35,35.0
0,0,trade,SELL,WHEAT,35,35.0
0,0,trade,SELL,WHEAT,35,35.0
0,0,trade,SELL,WHEAT,35,35.0
0,0,trade,SELL,WHEAT,35,35.0
0,0,trade,SELL,WHEAT,35,35.0
0,0,trade,SELL,WHEAT,35,35.0
0,0,trade,SELL,WHEAT,35,35.0
0,0,trade,SELL,WHEAT,35,35.0
0,0,trade,SELL,WHEAT,35,35.0
0,0,trade,SELL,WHEAT,35,35.0
0,0,trade,SELL,WHEAT,35,35.0
0,0,trade,SELL,WHEAT,35,35.0
0,0,trade,SELL,WHEAT,35,35.0
0,0,trade,SELL,WHEAT,35,35.0
0,0,trade,SELL,WHEAT,34,34.0
0,0,trade,SELL,WHEAT,34,34.0
0,0,trade,SELL,WHEAT,34,34.0
0,0,trade,SELL,WHEAT,34,34.0
0,0,trade,SELL,WHEAT,34,34.0
0,0,trade,SELL,WHEAT,34,34.0
0,0,trade,SELL,WHEAT,34,34.0
0,0,trade,SELL,WHEAT,34,34.0
0,0,trade,SELL,WHEAT,34,34.0
0,0,trade,SELL,WHEAT,34,34.0
0,0,trade,SELL,WHEAT,34,34.0
0,0,trade,SELL,WHEAT,34,34.0
0,0,trade,SELL,WHEAT,34,34.0
0,0,trade,SELL,WHEAT,34,34.0
0,0,trade,SELL,WHEAT,34,34.0
0,0,trade,SELL,WHEAT,34,34.0
0,0,trade,SELL,WHEAT,34,34.0
0,0,trade,SELL,WHEAT,34,34.0
0,0,trade,SELL,WHEAT,33,33.0
0,0,trade,SELL,WHEAT,33,33.0
0,0,trade,SELL,WHEAT,33,33.0
0,0,trade,SELL,WHEAT,33,33.0
0,0,trade,SELL,WHEAT,33,33.0
0,0,trade,SELL,WHEAT,33,33.0
0,0,trade,SELL,WHEAT,33,33.0
0,0,trade,SELL,WHEAT,33,33.0
0,0,trade,SELL,WHEAT,33,33.0
0,0,trade,SELL,WHEAT,33,33.0
0,0,trade,SELL,WHEAT,33,33.0
0,0,trade,SELL,WHEAT,33,33.0
0,0,trade,SELL,WHEAT,33,33.0
0,0,trade,SELL,WHEAT,33,33.0
0,0,trade,SELL,WHEAT,33,33.0
0,0,trade,SELL,WHEAT,33,33.0
0,0,trade,SELL,WHEAT,32,32.0
0,0,trade,SELL,WHEAT,32,32.0
0,0,trade,SELL,WHEAT,32,32.0
0,0,trade,SELL,WHEAT,32,32.0
0,0,trade,SELL,WHEAT,32,32.0
0,0,trade,SELL,WHEAT,32,32.0
0,0,trade,SELL,WHEAT,32,32.0
0,0,trade,SELL,WHEAT,32,32.0
0,0,trade,SELL,WHEAT,32,32.0
0,0,trade,SELL,WHEAT,32,32.0
0,0,trade,SELL,WHEAT,32,32.0
0,0,trade,SELL,WHEAT,32,32.0
0,0,trade,SELL,WHEAT,32,32.0
0,0,trade,SELL,WHEAT,32,32.0
0,0,trade,SELL,WHEAT,31,31.0
0,0,trade,SELL,WHEAT,31,31.0
0,0,trade,SELL,WHEAT,31,31.0
0,0,trade,SELL,WHEAT,31,31.0
0,0,trade,SELL,WHEAT,31,31.0
0,0,trade,SELL,WHEAT,31,31.0
0,0,trade,SELL,WHEAT,31,31.0
0,0,trade,SELL,WHEAT,31,31.0
0,0,trade,SELL,WHEAT,31,31.0
0,0,trade,SELL,WHEAT,31,31.0
0,0,trade,SELL,WHEAT,31,31.0
0,0,trade,SELL,WHEAT,31,31.0
0,0,hire,,,,-1.0
0,0,hire,,,,-1.0
0,0,hire,,,,-2.0
0,0,hire,,,,-3.0
0,0,trade,BUY_ANIMAL,COW,400,-400.0
0,0,trade,BUY_ANIMAL,COW,400,-400.0
0,0,trade,BUY_ANIMAL,SHEEP,500,-500.0
0,0,trade,BUY_ANIMAL,SHEEP,500,-500.0
0,0,trade,BUY_SEED,WHEAT,10,-10.0
0,0,trade,BUY_SEED,WHEAT,10,-10.0
0,0,trade,BUY_SEED,WHEAT,10,-10.0
0,0,trade,BUY_SEED,WHEAT,10,-10.0
0,0,trade,BUY_SEED,WHEAT,10,-10.0
0,0,trade,BUY_SEED,WHEAT,10,-10.0
0,0,trade,BUY_SEED,WHEAT,10,-10.0
0,0,trade,BUY_SEED,WHEAT,10,-10.0
0,0,trade,BUY_SEED,WHEAT,10,-10.0
0,0,trade,BUY_SEED,MELON,80,-80.0
0,0,trade,BUY_SEED,MELON,80,-80.0
0,0,trade,BUY_SEED,MELON,80,-80.0
0,0,trade,BUY_SEED,MELON,80,-80.0
0,0,trade,BUY_SEED,MELON,80,-80.0
1,0,trade,BUY_ANIMAL,COW,400,-400.0
1,1,trade,SELL,WHEAT,31,31.0
1,1,trade,SELL,WHEAT,30,30.0
1,1,trade,SELL,WHEAT,30,30.0
1,1,trade,SELL,WHEAT,30,30.0
1,1,trade,SELL,WHEAT,30,30.0
1,1,trade,SELL,WHEAT,30,30.0
1,1,trade,SELL,WHEAT,30,30.0
1,1,trade,SELL,WHEAT,30,30.0
1,1,trade,SELL,WHEAT,30,30.0
1,1,trade,SELL,WHEAT,30,30.0
1,1,trade,SELL,WHEAT,30,30.0
1,1,trade,SELL,WHEAT,29,29.0
1,1,trade,SELL,WHEAT,29,29.0
1,1,trade,SELL,WHEAT,29,29.0
1,1,trade,SELL,WHEAT,29,29.0
1,1,trade,SELL,WHEAT,29,29.0
1,1,trade,SELL,WHEAT,29,29.0
1,1,trade,SELL,WHEAT,29,29.0
1,1,trade,SELL,WHEAT,29,29.0
1,1,trade,SELL,WHEAT,28,28.0
1,1,trade,SELL,WHEAT,28,28.0
1,1,trade,SELL,WHEAT,28,28.0
1,1,trade,SELL,WHEAT,28,28.0
1,1,trade,SELL,WHEAT,28,28.0
1,1,trade,SELL,WHEAT,28,28.0
1,1,hire,,,,-1.0
1,1,hire,,,,-1.0
1,1,hire,,,,-2.0
1,1,hire,,,,-3.0
1,1,hire,,,,-5.0
1,1,trade,BUY_ANIMAL,COW,400,-400.0
1,1,trade,BUY_ANIMAL,COW,400,-400.0
1,1,trade,BUY_ANIMAL,SHEEP,500,-500.0
1,1,trade,BUY_ANIMAL,SHEEP,500,-500.0
3,0,trade,BUY_PRODUCT,WHEAT,28,-28.0
6,0,trade,BUY_PRODUCT,WHEAT,28,-28.0
6,1,trade,BUY_SEED,MELON,80,-80.0
6,0,trade,BUY_PRODUCT,WHEAT,28,-28.0
6,1,trade,BUY_SEED,MELON,80,-80.0
7,0,trade,BUY_PRODUCT,WHEAT,28,-28.0
7,1,trade,BUY_SEED,MELON,80,-80.0
9,0,trade,BUY_PRODUCT,WHEAT,28,-28.0
9,1,trade,BUY_SEED,MELON,80,-80.0
9,0,trade,BUY_PRODUCT,WHEAT,28,-28.0
10,0,trade,BUY_PRODUCT,WHEAT,29,-29.0
10,1,trade,BUY_SEED,MELON,80,-80.0
10,1,trade,BUY_SEED,MELON,80,-80.0
11,0,trade,BUY_PRODUCT,WHEAT,29,-29.0
11,1,trade,BUY_SEED,MELON,80,-80.0
11,0,trade,BUY_PRODUCT,WHEAT,29,-29.0
12,0,trade,SELL,WHEAT,29,29.0
12,1,trade,BUY_SEED,WHEAT,10,-10.0
13,0,trade,BUY_PRODUCT,WHEAT,29,-29.0
13,1,trade,BUY_SEED,WHEAT,10,-10.0
14,1,trade,BUY_SEED,MELON,80,-80.0
14,1,trade,BUY_SEED,MELON,80,-80.0
14,1,trade,BUY_SEED,MELON,80,-80.0
15,1,trade,BUY_SEED,WHEAT,10,-10.0
16,1,trade,BUY_SEED,WHEAT,10,-10.0
17,0,trade,BUY_PRODUCT,WHEAT,29,-29.0
17,1,trade,BUY_SEED,MELON,80,-80.0
17,1,trade,BUY_SEED,MELON,80,-80.0
19,1,trade,BUY_SEED,WHEAT,10,-10.0
20,1,trade,BUY_SEED,WHEAT,10,0.0
24,0,hire,,,,-1.0
24,1,hire,,,,-1.0
24,1,hire,,,,-1.0
24,0,trade,BUY_SEED,WHEAT,10,-10.0
24,0,trade,BUY_SEED,WHEAT,10,-10.0
24,1,hire,,,,0.0
30,1,trade,SELL,FERTILIZER,100,100.0
30,1,trade,BUY_PRODUCT,WHEAT,29,-29.0
30,1,trade,BUY_PRODUCT,WHEAT,29,-29.0
30,1,trade,BUY_PRODUCT,WHEAT,29,-29.0
31,1,trade,BUY_PRODUCT,WHEAT,30,0.0
32,1,trade,SELL,FERTILIZER,100,100.0
32,1,trade,SELL,FERTILIZER,100,100.0
33,1,trade,BUY_PRODUCT,WHEAT,30,-30.0
35,1,trade,BUY_PRODUCT,WHEAT,30,-30.0
37,1,trade,BUY_PRODUCT,WHEAT,30,-30.0
39,1,trade,BUY_PRODUCT,WHEAT,30,-30.0
48,0,hire,,,,-1.0
48,1,trade,SELL,FERTILIZER,99,99.0
48,0,hire,,,,-1.0
48,1,hire,,,,-1.0
48,0,hire,,,,-2.0
48,1,hire,,,,-1.0
48,0,hire,,,,-3.0
48,1,hire,,,,-2.0
48,1,hire,,,,-3.0
49,0,trade,SELL,FERTILIZER,99,99.0
49,0,trade,SELL,FERTILIZER,99,99.0
49,0,trade,SELL,FERTILIZER,99,99.0
49,0,trade,SELL,FERTILIZER,99,99.0
49,0,trade,SELL,FERTILIZER,98,98.0
49,0,trade,BUY_PRODUCT,WHEAT,30,-30.0
49,0,trade,BUY_PRODUCT,WHEAT,30,-30.0
49,0,trade,BUY_SEED,STRAWBERRY,100,-100.0
49,0,trade,BUY_SEED,STRAWBERRY,100,-100.0
50,0,trade,BUY_PRODUCT,WHEAT,30,-30.0
50,1,trade,SELL,WHEAT,30,30.0
50,1,trade,SELL,WHEAT,30,30.0
53,0,trade,BUY_PRODUCT,WHEAT,30,-30.0
54,0,trade,BUY_PRODUCT,WHEAT,30,-30.0
56,0,trade,BUY_PRODUCT,WHEAT,30,-30.0
58,0,trade,BUY_PRODUCT,WHEAT,30,-30.0
59,0,trade,BUY_SEED,WHEAT,10,-10.0
60,1,trade,BUY_SEED,WHEAT,10,-10.0
61,0,trade,BUY_SEED,WHEAT,10,-10.0
62,0,trade,BUY_SEED,WHEAT,10,-10.0
62,1,trade,BUY_SEED,WHEAT,10,-10.0
63,0,trade,BUY_SEED,WHEAT,10,-10.0
65,0,trade,BUY_SEED,WHEAT,10,-10.0
65,1,trade,SELL,FERTILIZER,98,98.0
65,1,trade,SELL,FERTILIZER,98,98.0
65,1,trade,SELL,FERTILIZER,98,98.0
65,1,trade,SELL,FERTILIZER,98,98.0
65,1,trade,BUY_ANIMAL,COW,400,-400.0
65,1,trade,BUY_SEED,WHEAT,10,-10.0
67,0,trade,BUY_SEED,WHEAT,10,-10.0
68,0,trade,BUY_SEED,WHEAT,10,-10.0
68,0,trade,BUY_SEED,WHEAT,10,-10.0
72,0,hire,,,,-1.0
72,1,hire,,,,-1.0
72,0,hire,,,,-1.0
72,1,hire,,,,-1.0
72,0,hire,,,,-2.0
72,1,hire,,,,-2.0
72,0,hire,,,,-3.0
72,1,hire,,,,-3.0
72,1,hire,,,,-5.0
73,0,trade,SELL,FERTILIZER,97,97.0
73,0,trade,SELL,FERTILIZER,97,97.0
73,0,trade,SELL,FERTILIZER,97,97.0
73,0,trade,SELL,FERTILIZER,97,97.0
73,0,trade,SELL,FERTILIZER,97,97.0
73,0,trade,SELL,WHEAT,31,31.0
73,0,trade,SELL,WHEAT,31,31.0
73,0,trade,SELL,WHEAT,30,30.0
73,0,trade,SELL,WHEAT,30,30.0
73,0,trade,SELL,WHEAT,30,30.0
73,0,trade,SELL,WHEAT,30,30.0
73,0,trade,BUY_SEED,STRAWBERRY,100,-100.0
73,0,trade,BUY_SEED,STRAWBERRY,100,-100.0
73,0,trade,BUY_SEED,STRAWBERRY,100,-100.0
73,0,trade,BUY_SEED,STRAWBERRY,100,-100.0
74,1,trade,SELL,WHEAT,30,30.0
79,1,trade,BUY_SEED,WHEAT,10,-10.0
80,1,trade,SELL,WHEAT,30,30.0
80,1,trade,SELL,WHEAT,30,30.0
80,1,trade,SELL,WHEAT,30,0.0
81,1,trade,BUY_SEED,WHEAT,10,-10.0
81,1,trade,BUY_SEED,WHEAT,10,-10.0
84,1,trade,BUY_SEED,WHEAT,10,-10.0
88,1,trade,SELL,FERTILIZER,96,96.0
88,1,trade,SELL,FERTILIZER,96,96.0
88,1,trade,SELL,FERTILIZER,96,96.0
88,1,trade,BUY_ANIMAL,COW,400,-400.0
90,1,trade,SELL,FERTILIZER,96,96.0
93,1,trade,SELL,WHEAT,30,30.0
96,0,hire,,,,-1.0
96,1,hire,,,,-1.0
96,0,hire,,,,-1.0
96,1,hire,,,,-1.0
96,0,hire,,,,-2.0
96,1,hire,,,,-2.0
96,0,hire,,,,-3.0
96,1,hire,,,,-3.0
97,0,trade,SELL,FERTILIZER,96,96.0
97,0,trade,SELL,FERTILIZER,95,95.0
97,0,trade,SELL,FERTILIZER,95,95.0
97,0,trade,SELL,FERTILIZER,95,95.0
97,0,trade,SELL,FERTILIZER,95,95.0
98,1,trade,SELL,FERTILIZER,95,95.0
100,1,trade,SELL,WHEAT,30,0.0
103,0,trade,BUY_SEED,WHEAT,10,-10.0
105,0,trade,SELL,WHEAT,31,31.0
105,1,trade,BUY_SEED,WHEAT,10,-10.0
105,0,trade,BUY_SEED,WHEAT,10,-10.0
106,0,trade,BUY_SEED,WHEAT,10,-10.0
106,1,trade,BUY_SEED,WHEAT,10,-10.0
106,0,trade,BUY_SEED,WHEAT,10,-10.0
108,1,trade,BUY_PRODUCT,WHEAT,31,-31.0
109,0,trade,SELL,WHEAT,31,31.0
109,0,trade,SELL,WHEAT,31,31.0
109,0,trade,BUY_SEED,WHEAT,10,-10.0
109,0,trade,BUY_SEED,WHEAT,10,-10.0
110,1,trade,BUY_PRODUCT,WHEAT,31,-31.0
110,1,trade,BUY_SEED,WHEAT,10,-10.0
111,0,trade,BUY_SEED,WHEAT,10,-10.0
111,1,trade,SELL,FERTILIZER,94,94.0
112,1,trade,BUY_PRODUCT,WHEAT,31,-31.0
113,0,trade,BUY_SEED,WHEAT,10,-10.0
114,1,trade,BUY_PRODUCT,WHEAT,31,-31.0
116,1,trade,BUY_PRODUCT,WHEAT,31,-31.0
118,1,trade,SELL,FERTILIZER,94,94.0
118,1,trade,SELL,FERTILIZER,94,94.0
118,1,trade,SELL,FERTILIZER,94,94.0
118,1,trade,SELL,FERTILIZER,94,94.0
118,1,trade,BUY_PRODUCT,WHEAT,31,-31.0
119,1,trade,SELL,FERTILIZER,93,0.0
120,0,hire,,,,-1.0
120,1,hire,,,,-1.0
120,0,hire,,,,-1.0
120,1,hire,,,,-1.0
120,0,hire,,,,-2.0
120,1,hire,,,,-2.0
120,0,hire,,,,-3.0
121,1,hire,,,,-3.0
121,0,trade,SELL,FERTILIZER,93,93.0
121,0,trade,SELL,FERTILIZER,93,93.0
121,0,trade,SELL,FERTILIZER,93,93.0
121,0,trade,SELL,FERTILIZER,93,93.0
121,0,trade,SELL,FERTILIZER,93,93.0
121,1,hire,,,,-5.0
121,0,trade,SELL,WHEAT,31,31.0
121,0,trade,SELL,WHEAT,31,31.0
121,0,trade,SELL,WHEAT,31,31.0
121,0,trade,SELL,WHEAT,31,31.0
121,0,trade,SELL,WHEAT,31,31.0
121,0,trade,SELL,WHEAT,31,31.0
121,0,land,,,,-1000.0
121,0,trade,BUY_SEED,STRAWBERRY,100,-100.0
121,0,trade,BUY_SEED,STRAWBERRY,100,-100.0
121,0,trade,BUY_SEED,STRAWBERRY,100,-100.0
121,0,trade,BUY_SEED,STRAWBERRY,100,-100.0
122,0,trade,SELL,WHEAT,31,31.0
122,1,trade,SELL,WHEAT,31,31.0
122,0,trade,SELL,WHEAT,31,31.0
122,1,trade,SELL,WHEAT,31,31.0
122,0,trade,SELL,WHEAT,30,30.0
122,0,trade,SELL,WHEAT,30,30.0
122,0,trade,SELL,WHEAT,30,30.0
122,0,trade,BUY_SEED,STRAWBERRY,100,-100.0
130,1,trade,BUY_SEED,STRAWBERRY,100,-100.0
130,1,trade,BUY_SEED,STRAWBERRY,100,-100.0
131,1,trade,SELL,FERTILIZER,92,92.0
135,1,trade,BUY_SEED,STRAWBERRY,100,-100.0
136,1,trade,BUY_SEED,STRAWBERRY,100,-100.0
141,1,trade,SELL,FERTILIZER,92,92.0
141,1,trade,SELL,FERTILIZER,92,92.0
141,1,trade,SELL,FERTILIZER,92,92.0
141,1,trade,SELL,FERTILIZER,92,92.0
144,0,hire,,,,-1.0
144,1,hire,,,,-1.0
144,0,hire,,,,-1.0
144,1,hire,,,,-1.0
144,0,hire,,,,-2.0
144,1,hire,,,,-2.0
144,0,hire,,,,-3.0
144,1,hire,,,,-3.0
144,0,hire,,,,-5.0
144,1,hire,,,,-5.0
144,0,hire,,,,-8.0
144,1,hire,,,,-8.0
144,0,hire,,,,-13.0
144,1,hire,,,,-13.0
144,0,hire,,,,-21.0
145,0,trade,SELL,FERTILIZER,91,91.0
145,1,trade,SELL,FERTILIZER,91,0.0
145,0,trade,SELL,FERTILIZER,91,91.0
145,0,trade,SELL,FERTILIZER,91,91.0
145,0,trade,SELL,FERTILIZER,91,91.0
145,0,trade,SELL,FERTILIZER,91,91.0
145,1,hire,,,,-21.0
145,0,trade,BUY_SEED,STRAWBERRY,100,-100.0
145,0,trade,BUY_SEED,STRAWBERRY,100,-100.0
145,0,trade,BUY_SEED,STRAWBERRY,100,-100.0
145,0,trade,BUY_SEED,STRAWBERRY,100,-100.0
150,1,trade,SELL,WOOL,218,218.0
150,1,trade,SELL,WOOL,217,217.0
150,1,trade,SELL,WOOL,215,215.0
150,1,trade,SELL,WOOL,214,214.0
150,1,trade,SELL,WOOL,212,212.0
150,1,trade,SELL,WOOL,209,209.0
150,1,trade,SELL,WOOL,206,206.0
150,1,trade,SELL,WOOL,200,200.0
150,1,trade,SELL,WOOL,200,200.0
150,1,trade,SELL,WOOL,200,200.0
150,1,trade,SELL,FERTILIZER,90,90.0
150,1,trade,BUY_PRODUCT,WHEAT,31,-31.0
150,1,trade,BUY_PRODUCT,WHEAT,31,-31.0
150,1,land,,,,-1000.0
150,1,trade,BUY_ANIMAL,COW,400,-400.0
150,1,trade,BUY_ANIMAL,COW,400,-400.0
150,1,trade,BUY_PRODUCT,FERTILIZER,90,-90.0
151,0,trade,BUY_SEED,WHEAT,10,-10.0
151,1,trade,SELL,FERTILIZER,90,90.0
151,1,trade,BUY_PRODUCT,FERTILIZER,90,-90.0
152,0,trade,SELL,WOOL,199,199.0
152,1,trade,BUY_PRODUCT,WHEAT,31,-31.0
152,0,trade,SELL,WOOL,199,199.0
152,1,trade,BUY_PRODUCT,WHEAT,31,-31.0
152,0,trade,SELL,WOOL,199,199.0
152,0,trade,SELL,WOOL,198,198.0
152,0,trade,SELL,WOOL,197,197.0
152,0,trade,SELL,WOOL,196,196.0
152,0,trade,BUY_ANIMAL,COW,400,-400.0
152,0,trade,BUY_ANIMAL,COW,400,-400.0
152,0,trade,BUY_SEED,STRAWBERRY,100,-100.0
152,0,trade,BUY_SEED,STRAWBERRY,100,-100.0
152,0,trade,BUY_SEED,STRAWBERRY,100,-100.0
152,0,trade,BUY_SEED,STRAWBERRY,100,-100.0
154,0,trade,BUY_SEED,WHEAT,10,-10.0
154,1,trade,BUY_SEED,WHEAT,10,-10.0
155,0,trade,SELL,WOOL,195,195.0
155,1,trade,SELL,FERTILIZER,90,90.0
155,0,trade,SELL,WOOL,194,194.0
155,0,trade,SELL,WOOL,193,193.0
155,0,trade,SELL,WOOL,192,192.0
155,0,trade,SELL,WOOL,190,190.0
155,0,trade,SELL,WOOL,189,189.0
155,0,trade,BUY_ANIMAL,SHEEP,500,-500.0
155,0,trade,BUY_SEED,STRAWBERRY,100,-100.0
155,0,trade,BUY_SEED,STRAWBERRY,100,-100.0
155,0,trade,BUY_SEED,STRAWBERRY,100,-100.0
155,0,trade,BUY_SEED,STRAWBERRY,100,-100.0
155,0,trade,BUY_SEED,MELON,80,-80.0
155,0,trade,BUY_SEED,MELON,80,-80.0
155,0,trade,BUY_SEED,MELON,80,-80.0
156,0,trade,SELL,FERTILIZER,90,90.0
156,1,trade,BUY_PRODUCT,WHEAT,32,-32.0
156,0,trade,SELL,FERTILIZER,90,90.0
156,1,trade,BUY_PRODUCT,WHEAT,32,-32.0
156,1,trade,BUY_PRODUCT,WHEAT,32,-32.0
156,0,trade,BUY_SEED,WHEAT,10,-10.0
156,1,trade,BUY_SEED,STRAWBERRY,100,-100.0
156,0,trade,BUY_SEED,WHEAT,10,-10.0
156,1,trade,BUY_SEED,STRAWBERRY,100,-100.0
156,0,trade,BUY_SEED,MELON,80,-80.0
157,0,trade,BUY_SEED,WHEAT,10,-10.0
157,1,trade,SELL,FERTILIZER,90,90.0
157,0,trade,BUY_SEED,WHEAT,10,-10.0
157,1,trade,SELL,FERTILIZER,90,0.0
158,1,trade,BUY_PRODUCT,WHEAT,32,-32.0
158,1,trade,BUY_PRODUCT,WHEAT,32,-32.0
158,1,trade,BUY_PRODUCT,WHEAT,32,-32.0
159,0,trade,BUY_SEED,WHEAT,10,-10.0
159,1,trade,BUY_SEED,STRAWBERRY,100,-100.0
159,1,trade,BUY_SEED,WHEAT,10,-10.0
159,1,trade,BUY_SEED,WHEAT,10,-10.0
162,1,trade,BUY_SEED,STRAWBERRY,100,-100.0
162,1,trade,BUY_SEED,STRAWBERRY,100,-100.0
162,1,trade,BUY_SEED,STRAWBERRY,100,-100.0
162,1,trade,BUY_SEED,WHEAT,10,-10.0
163,0,trade,BUY_SEED,WHEAT,10,-10.0
164,1,trade,SELL,WHEAT,32,32.0
164,1,trade,SELL,WHEAT,32,32.0
164,1,trade,SELL,WHEAT,32,32.0
164,1,trade,SELL,WHEAT,32,32.0
164,1,trade,SELL,WHEAT,32,32.0
164,1,trade,SELL,WHEAT,32,32.0
164,1,trade,SELL,WHEAT,32,32.0
164,1,trade,SELL,WHEAT,32,32.0
164,1,trade,SELL,WHEAT,32,32.0
165,1,trade,BUY_SEED,STRAWBERRY,100,-100.0
165,1,trade,BUY_SEED,STRAWBERRY,100,-100.0
165,1,trade,BUY_SEED,WHEAT,10,-10.0
166,1,trade,SELL,FERTILIZER,90,90.0
166,1,trade,SELL,FERTILIZER,89,89.0
167,1,trade,SELL,FERTILIZER,89,89.0
168,0,hire,,,,-1.0
168,1,hire,,,,-1.0
168,0,hire,,,,-1.0
168,1,hire,,,,-1.0
168,0,hire,,,,-2.0
168,1,hire,,,,-2.0
168,0,hire,,,,-3.0
168,1,hire,,,,-3.0
168,0,hire,,,,-5.0
168,1,hire,,,,-5.0
168,0,hire,,,,-8.0
168,1,hire,,,,-8.0
168,0,hire,,,,-13.0
168,0,trade,BUY_SEED,CARROT,20,-20.0
168,0,trade,SELL,WHEAT,32,32.0
169,1,hire,,,,-13.0
169,0,trade,SELL,WHEAT,32,32.0
169,0,trade,SELL,WHEAT,32,32.0
169,0,trade,SELL,WHEAT,32,32.0
169,1,hire,,,,-21.0
169,0,trade,SELL,FERTILIZER,89,89.0
169,0,trade,SELL,FERTILIZER,89,89.0
169,0,trade,SELL,FERTILIZER,89,89.0
169,0,trade,BUY_ANIMAL,COW,400,-400.0
169,1,trade,BUY_ANIMAL,COW,400,-400.0
174,1,trade,BUY_PRODUCT,FERTILIZER,89,0.0
174,1,trade,SELL,FERTILIZER,88,88.0
174,1,trade,SELL,FERTILIZER,88,88.0
175,1,trade,SELL,FERTILIZER,88,0.0
176,1,trade,SELL,FERTILIZER,88,88.0
176,1,trade,SELL,FERTILIZER,88,88.0
176,1,trade,SELL,FERTILIZER,88,0.0
176,1,trade,BUY_ANIMAL,COW,400,-400.0
177,1,trade,SELL,FERTILIZER,88,88.0
178,1,trade,SELL,WOOL,189,189.0
178,1,trade,SELL,WOOL,187,187.0
178,1,trade,BUY_SEED,STRAWBERRY,100,-100.0
180,1,trade,BUY_SEED,STRAWBERRY,100,-100.0
180,1,trade,BUY_SEED,WHEAT,10,-10.0
183,1,trade,BUY_SEED,STRAWBERRY,100,-100.0
183,1,trade,BUY_SEED,WHEAT,10,-10.0
184,1,trade,BUY_SEED,STRAWBERRY,100,-100.0
186,1,trade,BUY_SEED,WHEAT,10,-10.0
188,1,trade,SELL,FERTILIZER,87,87.0
189,1,trade,BUY_SEED,WHEAT,10,-10.0
192,1,hire,,,,-1.0
192,0,trade,SELL,FERTILIZER,87,87.0
192,0,trade,SELL,FERTILIZER,87,87.0
192,0,hire,,,,-1.0
192,1,hire,,,,-1.0
192,0,hire,,,,-1.0
192,1,hire,,,,-2.0
192,0,hire,,,,-2.0
192,1,hire,,,,-3.0
192,0,hire,,,,-3.0
192,1,hire,,,,-5.0
192,0,hire,,,,-5.0
192,1,hire,,,,-8.0
192,0,hire,,,,-8.0
192,1,hire,,,,-13.0
192,1,hire,,,,-21.0
193,0,trade,SELL,FERTILIZER,87,87.0
193,1,trade,SELL,FERTILIZER,87,87.0
193,0,trade,SELL,FERTILIZER,86,86.0
193,0,trade,SELL,FERTILIZER,86,86.0
193,0,trade,SELL,FERTILIZER,86,86.0
193,0,trade,SELL,FERTILIZER,86,86.0
193,0,trade,SELL,FERTILIZER,86,86.0
193,0,hire,,,,-13.0
193,0,hire,,,,-21.0
194,0,trade,BUY_PRODUCT,WHEAT,33,-33.0
195,0,trade,SELL,MILK,215,215.0
195,0,trade,SELL,MILK,214,214.0
195,0,trade,SELL,MILK,214,214.0
195,0,trade,SELL,MILK,213,213.0
195,0,trade,SELL,MILK,212,212.0
195,0,trade,SELL,MILK,211,211.0
195,0,trade,BUY_PRODUCT,WHEAT,33,-33.0
196,1,trade,SELL,MILK,211,211.0
196,1,trade,SELL,MILK,210,210.0
196,1,trade,SELL,MILK,209,209.0
196,1,trade,SELL,MILK,208,208.0
196,1,trade,SELL,MILK,208,208.0
196,1,trade,SELL,MILK,207,207.0
196,1,trade,SELL,MILK,206,206.0
196,1,trade,SELL,MILK,205,205.0
196,1,trade,SELL,MILK,204,204.0
196,1,trade,SELL,MILK,203,203.0
196,1,trade,SELL,MILK,203,203.0
196,1,trade,SELL,MILK,202,202.0
196,1,trade,BUY_PRODUCT,WHEAT,33,-33.0
196,1,trade,BUY_PRODUCT,WHEAT,33,-33.0
196,1,trade,BUY_PRODUCT,WHEAT,33,-33.0
196,1,trade,BUY_PRODUCT,WHEAT,33,-33.0
196,1,trade,BUY_PRODUCT,WHEAT,33,-33.0
196,1,trade,BUY_PRODUCT,WHEAT,33,-33.0
196,1,hire,,,,-34.0
196,1,trade,BUY_ANIMAL,SHEEP,500,-500.0
196,1,trade,BUY_ANIMAL,SHEEP,500,-500.0
196,1,trade,BUY_PRODUCT,FERTILIZER,86,-86.0
197,0,trade,BUY_PRODUCT,WHEAT,33,-33.0
197,1,trade,SELL,FERTILIZER,86,86.0
197,1,trade,SELL,FERTILIZER,85,85.0
197,1,trade,SELL,FERTILIZER,85,85.0
198,1,trade,BUY_PRODUCT,WHEAT,33,-33.0
198,1,trade,BUY_PRODUCT,WHEAT,33,-33.0
198,1,trade,BUY_PRODUCT,WHEAT,33,-33.0
199,0,trade,BUY_PRODUCT,WHEAT,33,-33.0
199,0,trade,BUY_PRODUCT,WHEAT,34,-34.0
200,0,trade,SELL,FERTILIZER,85,85.0
200,1,trade,BUY_PRODUCT,WHEAT,34,-34.0
200,1,trade,BUY_PRODUCT,WHEAT,34,-34.0
200,1,trade,BUY_PRODUCT,WHEAT,34,-34.0
201,0,trade,SELL,MILK,203,203.0
201,1,trade,BUY_SEED,STRAWBERRY,100,-100.0
201,0,trade,SELL,MILK,202,202.0
201,0,trade,SELL,MILK,201,201.0
201,0,trade,SELL,MILK,200,200.0
201,0,trade,SELL,MILK,199,199.0
201,0,trade,SELL,MILK,198,198.0
201,0,trade,SELL,MILK,197,197.0
201,0,trade,SELL,MILK,196,196.0
201,0,trade,SELL,MILK,195,195.0
201,0,trade,SELL,MILK,194,194.0
201,0,trade,SELL,MILK,193,193.0
201,0,trade,SELL,MILK,191,191.0
201,0,land,,,,-2000.0
201,0,trade,BUY_SEED,WHEAT,10,-10.0
201,0,trade,BUY_SEED,WHEAT,10,-10.0
201,0,trade,BUY_SEED,WHEAT,10,-10.0
201,0,trade,BUY_SEED,WHEAT,10,-10.0
201,0,trade,BUY_SEED,WHEAT,10,-10.0
201,0,trade,BUY_SEED,WHEAT,10,-10.0
201,0,trade,BUY_SEED,WHEAT,10,-10.0
201,0,trade,BUY_SEED,MELON,80,-80.0
201,0,trade,BUY_SEED,MELON,80,-80.0
201,0,trade,BUY_SEED,MELON,80,-80.0
201,0,trade,BUY_SEED,CARROT,20,-20.0
202,1,trade,BUY_PRODUCT,WHEAT,34,-34.0
202,1,trade,BUY_PRODUCT,WHEAT,34,-34.0
202,1,trade,BUY_PRODUCT,WHEAT,34,-34.0
202,1,trade,BUY_SEED,STRAWBERRY,100,-100.0
203,1,trade,BUY_SEED,STRAWBERRY,100,-100.0
204,1,trade,BUY_PRODUCT,WHEAT,34,-34.0
204,1,trade,BUY_PRODUCT,WHEAT,34,-34.0
204,1,trade,BUY_PRODUCT,WHEAT,34,-34.0
205,0,trade,BUY_PRODUCT,WHEAT,34,-34.0
206,1,trade,BUY_PRODUCT,WHEAT,34,-34.0
206,1,trade,BUY_PRODUCT,WHEAT,34,-34.0
206,1,trade,BUY_PRODUCT,WHEAT,34,-34.0
208,1,trade,BUY_SEED,STRAWBERRY,100,-100.0
209,1,trade,BUY_SEED,WHEAT,10,-10.0
212,1,trade,SELL,WHEAT,35,35.0
212,1,trade,SELL,WHEAT,35,35.0
214,1,trade,SELL,FERTILIZER,85,85.0
214,1,trade,SELL,FERTILIZER,85,85.0
214,1,trade,SELL,FERTILIZER,84,84.0
215,1,trade,SELL,FERTILIZER,84,84.0
215,1,trade,SELL,FERTILIZER,84,84.0
215,1,trade,SELL,FERTILIZER,84,84.0
215,1,trade,SELL,FERTILIZER,84,84.0
216,0,hire,,,,-1.0
216,1,hire,,,,-1.0
216,0,hire,,,,-1.0
216,1,hire,,,,-1.0
216,0,hire,,,,-2.0
216,1,hire,,,,-2.0
216,0,hire,,,,-3.0
216,1,hire,,,,-3.0
216,0,hire,,,,-5.0
216,1,hire,,,,-5.0
216,0,hire,,,,-8.0
216,1,hire,,,,-8.0
216,0,hire,,,,-13.0
216,1,hire,,,,-13.0
216,0,hire,,,,-21.0
216,1,hire,,,,-21.0
216,0,hire,,,,-34.0
216,0,trade,BUY_ANIMAL,COW,400,-400.0
216,0,trade,BUY_ANIMAL,COW,400,-400.0
217,0,trade,SELL,FERTILIZER,83,83.0
217,1,trade,SELL,FERTILIZER,83,0.0
217,0,trade,SELL,FERTILIZER,83,83.0
217,0,trade,SELL,FERTILIZER,83,83.0
217,0,trade,SELL,FERTILIZER,83,83.0
217,0,trade,SELL,FERTILIZER,83,83.0
217,0,trade,SELL,FERTILIZER,82,82.0
217,0,trade,SELL,FERTILIZER,82,82.0
217,0,trade,SELL,FERTILIZER,82,82.0
217,1,hire,,,,-34.0
217,0,trade,BUY_SEED,WHEAT,10,-10.0
217,0,trade,BUY_SEED,WHEAT,10,-10.0
217,0,trade,BUY_SEED,TOMATO,50,-50.0
217,1,trade,BUY_ANIMAL,SHEEP,500,-500.0
217,1,trade,BUY_PRODUCT,FERTILIZER,82,-82.0
218,1,trade,SELL,FERTILIZER,82,82.0
218,1,trade,BUY_PRODUCT,WHEAT,35,-35.0
218,1,trade,BUY_PRODUCT,WHEAT,35,-35.0
218,1,trade,BUY_PRODUCT,WHEAT,35,-35.0
220,1,trade,BUY_PRODUCT,WHEAT,35,-35.0
220,1,trade,BUY_PRODUCT,WHEAT,35,-35.0
220,1,trade,BUY_PRODUCT,WHEAT,35,-35.0
221,0,trade,BUY_PRODUCT,WHEAT,35,-35.0
221,1,trade,SELL,FERTILIZER,82,82.0
221,0,trade,BUY_PRODUCT,WHEAT,35,-35.0
222,1,trade,BUY_PRODUCT,WHEAT,35,-35.0
222,1,trade,BUY_PRODUCT,WHEAT,35,-35.0
222,1,trade,BUY_PRODUCT,WHEAT,35,-35.0
223,0,trade,BUY_PRODUCT,WHEAT,36,-36.0
224,0,trade,BUY_PRODUCT,WHEAT,36,-36.0
226,0,trade,BUY_PRODUCT,WHEAT,36,-36.0
226,1,trade,SELL,WOOL,189,189.0
226,1,trade,SELL,WOOL,187,187.0
226,1,trade,SELL,WOOL,185,185.0
226,1,trade,SELL,WOOL,183,183.0
226,1,trade,SELL,WOOL,181,181.0
226,1,trade,SELL,WOOL,179,179.0
226,1,trade,SELL,WOOL,177,177.0
226,1,trade,SELL,WOOL,174,174.0
226,1,trade,BUY_PRODUCT,WHEAT,36,-36.0
226,1,trade,BUY_PRODUCT,WHEAT,36,-36.0
226,1,trade,BUY_PRODUCT,WHEAT,36,-36.0
226,1,trade,BUY_ANIMAL,SHEEP,500,-500.0
227,0,trade,BUY_PRODUCT,WHEAT,36,-36.0
227,1,trade,BUY_SEED,WHEAT,10,-10.0
228,0,trade,BUY_PRODUCT,WHEAT,36,-36.0
228,1,trade,BUY_PRODUCT,WHEAT,36,-36.0
228,1,trade,BUY_PRODUCT,WHEAT,36,-36.0
228,1,trade,BUY_PRODUCT,WHEAT,36,-36.0
228,1,trade,BUY_SEED,WHEAT,10,-10.0
230,1,trade,BUY_PRODUCT,WHEAT,36,-36.0
230,1,trade,BUY_PRODUCT,WHEAT,36,-36.0
230,1,trade,BUY_PRODUCT,WHEAT,36,-36.0
231,0,trade,BUY_PRODUCT,WHEAT,36,-36.0
231,0,trade,BUY_PRODUCT,WHEAT,36,-36.0
232,0,trade,BUY_PRODUCT,WHEAT,37,-37.0
232,1,trade,BUY_SEED,WHEAT,10,-10.0
233,1,trade,SELL,FERTILIZER,82,82.0
233,1,trade,SELL,FERTILIZER,81,81.0
233,1,trade,SELL,FERTILIZER,81,0.0
233,1,trade,BUY_SEED,WHEAT,10,-10.0
236,1,trade,SELL,WHEAT,37,37.0
236,1,trade,SELL,WHEAT,37,37.0
237,1,trade,SELL,FERTILIZER,81,81.0
237,1,trade,SELL,FERTILIZER,81,81.0
237,1,trade,SELL,FERTILIZER,81,81.0
238,1,trade,SELL,FERTILIZER,81,81.0
238,1,trade,SELL,FERTILIZER,80,80.0
238,1,trade,SELL,FERTILIZER,80,80.0
238,1,trade,SELL,FERTILIZER,80,80.0
238,1,trade,SELL,FERTILIZER,80,80.0
240,0,hire,,,,-1.0
240,1,hire,,,,-1.0
240,0,hire,,,,-1.0
240,1,hire,,,,-1.0
240,0,hire,,,,-2.0
240,1,hire,,,,-2.0
240,0,hire,,,,-3.0
240,1,hire,,,,-3.0
240,0,hire,,,,-5.0
240,1,hire,,,,-5.0
240,0,hire,,,,-8.0
240,1,hire,,,,-8.0
240,0,hire,,,,-13.0
240,1,hire,,,,-13.0
240,0,hire,,,,-21.0
240,1,hire,,,,-21.0
240,0,hire,,,,-34.0
240,1,hire,,,,-34.0
240,0,hire,,,,-55.0
241,1,hire,,,,-55.0
241,0,trade,SELL,FERTILIZER,80,80.0
241,0,trade,SELL,FERTILIZER,79,79.0
241,0,trade,SELL,FERTILIZER,79,79.0
241,0,trade,SELL,FERTILIZER,79,79.0
241,0,trade,SELL,FERTILIZER,79,79.0
241,0,trade,SELL,FERTILIZER,79,79.0
241,0,trade,SELL,FERTILIZER,78,78.0
241,0,trade,SELL,FERTILIZER,78,78.0
241,1,hire,,,,-89.0
241,0,trade,SELL,WOOL,174,174.0
241,0,trade,SELL,WOOL,172,172.0
241,0,trade,SELL,WOOL,169,169.0
241,0,trade,SELL,WOOL,167,167.0
241,0,trade,SELL,WOOL,164,164.0
241,0,trade,BUY_SEED,TOMATO,50,-50.0
241,1,trade,BUY_ANIMAL,GOOSE,300,-300.0
241,0,trade,BUY_SEED,TOMATO,50,-50.0
241,1,trade,BUY_ANIMAL,GOOSE,300,-300.0
241,0,trade,BUY_SEED,TOMATO,50,-50.0
241,1,trade,BUY_PRODUCT,FERTILIZER,78,-78.0
241,1,trade,BUY_PRODUCT,FERTILIZER,78,-78.0
241,1,trade,BUY_PRODUCT,FERTILIZER,79,-79.0
242,0,trade,SELL,WOOL,161,161.0
242,1,trade,SELL,FERTILIZER,79,79.0
242,0,trade,SELL,WOOL,158,158.0
242,1,trade,SELL,FERTILIZER,78,78.0
242,0,trade,SELL,WOOL,154,154.0
242,1,trade,SELL,FERTILIZER,78,78.0
242,1,trade,BUY_PRODUCT,WHEAT,37,-37.0
242,1,trade,BUY_PRODUCT,WHEAT,37,-37.0
242,1,trade,BUY_PRODUCT,WHEAT,37,-37.0
242,1,trade,BUY_PRODUCT,WHEAT,37,-37.0
242,1,trade,BUY_PRODUCT,WHEAT,37,-37.0
243,0,trade,BUY_PRODUCT,WHEAT,37,-37.0
244,1,trade,BUY_PRODUCT,WHEAT,37,-37.0
245,0,trade,BUY_PRODUCT,WHEAT,37,-37.0
247,0,trade,BUY_PRODUCT,WHEAT,37,-37.0
248,0,trade,BUY_PRODUCT,WHEAT,37,-37.0
249,0,trade,BUY_SEED,MELON,80,-80.0
249,1,trade,SELL,MELON,272,272.0
249,1,trade,SELL,MELON,271,271.0
249,1,trade,SELL,MELON,270,270.0
249,1,trade,SELL,MELON,269,269.0
249,1,trade,SELL,MELON,268,268.0
249,1,trade,SELL,MELON,267,267.0
249,1,trade,BUY_PRODUCT,WHEAT,38,-38.0
249,1,trade,BUY_PRODUCT,WHEAT,38,-38.0
249,1,trade,BUY_PRODUCT,WHEAT,38,-38.0
249,1,trade,BUY_PRODUCT,WHEAT,38,-38.0
249,1,trade,BUY_PRODUCT,WHEAT,38,-38.0
249,1,trade,BUY_PRODUCT,WHEAT,38,-38.0
249,1,trade,BUY_PRODUCT,WHEAT,38,-38.0
249,1,trade,BUY_PRODUCT,WHEAT,38,-38.0
249,1,trade,BUY_PRODUCT,WHEAT,38,-38.0
249,1,trade,BUY_PRODUCT,WHEAT,38,-38.0
249,1,trade,BUY_PRODUCT,WHEAT,38,-38.0
249,1,trade,BUY_PRODUCT,WHEAT,38,-38.0
249,1,trade,BUY_PRODUCT,WHEAT,38,-38.0
249,1,trade,BUY_PRODUCT,WHEAT,38,-38.0
249,1,trade,BUY_PRODUCT,FERTILIZER,78,-78.0
249,1,trade,BUY_PRODUCT,FERTILIZER,78,-78.0
249,1,trade,BUY_PRODUCT,FERTILIZER,79,-79.0
249,1,trade,BUY_PRODUCT,FERTILIZER,79,-79.0
249,1,trade,BUY_PRODUCT,FERTILIZER,79,-79.0
250,0,trade,SELL,MELON,266,266.0
250,1,trade,SELL,MELON,266,266.0
250,0,trade,SELL,MELON,262,262.0
250,1,trade,SELL,MELON,262,262.0
250,0,trade,SELL,MELON,256,256.0
250,1,trade,SELL,MELON,256,256.0
250,0,trade,SELL,MELON,250,250.0
250,1,trade,SELL,MELON,250,250.0
250,0,trade,SELL,MELON,250,250.0
250,1,trade,SELL,MELON,250,250.0
250,0,trade,SELL,MELON,250,250.0
250,1,trade,SELL,MELON,250,250.0
250,0,trade,SELL,MELON,250,250.0
250,1,trade,SELL,MELON,250,250.0
250,0,trade,SELL,MELON,249,249.0
250,1,trade,SELL,MELON,249,249.0
250,0,trade,SELL,MELON,249,249.0
250,1,trade,SELL,MELON,249,249.0
250,0,trade,SELL,MELON,248,248.0
250,1,trade,SELL,MELON,248,248.0
250,0,trade,SELL,MELON,248,248.0
250,1,trade,SELL,MELON,248,248.0
250,0,trade,SELL,MELON,247,247.0
250,1,trade,SELL,MELON,247,247.0
250,0,trade,SELL,MELON,246,246.0
250,1,trade,SELL,MELON,246,246.0
250,0,trade,SELL,MELON,246,246.0
250,1,trade,SELL,MELON,246,246.0
250,0,trade,SELL,MELON,245,245.0
250,1,trade,SELL,MELON,245,245.0
250,0,trade,SELL,MELON,244,244.0
250,1,trade,SELL,MELON,244,244.0
250,0,trade,SELL,MELON,243,243.0
250,1,trade,SELL,MELON,243,243.0
250,0,trade,SELL,MELON,242,242.0
250,1,trade,SELL,MELON,242,242.0
250,1,trade,SELL,MELON,240,240.0
250,1,trade,SELL,MELON,240,240.0
250,1,trade,SELL,MELON,239,239.0
250,1,trade,SELL,MELON,238,238.0
250,1,trade,SELL,MELON,238,238.0
250,1,trade,SELL,MELON,237,237.0
250,0,trade,SELL,MILK,211,211.0
250,1,trade,BUY_PRODUCT,WHEAT,38,-38.0
250,0,trade,SELL,MILK,211,211.0
250,1,trade,BUY_PRODUCT,WHEAT,38,-38.0
250,0,trade,SELL,MILK,210,210.0
250,1,trade,BUY_PRODUCT,WHEAT,38,-38.0
250,1,trade,BUY_PRODUCT,WHEAT,38,-38.0
250,1,trade,BUY_PRODUCT,WHEAT,38,-38.0
250,0,trade,BUY_PRODUCT,WHEAT,38,-38.0
250,0,trade,BUY_PRODUCT,WHEAT,38,-38.0
251,0,trade,SELL,FERTILIZER,79,79.0
251,1,trade,SELL,MELON,236,236.0
251,1,trade,SELL,MELON,236,236.0
251,1,trade,SELL,MELON,235,235.0
251,1,trade,SELL,MELON,234,234.0
251,1,trade,SELL,MELON,233,233.0
251,1,trade,SELL,MELON,232,232.0
251,1,trade,SELL,MELON,232,232.0
251,1,trade,SELL,MELON,231,231.0
251,1,trade,SELL,MELON,230,230.0
251,1,trade,SELL,MELON,229,229.0
251,1,trade,SELL,MELON,228,228.0
251,1,trade,SELL,MELON,227,227.0
251,0,trade,BUY_PRODUCT,WHEAT,38,-38.0
251,0,trade,BUY_SEED,MELON,80,-80.0
252,0,trade,BUY_PRODUCT,WHEAT,38,-38.0
252,1,trade,SELL,MELON,226,226.0
252,0,trade,BUY_PRODUCT,WHEAT,38,-38.0
252,1,trade,SELL,MELON,225,225.0
252,0,trade,BUY_PRODUCT,WHEAT,38,-38.0
252,1,trade,SELL,MELON,224,224.0
252,1,trade,SELL,MELON,223,223.0
252,1,trade,SELL,MELON,222,222.0
252,1,trade,SELL,MELON,221,221.0
252,1,trade,BUY_PRODUCT,WHEAT,39,-39.0
252,1,trade,BUY_PRODUCT,WHEAT,39,-39.0
252,1,trade,BUY_PRODUCT,WHEAT,39,-39.0
252,1,trade,BUY_PRODUCT,WHEAT,39,-39.0
252,1,trade,BUY_PRODUCT,WHEAT,39,-39.0
253,0,trade,SELL,MELON,220,220.0
253,1,trade,SELL,MELON,220,220.0
253,0,trade,SELL,MELON,218,218.0
253,1,trade,SELL,MELON,218,218.0
253,0,trade,SELL,MELON,215,215.0
253,1,trade,SELL,MELON,215,215.0
253,0,trade,SELL,MELON,213,213.0
253,1,trade,SELL,MELON,213,213.0
253,0,trade,SELL,MELON,210,210.0
253,1,trade,SELL,MELON,210,210.0
253,0,trade,SELL,MELON,208,208.0
253,1,trade,SELL,MELON,208,208.0
253,1,trade,SELL,MILK,211,0.0
254,1,trade,BUY_PRODUCT,WHEAT,39,-39.0
254,1,trade,BUY_PRODUCT,WHEAT,39,-39.0
254,1,trade,BUY_PRODUCT,WHEAT,39,-39.0
254,1,trade,BUY_PRODUCT,WHEAT,39,-39.0
254,1,trade,BUY_PRODUCT,WHEAT,39,-39.0
254,1,trade,BUY_SEED,WHEAT,10,-10.0
255,0,trade,SELL,MELON,205,205.0
255,1,trade,SELL,MELON,205,205.0
255,0,trade,SELL,MELON,202,202.0
255,1,trade,SELL,MELON,202,202.0
255,0,trade,SELL,MELON,200,200.0
255,1,trade,SELL,MELON,200,200.0
255,0,trade,SELL,MELON,197,197.0
255,1,trade,SELL,MELON,197,197.0
255,0,trade,SELL,MELON,194,194.0
255,1,trade,SELL,MELON,194,194.0
255,0,trade,SELL,MELON,191,191.0
255,1,trade,SELL,MELON,191,191.0
255,1,trade,BUY_SEED,WHEAT,10,-10.0
255,1,trade,BUY_SEED,WHEAT,10,-10.0
256,0,trade,BUY_PRODUCT,WHEAT,39,-39.0
256,1,trade,BUY_PRODUCT,WHEAT,39,-39.0
256,0,trade,BUY_PRODUCT,WHEAT,39,-39.0
256,1,trade,BUY_PRODUCT,WHEAT,39,-39.0
256,0,trade,BUY_PRODUCT,WHEAT,39,-39.0
256,1,trade,BUY_PRODUCT,WHEAT,39,-39.0
256,0,trade,BUY_PRODUCT,WHEAT,39,-39.0
256,1,trade,BUY_PRODUCT,WHEAT,39,-39.0
256,0,trade,BUY_PRODUCT,WHEAT,39,-39.0
256,1,trade,BUY_PRODUCT,WHEAT,39,-39.0
256,0,trade,BUY_PRODUCT,WHEAT,39,-39.0
256,0,trade,BUY_PRODUCT,WHEAT,39,-39.0
256,0,trade,BUY_PRODUCT,WHEAT,39,-39.0
256,0,trade,BUY_PRODUCT,WHEAT,39,-39.0
256,0,trade,BUY_PRODUCT,WHEAT,39,-39.0
256,0,trade,BUY_PRODUCT,WHEAT,40,-40.0
256,0,trade,BUY_PRODUCT,WHEAT,40,-40.0
256,0,trade,BUY_PRODUCT,WHEAT,40,-40.0
256,0,trade,BUY_PRODUCT,WHEAT,40,-40.0
256,0,trade,BUY_PRODUCT,WHEAT,40,-40.0
257,0,trade,SELL,WHEAT,40,40.0
257,1,trade,SELL,FERTILIZER,79,79.0
257,0,trade,SELL,WHEAT,40,40.0
257,1,trade,SELL,FERTILIZER,79,79.0
257,0,trade,SELL,WHEAT,40,40.0
257,1,trade,SELL,FERTILIZER,78,78.0
257,0,trade,SELL,WHEAT,40,40.0
257,1,trade,SELL,FERTILIZER,78,78.0
257,0,trade,SELL,WHEAT,40,40.0
257,1,trade,SELL,FERTILIZER,78,78.0
257,0,trade,SELL,WHEAT,40,40.0
257,0,trade,SELL,WHEAT,40,40.0
257,0,trade,SELL,WHEAT,40,40.0
257,0,trade,BUY_SEED,WHEAT,10,-10.0
258,0,trade,BUY_SEED,WHEAT,10,-10.0
258,1,trade,SELL,MILK,212,212.0
258,0,trade,BUY_SEED,WHEAT,10,-10.0
258,1,trade,SELL,MILK,211,211.0
258,1,trade,SELL,MILK,211,211.0
258,1,trade,SELL,MILK,210,210.0
258,1,trade,SELL,MILK,209,209.0
258,1,trade,SELL,MILK,208,208.0
258,1,trade,SELL,MILK,208,208.0
258,1,trade,SELL,MILK,207,207.0
258,1,trade,SELL,MILK,206,206.0
258,1,trade,BUY_SEED,WHEAT,10,-10.0
259,0,trade,BUY_SEED,WHEAT,10,-10.0
259,1,trade,BUY_SEED,WHEAT,10,-10.0
260,0,trade,BUY_SEED,WHEAT,10,-10.0
260,1,trade,SELL,WHEAT,39,39.0
260,1,trade,SELL,WHEAT,39,39.0
260,1,trade,SELL,WHEAT,39,39.0
260,0,trade,BUY_SEED,CARROT,20,-20.0
260,1,trade,BUY_SEED,WHEAT,10,-10.0
261,0,trade,SELL,WHEAT,39,39.0
261,1,trade,BUY_SEED,WHEAT,10,-10.0
261,0,trade,SELL,WHEAT,39,39.0
261,0,trade,SELL,WHEAT,39,39.0
264,0,hire,,,,-1.0
264,1,trade,SELL,MELON,188,188.0
264,1,trade,SELL,MELON,186,186.0
264,1,trade,SELL,MELON,184,184.0
264,1,trade,SELL,MELON,183,183.0
264,1,trade,SELL,MELON,181,181.0
264,1,trade,SELL,MELON,179,179.0
264,1,trade,SELL,MELON,178,178.0
264,1,trade,SELL,MELON,176,176.0
264,1,trade,SELL,MELON,174,174.0
264,1,trade,SELL,MELON,173,173.0
264,1,trade,SELL,MELON,171,171.0
264,1,trade,SELL,MELON,169,169.0
264,0,hire,,,,-1.0
264,1,trade,SELL,FERTILIZER,78,78.0
264,1,trade,SELL,FERTILIZER,78,78.0
264,1,trade,SELL,FERTILIZER,77,77.0
264,1,trade,SELL,FERTILIZER,77,77.0
264,1,trade,SELL,FERTILIZER,77,77.0
264,1,trade,SELL,FERTILIZER,77,77.0
264,1,trade,SELL,FERTILIZER,77,77.0
264,1,trade,SELL,FERTILIZER,76,76.0
264,1,trade,SELL,FERTILIZER,76,76.0
264,1,trade,SELL,FERTILIZER,76,76.0
264,1,trade,SELL,FERTILIZER,76,76.0
264,1,trade,SELL,FERTILIZER,76,76.0
264,1,trade,SELL,FERTILIZER,75,0.0
264,0,hire,,,,-2.0
264,1,hire,,,,-1.0
264,0,hire,,,,-3.0
264,1,hire,,,,-1.0
264,0,hire,,,,-5.0
264,1,hire,,,,-2.0
264,0,hire,,,,-8.0
264,1,hire,,,,-3.0
264,0,hire,,,,-13.0
264,1,hire,,,,-5.0
264,0,hire,,,,-21.0
264,0,hire,,,,-34.0
265,1,hire,,,,-8.0
265,1,hire,,,,-13.0
265,0,trade,SELL,WHEAT,40,40.0
265,0,hire,,,,-55.0
265,1,hire,,,,-21.0
265,1,hire,,,,-34.0
265,0,trade,BUY_SEED,WHEAT,10,-10.0
265,0,trade,BUY_SEED,WHEAT,10,-10.0
265,0,trade,BUY_SEED,WHEAT,10,-10.0
265,0,trade,BUY_SEED,WHEAT,10,-10.0
265,1,hire,,,,-55.0
265,1,hire,,,,-89.0
265,1,land,,,,-2000.0
265,1,trade,BUY_ANIMAL,GOOSE,300,-300.0
265,1,trade,BUY_PRODUCT,FERTILIZER,76,-76.0
265,1,trade,BUY_SEED,STRAWBERRY,100,-100.0
265,1,trade,BUY_SEED,STRAWBERRY,100,-100.0
266,1,trade,SELL,FERTILIZER,76,76.0
266,1,trade,BUY_PRODUCT,WHEAT,40,-40.0
266,1,trade,BUY_PRODUCT,WHEAT,40,-40.0
266,1,trade,BUY_PRODUCT,WHEAT,40,-40.0
266,1,trade,BUY_SEED,STRAWBERRY,100,-100.0
267,1,trade,SELL,MILK,209,209.0
267,1,trade,SELL,MILK,208,208.0
267,1,trade,SELL,MILK,208,208.0
267,1,trade,SELL,MILK,207,0.0
268,1,trade,BUY_PRODUCT,WHEAT,40,-40.0
268,1,trade,BUY_PRODUCT,WHEAT,40,-40.0
268,1,trade,BUY_PRODUCT,WHEAT,40,-40.0
268,1,trade,BUY_SEED,STRAWBERRY,100,-100.0
268,1,trade,BUY_SEED,STRAWBERRY,100,-100.0
269,1,trade,BUY_SEED,STRAWBERRY,100,-100.0
270,1,trade,SELL,MILK,208,0.0
270,1,trade,BUY_PRODUCT,WHEAT,40,-40.0
270,1,trade,BUY_PRODUCT,WHEAT,40,-40.0
270,1,trade,BUY_PRODUCT,WHEAT,40,-40.0
270,1,trade,BUY_SEED,STRAWBERRY,100,-100.0
271,1,trade,BUY_SEED,STRAWBERRY,100,-100.0
271,1,trade,BUY_SEED,STRAWBERRY,100,-100.0
272,0,trade,BUY_PRODUCT,WHEAT,40,-40.0
272,1,trade,BUY_PRODUCT,WHEAT,40,-40.0
272,0,trade,BUY_PRODUCT,WHEAT,40,-40.0
272,1,trade,BUY_PRODUCT,WHEAT,40,-40.0
272,0,trade,BUY_PRODUCT,WHEAT,40,-40.0
272,1,trade,BUY_PRODUCT,WHEAT,40,-40.0
272,0,trade,BUY_PRODUCT,WHEAT,40,-40.0
272,0,trade,BUY_PRODUCT,WHEAT,40,-40.0
272,0,trade,BUY_PRODUCT,WHEAT,40,-40.0
272,0,trade,BUY_PRODUCT,WHEAT,40,-40.0
272,0,trade,BUY_PRODUCT,WHEAT,40,-40.0
272,0,trade,BUY_PRODUCT,WHEAT,40,-40.0
272,0,trade,BUY_PRODUCT,WHEAT,40,-40.0
272,0,trade,BUY_PRODUCT,WHEAT,40,-40.0
272,0,trade,BUY_PRODUCT,WHEAT,40,-40.0
272,0,trade,BUY_PRODUCT,WHEAT,40,-40.0
272,0,trade,BUY_PRODUCT,WHEAT,40,-40.0
272,0,trade,BUY_PRODUCT,WHEAT,40,-40.0
272,0,trade,BUY_PRODUCT,WHEAT,41,-41.0
272,0,trade,BUY_PRODUCT,WHEAT,41,-41.0
272,0,trade,BUY_PRODUCT,WHEAT,41,-41.0
272,1,trade,BUY_SEED,STRAWBERRY,100,-100.0
273,0,trade,SELL,WHEAT,41,41.0
273,1,trade,BUY_SEED,STRAWBERRY,100,-100.0
273,0,trade,SELL,WHEAT,41,41.0
273,0,trade,SELL,WHEAT,41,41.0
273,0,trade,SELL,WHEAT,41,41.0
273,0,trade,SELL,WHEAT,41,41.0
273,0,trade,SELL,WHEAT,41,41.0
274,0,trade,SELL,WHEAT,40,40.0
274,1,trade,BUY_PRODUCT,WHEAT,41,-41.0
274,0,trade,SELL,WHEAT,40,40.0
274,1,trade,BUY_PRODUCT,WHEAT,41,-41.0
274,0,trade,SELL,WHEAT,40,40.0
274,1,trade,BUY_PRODUCT,WHEAT,41,-41.0
274,0,trade,SELL,WHEAT,40,40.0
274,1,trade,BUY_SEED,STRAWBERRY,100,-100.0
274,1,trade,BUY_SEED,WHEAT,10,-10.0
276,0,trade,SELL,WHEAT,40,40.0
276,1,trade,BUY_PRODUCT,WHEAT,40,-40.0
276,0,trade,SELL,WHEAT,40,40.0
276,1,trade,BUY_PRODUCT,WHEAT,40,-40.0
276,0,trade,SELL,WHEAT,40,40.0
276,1,trade,BUY_PRODUCT,WHEAT,40,-40.0
276,1,trade,BUY_SEED,WHEAT,10,-10.0
276,1,trade,BUY_SEED,WHEAT,10,-10.0
277,0,trade,SELL,WHEAT,41,41.0
277,1,trade,SELL,MILK,211,0.0
277,0,trade,SELL,WHEAT,41,41.0
277,0,trade,SELL,CARROT,39,39.0
277,1,trade,BUY_SEED,WHEAT,10,-10.0
277,1,trade,BUY_SEED,WHEAT,10,-10.0
278,0,trade,SELL,WHEAT,40,40.0
278,1,trade,BUY_PRODUCT,WHEAT,41,-41.0
278,1,trade,BUY_PRODUCT,WHEAT,41,-41.0
278,1,trade,BUY_PRODUCT,WHEAT,41,-41.0
278,0,trade,BUY_SEED,WHEAT,10,-10.0
279,1,trade,BUY_SEED,STRAWBERRY,100,-100.0
279,1,trade,BUY_SEED,WHEAT,10,-10.0
280,1,trade,BUY_SEED,WHEAT,10,-10.0
280,1,trade,BUY_SEED,WHEAT,10,-10.0
281,0,trade,SELL,CARROT,39,39.0
281,0,trade,BUY_SEED,WHEAT,10,-10.0
281,0,trade,BUY_SEED,CARROT,20,-20.0
282,1,trade,BUY_SEED,WHEAT,10,-10.0
283,1,trade,BUY_SEED,WHEAT,10,-10.0
284,1,trade,SELL,WHEAT,41,41.0
284,1,trade,SELL,WHEAT,41,41.0
284,1,trade,SELL,WHEAT,41,41.0
284,1,trade,SELL,WHEAT,41,41.0
284,1,trade,SELL,WHEAT,41,41.0
284,1,trade,SELL,WHEAT,40,40.0
284,1,trade,SELL,WHEAT,40,40.0
284,1,trade,SELL,WHEAT,40,40.0
284,1,trade,SELL,WHEAT,40,40.0
285,0,trade,SELL,MILK,214,214.0
285,1,trade,SELL,MILK,214,0.0
285,0,trade,SELL,MILK,214,214.0
285,0,trade,SELL,MILK,213,213.0
285,0,trade,SELL,MILK,212,212.0
285,0,trade,SELL,MILK,211,211.0
285,0,trade,SELL,MILK,211,211.0
285,0,trade,SELL,CARROT,39,39.0
285,1,trade,BUY_SEED,WHEAT,10,-10.0
287,0,trade,SELL,FERTILIZER,75,75.0
287,0,trade,SELL,FERTILIZER,75,75.0
287,0,trade,SELL,FERTILIZER,75,75.0
287,0,trade,SELL,WHEAT,40,40.0
287,0,trade,SELL,WHEAT,40,40.0
287,0,trade,SELL,WHEAT,40,40.0
287,0,trade,SELL,WHEAT,40,40.0
287,0,trade,SELL,WHEAT,40,40.0
287,0,trade,SELL,WHEAT,40,40.0
287,0,trade,SELL,WHEAT,40,40.0
287,0,trade,SELL,WHEAT,40,40.0
287,0,trade,SELL,WHEAT,40,40.0
288,0,hire,,,,-1.0
288,1,hire,,,,-1.0
288,0,hire,,,,-1.0
288,1,hire,,,,-1.0
288,0,hire,,,,-2.0
288,1,hire,,,,-2.0
288,0,hire,,,,-3.0
288,1,hire,,,,-3.0
288,0,hire,,,,-5.0
288,1,hire,,,,-5.0
288,0,hire,,,,-8.0
288,1,hire,,,,-8.0
288,0,hire,,,,-13.0
288,1,hire,,,,-13.0
288,0,hire,,,,-21.0
288,1,hire,,,,-21.0
288,0,hire,,,,-34.0
288,1,hire,,,,-34.0
288,0,hire,,,,-55.0
289,0,trade,SELL,FERTILIZER,75,75.0
289,1,trade,SELL,FERTILIZER,75,75.0
289,1,trade,SELL,FERTILIZER,74,74.0
289,1,trade,SELL,FERTILIZER,74,74.0
289,1,trade,SELL,FERTILIZER,74,74.0
289,1,trade,SELL,FERTILIZER,74,74.0
289,1,trade,SELL,FERTILIZER,74,74.0
289,1,trade,SELL,FERTILIZER,73,73.0
289,1,trade,SELL,FERTILIZER,73,73.0
289,1,trade,SELL,FERTILIZER,73,73.0
289,1,trade,SELL,FERTILIZER,73,73.0
289,1,trade,SELL,FERTILIZER,73,73.0
289,1,trade,SELL,FERTILIZER,72,72.0
289,1,trade,SELL,FERTILIZER,72,72.0
289,1,trade,SELL,FERTILIZER,72,72.0
289,0,hire,,,,-89.0
289,0,hire,,,,-144.0
289,0,trade,BUY_ANIMAL,COW,400,-400.0
289,0,trade,BUY_SEED,STRAWBERRY,100,-100.0
289,0,trade,SELL,CARROT,39,39.0
289,0,trade,SELL,CARROT,39,39.0
290,0,trade,SELL,FERTILIZER,72,72.0
290,0,trade,SELL,FERTILIZER,72,72.0
290,0,trade,SELL,FERTILIZER,71,71.0
290,0,trade,SELL,FERTILIZER,71,71.0
291,0,trade,BUY_SEED,WHEAT,10,-10.0
292,0,trade,BUY_PRODUCT,WHEAT,40,-40.0
292,0,trade,BUY_PRODUCT,WHEAT,40,-40.0
292,0,trade,BUY_PRODUCT,WHEAT,40,-40.0
292,0,trade,BUY_PRODUCT,WHEAT,40,-40.0
292,0,trade,BUY_PRODUCT,WHEAT,40,-40.0
293,0,trade,SELL,WHEAT,41,41.0
293,1,trade,SELL,WOOL,158,158.0
293,0,trade,SELL,WHEAT,41,41.0
293,1,trade,SELL,WOOL,154,154.0
293,0,trade,SELL,WHEAT,41,41.0
293,1,trade,SELL,WOOL,151,151.0
293,0,trade,SELL,WHEAT,41,41.0
293,1,trade,SELL,WOOL,148,148.0
293,1,trade,SELL,WOOL,144,144.0
293,1,trade,SELL,WOOL,141,141.0
293,1,trade,SELL,WOOL,137,137.0
293,1,trade,SELL,WOOL,133,133.0
293,0,trade,SELL,CARROT,39,39.0
293,0,trade,BUY_SEED,WHEAT,10,-10.0
294,0,trade,BUY_SEED,WHEAT,10,-10.0
294,0,trade,BUY_SEED,WHEAT,10,-10.0
295,0,trade,BUY_SEED,WHEAT,10,-10.0
296,0,trade,BUY_SEED,WHEAT,10,-10.0
297,0,trade,SELL,MILK,217,217.0
297,1,trade,BUY_SEED,WHEAT,10,-10.0
297,0,trade,SELL,MILK,216,216.0
297,1,trade,BUY_SEED,WHEAT,10,-10.0
297,0,trade,SELL,MILK,216,216.0
297,1,trade,BUY_SEED,WHEAT,10,-10.0
297,0,trade,SELL,MILK,215,215.0
297,0,trade,SELL,MILK,214,214.0
297,0,trade,SELL,MILK,214,214.0
297,0,trade,SELL,WHEAT,41,41.0
297,0,trade,SELL,WHEAT,41,41.0
298,0,trade,SELL,FERTILIZER,71,71.0
299,1,trade,SELL,FERTILIZER,71,71.0
299,1,trade,SELL,FERTILIZER,71,0.0
299,1,trade,BUY_SEED,WHEAT,10,-10.0
300,1,trade,BUY_SEED,WHEAT,10,-10.0
303,1,trade,BUY_SEED,WHEAT,10,-10.0
304,0,trade,BUY_SEED,WHEAT,10,-10.0
304,1,trade,BUY_SEED,WHEAT,10,-10.0
305,1,trade,BUY_SEED,WHEAT,10,-10.0
308,0,trade,SELL,WHEAT,41,41.0
308,1,trade,SELL,WHEAT,41,41.0
308,0,trade,SELL,WHEAT,41,41.0
308,1,trade,SELL,WHEAT,41,41.0
308,0,trade,SELL,WHEAT,41,41.0
308,1,trade,SELL,WHEAT,41,41.0
308,0,trade,SELL,WHEAT,41,41.0
308,1,trade,SELL,WHEAT,41,41.0
308,1,trade,SELL,WHEAT,41,41.0
308,1,trade,SELL,WHEAT,41,41.0
308,1,trade,SELL,WHEAT,40,40.0
308,1,trade,SELL,WHEAT,40,40.0
308,1,trade,SELL,WHEAT,40,40.0
309,0,trade,SELL,STRAWBERRY,186,186.0
309,0,trade,SELL,STRAWBERRY,185,185.0
309,0,trade,SELL,STRAWBERRY,185,185.0
309,0,trade,SELL,STRAWBERRY,184,184.0
310,0,trade,SELL,WHEAT,41,41.0
310,0,trade,SELL,WHEAT,40,40.0
310,0,trade,SELL,FERTILIZER,71,71.0
310,0,trade,SELL,WOOL,129,129.0
310,0,trade,SELL,WOOL,125,125.0
310,0,trade,SELL,WOOL,121,121.0
310,0,trade,SELL,WOOL,116,116.0
310,0,trade,SELL,WOOL,112,112.0
310,0,trade,SELL,WOOL,107,107.0
312,0,trade,SELL,FERTILIZER,70,70.0
312,1,trade,SELL,FERTILIZER,70,70.0
312,0,trade,SELL,FERTILIZER,70,70.0
312,1,trade,SELL,FERTILIZER,70,70.0
312,0,trade,SELL,FERTILIZER,70,70.0
312,1,trade,SELL,FERTILIZER,70,70.0
312,0,trade,SELL,FERTILIZER,69,69.0
312,1,trade,SELL,FERTILIZER,69,69.0
312,0,trade,SELL,FERTILIZER,69,69.0
312,1,trade,SELL,FERTILIZER,69,69.0
312,0,trade,SELL,FERTILIZER,68,68.0
312,1,trade,SELL,FERTILIZER,68,68.0
312,0,trade,SELL,FERTILIZER,68,68.0
312,1,trade,SELL,FERTILIZER,68,68.0
312,0,trade,SELL,FERTILIZER,68,68.0
312,1,trade,SELL,FERTILIZER,68,68.0
312,0,trade,SELL,FERTILIZER,67,67.0
312,1,trade,SELL,FERTILIZER,67,67.0
312,0,trade,SELL,FERTILIZER,67,67.0
312,1,trade,SELL,FERTILIZER,67,67.0
312,0,trade,SELL,FERTILIZER,66,66.0
312,1,trade,SELL,FERTILIZER,66,66.0
312,0,trade,SELL,FERTILIZER,66,66.0
312,1,trade,SELL,FERTILIZER,66,66.0
312,0,trade,SELL,FERTILIZER,66,66.0
312,1,trade,SELL,FERTILIZER,66,66.0
312,0,trade,SELL,FERTILIZER,65,65.0
312,1,trade,SELL,FERTILIZER,65,65.0
312,1,trade,SELL,FERTILIZER,65,65.0
312,1,trade,SELL,FERTILIZER,65,65.0
312,1,trade,SELL,FERTILIZER,64,0.0
312,0,hire,,,,-1.0
312,1,hire,,,,-1.0
312,0,hire,,,,-1.0
312,1,hire,,,,-1.0
312,0,hire,,,,-2.0
312,1,hire,,,,-2.0
312,0,hire,,,,-3.0
312,1,hire,,,,-3.0
312,0,hire,,,,-5.0
312,1,hire,,,,-5.0
312,0,hire,,,,-8.0
312,1,hire,,,,-8.0
312,0,hire,,,,-13.0
312,1,hire,,,,-13.0
312,0,hire,,,,-21.0
312,1,hire,,,,-21.0
312,0,hire,,,,-34.0
313,1,hire,,,,-34.0
313,0,trade,SELL,WHEAT,41,41.0
313,0,trade,SELL,WHEAT,41,41.0
313,0,trade,SELL,WHEAT,41,41.0
313,0,trade,SELL,WHEAT,41,41.0
313,1,hire,,,,-55.0
313,0,trade,SELL,WOOL,107,107.0
313,0,trade,SELL,WOOL,102,102.0
313,0,trade,SELL,WOOL,98,98.0
313,0,trade,SELL,WOOL,93,93.0
313,0,trade,SELL,WOOL,88,88.0
313,0,trade,SELL,WOOL,82,82.0
313,0,trade,SELL,WOOL,77,77.0
313,0,trade,SELL,WOOL,72,72.0
313,0,hire,,,,-55.0
313,0,hire,,,,-89.0
313,0,hire,,,,-144.0
313,0,trade,BUY_ANIMAL,COW,400,-400.0
313,0,trade,BUY_SEED,STRAWBERRY,100,-100.0
319,1,trade,BUY_SEED,WHEAT,10,-10.0
320,1,trade,BUY_SEED,WHEAT,10,-10.0
321,1,trade,SELL,MILK,225,225.0
321,1,trade,SELL,MILK,224,224.0
321,1,trade,SELL,MILK,224,224.0
321,1,trade,SELL,MILK,223,223.0
321,1,trade,SELL,MILK,223,223.0
321,1,trade,SELL,MILK,222,222.0
322,0,trade,BUY_SEED,CARROT,20,-20.0
323,1,trade,SELL,MILK,221,221.0
323,1,trade,SELL,MILK,221,221.0
323,1,trade,SELL,MILK,220,220.0
323,1,trade,BUY_SEED,WHEAT,10,-10.0
324,1,trade,BUY_SEED,WHEAT,10,-10.0
325,1,trade,BUY_SEED,WHEAT,10,-10.0
328,0,trade,BUY_PRODUCT,WHEAT,41,-41.0
328,0,trade,BUY_PRODUCT,WHEAT,41,-41.0
328,0,trade,BUY_PRODUCT,WHEAT,41,-41.0
328,0,trade,BUY_PRODUCT,WHEAT,41,-41.0
328,0,trade,BUY_PRODUCT,WHEAT,41,-41.0
328,0,trade,BUY_PRODUCT,WHEAT,41,-41.0
328,0,trade,BUY_PRODUCT,WHEAT,41,-41.0
328,0,trade,BUY_PRODUCT,WHEAT,41,-41.0
328,0,trade,BUY_PRODUCT,WHEAT,41,-41.0
328,0,trade,BUY_PRODUCT,WHEAT,41,-41.0
328,0,trade,BUY_PRODUCT,WHEAT,41,-41.0
328,0,trade,BUY_PRODUCT,WHEAT,41,-41.0
328,0,trade,BUY_PRODUCT,WHEAT,41,-41.0
328,0,trade,BUY_PRODUCT,WHEAT,41,-41.0
328,0,trade,BUY_PRODUCT,WHEAT,41,-41.0
328,0,trade,BUY_PRODUCT,WHEAT,41,-41.0
328,0,trade,BUY_PRODUCT,WHEAT,41,-41.0
328,0,trade,BUY_PRODUCT,WHEAT,41,-41.0
328,0,trade,BUY_PRODUCT,WHEAT,41,-41.0
329,0,trade,SELL,WHEAT,42,42.0
329,0,trade,SELL,WHEAT,42,42.0
329,0,trade,SELL,WHEAT,42,42.0
329,0,trade,SELL,WHEAT,41,41.0
329,0,trade,SELL,WHEAT,41,41.0
329,0,trade,SELL,WHEAT,41,41.0
329,0,trade,SELL,WHEAT,41,41.0
329,0,trade,SELL,WHEAT,41,41.0
330,1,trade,BUY_SEED,WHEAT,10,-10.0
332,0,trade,BUY_PRODUCT,WHEAT,41,-41.0
332,1,trade,SELL,WHEAT,41,41.0
332,0,trade,BUY_PRODUCT,WHEAT,41,-41.0
332,1,trade,SELL,WHEAT,41,41.0
332,0,trade,BUY_PRODUCT,WHEAT,41,-41.0
332,1,trade,SELL,WHEAT,41,41.0
332,0,trade,BUY_PRODUCT,WHEAT,41,-41.0
332,1,trade,SELL,WHEAT,41,41.0
332,0,trade,BUY_PRODUCT,WHEAT,41,-41.0
332,1,trade,SELL,WHEAT,41,41.0
332,1,trade,SELL,WHEAT,41,41.0
332,1,trade,SELL,WHEAT,41,41.0
332,1,trade,SELL,WHEAT,41,41.0
332,1,trade,SELL,WHEAT,41,41.0
333,0,trade,SELL,MILK,225,225.0
333,1,trade,SELL,MILK,225,0.0
333,0,trade,SELL,MILK,224,224.0
333,0,trade,SELL,MILK,224,224.0
333,0,trade,SELL,WHEAT,41,41.0
333,0,trade,SELL,WHEAT,41,41.0
333,0,trade,SELL,WHEAT,41,41.0
333,0,trade,SELL,WHEAT,41,41.0
333,0,trade,SELL,WHEAT,41,41.0
336,0,hire,,,,-1.0
336,1,hire,,,,-1.0
336,0,hire,,,,-1.0
336,1,hire,,,,-1.0
336,0,hire,,,,-2.0
336,1,hire,,,,-2.0
336,0,hire,,,,-3.0
336,1,hire,,,,-3.0
336,0,hire,,,,-5.0
336,1,hire,,,,-5.0
336,0,hire,,,,-8.0
336,1,hire,,,,-8.0
336,0,hire,,,,-13.0
336,1,hire,,,,-13.0
336,0,hire,,,,-21.0
336,1,hire,,,,-21.0
336,0,hire,,,,-34.0
336,1,hire,,,,-34.0
336,0,hire,,,,-55.0
337,0,trade,SELL,FERTILIZER,64,0.0
337,1,trade,SELL,FERTILIZER,64,64.0
337,1,trade,SELL,FERTILIZER,64,64.0
337,1,trade,SELL,FERTILIZER,64,64.0
337,1,trade,SELL,FERTILIZER,64,64.0
337,1,trade,SELL,FERTILIZER,64,64.0
337,1,trade,SELL,FERTILIZER,63,63.0
337,1,trade,SELL,FERTILIZER,63,63.0
337,1,trade,SELL,FERTILIZER,63,63.0
337,1,trade,SELL,FERTILIZER,63,63.0
337,0,hire,,,,-89.0
337,1,trade,SELL,FERTILIZER,63,63.0
337,0,hire,,,,-144.0
337,1,hire,,,,-55.0
337,0,trade,SELL,CARROT,40,40.0
337,1,trade,BUY_PRODUCT,FERTILIZER,63,-63.0
337,1,trade,BUY_PRODUCT,FERTILIZER,63,-63.0
338,1,trade,SELL,MILK,226,226.0
338,1,trade,SELL,MILK,225,225.0
338,1,trade,SELL,MILK,224,224.0
338,1,trade,SELL,MILK,224,224.0
338,1,trade,SELL,MILK,223,223.0
338,1,trade,SELL,MILK,223,223.0
339,1,trade,SELL,MILK,222,222.0
339,1,trade,SELL,MILK,221,221.0
339,1,trade,SELL,MILK,221,221.0
340,0,trade,BUY_PRODUCT,WHEAT,41,-41.0
340,1,trade,SELL,MILK,220,220.0
340,0,trade,BUY_PRODUCT,WHEAT,41,-41.0
340,1,trade,SELL,MILK,220,220.0
340,0,trade,BUY_PRODUCT,WHEAT,41,-41.0
340,1,trade,SELL,MILK,219,219.0
340,0,trade,BUY_PRODUCT,WHEAT,41,-41.0
340,0,trade,BUY_PRODUCT,WHEAT,41,-41.0
341,0,trade,SELL,WHEAT,42,42.0
341,0,trade,SELL,WHEAT,42,42.0
341,0,trade,SELL,WHEAT,42,42.0
341,0,trade,SELL,WHEAT,42,42.0
341,0,trade,SELL,CARROT,40,40.0
342,1,trade,SELL,WOOL,72,72.0
342,1,trade,SELL,WOOL,66,66.0
342,1,trade,SELL,WOOL,61,61.0
342,1,trade,SELL,WOOL,55,55.0
342,1,trade,SELL,WOOL,49,49.0
342,1,trade,SELL,WOOL,43,43.0
343,1,trade,SELL,WOOL,37,37.0
343,1,trade,SELL,WOOL,31,31.0
343,1,trade,SELL,WOOL,24,24.0
344,0,trade,BUY_SEED,WHEAT,10,-10.0
345,0,trade,SELL,WHEAT,42,42.0
345,1,trade,BUY_SEED,WHEAT,10,-10.0
345,0,trade,SELL,WHEAT,42,42.0
345,0,trade,SELL,WHEAT,42,42.0
345,0,trade,SELL,WHEAT,42,42.0
345,0,trade,SELL,CARROT,40,40.0
346,0,trade,BUY_SEED,WHEAT,10,-10.0
347,1,trade,BUY_SEED,WHEAT,10,-10.0
348,0,trade,BUY_SEED,WHEAT,10,-10.0
349,0,trade,SELL,MILK,224,224.0
349,0,trade,SELL,MILK,223,223.0
349,0,trade,SELL,MILK,223,223.0
349,0,trade,SELL,MILK,222,222.0
349,0,trade,SELL,MILK,221,221.0
349,0,trade,SELL,MILK,221,221.0
349,0,trade,SELL,MILK,220,220.0
349,0,trade,SELL,MILK,220,220.0
349,0,trade,SELL,MILK,219,219.0
349,0,trade,SELL,MILK,218,218.0
349,0,trade,SELL,MILK,218,218.0
349,0,trade,SELL,MILK,217,217.0
349,0,trade,SELL,MILK,216,216.0
349,0,trade,SELL,MILK,216,216.0
349,0,trade,SELL,MILK,215,215.0
349,0,trade,SELL,MILK,214,214.0
349,0,trade,SELL,MILK,214,214.0
349,0,trade,SELL,MILK,213,213.0
349,0,trade,SELL,WHEAT,42,42.0
349,0,trade,SELL,WHEAT,42,42.0
349,0,trade,SELL,WHEAT,42,42.0
349,0,trade,SELL,WHEAT,42,42.0
349,0,trade,SELL,WHEAT,41,41.0
349,0,trade,SELL,WHEAT,41,41.0
349,0,trade,SELL,WHEAT,41,41.0
349,0,trade,SELL,WHEAT,41,41.0
349,0,trade,SELL,WHEAT,41,41.0
349,0,trade,SELL,WHEAT,41,41.0
349,0,trade,SELL,WHEAT,41,41.0
349,0,trade,SELL,WHEAT,41,41.0
349,0,trade,SELL,WHEAT,41,41.0
349,0,trade,SELL,WHEAT,41,41.0
349,0,trade,SELL,WHEAT,41,41.0
349,0,trade,SELL,WHEAT,41,41.0
349,0,trade,BUY_SEED,WHEAT,10,-10.0
350,0,trade,SELL,FERTILIZER,63,63.0
350,1,trade,BUY_SEED,WHEAT,10,-10.0
350,0,trade,SELL,FERTILIZER,63,63.0
350,1,trade,BUY_SEED,WHEAT,10,-10.0
351,0,trade,BUY_SEED,WHEAT,10,-10.0
352,0,trade,BUY_SEED,WHEAT,10,-10.0
352,1,trade,BUY_SEED,WHEAT,10,-10.0
352,0,trade,BUY_PRODUCT,WHEAT,41,-41.0
352,0,trade,BUY_PRODUCT,WHEAT,41,-41.0
352,0,trade,BUY_PRODUCT,WHEAT,41,-41.0
352,0,trade,BUY_PRODUCT,WHEAT,41,-41.0
352,0,trade,BUY_PRODUCT,WHEAT,41,-41.0
352,0,trade,BUY_PRODUCT,WHEAT,41,-41.0
352,0,trade,BUY_PRODUCT,WHEAT,41,-41.0
352,0,trade,BUY_PRODUCT,WHEAT,41,-41.0
352,0,trade,BUY_PRODUCT,WHEAT,41,-41.0
352,0,trade,BUY_PRODUCT,WHEAT,41,-41.0
352,0,trade,BUY_PRODUCT,WHEAT,41,-41.0
352,0,trade,BUY_PRODUCT,WHEAT,41,-41.0
353,0,trade,SELL,WHEAT,42,42.0
353,0,trade,SELL,WHEAT,42,42.0
353,0,trade,SELL,WHEAT,42,42.0
353,0,trade,SELL,WHEAT,42,42.0
353,0,trade,SELL,WHEAT,41,41.0
353,0,trade,SELL,WHEAT,41,41.0
353,0,trade,SELL,WHEAT,41,41.0
353,0,trade,SELL,WHEAT,41,41.0
353,0,trade,SELL,WHEAT,41,41.0
353,0,trade,SELL,WHEAT,41,41.0
353,0,trade,SELL,WHEAT,41,41.0
353,0,trade,SELL,WHEAT,41,41.0
354,0,trade,BUY_SEED,WHEAT,10,-10.0
354,0,trade,BUY_SEED,CARROT,20,-20.0
355,1,trade,BUY_SEED,WHEAT,10,-10.0
355,1,trade,BUY_SEED,WHEAT,10,-10.0
356,0,trade,BUY_PRODUCT,WHEAT,41,-41.0
356,1,trade,SELL,WHEAT,41,41.0
356,0,trade,BUY_PRODUCT,WHEAT,41,-41.0
356,1,trade,SELL,WHEAT,41,41.0
356,0,trade,BUY_PRODUCT,WHEAT,41,-41.0
356,1,trade,SELL,WHEAT,41,41.0
356,0,trade,BUY_PRODUCT,WHEAT,41,-41.0
356,1,trade,SELL,WHEAT,41,41.0
356,0,trade,BUY_PRODUCT,WHEAT,41,-41.0
356,1,trade,SELL,WHEAT,41,41.0
356,0,trade,BUY_PRODUCT,WHEAT,41,-41.0
356,1,trade,SELL,WHEAT,41,41.0
356,0,trade,BUY_PRODUCT,WHEAT,41,-41.0
356,1,trade,SELL,WHEAT,41,41.0
356,0,trade,BUY_PRODUCT,WHEAT,41,-41.0
356,1,trade,SELL,WHEAT,41,41.0
356,1,trade,SELL,WHEAT,41,41.0
357,0,trade,SELL,STRAWBERRY,197,197.0
357,0,trade,SELL,STRAWBERRY,196,196.0
357,0,trade,SELL,STRAWBERRY,196,196.0
357,0,trade,SELL,STRAWBERRY,195,195.0
357,0,trade,SELL,STRAWBERRY,195,195.0
357,0,trade,SELL,STRAWBERRY,194,194.0
357,0,trade,SELL,STRAWBERRY,194,194.0
357,0,trade,SELL,STRAWBERRY,193,193.0
357,0,trade,SELL,WHEAT,41,41.0
357,0,trade,SELL,WHEAT,41,41.0
357,0,trade,SELL,WHEAT,41,41.0
357,0,trade,SELL,WHEAT,41,41.0
357,0,trade,SELL,WHEAT,41,41.0
357,0,trade,SELL,WHEAT,41,41.0
357,0,trade,SELL,WHEAT,41,41.0
357,0,trade,SELL,WHEAT,41,41.0
360,0,hire,,,,-1.0
360,1,trade,SELL,EGG,51,51.0
360,1,trade,SELL,EGG,51,51.0
360,1,trade,SELL,EGG,51,51.0
360,1,trade,SELL,EGG,51,51.0
360,0,hire,,,,-1.0
360,1,hire,,,,-1.0
360,0,hire,,,,-2.0
360,1,hire,,,,-1.0
360,0,hire,,,,-3.0
360,1,hire,,,,-2.0
360,0,hire,,,,-5.0
360,1,hire,,,,-3.0
360,0,hire,,,,-8.0
360,1,hire,,,,-5.0
360,0,hire,,,,-13.0
360,1,hire,,,,-8.0
360,0,hire,,,,-21.0
360,1,hire,,,,-13.0
360,0,hire,,,,-34.0
360,1,hire,,,,-21.0
360,0,hire,,,,-55.0
361,0,trade,SELL,MILK,219,219.0
361,1,trade,SELL,FERTILIZER,62,62.0
361,0,trade,SELL,MILK,218,218.0
361,1,trade,SELL,FERTILIZER,62,62.0
361,0,trade,SELL,MILK,218,218.0
361,1,trade,SELL,FERTILIZER,62,62.0
361,1,trade,SELL,FERTILIZER,62,62.0
361,1,trade,SELL,FERTILIZER,62,62.0
361,1,trade,SELL,FERTILIZER,61,61.0
361,1,trade,SELL,FERTILIZER,61,61.0
361,1,hire,,,,-34.0
361,0,hire,,,,-89.0
361,1,hire,,,,-55.0
361,0,hire,,,,-144.0
361,1,hire,,,,-89.0
361,0,trade,BUY_SEED,STRAWBERRY,100,-100.0
361,1,trade,BUY_PRODUCT,FERTILIZER,61,-61.0
361,0,trade,BUY_SEED,STRAWBERRY,100,-100.0
361,1,trade,BUY_PRODUCT,FERTILIZER,61,-61.0
361,0,trade,BUY_SEED,STRAWBERRY,100,-100.0
361,1,trade,BUY_PRODUCT,FERTILIZER,62,-62.0
361,0,trade,BUY_SEED,STRAWBERRY,100,-100.0
361,1,trade,BUY_PRODUCT,FERTILIZER,62,-62.0
361,0,trade,BUY_SEED,MELON,80,-80.0
361,0,trade,SELL,CARROT,40,40.0
361,0,trade,SELL,CARROT,40,40.0
361,0,trade,SELL,CARROT,40,40.0
362,1,trade,SELL,WOOL,24,24.0
362,1,trade,SELL,WOOL,18,18.0
362,1,trade,SELL,WOOL,11,11.0
362,1,trade,SELL,WOOL,5,0.0
364,0,trade,BUY_SEED,WHEAT,10,-10.0
367,1,trade,SELL,WHEAT,41,41.0
367,1,trade,SELL,WHEAT,41,41.0
367,1,trade,SELL,WHEAT,41,41.0
367,1,trade,SELL,WHEAT,41,41.0
367,1,trade,SELL,WHEAT,41,41.0
367,1,trade,SELL,WHEAT,41,41.0
367,1,trade,SELL,WHEAT,41,41.0
367,1,trade,SELL,WHEAT,41,41.0
367,1,trade,SELL,WHEAT,41,41.0
367,1,trade,SELL,WHEAT,41,41.0
367,1,trade,SELL,WHEAT,41,41.0
367,1,trade,SELL,WHEAT,41,41.0
367,1,trade,BUY_SEED,WHEAT,10,-10.0
368,0,trade,SELL,WHEAT,41,41.0
368,1,trade,BUY_SEED,WHEAT,10,-10.0
368,0,trade,SELL,WHEAT,41,41.0
368,0,trade,SELL,WHEAT,41,41.0
368,0,trade,SELL,WHEAT,41,41.0
368,0,trade,SELL,WHEAT,41,41.0
368,0,trade,SELL,WHEAT,41,41.0
368,0,trade,SELL,WHEAT,41,41.0
371,0,trade,SELL,STRAWBERRY,197,197.0
371,1,trade,SELL,FERTILIZER,62,62.0
371,0,trade,SELL,STRAWBERRY,197,197.0
371,1,trade,SELL,FERTILIZER,62,62.0
371,0,trade,SELL,STRAWBERRY,197,197.0
371,1,trade,SELL,FERTILIZER,61,61.0
371,0,trade,SELL,STRAWBERRY,196,196.0
371,1,trade,SELL,FERTILIZER,61,61.0
371,0,trade,SELL,STRAWBERRY,196,196.0
371,1,trade,SELL,FERTILIZER,61,61.0
371,0,trade,SELL,STRAWBERRY,195,195.0
371,1,trade,SELL,FERTILIZER,61,61.0
371,0,trade,SELL,STRAWBERRY,195,195.0
371,1,trade,SELL,FERTILIZER,61,61.0
371,0,trade,SELL,STRAWBERRY,194,194.0
371,1,trade,SELL,FERTILIZER,60,60.0
371,1,trade,SELL,FERTILIZER,60,60.0
371,1,trade,SELL,FERTILIZER,60,0.0
372,0,trade,BUY_PRODUCT,WHEAT,41,-41.0
372,1,trade,BUY_SEED,WHEAT,10,-10.0
372,0,trade,BUY_PRODUCT,WHEAT,41,-41.0
372,1,trade,BUY_SEED,WHEAT,10,-10.0
372,0,trade,BUY_PRODUCT,WHEAT,41,-41.0
372,0,trade,BUY_PRODUCT,WHEAT,41,-41.0
372,0,trade,BUY_PRODUCT,WHEAT,41,-41.0
372,0,trade,BUY_PRODUCT,WHEAT,41,-41.0
372,0,trade,BUY_PRODUCT,WHEAT,41,-41.0
372,0,trade,BUY_PRODUCT,WHEAT,41,-41.0
372,0,trade,BUY_PRODUCT,WHEAT,41,-41.0
372,0,trade,BUY_PRODUCT,WHEAT,41,-41.0
372,0,trade,BUY_PRODUCT,WHEAT,41,-41.0
372,0,trade,BUY_PRODUCT,WHEAT,41,-41.0
372,0,trade,BUY_PRODUCT,WHEAT,41,-41.0
372,0,trade,BUY_PRODUCT,WHEAT,41,-41.0
372,0,trade,BUY_PRODUCT,WHEAT,41,-41.0
372,0,trade,BUY_PRODUCT,WHEAT,41,-41.0
373,0,trade,SELL,WHEAT,42,42.0
373,1,trade,SELL,MILK,223,223.0
373,1,trade,SELL,MILK,222,222.0
373,1,trade,SELL,MILK,221,221.0
373,1,trade,SELL,MILK,221,221.0
373,1,trade,SELL,MILK,220,220.0
373,1,trade,SELL,MILK,220,220.0
373,1,trade,SELL,MILK,219,219.0
373,1,trade,SELL,MILK,218,218.0
373,1,trade,SELL,MILK,218,218.0
373,0,trade,BUY_SEED,WHEAT,10,-10.0
374,0,trade,SELL,WHEAT,42,42.0
374,0,trade,SELL,WHEAT,42,42.0
374,0,trade,SELL,WHEAT,42,42.0
374,0,trade,SELL,WHEAT,42,42.0
375,1,trade,SELL,MILK,217,217.0
375,1,trade,SELL,MILK,216,216.0
375,1,trade,SELL,MILK,216,216.0
375,1,trade,SELL,MILK,215,215.0
375,1,trade,SELL,MILK,214,214.0
375,1,trade,SELL,MILK,214,214.0
375,1,trade,SELL,MILK,213,213.0
375,1,trade,SELL,MILK,212,212.0
375,1,trade,SELL,MILK,211,211.0
375,1,trade,SELL,MILK,211,211.0
375,1,trade,SELL,MILK,210,210.0
375,1,trade,SELL,MILK,209,209.0
375,1,trade,SELL,MILK,208,0.0
376,0,trade,BUY_SEED,WHEAT,10,-10.0
377,0,trade,SELL,WHEAT,42,42.0
377,0,trade,SELL,WHEAT,42,42.0
377,0,trade,SELL,WHEAT,42,42.0
377,0,trade,SELL,WHEAT,42,42.0
377,0,trade,SELL,WHEAT,42,42.0
377,0,trade,SELL,WHEAT,41,41.0
377,0,trade,SELL,WHEAT,41,41.0
377,0,trade,SELL,WHEAT,41,41.0
377,0,trade,SELL,WHEAT,41,41.0
377,0,trade,SELL,WHEAT,41,41.0
377,0,trade,SELL,WHEAT,41,41.0
379,1,trade,BUY_SEED,WHEAT,10,-10.0
380,0,trade,BUY_PRODUCT,WHEAT,41,-41.0
380,1,trade,BUY_SEED,WHEAT,10,-10.0
380,0,trade,BUY_PRODUCT,WHEAT,41,-41.0
380,0,trade,BUY_PRODUCT,WHEAT,41,-41.0
380,0,trade,BUY_PRODUCT,WHEAT,41,-41.0
380,0,trade,BUY_PRODUCT,WHEAT,41,-41.0
380,0,trade,BUY_PRODUCT,WHEAT,41,-41.0
381,0,trade,SELL,WHEAT,42,42.0
381,1,trade,BUY_SEED,WHEAT,10,-10.0
381,0,trade,SELL,WHEAT,42,42.0
381,0,trade,SELL,WHEAT,42,42.0
381,0,trade,SELL,WHEAT,42,42.0
381,0,trade,SELL,WHEAT,42,42.0
381,0,trade,SELL,WHEAT,41,41.0
382,0,trade,SELL,MILK,213,213.0
382,1,trade,SELL,STRAWBERRY,198,198.0
382,0,trade,SELL,MILK,212,212.0
382,1,trade,SELL,STRAWBERRY,197,197.0
382,0,trade,SELL,MILK,211,211.0
382,1,trade,SELL,STRAWBERRY,197,197.0
382,0,trade,SELL,MILK,211,211.0
382,1,trade,SELL,STRAWBERRY,197,197.0
382,0,trade,SELL,MILK,210,210.0
382,1,trade,SELL,STRAWBERRY,196,196.0
382,0,trade,SELL,MILK,209,209.0
382,1,trade,SELL,STRAWBERRY,196,196.0
382,1,trade,SELL,STRAWBERRY,195,195.0
382,1,trade,SELL,STRAWBERRY,195,195.0
382,0,trade,SELL,STRAWBERRY,194,194.0
382,1,trade,BUY_SEED,WHEAT,10,-10.0
382,0,trade,SELL,STRAWBERRY,194,194.0
382,0,trade,SELL,FERTILIZER,60,60.0
382,0,trade,SELL,FERTILIZER,60,60.0
384,0,hire,,,,-1.0
384,1,trade,SELL,EGG,51,51.0
384,1,trade,SELL,EGG,51,51.0
384,0,hire,,,,-1.0
384,1,hire,,,,-1.0
384,0,hire,,,,-2.0
384,1,hire,,,,-1.0
384,0,hire,,,,-3.0
384,1,hire,,,,-2.0
384,0,hire,,,,-5.0
384,1,hire,,,,-3.0
384,0,hire,,,,-8.0
384,1,hire,,,,-5.0
384,0,hire,,,,-13.0
384,1,hire,,,,-8.0
384,0,hire,,,,-21.0
384,1,hire,,,,-13.0
384,0,hire,,,,-34.0
384,1,hire,,,,-21.0
384,0,hire,,,,-55.0
384,1,hire,,,,-34.0
385,1,trade,SELL,FERTILIZER,60,60.0
385,1,trade,SELL,FERTILIZER,59,59.0
385,1,trade,SELL,FERTILIZER,59,59.0
385,1,trade,SELL,FERTILIZER,59,59.0
385,1,trade,SELL,FERTILIZER,59,59.0
385,1,trade,SELL,FERTILIZER,59,59.0
385,1,trade,SELL,FERTILIZER,58,58.0
385,1,trade,SELL,FERTILIZER,58,58.0
385,1,trade,SELL,FERTILIZER,58,58.0
385,1,trade,SELL,FERTILIZER,58,58.0
385,0,hire,,,,-89.0
385,1,hire,,,,-55.0
385,0,hire,,,,-144.0
385,1,hire,,,,-89.0
385,1,hire,,,,-144.0
385,0,trade,BUY_SEED,TOMATO,50,-50.0
385,0,trade,BUY_SEED,TOMATO,50,-50.0
385,0,trade,BUY_SEED,TOMATO,50,-50.0
385,0,trade,BUY_SEED,TOMATO,50,-50.0
385,0,trade,BUY_SEED,TOMATO,50,-50.0
385,0,trade,SELL,WHEAT,42,42.0
385,1,trade,BUY_PRODUCT,FERTILIZER,58,-58.0
385,0,trade,SELL,WHEAT,42,42.0
385,0,trade,SELL,WHEAT,42,42.0
385,0,trade,SELL,WHEAT,42,42.0
385,0,trade,SELL,WHEAT,42,42.0
386,0,trade,SELL,WOOL,11,11.0
386,0,trade,SELL,WOOL,5,5.0
386,0,trade,SELL,WOOL,1,1.0
389,0,trade,SELL,STRAWBERRY,197,197.0
389,0,trade,SELL,STRAWBERRY,196,196.0
389,0,trade,SELL,STRAWBERRY,196,196.0
389,0,trade,SELL,STRAWBERRY,195,195.0
389,0,trade,SELL,STRAWBERRY,195,195.0
389,0,trade,SELL,STRAWBERRY,194,194.0
389,0,trade,SELL,STRAWBERRY,194,194.0
389,0,trade,SELL,STRAWBERRY,193,193.0
389,0,trade,SELL,STRAWBERRY,193,193.0
389,0,trade,SELL,STRAWBERRY,192,192.0
389,0,trade,SELL,STRAWBERRY,192,192.0
389,0,trade,SELL,STRAWBERRY,191,191.0
389,0,trade,SELL,FERTILIZER,58,58.0
389,0,trade,SELL,FERTILIZER,58,58.0
389,0,trade,SELL,FERTILIZER,57,57.0
389,0,trade,SELL,FERTILIZER,57,57.0
389,0,trade,SELL,WHEAT,42,42.0
389,0,trade,SELL,WHEAT,42,42.0
389,0,trade,SELL,WHEAT,42,42.0
389,0,trade,SELL,WHEAT,42,42.0
389,0,trade,SELL,WHEAT,42,42.0
391,0,trade,BUY_SEED,WHEAT,10,-10.0
393,0,trade,SELL,MILK,216,216.0
393,1,trade,SELL,MILK,216,216.0
393,0,trade,SELL,MILK,214,214.0
393,1,trade,SELL,MILK,214,214.0
393,0,trade,SELL,MILK,213,213.0
393,1,trade,SELL,MILK,213,213.0
393,0,trade,SELL,MILK,211,211.0
393,0,trade,SELL,MILK,211,211.0
393,0,trade,SELL,MILK,210,210.0
393,0,trade,SELL,WHEAT,42,42.0
393,1,trade,BUY_SEED,WHEAT,10,-10.0
393,0,trade,SELL,WHEAT,42,42.0
393,0,trade,SELL,WHEAT,42,42.0
393,0,trade,SELL,WHEAT,42,42.0
393,0,trade,SELL,WHEAT,42,42.0
394,0,trade,SELL,MILK,209,209.0
394,0,trade,SELL,MILK,208,208.0
394,0,trade,SELL,MILK,208,208.0
394,0,trade,SELL,MILK,207,207.0
394,0,trade,SELL,MILK,206,206.0
394,0,trade,SELL,MILK,205,205.0
394,0,trade,SELL,FERTILIZER,57,57.0
395,1,trade,SELL,FERTILIZER,57,57.0
395,1,trade,SELL,FERTILIZER,57,57.0
395,1,trade,SELL,FERTILIZER,56,56.0
395,1,trade,SELL,FERTILIZER,56,0.0
395,1,trade,BUY_SEED,WHEAT,10,-10.0
396,1,trade,BUY_SEED,WHEAT,10,-10.0
397,0,trade,SELL,WHEAT,42,42.0
397,0,trade,SELL,WHEAT,42,42.0
397,0,trade,SELL,WHEAT,42,42.0
397,0,trade,SELL,WHEAT,42,42.0
397,0,trade,SELL,WHEAT,42,42.0
397,0,trade,SELL,WHEAT,41,41.0
397,0,trade,SELL,WHEAT,41,41.0
398,0,trade,BUY_SEED,WHEAT,10,-10.0
398,1,trade,SELL,WOOL,1,1.0
398,1,trade,SELL,WOOL,1,1.0
398,1,trade,SELL,WOOL,1,1.0
398,1,trade,SELL,WOOL,1,1.0
398,1,trade,SELL,WOOL,1,1.0
398,1,trade,SELL,WOOL,1,1.0
398,1,trade,SELL,WOOL,1,1.0
398,1,trade,SELL,WOOL,1,1.0
398,1,trade,SELL,WOOL,1,1.0
398,1,trade,SELL,WOOL,1,1.0
398,1,trade,SELL,WOOL,1,1.0
398,1,trade,SELL,WOOL,1,1.0
398,1,trade,SELL,WOOL,1,1.0
398,1,trade,SELL,WOOL,1,1.0
399,0,trade,SELL,MELON,178,178.0
399,0,trade,SELL,MELON,176,176.0
399,0,trade,SELL,MELON,174,174.0
399,0,trade,SELL,MELON,173,173.0
399,0,trade,SELL,MELON,171,171.0
399,0,trade,SELL,MELON,169,169.0
400,0,trade,SELL,MELON,167,167.0
400,1,trade,SELL,WOOL,1,1.0
400,0,trade,SELL,MELON,165,165.0
400,1,trade,SELL,WOOL,1,1.0
400,0,trade,SELL,MELON,164,164.0
400,1,trade,SELL,WOOL,1,1.0
400,0,trade,SELL,MELON,162,162.0
400,1,trade,SELL,WOOL,1,1.0
400,0,trade,SELL,MELON,160,160.0
400,1,trade,SELL,WOOL,1,1.0
400,0,trade,SELL,MELON,158,158.0
400,1,trade,SELL,WOOL,1,1.0
400,0,trade,SELL,MELON,156,156.0
400,0,trade,SELL,MELON,154,154.0
400,0,trade,SELL,MELON,152,152.0
400,0,trade,SELL,MELON,150,150.0
400,0,trade,SELL,MELON,148,148.0
400,0,trade,SELL,MELON,146,146.0
400,0,trade,BUY_SEED,WHEAT,10,-10.0
400,1,trade,BUY_SEED,WHEAT,10,-10.0
400,1,trade,BUY_SEED,WHEAT,10,-10.0
400,0,trade,BUY_PRODUCT,WHEAT,41,-41.0
400,0,trade,BUY_PRODUCT,WHEAT,41,-41.0
401,0,trade,SELL,WHEAT,42,42.0
401,1,trade,SELL,WHEAT,42,42.0
401,1,trade,SELL,WHEAT,42,42.0
401,1,trade,SELL,WHEAT,42,42.0
401,1,trade,SELL,WHEAT,42,42.0
401,1,trade,SELL,WHEAT,41,41.0
401,1,trade,SELL,WHEAT,41,41.0
401,0,trade,SELL,FERTILIZER,56,56.0
401,0,trade,SELL,FERTILIZER,56,56.0
401,0,trade,SELL,FERTILIZER,56,56.0
401,0,trade,SELL,FERTILIZER,56,56.0
401,0,trade,BUY_SEED,WHEAT,10,-10.0
402,0,trade,SELL,WHEAT,41,41.0
402,1,trade,SELL,STRAWBERRY,195,195.0
402,1,trade,SELL,STRAWBERRY,195,195.0
402,1,trade,SELL,STRAWBERRY,194,194.0
402,1,trade,SELL,STRAWBERRY,194,194.0
402,1,trade,BUY_SEED,WHEAT,10,-10.0
403,0,trade,BUY_SEED,WHEAT,10,-10.0
403,1,trade,SELL,STRAWBERRY,193,193.0
403,1,trade,SELL,STRAWBERRY,193,193.0
403,1,trade,SELL,STRAWBERRY,192,192.0
403,1,trade,SELL,STRAWBERRY,192,192.0
403,1,trade,SELL,STRAWBERRY,191,191.0
403,1,trade,SELL,STRAWBERRY,191,191.0
403,1,trade,SELL,STRAWBERRY,190,190.0
403,1,trade,SELL,STRAWBERRY,190,190.0
403,1,trade,SELL,STRAWBERRY,189,189.0
403,1,trade,SELL,STRAWBERRY,189,189.0
403,1,trade,SELL,STRAWBERRY,188,188.0
403,1,trade,SELL,STRAWBERRY,188,188.0
403,1,trade,SELL,MILK,209,0.0
403,1,trade,BUY_SEED,WHEAT,10,-10.0
404,0,trade,BUY_PRODUCT,WHEAT,41,-41.0
404,1,trade,BUY_SEED,WHEAT,10,-10.0
404,0,trade,BUY_PRODUCT,WHEAT,41,-41.0
404,0,trade,BUY_PRODUCT,WHEAT,41,-41.0
405,0,trade,SELL,WHEAT,42,42.0
405,0,trade,SELL,WHEAT,42,42.0
405,0,trade,SELL,WHEAT,42,42.0
407,1,trade,SELL,MILK,211,211.0
407,1,trade,SELL,MILK,211,211.0
407,1,trade,SELL,MILK,210,210.0
407,1,trade,SELL,MILK,209,209.0
407,1,trade,SELL,MILK,208,208.0
407,1,trade,SELL,MILK,208,208.0
407,1,trade,SELL,MILK,207,207.0
407,1,trade,SELL,MILK,206,206.0
407,1,trade,SELL,MILK,205,205.0
407,1,trade,SELL,MILK,204,0.0
408,0,trade,SELL,FERTILIZER,55,55.0
408,1,trade,SELL,MILK,204,204.0
408,0,trade,SELL,FERTILIZER,55,55.0
408,1,trade,SELL,MILK,203,203.0
408,0,trade,SELL,FERTILIZER,55,55.0
408,1,trade,SELL,MILK,203,203.0
408,0,trade,SELL,FERTILIZER,55,55.0
408,1,trade,SELL,MILK,202,0.0
408,0,trade,SELL,FERTILIZER,55,55.0
408,0,trade,SELL,FERTILIZER,54,54.0
408,0,trade,SELL,FERTILIZER,54,54.0
408,0,trade,SELL,FERTILIZER,54,54.0
408,0,trade,SELL,FERTILIZER,54,54.0
408,0,trade,SELL,FERTILIZER,54,54.0
408,0,trade,SELL,FERTILIZER,53,53.0
408,0,trade,SELL,FERTILIZER,53,53.0
408,0,hire,,,,-1.0
408,1,hire,,,,-1.0
408,0,hire,,,,-1.0
408,1,hire,,,,-1.0
408,0,hire,,,,-2.0
408,1,hire,,,,-2.0
408,0,hire,,,,-3.0
408,1,hire,,,,-3.0
408,0,hire,,,,-5.0
408,1,hire,,,,-5.0
408,0,hire,,,,-8.0
408,1,hire,,,,-8.0
408,0,hire,,,,-13.0
408,1,hire,,,,-13.0
408,0,hire,,,,-21.0
408,1,hire,,,,-21.0
408,0,hire,,,,-34.0
408,1,hire,,,,-34.0
409,0,trade,SELL,MILK,205,205.0
409,1,trade,SELL,EGG,52,52.0
409,0,trade,SELL,MILK,204,204.0
409,1,trade,SELL,EGG,51,51.0
409,0,trade,SELL,MILK,203,203.0
409,1,trade,SELL,EGG,51,51.0
409,1,trade,SELL,EGG,51,51.0
409,1,trade,SELL,EGG,51,51.0
409,1,trade,SELL,EGG,51,51.0
409,0,trade,SELL,WHEAT,42,42.0
409,1,trade,SELL,FERTILIZER,53,53.0
409,0,trade,SELL,WHEAT,42,42.0
409,1,trade,SELL,FERTILIZER,53,53.0
409,0,trade,SELL,WHEAT,42,42.0
409,1,trade,SELL,FERTILIZER,53,53.0
409,0,trade,SELL,WHEAT,42,42.0
409,1,trade,SELL,FERTILIZER,52,52.0
409,0,trade,SELL,WHEAT,42,42.0
409,1,trade,SELL,FERTILIZER,52,52.0
409,0,trade,SELL,WHEAT,42,42.0
409,1,trade,SELL,FERTILIZER,52,52.0
409,0,trade,SELL,WHEAT,42,42.0
409,1,trade,SELL,FERTILIZER,52,52.0
409,0,trade,SELL,WHEAT,42,42.0
409,1,trade,SELL,FERTILIZER,52,52.0
409,0,trade,SELL,MELON,146,146.0
409,1,trade,SELL,WOOL,5,0.0
409,0,trade,SELL,MELON,144,144.0
409,0,trade,SELL,MELON,142,142.0
409,0,trade,SELL,MELON,140,140.0
409,0,trade,SELL,MELON,138,138.0
409,0,trade,SELL,MELON,136,136.0
409,0,hire,,,,-55.0
409,1,hire,,,,-55.0
409,0,hire,,,,-89.0
409,1,hire,,,,-89.0
409,0,hire,,,,-144.0
409,1,trade,SELL,FERTILIZER,51,51.0
409,1,trade,SELL,FERTILIZER,51,51.0
409,1,trade,SELL,FERTILIZER,51,51.0
409,1,trade,SELL,FERTILIZER,51,51.0
409,1,trade,SELL,FERTILIZER,51,0.0
409,0,trade,BUY_SEED,TOMATO,50,-50.0
409,0,trade,BUY_SEED,TOMATO,50,-50.0
409,0,trade,BUY_SEED,TOMATO,50,-50.0
409,0,trade,BUY_SEED,TOMATO,50,-50.0
409,0,trade,SELL,CARROT,41,41.0
409,0,trade,SELL,CARROT,41,41.0
409,0,trade,SELL,CARROT,41,41.0
413,1,trade,SELL,WHEAT,42,42.0
413,1,trade,SELL,WHEAT,42,42.0
413,1,trade,SELL,WHEAT,42,42.0
413,1,trade,SELL,WHEAT,42,42.0
413,1,trade,SELL,WHEAT,42,42.0
413,1,trade,SELL,WHEAT,41,41.0
413,1,trade,SELL,WHEAT,41,41.0
415,1,trade,BUY_SEED,WHEAT,10,-10.0
416,0,trade,BUY_PRODUCT,WHEAT,41,-41.0
416,0,trade,BUY_PRODUCT,WHEAT,41,-41.0
417,0,trade,SELL,STRAWBERRY,194,194.0
417,1,trade,SELL,STRAWBERRY,194,0.0
417,0,trade,SELL,STRAWBERRY,193,193.0
417,0,trade,SELL,STRAWBERRY,193,193.0
417,0,trade,SELL,STRAWBERRY,192,192.0
417,0,trade,SELL,STRAWBERRY,192,192.0
417,0,trade,SELL,STRAWBERRY,191,191.0
417,0,trade,SELL,STRAWBERRY,191,191.0
417,0,trade,SELL,STRAWBERRY,190,190.0
417,0,trade,SELL,STRAWBERRY,190,190.0
417,0,trade,SELL,STRAWBERRY,189,189.0
417,0,trade,SELL,STRAWBERRY,189,189.0
417,0,trade,SELL,STRAWBERRY,188,188.0
417,0,trade,SELL,STRAWBERRY,188,188.0
417,0,trade,SELL,STRAWBERRY,187,187.0
417,0,trade,SELL,STRAWBERRY,187,187.0
417,0,trade,SELL,STRAWBERRY,186,186.0
417,0,trade,SELL,STRAWBERRY,186,186.0
417,0,trade,SELL,STRAWBERRY,185,185.0
417,0,trade,SELL,STRAWBERRY,185,185.0
417,0,trade,SELL,STRAWBERRY,184,184.0
417,0,trade,SELL,STRAWBERRY,183,183.0
417,0,trade,SELL,STRAWBERRY,183,183.0
417,0,trade,SELL,STRAWBERRY,182,182.0
417,0,trade,SELL,STRAWBERRY,182,182.0
417,0,trade,SELL,STRAWBERRY,181,181.0
417,0,trade,SELL,STRAWBERRY,181,181.0
417,1,trade,BUY_SEED,WHEAT,10,-10.0
417,1,trade,BUY_SEED,WHEAT,10,-10.0
417,1,trade,BUY_SEED,WHEAT,10,-10.0
422,1,trade,BUY_SEED,WHEAT,10,-10.0
423,0,trade,SELL,MILK,210,210.0
423,1,trade,BUY_SEED,WHEAT,10,-10.0
423,0,trade,SELL,MILK,209,209.0
423,0,trade,SELL,MILK,208,208.0
423,0,trade,SELL,MILK,208,208.0
423,0,trade,SELL,MILK,207,207.0
423,0,trade,SELL,MILK,206,206.0
423,0,trade,SELL,FERTILIZER,51,51.0
424,0,trade,SELL,FERTILIZER,50,50.0
424,0,trade,SELL,MILK,205,205.0
424,0,trade,SELL,MILK,204,204.0
424,0,trade,SELL,MILK,203,203.0
424,0,trade,SELL,MILK,203,203.0
424,0,trade,SELL,MILK,202,202.0
424,0,trade,SELL,MILK,201,201.0
425,0,trade,BUY_SEED,CARROT,20,-20.0
425,0,trade,BUY_SEED,WHEAT,10,-10.0
427,0,trade,BUY_SEED,WHEAT,10,-10.0
427,1,trade,SELL,STRAWBERRY,183,183.0
427,1,trade,SELL,STRAWBERRY,183,183.0
427,1,trade,SELL,STRAWBERRY,182,182.0
427,1,trade,SELL,STRAWBERRY,182,182.0
427,1,trade,SELL,STRAWBERRY,181,181.0
427,1,trade,SELL,STRAWBERRY,181,181.0
427,1,trade,BUY_SEED,WHEAT,10,-10.0
428,0,trade,BUY_PRODUCT,WHEAT,42,-42.0
428,0,trade,BUY_PRODUCT,WHEAT,42,-42.0
428,0,trade,BUY_PRODUCT,WHEAT,42,-42.0
428,0,trade,BUY_PRODUCT,WHEAT,42,-42.0
428,0,trade,BUY_PRODUCT,WHEAT,42,-42.0
428,0,trade,BUY_PRODUCT,WHEAT,42,-42.0
428,0,trade,BUY_PRODUCT,WHEAT,42,-42.0
428,0,trade,BUY_PRODUCT,WHEAT,42,-42.0
428,0,trade,BUY_PRODUCT,WHEAT,42,-42.0
428,0,trade,BUY_PRODUCT,WHEAT,42,-42.0
428,0,trade,BUY_PRODUCT,WHEAT,42,-42.0
428,0,trade,BUY_PRODUCT,WHEAT,42,-42.0
428,0,trade,BUY_PRODUCT,WHEAT,42,-42.0
428,0,trade,BUY_PRODUCT,WHEAT,42,-42.0
428,0,trade,BUY_PRODUCT,WHEAT,42,-42.0
428,0,trade,BUY_PRODUCT,WHEAT,42,-42.0
428,0,trade,BUY_PRODUCT,WHEAT,42,-42.0
428,0,trade,BUY_PRODUCT,WHEAT,42,-42.0
428,0,trade,BUY_PRODUCT,WHEAT,42,-42.0
429,0,trade,SELL,MILK,205,205.0
429,1,trade,SELL,STRAWBERRY,182,182.0
429,0,trade,SELL,MILK,204,204.0
429,1,trade,SELL,STRAWBERRY,181,181.0
429,0,trade,SELL,MILK,203,203.0
429,1,trade,SELL,STRAWBERRY,181,181.0
429,1,trade,SELL,STRAWBERRY,180,180.0
429,1,trade,SELL,STRAWBERRY,179,179.0
429,1,trade,SELL,STRAWBERRY,179,179.0
429,1,trade,SELL,STRAWBERRY,178,178.0
429,1,trade,SELL,STRAWBERRY,178,178.0
429,1,trade,SELL,STRAWBERRY,177,177.0
429,1,trade,SELL,STRAWBERRY,176,176.0
429,1,trade,SELL,STRAWBERRY,176,0.0
429,0,trade,SELL,WHEAT,43,43.0
429,0,trade,SELL,WHEAT,43,43.0
429,0,trade,SELL,WHEAT,43,43.0
429,0,trade,SELL,WHEAT,43,43.0
429,0,trade,SELL,WHEAT,43,43.0
429,0,trade,SELL,WHEAT,42,42.0
429,0,trade,SELL,WHEAT,42,42.0
429,0,trade,SELL,WHEAT,42,42.0
429,0,trade,SELL,WHEAT,42,42.0
429,0,trade,SELL,WHEAT,42,42.0
429,0,trade,SELL,WHEAT,42,42.0
429,0,trade,SELL,WHEAT,42,42.0
430,0,trade,SELL,FERTILIZER,50,50.0
430,0,trade,SELL,FERTILIZER,50,50.0
430,0,trade,SELL,FERTILIZER,50,50.0
430,0,trade,SELL,FERTILIZER,50,50.0
431,1,trade,SELL,EGG,51,51.0
431,1,trade,SELL,EGG,51,51.0
431,1,trade,SELL,EGG,51,51.0
431,1,trade,SELL,EGG,51,51.0
432,0,hire,,,,-1.0
432,1,trade,SELL,MILK,203,203.0
432,1,trade,SELL,MILK,202,202.0
432,1,trade,SELL,MILK,201,201.0
432,1,trade,SELL,MILK,200,200.0
432,1,trade,SELL,MILK,199,199.0
432,1,trade,SELL,MILK,198,198.0
432,1,trade,SELL,MILK,197,0.0
432,0,hire,,,,-1.0
432,1,hire,,,,-1.0
432,0,hire,,,,-2.0
432,1,hire,,,,-1.0
432,0,hire,,,,-3.0
432,1,hire,,,,-2.0
432,0,hire,,,,-5.0
432,1,hire,,,,-3.0
432,0,hire,,,,-8.0
432,1,hire,,,,-5.0
432,0,hire,,,,-13.0
432,1,hire,,,,-8.0
432,0,hire,,,,-21.0
432,1,hire,,,,-13.0
432,0,hire,,,,-34.0
432,1,hire,,,,-21.0
432,1,hire,,,,-34.0
432,0,trade,SELL,CARROT,41,41.0
432,0,trade,SELL,CARROT,41,41.0
432,0,trade,SELL,CARROT,41,41.0
433,0,hire,,,,-55.0
433,1,trade,SELL,FERTILIZER,49,49.0
433,1,trade,SELL,FERTILIZER,49,49.0
433,1,trade,SELL,FERTILIZER,49,49.0
433,1,trade,SELL,FERTILIZER,49,49.0
433,1,trade,SELL,FERTILIZER,49,49.0
433,1,trade,SELL,FERTILIZER,48,48.0
433,1,trade,SELL,FERTILIZER,48,48.0
433,1,trade,SELL,FERTILIZER,48,48.0
433,1,trade,SELL,FERTILIZER,48,48.0
433,1,trade,SELL,FERTILIZER,48,48.0
433,1,trade,SELL,FERTILIZER,47,47.0
433,1,trade,SELL,FERTILIZER,47,47.0
433,0,hire,,,,-89.0
433,1,hire,,,,-55.0
433,0,hire,,,,-144.0
433,1,hire,,,,-89.0
433,1,hire,,,,-144.0
433,0,trade,BUY_PRODUCT,FERTILIZER,47,-47.0
433,0,trade,BUY_PRODUCT,FERTILIZER,47,-47.0
433,0,trade,BUY_PRODUCT,FERTILIZER,48,-48.0
433,0,trade,BUY_SEED,TOMATO,50,-50.0
433,1,trade,BUY_PRODUCT,FERTILIZER,48,-48.0
433,0,trade,BUY_SEED,TOMATO,50,-50.0
433,0,trade,BUY_SEED,TOMATO,50,-50.0
433,0,trade,BUY_SEED,TOMATO,50,-50.0
433,0,trade,BUY_SEED,TOMATO,50,-50.0
437,0,trade,SELL,STRAWBERRY,181,181.0
437,0,trade,SELL,STRAWBERRY,181,181.0
437,0,trade,SELL,STRAWBERRY,180,180.0
437,0,trade,SELL,STRAWBERRY,179,179.0
437,0,trade,SELL,STRAWBERRY,179,179.0
437,0,trade,SELL,STRAWBERRY,178,178.0
437,0,trade,SELL,STRAWBERRY,178,178.0
437,0,trade,SELL,STRAWBERRY,177,177.0
437,0,trade,SELL,STRAWBERRY,176,176.0
437,0,trade,SELL,STRAWBERRY,176,176.0
437,0,trade,SELL,STRAWBERRY,175,175.0
437,0,trade,SELL,WHEAT,43,43.0
437,0,trade,SELL,WHEAT,43,43.0
440,0,trade,SELL,MILK,205,205.0
440,0,trade,SELL,MILK,204,204.0
440,0,trade,SELL,MILK,203,203.0
440,0,trade,SELL,MILK,203,203.0
440,0,trade,SELL,MILK,202,202.0
440,0,trade,SELL,MILK,201,201.0
441,0,trade,SELL,STRAWBERRY,177,177.0
441,1,trade,SELL,FERTILIZER,48,48.0
441,0,trade,SELL,STRAWBERRY,176,176.0
441,1,trade,SELL,FERTILIZER,48,0.0
441,0,trade,SELL,STRAWBERRY,176,176.0
441,0,trade,SELL,FERTILIZER,48,48.0
441,1,trade,BUY_SEED,WHEAT,10,-10.0
441,0,trade,SELL,FERTILIZER,47,47.0
442,1,trade,BUY_SEED,WHEAT,10,-10.0
444,0,trade,BUY_SEED,WHEAT,10,-10.0
444,1,trade,BUY_SEED,WHEAT,10,-10.0
445,0,trade,BUY_SEED,WHEAT,10,-10.0
445,1,trade,SELL,WHEAT,43,43.0
445,1,trade,SELL,WHEAT,43,43.0
445,1,trade,SELL,WHEAT,43,43.0
445,1,trade,SELL,WHEAT,43,43.0
445,1,trade,SELL,WHEAT,43,43.0
445,1,trade,SELL,WHEAT,43,43.0
445,1,trade,SELL,WHEAT,43,43.0
446,0,trade,BUY_SEED,WHEAT,10,-10.0
447,1,trade,SELL,MILK,207,0.0
447,1,trade,BUY_SEED,WHEAT,10,-10.0
447,1,trade,BUY_SEED,WHEAT,10,-10.0
448,0,trade,SELL,WHEAT,43,43.0
448,0,trade,SELL,WHEAT,43,43.0
448,0,trade,SELL,WHEAT,43,43.0
448,0,trade,SELL,WHEAT,43,43.0
448,0,trade,SELL,MELON,136,136.0
448,0,trade,SELL,MELON,133,133.0
448,0,trade,SELL,MELON,131,131.0
448,0,trade,SELL,MELON,129,129.0
448,0,trade,SELL,MELON,127,127.0
448,0,trade,SELL,MELON,125,125.0
448,0,trade,BUY_SEED,WHEAT,10,-10.0
449,0,trade,SELL,MELON,122,122.0
449,0,trade,SELL,MELON,120,120.0
449,0,trade,SELL,MELON,118,118.0
449,0,trade,SELL,MELON,115,115.0
449,0,trade,SELL,MELON,113,113.0
449,0,trade,SELL,MELON,111,111.0
450,1,trade,BUY_SEED,WHEAT,10,-10.0
451,1,trade,BUY_SEED,WHEAT,10,-10.0
452,1,trade,SELL,STRAWBERRY,180,180.0
452,1,trade,SELL,STRAWBERRY,179,179.0
452,1,trade,SELL,STRAWBERRY,179,179.0
452,1,trade,SELL,STRAWBERRY,178,178.0
453,0,trade,SELL,TOMATO,104,104.0
453,1,trade,SELL,STRAWBERRY,180,180.0
453,0,trade,SELL,TOMATO,103,103.0
453,1,trade,SELL,STRAWBERRY,179,179.0
453,0,trade,SELL,TOMATO,103,103.0
453,1,trade,SELL,STRAWBERRY,179,179.0
453,0,trade,SELL,TOMATO,102,102.0
453,1,trade,SELL,STRAWBERRY,178,178.0
453,1,trade,SELL,STRAWBERRY,178,178.0
453,1,trade,SELL,STRAWBERRY,177,177.0
453,1,trade,SELL,STRAWBERRY,176,176.0
453,1,trade,SELL,STRAWBERRY,176,176.0
453,1,trade,SELL,STRAWBERRY,175,175.0
453,1,trade,SELL,STRAWBERRY,174,174.0
453,1,trade,SELL,STRAWBERRY,174,174.0
453,1,trade,SELL,STRAWBERRY,173,173.0
453,0,trade,BUY_SEED,WHEAT,10,-10.0
453,1,trade,SELL,WOOL,11,11.0
453,1,trade,SELL,WOOL,5,5.0
453,1,trade,SELL,WOOL,1,1.0
453,1,trade,SELL,WOOL,1,1.0
453,1,trade,SELL,WOOL,1,1.0
453,1,trade,SELL,WOOL,1,1.0
453,1,trade,SELL,WOOL,1,1.0
453,1,trade,SELL,WOOL,1,1.0
454,0,trade,SELL,WHEAT,43,43.0
454,1,trade,SELL,WHEAT,43,43.0
454,0,trade,SELL,WHEAT,43,43.0
454,1,trade,SELL,WHEAT,43,43.0
454,0,trade,SELL,WHEAT,43,43.0
454,0,trade,SELL,WHEAT,43,43.0
454,0,trade,SELL,WHEAT,43,43.0
454,0,trade,SELL,WHEAT,43,43.0
454,0,trade,SELL,MELON,108,108.0
454,0,trade,SELL,MELON,106,106.0
454,0,trade,SELL,MELON,104,104.0
454,0,trade,SELL,MELON,101,101.0
454,0,trade,SELL,MELON,99,99.0
454,0,trade,SELL,MELON,96,96.0
455,0,trade,SELL,WHEAT,43,43.0
455,1,trade,SELL,MILK,213,213.0
455,0,trade,SELL,WHEAT,43,43.0
455,1,trade,SELL,MILK,212,212.0
455,0,trade,SELL,WHEAT,43,43.0
455,1,trade,SELL,MILK,211,211.0
455,0,trade,SELL,WHEAT,43,43.0
455,1,trade,SELL,MILK,211,211.0
455,1,trade,SELL,MILK,210,210.0
455,1,trade,SELL,MILK,209,209.0
455,0,trade,SELL,FERTILIZER,47,47.0
455,1,trade,SELL,WOOL,1,1.0
455,1,trade,SELL,WOOL,1,1.0
455,1,trade,SELL,WOOL,1,1.0
455,1,trade,SELL,WOOL,1,1.0
455,1,trade,SELL,WOOL,1,0.0
455,0,trade,SELL,STRAWBERRY,172,172.0
455,0,trade,SELL,STRAWBERRY,172,172.0
455,0,trade,SELL,STRAWBERRY,171,171.0
455,0,trade,SELL,STRAWBERRY,170,170.0
455,0,trade,SELL,STRAWBERRY,170,170.0
455,0,trade,SELL,STRAWBERRY,169,169.0
456,0,hire,,,,-1.0
456,1,trade,SELL,MILK,208,208.0
456,1,trade,SELL,MILK,208,208.0
456,1,trade,SELL,MILK,207,207.0
456,1,trade,SELL,MILK,206,206.0
456,1,trade,SELL,MILK,205,205.0
456,1,trade,SELL,MILK,204,204.0
456,1,trade,SELL,MILK,203,203.0
456,1,trade,SELL,MILK,203,203.0
456,1,trade,SELL,MILK,202,202.0
456,0,hire,,,,-1.0
456,1,hire,,,,-1.0
456,0,hire,,,,-2.0
456,1,hire,,,,-1.0
456,0,hire,,,,-3.0
456,1,hire,,,,-2.0
456,0,hire,,,,-5.0
456,1,hire,,,,-3.0
456,0,hire,,,,-8.0
456,1,hire,,,,-5.0
456,0,hire,,,,-13.0
456,1,hire,,,,-8.0
456,0,hire,,,,-21.0
456,1,hire,,,,-13.0
456,0,hire,,,,-34.0
456,1,hire,,,,-21.0
456,1,hire,,,,-34.0
457,0,trade,SELL,WOOL,5,5.0
457,1,trade,SELL,EGG,52,52.0
457,0,trade,SELL,WOOL,1,1.0
457,1,trade,SELL,EGG,52,52.0
457,1,trade,SELL,EGG,52,52.0
457,1,trade,SELL,EGG,52,52.0
457,0,hire,,,,-55.0
457,1,trade,SELL,MILK,205,0.0
457,0,hire,,,,-89.0
457,1,hire,,,,-55.0
457,0,hire,,,,-144.0
457,1,hire,,,,-89.0
457,0,hire,,,,-233.0
457,1,trade,SELL,FERTILIZER,47,47.0
457,1,trade,SELL,FERTILIZER,47,47.0
457,1,trade,SELL,FERTILIZER,47,47.0
457,1,trade,SELL,FERTILIZER,46,46.0
457,0,trade,BUY_PRODUCT,FERTILIZER,46,-46.0
457,1,trade,SELL,FERTILIZER,46,46.0
457,0,trade,BUY_PRODUCT,FERTILIZER,46,-46.0
457,1,trade,SELL,FERTILIZER,46,46.0
457,0,trade,BUY_PRODUCT,FERTILIZER,46,-46.0
457,1,trade,SELL,FERTILIZER,46,46.0
457,0,trade,BUY_SEED,TOMATO,50,-50.0
457,0,trade,BUY_SEED,TOMATO,50,-50.0
457,0,trade,BUY_SEED,TOMATO,50,-50.0
457,0,trade,BUY_SEED,TOMATO,50,-50.0
457,0,trade,BUY_SEED,CARROT,20,-20.0
458,0,trade,SELL,WHEAT,43,43.0
458,1,trade,SELL,FERTILIZER,46,46.0
458,0,trade,SELL,WHEAT,43,43.0
458,1,trade,SELL,FERTILIZER,46,0.0
458,0,trade,SELL,WHEAT,43,43.0
458,0,trade,SELL,WHEAT,43,43.0
458,0,trade,SELL,WHEAT,43,43.0
458,0,trade,SELL,WHEAT,43,43.0
458,0,trade,SELL,WHEAT,43,43.0
458,0,trade,SELL,WHEAT,43,43.0
458,0,trade,SELL,WHEAT,43,43.0
458,0,trade,SELL,WHEAT,43,43.0
458,0,trade,SELL,WHEAT,43,43.0
461,0,trade,SELL,MILK,208,208.0
461,0,trade,SELL,MILK,208,208.0
461,0,trade,SELL,MILK,207,207.0
461,0,trade,SELL,MILK,206,206.0
461,0,trade,SELL,MILK,205,205.0
461,0,trade,SELL,MILK,204,204.0
461,0,trade,SELL,MILK,203,203.0
461,0,trade,SELL,MILK,203,203.0
461,0,trade,SELL,MILK,202,202.0
462,1,trade,BUY_SEED,WHEAT,10,-10.0
463,1,trade,BUY_SEED,WHEAT,10,-10.0
464,0,trade,BUY_SEED,WHEAT,10,-10.0
466,1,trade,BUY_SEED,WHEAT,10,-10.0
466,1,trade,BUY_SEED,WHEAT,10,-10.0
467,0,trade,SELL,FERTILIZER,46,46.0
467,1,trade,SELL,WHEAT,43,43.0
467,1,trade,SELL,WHEAT,43,43.0
467,1,trade,SELL,WHEAT,43,43.0
468,1,trade,BUY_SEED,WHEAT,10,-10.0
469,0,trade,SELL,STRAWBERRY,179,179.0
469,0,trade,SELL,STRAWBERRY,179,179.0
469,0,trade,SELL,STRAWBERRY,178,178.0
469,0,trade,SELL,STRAWBERRY,178,178.0
469,0,trade,SELL,STRAWBERRY,177,177.0
469,0,trade,SELL,STRAWBERRY,176,176.0
469,0,trade,SELL,STRAWBERRY,176,176.0
469,0,trade,SELL,STRAWBERRY,175,175.0
469,0,trade,SELL,STRAWBERRY,174,174.0
469,0,trade,SELL,STRAWBERRY,174,174.0
469,0,trade,SELL,STRAWBERRY,173,173.0
469,0,trade,SELL,STRAWBERRY,172,172.0
469,0,trade,SELL,STRAWBERRY,172,172.0
469,0,trade,SELL,STRAWBERRY,171,171.0
469,0,trade,SELL,STRAWBERRY,170,170.0
469,0,trade,SELL,STRAWBERRY,170,170.0
469,0,trade,SELL,STRAWBERRY,169,169.0
469,0,trade,SELL,STRAWBERRY,168,168.0
469,0,trade,SELL,STRAWBERRY,168,168.0
469,0,trade,SELL,STRAWBERRY,167,167.0
470,0,trade,BUY_SEED,WHEAT,10,-10.0
470,1,trade,SELL,MILK,208,208.0
470,1,trade,SELL,MILK,207,207.0
470,1,trade,SELL,MILK,206,206.0
471,1,trade,SELL,MILK,205,0.0
472,0,trade,BUY_PRODUCT,WHEAT,43,-43.0
472,0,trade,BUY_PRODUCT,WHEAT,43,-43.0
472,0,trade,BUY_PRODUCT,WHEAT,43,-43.0
472,0,trade,BUY_PRODUCT,WHEAT,43,-43.0
472,0,trade,BUY_PRODUCT,WHEAT,43,-43.0
472,0,trade,BUY_PRODUCT,WHEAT,43,-43.0
472,0,trade,BUY_PRODUCT,WHEAT,43,-43.0
472,0,trade,BUY_PRODUCT,WHEAT,43,-43.0
472,0,trade,BUY_PRODUCT,WHEAT,43,-43.0
472,0,trade,BUY_PRODUCT,WHEAT,43,-43.0
472,0,trade,BUY_PRODUCT,WHEAT,43,-43.0
472,0,trade,BUY_PRODUCT,WHEAT,43,-43.0
472,0,trade,BUY_PRODUCT,WHEAT,43,-43.0
472,0,trade,BUY_PRODUCT,WHEAT,43,-43.0
472,0,trade,BUY_PRODUCT,WHEAT,43,-43.0
472,0,trade,BUY_PRODUCT,WHEAT,43,-43.0
472,0,trade,BUY_PRODUCT,WHEAT,43,-43.0
472,0,trade,BUY_PRODUCT,WHEAT,43,-43.0
472,0,trade,BUY_PRODUCT,WHEAT,43,-43.0
473,0,trade,SELL,WHEAT,44,44.0
473,1,trade,SELL,WOOL,1,1.0
473,0,trade,SELL,WHEAT,44,44.0
473,0,trade,SELL,WHEAT,44,44.0
473,0,trade,SELL,WHEAT,44,44.0
473,0,trade,SELL,WHEAT,44,44.0
473,0,trade,SELL,WHEAT,43,43.0
473,0,trade,SELL,WHEAT,43,43.0
473,0,trade,SELL,WHEAT,43,43.0
473,0,trade,SELL,WHEAT,43,43.0
473,0,trade,SELL,WHEAT,43,43.0
473,0,trade,SELL,WHEAT,43,43.0
473,0,trade,SELL,WHEAT,43,43.0
473,0,trade,SELL,WHEAT,43,43.0
473,0,trade,SELL,WHEAT,43,43.0
473,0,trade,SELL,WHEAT,43,43.0
474,1,trade,SELL,STRAWBERRY,169,169.0
474,1,trade,SELL,STRAWBERRY,168,168.0
474,1,trade,SELL,STRAWBERRY,168,168.0
474,1,trade,SELL,STRAWBERRY,167,167.0
474,1,trade,SELL,STRAWBERRY,166,166.0
474,1,trade,SELL,STRAWBERRY,165,165.0
474,1,trade,SELL,STRAWBERRY,164,164.0
474,1,trade,SELL,STRAWBERRY,164,164.0
474,1,trade,SELL,STRAWBERRY,163,0.0
475,1,trade,BUY_SEED,WHEAT,10,-10.0
476,0,trade,BUY_PRODUCT,WHEAT,43,-43.0
476,0,trade,BUY_PRODUCT,WHEAT,43,-43.0
476,0,trade,BUY_PRODUCT,WHEAT,43,-43.0
476,0,trade,BUY_PRODUCT,WHEAT,43,-43.0
476,0,trade,BUY_PRODUCT,WHEAT,43,-43.0
476,0,trade,BUY_PRODUCT,WHEAT,43,-43.0
476,0,trade,BUY_PRODUCT,WHEAT,43,-43.0
476,0,trade,BUY_PRODUCT,WHEAT,43,-43.0
476,0,trade,BUY_PRODUCT,WHEAT,43,-43.0
476,0,trade,BUY_PRODUCT,WHEAT,43,-43.0
477,0,trade,SELL,MILK,211,211.0
477,1,trade,SELL,STRAWBERRY,166,166.0
477,0,trade,SELL,MILK,211,211.0
477,1,trade,SELL,STRAWBERRY,165,165.0
477,0,trade,SELL,MILK,210,210.0
477,1,trade,SELL,STRAWBERRY,164,164.0
477,1,trade,SELL,STRAWBERRY,164,164.0
477,1,trade,SELL,STRAWBERRY,163,163.0
477,1,trade,SELL,STRAWBERRY,162,162.0
477,1,trade,SELL,STRAWBERRY,161,161.0
477,1,trade,SELL,STRAWBERRY,160,160.0
477,0,trade,SELL,WHEAT,44,44.0
477,0,trade,SELL,WHEAT,44,44.0
477,0,trade,SELL,WHEAT,44,44.0
477,0,trade,SELL,WHEAT,44,44.0
477,0,trade,SELL,WHEAT,44,44.0
477,0,trade,SELL,WHEAT,44,44.0
477,0,trade,SELL,WHEAT,43,43.0
477,0,trade,SELL,WHEAT,43,43.0
477,0,trade,SELL,WHEAT,43,43.0
477,0,trade,SELL,WHEAT,43,43.0
477,0,trade,SELL,WHEAT,43,43.0
477,0,trade,SELL,WHEAT,43,43.0
478,0,trade,SELL,FERTILIZER,46,46.0
478,1,trade,SELL,WOOL,1,1.0
478,0,trade,SELL,FERTILIZER,46,46.0
478,1,trade,SELL,WOOL,1,1.0
478,0,trade,SELL,FERTILIZER,45,45.0
478,0,trade,SELL,FERTILIZER,45,45.0
478,0,trade,SELL,FERTILIZER,45,45.0
478,0,trade,SELL,FERTILIZER,45,45.0
480,1,trade,SELL,MILK,209,209.0
480,0,hire,,,,-1.0
480,1,hire,,,,-1.0
480,0,hire,,,,-1.0
480,1,hire,,,,-1.0
480,0,hire,,,,-2.0
480,1,hire,,,,-2.0
480,0,hire,,,,-3.0
480,1,hire,,,,-3.0
480,0,hire,,,,-5.0
480,1,hire,,,,-5.0
480,0,hire,,,,-8.0
480,1,hire,,,,-8.0
480,0,hire,,,,-13.0
480,1,hire,,,,-13.0
480,0,hire,,,,-21.0
480,1,hire,,,,-21.0
480,0,hire,,,,-34.0
480,1,hire,,,,-34.0
481,0,trade,SELL,MILK,212,212.0
481,1,trade,SELL,EGG,52,52.0
481,0,trade,SELL,MILK,211,211.0
481,1,trade,SELL,EGG,52,52.0
481,0,trade,SELL,MILK,211,211.0
481,1,trade,SELL,EGG,52,52.0
481,0,trade,SELL,MILK,210,210.0
481,1,trade,SELL,EGG,52,52.0
481,0,trade,SELL,MILK,209,209.0
481,1,trade,SELL,EGG,52,52.0
481,0,trade,SELL,MILK,208,208.0
481,1,trade,SELL,EGG,52,52.0
481,1,hire,,,,-55.0
481,0,trade,SELL,WOOL,5,5.0
481,0,trade,SELL,WOOL,1,1.0
481,0,trade,SELL,WOOL,1,1.0
481,0,trade,SELL,WOOL,1,1.0
481,0,hire,,,,-55.0
481,1,hire,,,,-89.0
481,0,hire,,,,-89.0
481,1,hire,,,,-144.0
481,0,hire,,,,-144.0
481,1,trade,BUY_PRODUCT,FERTILIZER,45,-45.0
481,1,trade,BUY_PRODUCT,FERTILIZER,45,-45.0
481,1,trade,BUY_PRODUCT,FERTILIZER,45,-45.0
481,1,trade,BUY_PRODUCT,FERTILIZER,45,-45.0
481,0,trade,BUY_SEED,WHEAT,10,-10.0
481,0,trade,BUY_SEED,WHEAT,10,-10.0
481,0,trade,BUY_SEED,WHEAT,10,-10.0
481,0,trade,SELL,WHEAT,44,44.0
484,0,trade,SELL,MILK,208,208.0
484,0,trade,SELL,MILK,207,207.0
484,0,trade,SELL,MILK,206,206.0
484,0,trade,SELL,MILK,205,205.0
484,0,trade,SELL,MILK,204,204.0
484,0,trade,SELL,MILK,203,203.0
485,0,trade,SELL,STRAWBERRY,167,167.0
485,1,trade,SELL,FERTILIZER,45,45.0
485,0,trade,SELL,STRAWBERRY,166,166.0
485,1,trade,SELL,FERTILIZER,45,45.0
485,0,trade,SELL,STRAWBERRY,165,165.0
485,1,trade,SELL,FERTILIZER,45,45.0
485,0,trade,SELL,STRAWBERRY,164,164.0
485,0,trade,SELL,STRAWBERRY,164,164.0
485,0,trade,SELL,STRAWBERRY,163,163.0
485,0,trade,SELL,STRAWBERRY,162,162.0
485,0,trade,SELL,STRAWBERRY,161,161.0
485,0,trade,SELL,STRAWBERRY,160,160.0
485,0,trade,SELL,MILK,206,206.0
485,1,trade,SELL,WHEAT,44,44.0
485,0,trade,SELL,MILK,205,205.0
485,1,trade,SELL,WHEAT,44,44.0
485,0,trade,SELL,MILK,204,204.0
485,1,trade,SELL,WHEAT,44,44.0
485,1,trade,SELL,WHEAT,44,44.0
485,1,trade,SELL,WHEAT,44,44.0
485,1,trade,SELL,WHEAT,44,44.0
485,0,trade,BUY_SEED,WHEAT,10,-10.0
486,1,trade,BUY_SEED,WHEAT,10,-10.0
487,0,trade,SELL,STRAWBERRY,159,159.0
487,0,trade,SELL,STRAWBERRY,158,158.0
487,0,trade,SELL,STRAWBERRY,158,158.0
487,0,trade,SELL,STRAWBERRY,157,157.0
487,0,trade,SELL,STRAWBERRY,156,156.0
487,0,trade,BUY_SEED,WHEAT,10,-10.0
488,0,trade,BUY_SEED,WHEAT,10,-10.0
489,0,trade,SELL,FERTILIZER,45,45.0
489,1,trade,SELL,FERTILIZER,45,45.0
489,0,trade,SELL,FERTILIZER,44,44.0
489,1,trade,SELL,FERTILIZER,44,44.0
489,0,trade,SELL,FERTILIZER,44,44.0
489,1,trade,SELL,FERTILIZER,44,44.0
489,0,trade,SELL,FERTILIZER,44,44.0
489,1,trade,SELL,FERTILIZER,44,44.0
489,1,trade,SELL,FERTILIZER,43,43.0
489,1,trade,SELL,FERTILIZER,43,0.0
489,0,trade,BUY_SEED,WHEAT,10,-10.0
491,1,trade,BUY_SEED,WHEAT,10,-10.0
491,1,trade,BUY_SEED,WHEAT,10,-10.0
492,1,trade,BUY_SEED,WHEAT,10,-10.0
494,1,trade,SELL,STRAWBERRY,162,162.0
494,1,trade,SELL,STRAWBERRY,161,161.0
494,1,trade,SELL,STRAWBERRY,160,160.0
494,1,trade,SELL,STRAWBERRY,159,159.0
494,1,trade,SELL,STRAWBERRY,158,158.0
494,1,trade,SELL,STRAWBERRY,158,158.0
494,1,trade,SELL,STRAWBERRY,157,157.0
494,1,trade,SELL,STRAWBERRY,156,156.0
494,1,trade,SELL,STRAWBERRY,155,0.0
495,0,trade,SELL,MELON,99,99.0
495,0,trade,SELL,MELON,96,96.0
495,0,trade,SELL,MELON,94,94.0
495,0,trade,SELL,MELON,91,91.0
495,0,trade,SELL,MELON,89,89.0
495,0,trade,SELL,MELON,86,86.0
495,0,trade,SELL,MELON,84,84.0
495,0,trade,SELL,MELON,81,81.0
495,0,trade,SELL,MELON,78,78.0
495,0,trade,SELL,MELON,76,76.0
495,0,trade,SELL,MELON,73,73.0
495,0,trade,SELL,MELON,70,70.0
498,1,trade,SELL,STRAWBERRY,158,158.0
498,1,trade,SELL,STRAWBERRY,158,158.0
498,1,trade,SELL,STRAWBERRY,157,157.0
498,1,trade,SELL,STRAWBERRY,156,156.0
498,1,trade,SELL,STRAWBERRY,155,155.0
498,1,trade,SELL,STRAWBERRY,154,154.0
498,1,trade,SELL,STRAWBERRY,153,153.0
498,1,trade,SELL,STRAWBERRY,151,151.0
498,1,trade,SELL,STRAWBERRY,150,150.0
498,1,trade,SELL,STRAWBERRY,149,149.0
498,1,trade,SELL,STRAWBERRY,148,0.0
498,1,trade,BUY_SEED,WHEAT,10,-10.0
500,0,trade,BUY_PRODUCT,WHEAT,44,-44.0
500,0,trade,BUY_PRODUCT,WHEAT,44,-44.0
500,0,trade,BUY_PRODUCT,WHEAT,44,-44.0
500,0,trade,BUY_PRODUCT,WHEAT,44,-44.0
500,0,trade,BUY_PRODUCT,WHEAT,44,-44.0
500,0,trade,BUY_PRODUCT,WHEAT,44,-44.0
500,0,trade,BUY_PRODUCT,WHEAT,44,-44.0
500,0,trade,BUY_PRODUCT,WHEAT,44,-44.0
500,0,trade,BUY_PRODUCT,WHEAT,44,-44.0
500,0,trade,BUY_PRODUCT,WHEAT,44,-44.0
500,0,trade,BUY_PRODUCT,WHEAT,44,-44.0
500,0,trade,BUY_PRODUCT,WHEAT,44,-44.0
500,0,trade,BUY_PRODUCT,WHEAT,44,-44.0
500,0,trade,BUY_PRODUCT,WHEAT,44,-44.0
500,0,trade,BUY_PRODUCT,WHEAT,44,-44.0
500,0,trade,BUY_PRODUCT,WHEAT,44,-44.0
500,0,trade,BUY_PRODUCT,WHEAT,44,-44.0
500,0,trade,BUY_PRODUCT,WHEAT,44,-44.0
500,0,trade,BUY_PRODUCT,WHEAT,44,-44.0
501,0,trade,SELL,WHEAT,45,45.0
501,1,trade,SELL,MILK,216,216.0
501,0,trade,SELL,WHEAT,45,45.0
501,1,trade,SELL,MILK,215,215.0
501,0,trade,SELL,WHEAT,45,45.0
501,1,trade,SELL,MILK,214,0.0
501,0,trade,SELL,WHEAT,45,45.0
501,0,trade,SELL,WHEAT,45,45.0
501,0,trade,SELL,WHEAT,44,44.0
501,0,trade,SELL,WHEAT,44,44.0
501,0,trade,SELL,WHEAT,44,44.0
501,0,trade,SELL,WHEAT,44,44.0
501,0,trade,SELL,WHEAT,44,44.0
501,0,trade,SELL,WHEAT,44,44.0
501,0,trade,SELL,WHEAT,44,44.0
501,0,trade,SELL,TOMATO,131,131.0
501,1,trade,BUY_SEED,WHEAT,10,-10.0
501,0,trade,SELL,TOMATO,130,130.0
501,0,trade,SELL,TOMATO,129,129.0
501,0,trade,SELL,TOMATO,128,128.0
501,0,trade,SELL,TOMATO,127,127.0
501,0,trade,SELL,TOMATO,126,126.0
501,0,trade,SELL,TOMATO,125,125.0
501,0,trade,SELL,TOMATO,124,124.0
501,0,trade,SELL,TOMATO,123,123.0
501,0,trade,SELL,TOMATO,123,123.0
501,0,trade,SELL,TOMATO,122,122.0
501,0,trade,SELL,TOMATO,121,121.0
501,0,trade,BUY_SEED,WHEAT,10,-10.0
502,0,trade,SELL,MILK,214,214.0
502,1,trade,SELL,STRAWBERRY,153,153.0
502,0,trade,SELL,MILK,214,214.0
502,1,trade,SELL,STRAWBERRY,151,151.0
502,0,trade,SELL,MILK,213,213.0
502,1,trade,SELL,STRAWBERRY,150,150.0
502,1,trade,SELL,STRAWBERRY,149,149.0
502,1,trade,SELL,STRAWBERRY,148,148.0
502,1,trade,SELL,STRAWBERRY,147,147.0
502,1,trade,SELL,STRAWBERRY,145,145.0
502,1,trade,SELL,STRAWBERRY,144,144.0
502,0,trade,SELL,STRAWBERRY,142,142.0
502,0,trade,SELL,STRAWBERRY,141,141.0
502,0,trade,SELL,STRAWBERRY,139,139.0
502,0,trade,SELL,STRAWBERRY,137,137.0
502,0,trade,SELL,WHEAT,44,44.0
502,0,trade,SELL,WHEAT,44,44.0
503,0,trade,SELL,MILK,212,212.0
503,1,trade,SELL,MILK,212,212.0
503,0,trade,SELL,MILK,211,211.0
503,1,trade,SELL,MILK,211,211.0
503,0,trade,SELL,MILK,209,209.0
503,1,trade,SELL,MILK,209,209.0
503,1,trade,SELL,MILK,208,0.0
503,0,trade,SELL,FERTILIZER,43,43.0
503,1,trade,SELL,WOOL,1,1.0
503,0,trade,SELL,FERTILIZER,43,43.0
503,1,trade,SELL,WOOL,1,1.0
503,0,trade,SELL,FERTILIZER,43,43.0
503,1,trade,SELL,WOOL,1,1.0
503,1,trade,SELL,WOOL,1,1.0
503,1,trade,SELL,WOOL,1,1.0
503,1,trade,SELL,WOOL,1,1.0
503,1,trade,SELL,WOOL,1,1.0
503,1,trade,SELL,WOOL,1,1.0
503,0,trade,SELL,WHEAT,44,44.0
503,0,trade,SELL,WHEAT,44,44.0
503,0,trade,SELL,STRAWBERRY,135,135.0
503,0,trade,SELL,STRAWBERRY,132,132.0
503,0,trade,SELL,STRAWBERRY,128,128.0
503,0,trade,SELL,STRAWBERRY,120,120.0
503,0,trade,SELL,STRAWBERRY,118,118.0
503,0,trade,SELL,STRAWBERRY,116,116.0
503,0,trade,SELL,STRAWBERRY,114,114.0
503,0,trade,SELL,STRAWBERRY,112,112.0
503,0,trade,SELL,STRAWBERRY,110,110.0
503,0,trade,SELL,STRAWBERRY,108,108.0
504,0,hire,,,,-1.0
504,1,trade,SELL,FERTILIZER,42,42.0
504,1,trade,SELL,FERTILIZER,42,42.0
504,1,trade,SELL,FERTILIZER,42,42.0
504,1,trade,SELL,FERTILIZER,42,42.0
504,1,trade,SELL,FERTILIZER,42,42.0
504,1,trade,SELL,FERTILIZER,41,41.0
504,1,trade,SELL,FERTILIZER,41,41.0
504,1,trade,SELL,FERTILIZER,41,41.0
504,1,trade,SELL,FERTILIZER,41,41.0
504,1,trade,SELL,FERTILIZER,41,41.0
504,1,trade,SELL,FERTILIZER,40,40.0
504,1,trade,SELL,FERTILIZER,40,40.0
504,1,trade,SELL,FERTILIZER,40,40.0
504,1,trade,SELL,FERTILIZER,40,40.0
504,0,hire,,,,-1.0
504,1,trade,SELL,MILK,208,208.0
504,1,trade,SELL,MILK,207,207.0
504,0,hire,,,,-2.0
504,1,hire,,,,-1.0
504,0,hire,,,,-3.0
504,1,hire,,,,-1.0
504,0,hire,,,,-5.0
504,1,hire,,,,-2.0
504,0,hire,,,,-8.0
504,1,hire,,,,-3.0
504,0,hire,,,,-13.0
504,1,hire,,,,-5.0
504,0,hire,,,,-21.0
504,1,hire,,,,-8.0
504,0,hire,,,,-34.0
504,1,hire,,,,-13.0
504,1,hire,,,,-21.0
505,1,trade,SELL,EGG,52,52.0
505,1,trade,SELL,EGG,52,52.0
505,1,trade,SELL,EGG,52,52.0
505,1,trade,SELL,EGG,52,52.0
505,1,trade,SELL,EGG,52,52.0
505,1,trade,SELL,EGG,52,52.0
505,0,hire,,,,-55.0
505,1,hire,,,,-34.0
505,0,hire,,,,-89.0
505,1,hire,,,,-55.0
505,0,hire,,,,-144.0
505,1,hire,,,,-89.0
505,0,trade,BUY_SEED,WHEAT,10,-10.0
505,0,trade,BUY_SEED,WHEAT,10,-10.0
505,0,trade,BUY_SEED,WHEAT,10,-10.0
505,0,trade,BUY_SEED,WHEAT,10,-10.0
505,0,trade,BUY_SEED,WHEAT,10,-10.0
505,0,trade,BUY_SEED,WHEAT,10,-10.0
505,0,trade,BUY_SEED,WHEAT,10,-10.0
505,0,trade,BUY_SEED,WHEAT,10,-10.0
506,0,trade,SELL,STRAWBERRY,116,116.0
506,0,trade,SELL,STRAWBERRY,114,114.0
506,0,trade,BUY_SEED,WHEAT,10,-10.0
506,0,trade,BUY_SEED,WHEAT,10,-10.0
508,0,trade,BUY_PRODUCT,WHEAT,44,-44.0
508,0,trade,BUY_PRODUCT,WHEAT,44,-44.0
508,0,trade,BUY_PRODUCT,WHEAT,44,-44.0
508,0,trade,BUY_PRODUCT,WHEAT,44,-44.0
509,0,trade,SELL,MILK,213,213.0
509,1,trade,SELL,WHEAT,45,45.0
509,0,trade,SELL,MILK,212,212.0
509,1,trade,SELL,WHEAT,45,45.0
509,0,trade,SELL,MILK,211,211.0
509,1,trade,SELL,WHEAT,45,45.0
509,0,trade,SELL,MILK,211,211.0
509,1,trade,SELL,WHEAT,45,45.0
509,0,trade,SELL,MILK,210,210.0
509,1,trade,SELL,WHEAT,45,45.0
509,0,trade,SELL,MILK,209,209.0
509,1,trade,SELL,WHEAT,45,45.0
509,1,trade,SELL,WHEAT,44,44.0
509,0,trade,SELL,WHEAT,44,44.0
509,0,trade,SELL,WHEAT,44,44.0
511,1,trade,BUY_SEED,WHEAT,10,-10.0
512,0,trade,BUY_SEED,WHEAT,10,-10.0
512,1,trade,SELL,WHEAT,44,44.0
512,1,trade,SELL,WHEAT,44,44.0
512,1,trade,SELL,WHEAT,44,44.0
512,1,trade,SELL,WHEAT,44,44.0
512,1,trade,SELL,WHEAT,44,44.0
512,0,trade,BUY_PRODUCT,WHEAT,44,-44.0
512,1,trade,BUY_SEED,WHEAT,10,-10.0
512,0,trade,BUY_PRODUCT,WHEAT,44,-44.0
512,0,trade,BUY_PRODUCT,WHEAT,44,-44.0
513,0,trade,SELL,WHEAT,45,45.0
513,1,trade,SELL,STRAWBERRY,137,137.0
513,0,trade,SELL,WHEAT,44,44.0
513,1,trade,SELL,STRAWBERRY,135,135.0
513,0,trade,SELL,WHEAT,44,44.0
513,1,trade,SELL,STRAWBERRY,132,132.0
513,1,trade,SELL,STRAWBERRY,128,128.0
513,1,trade,SELL,STRAWBERRY,120,120.0
513,1,trade,SELL,STRAWBERRY,118,118.0
513,1,trade,SELL,STRAWBERRY,116,0.0
515,0,trade,SELL,STRAWBERRY,116,116.0
515,1,trade,BUY_SEED,WHEAT,10,-10.0
515,0,trade,SELL,STRAWBERRY,114,114.0
515,0,trade,SELL,STRAWBERRY,112,112.0
515,0,trade,SELL,STRAWBERRY,110,110.0
516,0,trade,BUY_SEED,CARROT,20,-20.0
516,0,trade,BUY_PRODUCT,WHEAT,44,-44.0
516,0,trade,BUY_PRODUCT,WHEAT,44,-44.0
517,0,trade,SELL,WHEAT,45,45.0
517,1,trade,SELL,STRAWBERRY,116,116.0
517,0,trade,SELL,WHEAT,45,45.0
517,1,trade,SELL,STRAWBERRY,114,114.0
517,1,trade,SELL,STRAWBERRY,112,112.0
517,1,trade,SELL,STRAWBERRY,110,110.0
517,1,trade,SELL,STRAWBERRY,108,108.0
517,1,trade,SELL,STRAWBERRY,107,107.0
517,1,trade,SELL,STRAWBERRY,105,105.0
517,1,trade,SELL,STRAWBERRY,103,103.0
517,1,trade,BUY_SEED,WHEAT,10,-10.0
517,1,trade,BUY_SEED,WHEAT,10,-10.0
518,1,trade,SELL,STRAWBERRY,101,0.0
520,0,trade,SELL,WHEAT,45,45.0
520,1,trade,BUY_SEED,WHEAT,10,-10.0
520,0,trade,SELL,WHEAT,45,45.0
520,0,trade,SELL,WHEAT,45,45.0
521,1,trade,SELL,WOOL,5,5.0
521,1,trade,SELL,WOOL,1,1.0
521,1,trade,SELL,WOOL,1,1.0
521,1,trade,SELL,WOOL,1,1.0
521,1,trade,SELL,WOOL,1,1.0
521,1,trade,SELL,WOOL,1,1.0
521,1,trade,SELL,WOOL,1,1.0
521,1,trade,SELL,WOOL,1,1.0
521,1,trade,BUY_SEED,WHEAT,10,-10.0
522,1,trade,BUY_SEED,WHEAT,10,-10.0
523,1,trade,SELL,STRAWBERRY,108,108.0
523,1,trade,SELL,STRAWBERRY,107,107.0
523,1,trade,SELL,STRAWBERRY,105,105.0
523,1,trade,SELL,STRAWBERRY,103,103.0
523,1,trade,SELL,STRAWBERRY,101,101.0
523,1,trade,SELL,STRAWBERRY,99,99.0
523,1,trade,SELL,STRAWBERRY,97,97.0
523,1,trade,SELL,STRAWBERRY,95,95.0
523,1,trade,SELL,STRAWBERRY,93,93.0
523,1,trade,SELL,STRAWBERRY,91,91.0
523,1,trade,SELL,STRAWBERRY,89,89.0
523,1,trade,SELL,STRAWBERRY,87,87.0
523,1,trade,SELL,STRAWBERRY,85,85.0
523,1,trade,SELL,STRAWBERRY,84,84.0
523,1,trade,SELL,STRAWBERRY,82,82.0
523,1,trade,SELL,STRAWBERRY,80,80.0
523,1,trade,BUY_SEED,WHEAT,10,-10.0
524,1,trade,BUY_SEED,WHEAT,10,-10.0
525,0,trade,SELL,MILK,220,220.0
525,1,trade,BUY_SEED,WHEAT,10,-10.0
525,0,trade,SELL,MILK,219,219.0
525,0,trade,SELL,MILK,218,218.0
525,0,trade,SELL,MILK,218,218.0
525,0,trade,SELL,MILK,217,217.0
525,0,trade,SELL,MILK,216,216.0
525,0,trade,SELL,WHEAT,45,45.0
525,0,trade,SELL,WHEAT,45,45.0
525,0,trade,SELL,WHEAT,45,45.0
525,0,trade,SELL,TOMATO,138,138.0
525,0,trade,SELL,TOMATO,137,137.0
525,0,trade,SELL,TOMATO,136,136.0
525,0,trade,SELL,TOMATO,135,135.0
526,0,trade,SELL,MILK,216,216.0
526,0,trade,SELL,MILK,215,215.0
526,0,trade,SELL,MILK,214,214.0
526,0,trade,SELL,MILK,214,214.0
526,0,trade,SELL,MILK,213,213.0
526,0,trade,SELL,MILK,212,212.0
526,0,trade,SELL,WHEAT,45,45.0
526,0,trade,SELL,WHEAT,45,45.0
526,0,trade,SELL,WHEAT,45,45.0
527,0,trade,SELL,FERTILIZER,40,40.0
527,1,trade,SELL,MILK,211,211.0
527,0,trade,SELL,FERTILIZER,39,39.0
527,1,trade,SELL,MILK,211,211.0
527,0,trade,SELL,FERTILIZER,39,39.0
527,1,trade,SELL,MILK,210,210.0
527,0,trade,SELL,FERTILIZER,39,39.0
527,1,trade,SELL,MILK,209,209.0
527,0,trade,SELL,FERTILIZER,39,39.0
527,1,trade,SELL,MILK,208,208.0
527,0,trade,SELL,FERTILIZER,39,39.0
527,1,trade,SELL,MILK,208,208.0
527,0,trade,SELL,FERTILIZER,38,38.0
527,1,trade,SELL,MILK,207,207.0
527,0,trade,SELL,FERTILIZER,38,38.0
527,1,trade,SELL,MILK,206,0.0
527,0,trade,SELL,FERTILIZER,38,38.0
528,0,hire,,,,-1.0
528,1,trade,SELL,STRAWBERRY,85,85.0
528,1,trade,SELL,STRAWBERRY,84,84.0
528,1,trade,SELL,STRAWBERRY,82,82.0
528,1,trade,SELL,STRAWBERRY,80,80.0
528,1,trade,SELL,STRAWBERRY,78,78.0
528,1,trade,SELL,STRAWBERRY,76,76.0
528,1,trade,SELL,STRAWBERRY,74,74.0
528,1,trade,SELL,STRAWBERRY,72,72.0
528,1,trade,SELL,STRAWBERRY,70,70.0
528,1,trade,SELL,STRAWBERRY,68,68.0
528,1,trade,SELL,STRAWBERRY,66,66.0
528,1,trade,SELL,STRAWBERRY,64,64.0
528,1,trade,SELL,STRAWBERRY,62,62.0
528,1,trade,SELL,STRAWBERRY,60,0.0
528,0,hire,,,,-1.0
528,1,hire,,,,-1.0
528,0,hire,,,,-2.0
528,1,hire,,,,-1.0
528,0,hire,,,,-3.0
528,1,hire,,,,-2.0
528,0,hire,,,,-5.0
528,1,hire,,,,-3.0
528,0,hire,,,,-8.0
528,1,hire,,,,-5.0
528,0,hire,,,,-13.0
528,1,hire,,,,-8.0
528,0,hire,,,,-21.0
528,1,hire,,,,-13.0
528,0,hire,,,,-34.0
528,1,hire,,,,-21.0
528,1,hire,,,,-34.0
529,0,trade,SELL,MILK,210,210.0
529,1,trade,SELL,MILK,210,210.0
529,0,trade,SELL,MILK,208,208.0
529,1,trade,SELL,MILK,208,208.0
529,0,trade,SELL,MILK,207,207.0
529,1,trade,SELL,MILK,207,207.0
529,1,trade,SELL,MILK,205,205.0
529,1,trade,SELL,MILK,204,204.0
529,1,trade,SELL,MILK,203,203.0
529,0,trade,SELL,WOOL,5,5.0
529,1,trade,SELL,MILK,203,203.0
529,0,trade,SELL,WOOL,1,1.0
529,0,trade,SELL,WOOL,1,1.0
529,1,hire,,,,-55.0
529,0,hire,,,,-55.0
529,1,hire,,,,-89.0
529,0,hire,,,,-89.0
529,1,trade,BUY_PRODUCT,FERTILIZER,38,-38.0
529,1,trade,BUY_PRODUCT,FERTILIZER,38,-38.0
529,1,trade,BUY_PRODUCT,FERTILIZER,38,-38.0
529,1,trade,BUY_PRODUCT,FERTILIZER,39,-39.0
529,0,hire,,,,-144.0
529,0,trade,BUY_SEED,WHEAT,10,-10.0
529,0,trade,BUY_SEED,WHEAT,10,-10.0
529,0,trade,BUY_SEED,WHEAT,10,-10.0
529,0,trade,BUY_SEED,WHEAT,10,-10.0
529,0,trade,BUY_SEED,WHEAT,10,-10.0
529,0,trade,BUY_SEED,CARROT,20,-20.0
529,0,trade,BUY_SEED,CARROT,20,-20.0
529,0,trade,BUY_SEED,CARROT,20,-20.0
532,1,trade,SELL,FERTILIZER,39,39.0
532,1,trade,SELL,FERTILIZER,38,38.0
532,1,trade,SELL,FERTILIZER,38,38.0
532,1,trade,SELL,FERTILIZER,38,38.0
532,1,trade,SELL,FERTILIZER,38,38.0
532,1,trade,SELL,FERTILIZER,38,38.0
532,1,trade,SELL,FERTILIZER,37,37.0
532,1,trade,SELL,FERTILIZER,37,37.0
532,1,trade,SELL,FERTILIZER,37,37.0
532,1,trade,SELL,FERTILIZER,37,37.0
532,1,trade,SELL,FERTILIZER,37,37.0
533,0,trade,SELL,STRAWBERRY,78,78.0
533,0,trade,SELL,STRAWBERRY,76,76.0
533,0,trade,SELL,STRAWBERRY,74,74.0
533,0,trade,SELL,STRAWBERRY,72,72.0
533,0,trade,SELL,STRAWBERRY,70,70.0
533,0,trade,SELL,STRAWBERRY,68,68.0
533,0,trade,SELL,STRAWBERRY,66,66.0
533,0,trade,SELL,STRAWBERRY,64,64.0
535,0,trade,SELL,MILK,205,205.0
535,1,trade,SELL,STRAWBERRY,62,0.0
535,0,trade,SELL,MILK,204,204.0
535,0,trade,SELL,MILK,203,203.0
536,0,trade,SELL,FERTILIZER,36,36.0
536,0,trade,SELL,FERTILIZER,36,36.0
536,0,trade,SELL,FERTILIZER,36,36.0
536,0,trade,SELL,FERTILIZER,36,36.0
536,0,trade,BUY_PRODUCT,WHEAT,45,-45.0
536,0,trade,BUY_PRODUCT,WHEAT,45,-45.0
536,0,trade,BUY_PRODUCT,WHEAT,45,-45.0
536,0,trade,BUY_PRODUCT,WHEAT,45,-45.0
536,0,trade,BUY_PRODUCT,WHEAT,45,-45.0
536,0,trade,BUY_PRODUCT,WHEAT,45,-45.0
536,0,trade,BUY_PRODUCT,WHEAT,45,-45.0
536,0,trade,BUY_PRODUCT,WHEAT,45,-45.0
536,0,trade,BUY_PRODUCT,WHEAT,45,-45.0
536,0,trade,BUY_PRODUCT,WHEAT,45,-45.0
536,0,trade,BUY_PRODUCT,WHEAT,45,-45.0
536,0,trade,BUY_PRODUCT,WHEAT,45,-45.0
536,0,trade,BUY_PRODUCT,WHEAT,45,-45.0
536,0,trade,BUY_PRODUCT,WHEAT,45,-45.0
536,0,trade,BUY_PRODUCT,WHEAT,45,-45.0
536,0,trade,BUY_PRODUCT,WHEAT,45,-45.0
536,0,trade,BUY_PRODUCT,WHEAT,45,-45.0
536,0,trade,BUY_PRODUCT,WHEAT,45,-45.0
536,0,trade,BUY_PRODUCT,WHEAT,45,-45.0
537,0,trade,SELL,MILK,206,206.0
537,1,trade,SELL,STRAWBERRY,70,0.0
537,0,trade,SELL,MILK,205,205.0
537,0,trade,SELL,WHEAT,46,46.0
537,0,trade,SELL,WHEAT,46,46.0
537,0,trade,SELL,WHEAT,46,46.0
537,0,trade,SELL,WHEAT,46,46.0
537,0,trade,SELL,WHEAT,46,46.0
537,0,trade,SELL,FERTILIZER,36,36.0
538,1,trade,SELL,FERTILIZER,35,35.0
538,1,trade,SELL,FERTILIZER,35,35.0
538,1,trade,SELL,FERTILIZER,35,35.0
538,1,trade,SELL,FERTILIZER,35,35.0
538,1,trade,SELL,FERTILIZER,35,35.0
538,1,trade,SELL,FERTILIZER,34,34.0
538,1,trade,SELL,FERTILIZER,34,34.0
538,1,trade,SELL,FERTILIZER,34,34.0
538,1,trade,SELL,FERTILIZER,34,0.0
539,1,trade,BUY_SEED,WHEAT,10,-10.0
540,1,trade,BUY_SEED,WHEAT,10,-10.0
540,1,trade,BUY_SEED,WHEAT,10,-10.0
541,0,trade,SELL,MILK,208,208.0
541,0,trade,SELL,MILK,207,207.0
541,0,trade,SELL,MILK,206,206.0
541,0,trade,SELL,MILK,205,205.0
541,0,trade,SELL,WHEAT,46,46.0
541,0,trade,SELL,WHEAT,46,46.0
541,0,trade,SELL,WHEAT,46,46.0
541,0,trade,SELL,WHEAT,46,46.0
541,0,trade,SELL,CARROT,45,45.0
541,0,trade,SELL,CARROT,45,45.0
541,0,trade,SELL,CARROT,45,45.0
542,0,trade,SELL,STRAWBERRY,78,78.0
542,1,trade,SELL,WHEAT,46,46.0
542,0,trade,SELL,STRAWBERRY,76,76.0
542,1,trade,SELL,WHEAT,46,46.0
542,0,trade,SELL,STRAWBERRY,74,74.0
542,0,trade,SELL,STRAWBERRY,72,72.0
543,0,trade,BUY_SEED,WHEAT,10,-10.0
543,1,trade,SELL,STRAWBERRY,70,70.0
543,1,trade,SELL,STRAWBERRY,68,68.0
543,1,trade,SELL,STRAWBERRY,66,66.0
543,1,trade,SELL,STRAWBERRY,64,64.0
543,1,trade,SELL,STRAWBERRY,62,62.0
544,0,trade,BUY_SEED,WHEAT,10,-10.0
544,0,trade,BUY_SEED,CARROT,20,-20.0
545,0,trade,BUY_SEED,WHEAT,10,-10.0
545,1,trade,SELL,STRAWBERRY,68,68.0
545,1,trade,SELL,STRAWBERRY,66,66.0
545,1,trade,SELL,STRAWBERRY,64,64.0
545,1,trade,SELL,STRAWBERRY,62,0.0
545,1,trade,BUY_SEED,WHEAT,10,-10.0
546,1,trade,BUY_SEED,WHEAT,10,-10.0
546,1,trade,BUY_SEED,WHEAT,10,-10.0
546,1,trade,BUY_SEED,WHEAT,10,-10.0
548,1,trade,BUY_SEED,WHEAT,10,-10.0
549,0,trade,SELL,TOMATO,154,154.0
549,1,trade,SELL,MILK,211,211.0
549,0,trade,SELL,TOMATO,153,153.0
549,1,trade,SELL,MILK,210,210.0
549,0,trade,SELL,TOMATO,152,152.0
549,1,trade,SELL,MILK,209,209.0
549,0,trade,SELL,TOMATO,151,151.0
549,1,trade,SELL,MILK,208,208.0
549,0,trade,SELL,TOMATO,150,150.0
549,1,trade,SELL,MILK,208,208.0
549,0,trade,SELL,TOMATO,148,148.0
549,1,trade,SELL,MILK,207,0.0
549,0,trade,SELL,TOMATO,147,147.0
549,0,trade,SELL,TOMATO,146,146.0
549,0,trade,SELL,TOMATO,145,145.0
549,0,trade,SELL,TOMATO,144,144.0
549,0,trade,SELL,TOMATO,143,143.0
549,0,trade,SELL,TOMATO,142,142.0
549,0,trade,BUY_SEED,WHEAT,10,-10.0
549,1,trade,SELL,MILK,207,0.0
549,1,trade,SELL,WOOL,1,1.0
549,1,trade,SELL,WOOL,1,1.0
549,1,trade,SELL,WOOL,1,1.0
549,1,trade,SELL,WOOL,1,1.0
550,1,trade,SELL,MILK,207,0.0
550,1,trade,SELL,WOOL,1,1.0
550,1,trade,SELL,WOOL,1,1.0
550,1,trade,SELL,WOOL,1,1.0
550,1,trade,SELL,WOOL,1,1.0
551,0,trade,SELL,MILK,207,207.0
551,1,trade,SELL,MILK,207,0.0
551,0,trade,SELL,MILK,206,206.0
551,0,trade,SELL,MILK,205,205.0
551,0,trade,SELL,FERTILIZER,34,34.0
551,0,trade,SELL,FERTILIZER,34,34.0
551,0,trade,SELL,WHEAT,46,46.0
551,0,trade,SELL,WHEAT,46,46.0
551,0,trade,SELL,WHEAT,46,46.0
551,0,trade,SELL,WHEAT,46,46.0
551,0,trade,SELL,WHEAT,46,46.0
551,0,trade,SELL,WHEAT,46,46.0
551,0,trade,SELL,WHEAT,46,46.0
551,0,trade,SELL,WHEAT,46,46.0
552,0,hire,,,,-1.0
552,1,trade,SELL,FERTILIZER,33,33.0
552,1,trade,SELL,FERTILIZER,33,33.0
552,1,trade,SELL,FERTILIZER,33,33.0
552,1,trade,SELL,FERTILIZER,33,33.0
552,1,trade,SELL,FERTILIZER,33,33.0
552,1,trade,SELL,FERTILIZER,32,32.0
552,1,trade,SELL,FERTILIZER,32,32.0
552,1,trade,SELL,FERTILIZER,32,32.0
552,1,trade,SELL,FERTILIZER,32,32.0
552,1,trade,SELL,FERTILIZER,32,32.0
552,1,trade,SELL,FERTILIZER,31,31.0
552,1,trade,SELL,FERTILIZER,31,31.0
552,1,trade,SELL,FERTILIZER,31,31.0
552,1,trade,SELL,FERTILIZER,31,31.0
552,1,trade,SELL,FERTILIZER,31,31.0
552,0,hire,,,,-1.0
552,1,hire,,,,-1.0
552,0,hire,,,,-2.0
552,1,hire,,,,-1.0
552,0,hire,,,,-3.0
552,1,hire,,,,-2.0
552,0,hire,,,,-5.0
552,1,hire,,,,-3.0
552,0,hire,,,,-8.0
552,1,hire,,,,-5.0
552,0,hire,,,,-13.0
552,1,hire,,,,-8.0
552,0,hire,,,,-21.0
552,1,hire,,,,-13.0
552,0,hire,,,,-34.0
553,0,trade,SELL,STRAWBERRY,80,80.0
553,1,trade,SELL,EGG,52,52.0
553,0,trade,SELL,STRAWBERRY,78,78.0
553,1,trade,SELL,EGG,52,52.0
553,0,trade,SELL,STRAWBERRY,76,76.0
553,1,trade,SELL,EGG,52,52.0
553,0,trade,SELL,STRAWBERRY,74,74.0
553,1,trade,SELL,EGG,52,52.0
553,0,trade,SELL,STRAWBERRY,72,72.0
553,1,trade,SELL,EGG,52,52.0
553,0,trade,SELL,STRAWBERRY,70,70.0
553,1,trade,SELL,EGG,52,52.0
553,0,trade,SELL,STRAWBERRY,68,68.0
553,1,trade,SELL,EGG,52,52.0
553,0,trade,SELL,STRAWBERRY,66,66.0
553,1,trade,SELL,EGG,52,52.0
553,0,trade,SELL,STRAWBERRY,64,64.0
553,0,trade,SELL,STRAWBERRY,62,62.0
553,0,trade,SELL,STRAWBERRY,60,60.0
553,0,trade,SELL,STRAWBERRY,59,59.0
553,0,trade,SELL,STRAWBERRY,57,57.0
553,0,trade,SELL,STRAWBERRY,55,55.0
553,0,trade,SELL,STRAWBERRY,53,53.0
553,0,trade,SELL,STRAWBERRY,51,51.0
553,0,trade,SELL,STRAWBERRY,49,49.0
553,0,trade,SELL,STRAWBERRY,47,47.0
553,0,trade,SELL,STRAWBERRY,45,45.0
553,1,hire,,,,-21.0
553,0,trade,SELL,MILK,208,208.0
553,0,trade,SELL,MILK,208,208.0
553,0,trade,SELL,MILK,207,207.0
553,0,trade,SELL,MILK,206,206.0
553,0,trade,SELL,MILK,205,205.0
553,0,trade,SELL,MILK,204,204.0
553,1,hire,,,,-34.0
553,0,hire,,,,-55.0
553,1,hire,,,,-55.0
553,0,hire,,,,-89.0
553,1,hire,,,,-89.0
553,0,hire,,,,-144.0
553,1,trade,BUY_PRODUCT,FERTILIZER,31,-31.0
553,1,trade,BUY_PRODUCT,FERTILIZER,31,-31.0
553,1,trade,BUY_PRODUCT,FERTILIZER,31,-31.0
553,1,trade,BUY_PRODUCT,FERTILIZER,31,-31.0
553,0,trade,BUY_SEED,CARROT,20,-20.0
553,0,trade,BUY_SEED,CARROT,20,-20.0
553,0,trade,BUY_SEED,CARROT,20,-20.0
553,0,trade,BUY_SEED,CARROT,20,-20.0
553,0,trade,BUY_SEED,CARROT,20,-20.0
553,0,trade,SELL,WHEAT,46,46.0
553,0,trade,SELL,WHEAT,46,46.0
553,0,trade,SELL,WHEAT,46,46.0
553,0,trade,SELL,WHEAT,46,46.0
553,0,trade,SELL,WHEAT,46,46.0
553,0,trade,SELL,WHEAT,46,46.0
553,0,trade,SELL,WHEAT,46,46.0
553,0,trade,SELL,WHEAT,46,46.0
553,0,trade,SELL,WHEAT,46,46.0
553,0,trade,SELL,WHEAT,46,46.0
553,0,trade,SELL,WHEAT,46,46.0
554,0,trade,SELL,STRAWBERRY,43,43.0
554,1,trade,SELL,FERTILIZER,31,31.0
554,1,trade,SELL,FERTILIZER,31,31.0
554,1,trade,SELL,FERTILIZER,31,31.0
554,1,trade,SELL,FERTILIZER,31,31.0
555,1,trade,SELL,FERTILIZER,30,30.0
557,0,trade,SELL,CARROT,46,46.0
557,1,trade,BUY_SEED,WHEAT,10,-10.0
558,1,trade,SELL,FERTILIZER,30,0.0
558,1,trade,BUY_SEED,WHEAT,10,-10.0
558,1,trade,BUY_SEED,WHEAT,10,-10.0
559,1,trade,BUY_SEED,WHEAT,10,-10.0
559,1,trade,BUY_SEED,WHEAT,10,-10.0
561,0,trade,SELL,CARROT,46,46.0
561,1,trade,SELL,STRAWBERRY,57,57.0
561,0,trade,SELL,CARROT,46,46.0
561,1,trade,SELL,STRAWBERRY,55,55.0
561,0,trade,SELL,CARROT,46,46.0
561,1,trade,SELL,STRAWBERRY,53,53.0
561,1,trade,SELL,STRAWBERRY,51,51.0
561,1,trade,BUY_SEED,WHEAT,10,-10.0
562,1,trade,SELL,STRAWBERRY,49,49.0
562,1,trade,SELL,STRAWBERRY,47,47.0
562,1,trade,SELL,STRAWBERRY,45,45.0
562,1,trade,SELL,STRAWBERRY,43,43.0
563,1,trade,BUY_SEED,WHEAT,10,-10.0
565,1,trade,SELL,MILK,213,213.0
565,1,trade,SELL,MILK,212,212.0
565,1,trade,SELL,MILK,211,211.0
565,1,trade,BUY_SEED,WHEAT,10,-10.0
565,1,trade,BUY_SEED,WHEAT,10,-10.0
566,1,trade,SELL,WHEAT,46,46.0
566,1,trade,SELL,WHEAT,46,46.0
566,1,trade,SELL,WHEAT,46,46.0
566,1,trade,BUY_SEED,WHEAT,10,-10.0
567,1,trade,BUY_SEED,WHEAT,10,-10.0
567,1,trade,BUY_SEED,WHEAT,10,-10.0
569,1,trade,SELL,STRAWBERRY,57,57.0
569,1,trade,SELL,STRAWBERRY,55,55.0
569,1,trade,SELL,STRAWBERRY,53,53.0
569,1,trade,SELL,STRAWBERRY,51,51.0
569,1,trade,SELL,STRAWBERRY,49,49.0
569,1,trade,SELL,STRAWBERRY,47,47.0
569,1,trade,SELL,STRAWBERRY,45,45.0
569,1,trade,SELL,STRAWBERRY,43,43.0
569,1,trade,SELL,STRAWBERRY,41,41.0
569,1,trade,SELL,STRAWBERRY,39,39.0
569,1,trade,SELL,STRAWBERRY,37,37.0
569,1,trade,SELL,STRAWBERRY,36,36.0
569,1,trade,SELL,STRAWBERRY,34,0.0
570,1,trade,SELL,MILK,214,214.0
570,1,trade,SELL,MILK,213,213.0
570,1,trade,SELL,MILK,212,212.0
570,1,trade,SELL,MILK,211,211.0
570,1,trade,SELL,MILK,211,211.0
570,1,trade,SELL,MILK,210,210.0
570,1,trade,SELL,MILK,209,0.0
571,1,trade,SELL,MILK,209,0.0
571,1,trade,SELL,MILK,209,0.0
571,1,trade,BUY_SEED,WHEAT,10,-10.0
571,1,trade,BUY_SEED,WHEAT,10,-10.0
572,0,trade,BUY_PRODUCT,WHEAT,46,-46.0
572,0,trade,BUY_PRODUCT,WHEAT,46,-46.0
572,0,trade,BUY_PRODUCT,WHEAT,46,-46.0
572,0,trade,BUY_PRODUCT,WHEAT,46,-46.0
572,0,trade,BUY_PRODUCT,WHEAT,46,-46.0
572,0,trade,BUY_PRODUCT,WHEAT,46,-46.0
572,0,trade,BUY_PRODUCT,WHEAT,46,-46.0
572,0,trade,BUY_PRODUCT,WHEAT,46,-46.0
572,0,trade,BUY_PRODUCT,WHEAT,46,-46.0
572,0,trade,BUY_PRODUCT,WHEAT,46,-46.0
572,0,trade,BUY_PRODUCT,WHEAT,46,-46.0
572,0,trade,BUY_PRODUCT,WHEAT,46,-46.0
572,0,trade,BUY_PRODUCT,WHEAT,46,-46.0
572,0,trade,BUY_PRODUCT,WHEAT,46,-46.0
572,0,trade,BUY_PRODUCT,WHEAT,46,-46.0
572,0,trade,BUY_PRODUCT,WHEAT,46,-46.0
572,0,trade,BUY_PRODUCT,WHEAT,46,-46.0
572,0,trade,BUY_PRODUCT,WHEAT,46,-46.0
572,0,trade,BUY_PRODUCT,WHEAT,46,-46.0
573,0,trade,SELL,WHEAT,47,47.0
573,1,trade,SELL,WOOL,5,5.0
573,0,trade,SELL,WHEAT,47,47.0
573,1,trade,SELL,WOOL,1,1.0
573,0,trade,SELL,WHEAT,47,47.0
573,1,trade,SELL,WOOL,1,1.0
573,0,trade,SELL,WHEAT,47,47.0
573,1,trade,SELL,WOOL,1,1.0
573,0,trade,SELL,WHEAT,46,46.0
573,1,trade,SELL,WOOL,1,1.0
573,1,trade,SELL,WOOL,1,1.0
573,1,trade,SELL,WOOL,1,1.0
573,1,trade,SELL,WOOL,1,1.0
573,1,trade,SELL,MILK,212,0.0
573,1,trade,SELL,WOOL,1,1.0
573,1,trade,SELL,WOOL,1,0.0
574,1,trade,SELL,WHEAT,46,46.0
574,1,trade,SELL,WHEAT,46,46.0
574,1,trade,SELL,WHEAT,46,46.0
574,1,trade,SELL,WHEAT,46,46.0
574,1,trade,SELL,WHEAT,46,46.0
574,1,trade,SELL,WHEAT,46,46.0
574,1,trade,SELL,WHEAT,46,46.0
574,1,trade,SELL,WHEAT,46,46.0
574,1,trade,SELL,WHEAT,46,46.0
574,1,trade,SELL,MILK,212,0.0
575,1,trade,SELL,MILK,212,0.0
576,0,hire,,,,-1.0
576,1,trade,SELL,WOOL,1,1.0
576,0,hire,,,,-1.0
576,1,hire,,,,-1.0
576,0,hire,,,,-2.0
576,1,hire,,,,-1.0
576,0,hire,,,,-3.0
576,1,hire,,,,-2.0
576,0,hire,,,,-5.0
576,1,hire,,,,-3.0
576,0,hire,,,,-8.0
576,1,hire,,,,-5.0
576,0,hire,,,,-13.0
576,1,hire,,,,-8.0
576,0,hire,,,,-21.0
576,1,hire,,,,-13.0
576,0,hire,,,,-34.0
576,1,hire,,,,-21.0
576,1,hire,,,,-34.0
577,0,trade,SELL,MILK,216,216.0
577,1,trade,SELL,EGG,52,52.0
577,0,trade,SELL,MILK,215,215.0
577,1,trade,SELL,EGG,52,52.0
577,0,trade,SELL,MILK,214,214.0
577,1,trade,SELL,EGG,52,52.0
577,0,trade,SELL,MILK,214,214.0
577,1,trade,SELL,EGG,52,52.0
577,0,trade,SELL,MILK,213,213.0
577,1,trade,SELL,EGG,52,52.0
577,0,trade,SELL,MILK,212,212.0
577,1,trade,SELL,EGG,52,52.0
577,0,trade,SELL,MILK,211,211.0
577,0,trade,SELL,MILK,211,211.0
577,0,trade,SELL,MILK,210,210.0
577,0,trade,SELL,MILK,209,209.0
577,0,trade,SELL,MILK,208,208.0
577,0,trade,SELL,MILK,208,208.0
577,1,hire,,,,-55.0
577,0,trade,SELL,FERTILIZER,30,0.0
577,0,hire,,,,-55.0
577,1,hire,,,,-89.0
577,0,hire,,,,-89.0
577,1,trade,BUY_PRODUCT,FERTILIZER,30,-30.0
577,1,trade,BUY_PRODUCT,FERTILIZER,31,-31.0
577,1,trade,BUY_PRODUCT,FERTILIZER,31,-31.0
577,1,trade,BUY_PRODUCT,FERTILIZER,31,-31.0
577,0,hire,,,,-144.0
577,0,trade,BUY_SEED,WHEAT,10,-10.0
577,0,trade,BUY_SEED,WHEAT,10,-10.0
577,0,trade,BUY_SEED,WHEAT,10,-10.0
577,0,trade,BUY_SEED,WHEAT,10,-10.0
577,0,trade,BUY_SEED,WHEAT,10,-10.0
579,1,trade,SELL,FERTILIZER,31,31.0
579,1,trade,SELL,FERTILIZER,31,31.0
579,1,trade,SELL,FERTILIZER,31,31.0
579,1,trade,SELL,FERTILIZER,30,30.0
579,1,trade,SELL,FERTILIZER,30,30.0
579,1,trade,SELL,FERTILIZER,30,30.0
579,1,trade,SELL,FERTILIZER,30,30.0
579,1,trade,SELL,FERTILIZER,30,30.0
579,1,trade,SELL,FERTILIZER,29,29.0
581,0,trade,SELL,WHEAT,47,47.0
581,0,trade,SELL,WHEAT,47,47.0
581,0,trade,SELL,WHEAT,47,47.0
581,0,trade,SELL,STRAWBERRY,59,59.0
581,0,trade,SELL,STRAWBERRY,57,57.0
582,1,trade,SELL,WOOL,31,31.0
582,1,trade,SELL,WOOL,24,24.0
582,1,trade,SELL,WOOL,18,18.0
582,1,trade,SELL,WOOL,11,11.0
583,0,trade,BUY_SEED,WHEAT,10,-10.0
583,1,trade,BUY_SEED,WHEAT,10,-10.0
584,0,trade,BUY_SEED,WHEAT,10,-10.0
584,1,trade,BUY_SEED,WHEAT,10,-10.0
584,0,trade,BUY_SEED,WHEAT,10,-10.0
585,0,trade,SELL,MILK,213,213.0
585,0,trade,SELL,MILK,212,212.0
585,0,trade,SELL,MILK,211,211.0
585,0,trade,SELL,MILK,211,211.0
585,0,trade,SELL,MILK,210,210.0
585,0,trade,SELL,MILK,209,209.0
585,0,trade,SELL,WHEAT,47,47.0
585,0,trade,SELL,WHEAT,47,47.0
585,0,trade,SELL,WHEAT,47,47.0
585,0,trade,SELL,WHEAT,47,47.0
585,0,trade,SELL,WHEAT,47,47.0
585,0,trade,SELL,WHEAT,47,47.0
585,0,trade,SELL,WHEAT,46,46.0
585,0,trade,SELL,WHEAT,46,46.0
585,0,trade,SELL,WHEAT,46,46.0
585,0,trade,SELL,WHEAT,46,46.0
585,0,trade,SELL,FERTILIZER,29,29.0
586,0,trade,SELL,MILK,208,208.0
586,1,trade,SELL,WHEAT,46,46.0
586,0,trade,SELL,MILK,208,208.0
586,1,trade,SELL,WHEAT,46,46.0
586,0,trade,SELL,MILK,207,207.0
586,1,trade,SELL,WHEAT,46,46.0
586,0,trade,SELL,MILK,206,206.0
586,1,trade,SELL,WHEAT,46,46.0
586,0,trade,SELL,MILK,205,205.0
586,1,trade,SELL,WHEAT,46,46.0
586,0,trade,SELL,MILK,204,204.0
586,1,trade,SELL,WHEAT,46,46.0
586,1,trade,SELL,WHEAT,46,46.0
586,1,trade,SELL,WHEAT,46,46.0
586,0,trade,SELL,FERTILIZER,29,29.0
586,1,trade,BUY_SEED,WHEAT,10,-10.0
586,1,trade,BUY_SEED,WHEAT,10,-10.0
586,0,trade,BUY_SEED,WHEAT,10,-10.0
586,0,trade,SELL,WHEAT,46,46.0
586,0,trade,SELL,WHEAT,46,46.0
586,0,trade,SELL,WHEAT,46,46.0
588,0,trade,BUY_SEED,WHEAT,10,-10.0
588,0,trade,BUY_PRODUCT,WHEAT,46,-46.0
588,0,trade,BUY_PRODUCT,WHEAT,46,-46.0
588,0,trade,BUY_PRODUCT,WHEAT,46,-46.0
588,0,trade,BUY_PRODUCT,WHEAT,46,-46.0
588,0,trade,BUY_PRODUCT,WHEAT,46,-46.0
588,0,trade,BUY_PRODUCT,WHEAT,46,-46.0
588,0,trade,BUY_PRODUCT,WHEAT,46,-46.0
588,0,trade,BUY_PRODUCT,WHEAT,46,-46.0
588,0,trade,BUY_PRODUCT,WHEAT,46,-46.0
588,0,trade,BUY_PRODUCT,WHEAT,46,-46.0
588,0,trade,BUY_PRODUCT,WHEAT,46,-46.0
588,0,trade,BUY_PRODUCT,WHEAT,46,-46.0
588,0,trade,BUY_PRODUCT,WHEAT,46,-46.0
588,0,trade,BUY_PRODUCT,WHEAT,46,-46.0
588,0,trade,BUY_PRODUCT,WHEAT,46,-46.0
589,0,trade,SELL,WHEAT,47,47.0
589,1,trade,BUY_SEED,WHEAT,10,-10.0
589,0,trade,SELL,WHEAT,47,47.0
589,1,trade,BUY_SEED,WHEAT,10,-10.0
589,0,trade,SELL,WHEAT,47,47.0
589,0,trade,SELL,WHEAT,47,47.0
589,0,trade,SELL,WHEAT,47,47.0
589,0,trade,SELL,WHEAT,47,47.0
589,0,trade,SELL,WHEAT,46,46.0
589,0,trade,SELL,WHEAT,46,46.0
589,0,trade,SELL,WHEAT,46,46.0
589,0,trade,SELL,WHEAT,46,46.0
589,0,trade,SELL,WHEAT,46,46.0
589,0,trade,SELL,WHEAT,46,46.0
589,0,trade,SELL,WHEAT,46,46.0
590,1,trade,BUY_SEED,CARROT,20,-20.0
591,1,trade,SELL,WHEAT,46,46.0
591,1,trade,SELL,WHEAT,46,46.0
591,1,trade,BUY_SEED,CARROT,20,-20.0
592,0,trade,BUY_PRODUCT,WHEAT,46,-46.0
592,0,trade,BUY_PRODUCT,WHEAT,46,-46.0
592,0,trade,BUY_PRODUCT,WHEAT,46,-46.0
592,0,trade,BUY_PRODUCT,WHEAT,46,-46.0
592,0,trade,BUY_PRODUCT,WHEAT,46,-46.0
592,0,trade,BUY_PRODUCT,WHEAT,46,-46.0
592,0,trade,BUY_PRODUCT,WHEAT,46,-46.0
592,0,trade,BUY_PRODUCT,WHEAT,46,-46.0
592,0,trade,BUY_PRODUCT,WHEAT,46,-46.0
593,0,trade,SELL,WHEAT,47,47.0
593,0,trade,SELL,WHEAT,47,47.0
593,0,trade,SELL,WHEAT,47,47.0
593,0,trade,SELL,WHEAT,47,47.0
593,0,trade,SELL,WHEAT,47,47.0
593,0,trade,SELL,WHEAT,47,47.0
593,0,trade,SELL,WHEAT,46,46.0
593,0,trade,SELL,WHEAT,46,46.0
593,0,trade,SELL,WHEAT,46,46.0
593,0,trade,BUY_SEED,WHEAT,10,-10.0
594,1,trade,BUY_SEED,CARROT,20,-20.0
594,1,trade,BUY_SEED,WHEAT,10,-10.0
595,1,trade,BUY_SEED,CARROT,20,-20.0
595,1,trade,BUY_SEED,WHEAT,10,-10.0
596,0,trade,SELL,WHEAT,46,46.0
596,1,trade,BUY_SEED,WHEAT,10,-10.0
596,0,trade,SELL,WHEAT,46,46.0
596,0,trade,SELL,WHEAT,46,46.0
596,0,trade,SELL,WHEAT,46,46.0
596,0,trade,SELL,WHEAT,46,46.0
596,0,trade,SELL,WHEAT,46,46.0
596,0,trade,SELL,WHEAT,46,46.0
596,0,trade,SELL,WOOL,43,43.0
596,0,trade,SELL,WOOL,37,37.0
597,0,trade,SELL,FERTILIZER,29,29.0
597,1,trade,SELL,FERTILIZER,29,0.0
597,0,trade,BUY_SEED,WHEAT,10,-10.0
597,1,trade,SELL,STRAWBERRY,85,85.0
597,1,trade,SELL,STRAWBERRY,84,84.0
597,1,trade,SELL,STRAWBERRY,82,82.0
597,1,trade,SELL,STRAWBERRY,80,80.0
597,1,trade,SELL,STRAWBERRY,78,78.0
597,1,trade,SELL,STRAWBERRY,76,76.0
597,1,trade,SELL,STRAWBERRY,74,74.0
597,1,trade,SELL,STRAWBERRY,72,72.0
597,1,trade,SELL,STRAWBERRY,70,70.0
597,1,trade,SELL,STRAWBERRY,68,68.0
597,1,trade,SELL,WOOL,43,43.0
597,1,trade,SELL,WOOL,37,37.0
597,1,trade,SELL,WOOL,31,31.0
597,1,trade,SELL,WOOL,24,24.0
598,0,trade,BUY_SEED,WHEAT,10,-10.0
598,1,trade,SELL,WHEAT,46,46.0
598,1,trade,SELL,WHEAT,46,46.0
598,1,trade,SELL,WHEAT,46,46.0
598,1,trade,SELL,MILK,213,213.0
599,1,trade,SELL,STRAWBERRY,66,66.0
599,1,trade,SELL,STRAWBERRY,64,64.0
599,1,trade,SELL,STRAWBERRY,62,62.0
599,1,trade,SELL,STRAWBERRY,60,60.0
599,1,trade,SELL,STRAWBERRY,59,59.0
599,1,trade,SELL,STRAWBERRY,57,57.0
599,1,trade,SELL,STRAWBERRY,55,55.0
599,1,trade,SELL,STRAWBERRY,53,53.0
599,1,trade,SELL,STRAWBERRY,51,51.0
599,1,trade,SELL,STRAWBERRY,49,49.0
599,1,trade,SELL,STRAWBERRY,47,47.0
599,1,trade,SELL,STRAWBERRY,45,0.0
599,1,trade,SELL,MILK,212,212.0
599,1,trade,SELL,MILK,211,211.0
599,1,trade,SELL,MILK,211,211.0
599,1,trade,SELL,MILK,210,210.0
599,1,trade,SELL,MILK,209,209.0
599,1,trade,SELL,MILK,208,0.0
600,0,trade,SELL,FERTILIZER,29,29.0
600,1,trade,SELL,FERTILIZER,29,29.0
600,0,trade,SELL,FERTILIZER,28,28.0
600,1,trade,SELL,FERTILIZER,28,28.0
600,0,trade,SELL,FERTILIZER,28,28.0
600,1,trade,SELL,FERTILIZER,28,28.0
600,0,trade,SELL,FERTILIZER,27,27.0
600,1,trade,SELL,FERTILIZER,27,27.0
600,0,trade,SELL,FERTILIZER,27,27.0
600,1,trade,SELL,FERTILIZER,27,27.0
600,0,trade,SELL,FERTILIZER,27,27.0
600,1,trade,SELL,FERTILIZER,27,27.0
600,0,trade,SELL,FERTILIZER,26,26.0
600,1,trade,SELL,FERTILIZER,26,26.0
600,0,trade,SELL,FERTILIZER,26,26.0
600,1,trade,SELL,FERTILIZER,26,26.0
600,0,trade,SELL,FERTILIZER,25,25.0
600,1,trade,SELL,FERTILIZER,25,25.0
600,1,trade,SELL,FERTILIZER,25,25.0
600,1,trade,SELL,FERTILIZER,25,25.0
600,0,hire,,,,-1.0
600,1,hire,,,,-1.0
600,0,hire,,,,-1.0
600,1,hire,,,,-1.0
600,0,hire,,,,-2.0
600,1,hire,,,,-2.0
600,0,hire,,,,-3.0
600,1,hire,,,,-3.0
600,0,hire,,,,-5.0
600,1,hire,,,,-5.0
600,0,hire,,,,-8.0
600,1,hire,,,,-8.0
600,0,hire,,,,-13.0
600,0,hire,,,,-21.0
600,0,hire,,,,-34.0
601,0,trade,SELL,STRAWBERRY,55,55.0
601,1,trade,SELL,EGG,52,52.0
601,0,trade,SELL,STRAWBERRY,53,53.0
601,1,trade,SELL,EGG,52,52.0
601,0,trade,SELL,STRAWBERRY,51,51.0
601,1,trade,SELL,EGG,52,52.0
601,0,trade,SELL,STRAWBERRY,49,49.0
601,1,trade,SELL,EGG,52,52.0
601,0,trade,SELL,STRAWBERRY,47,47.0
601,0,trade,SELL,STRAWBERRY,45,45.0
601,0,hire,,,,-55.0
601,1,trade,SELL,FERTILIZER,25,25.0
601,1,trade,SELL,FERTILIZER,24,24.0
601,0,hire,,,,-89.0
601,1,hire,,,,-13.0
601,0,hire,,,,-144.0
601,1,hire,,,,-21.0
601,1,hire,,,,-34.0
601,0,trade,BUY_SEED,WHEAT,10,-10.0
601,0,trade,BUY_SEED,WHEAT,10,-10.0
601,0,trade,BUY_SEED,WHEAT,10,-10.0
601,0,trade,BUY_SEED,WHEAT,10,-10.0
601,1,hire,,,,-55.0
601,1,hire,,,,-89.0
601,1,trade,BUY_PRODUCT,FERTILIZER,24,-24.0
601,1,trade,BUY_PRODUCT,FERTILIZER,25,-25.0
602,1,trade,SELL,FERTILIZER,25,25.0
602,1,trade,SELL,FERTILIZER,24,24.0
603,0,trade,SELL,WOOL,37,37.0
603,1,trade,SELL,FERTILIZER,24,24.0
603,0,trade,SELL,WOOL,31,31.0
603,1,trade,SELL,FERTILIZER,24,24.0
603,0,trade,SELL,WOOL,24,24.0
603,0,trade,SELL,WOOL,18,18.0
605,0,trade,SELL,MILK,215,215.0
605,1,trade,BUY_SEED,CARROT,20,-20.0
605,0,trade,SELL,MILK,214,214.0
605,0,trade,SELL,MILK,214,214.0
605,0,trade,SELL,MILK,213,213.0
605,0,trade,SELL,MILK,212,212.0
605,0,trade,SELL,MILK,211,211.0
605,0,trade,SELL,WHEAT,47,47.0
605,0,trade,BUY_SEED,WHEAT,10,-10.0
606,0,trade,BUY_SEED,WHEAT,10,-10.0
606,0,trade,BUY_SEED,WHEAT,10,-10.0
607,0,trade,BUY_SEED,WHEAT,10,-10.0
607,1,trade,SELL,STRAWBERRY,51,0.0
608,1,trade,SELL,FERTILIZER,24,0.0
608,1,trade,BUY_SEED,CARROT,20,-20.0
608,1,trade,BUY_SEED,CARROT,20,-20.0
609,1,trade,BUY_SEED,CARROT,20,-20.0
610,0,trade,BUY_SEED,WHEAT,10,-10.0
610,1,trade,BUY_SEED,CARROT,20,-20.0
611,1,trade,BUY_SEED,CARROT,20,-20.0
612,1,trade,SELL,MILK,214,214.0
612,1,trade,BUY_SEED,CARROT,20,-20.0
613,0,trade,SELL,CARROT,49,49.0
613,1,trade,BUY_SEED,CARROT,20,-20.0
613,0,trade,SELL,CARROT,49,49.0
614,1,trade,SELL,WHEAT,47,47.0
614,1,trade,SELL,WHEAT,47,47.0
614,1,trade,SELL,WHEAT,47,47.0
614,1,trade,SELL,WHEAT,47,47.0
614,1,trade,SELL,WHEAT,47,47.0
615,1,trade,SELL,STRAWBERRY,66,0.0
616,0,trade,BUY_SEED,CARROT,20,-20.0
616,1,trade,SELL,WHEAT,47,47.0
616,1,trade,SELL,WHEAT,47,47.0
616,1,trade,SELL,WHEAT,47,47.0
616,1,trade,SELL,WHEAT,47,47.0
616,1,trade,SELL,WHEAT,47,47.0
616,1,trade,SELL,WHEAT,47,47.0
616,1,trade,SELL,WHEAT,47,47.0
616,1,trade,SELL,WHEAT,47,47.0
616,1,trade,SELL,WHEAT,47,47.0
616,1,trade,SELL,WHEAT,47,47.0
616,1,trade,BUY_SEED,CARROT,20,-20.0
617,0,trade,SELL,CARROT,49,49.0
617,1,trade,SELL,WOOL,61,61.0
617,0,trade,SELL,CARROT,49,49.0
617,1,trade,SELL,WOOL,55,55.0
617,1,trade,SELL,WOOL,49,49.0
617,1,trade,SELL,WOOL,43,43.0
617,1,trade,SELL,WOOL,37,37.0
617,1,trade,SELL,WOOL,31,31.0
617,1,trade,SELL,WOOL,24,24.0
617,1,trade,SELL,WOOL,18,18.0
617,0,trade,BUY_SEED,WHEAT,10,-10.0
617,1,trade,SELL,STRAWBERRY,74,0.0
617,1,trade,BUY_SEED,CARROT,20,-20.0
618,0,trade,BUY_SEED,WHEAT,10,-10.0
618,1,trade,SELL,WHEAT,47,47.0
618,1,trade,SELL,WHEAT,47,47.0
618,1,trade,SELL,WHEAT,47,47.0
618,1,trade,SELL,WHEAT,47,47.0
618,1,trade,SELL,WHEAT,47,47.0
618,1,trade,SELL,WHEAT,47,47.0
618,1,trade,SELL,WHEAT,47,47.0
619,0,trade,BUY_SEED,WHEAT,10,-10.0
619,1,trade,SELL,STRAWBERRY,74,74.0
620,0,trade,SELL,WHEAT,47,47.0
620,1,trade,BUY_SEED,CARROT,20,-20.0
620,0,trade,SELL,MELON,81,81.0
620,0,trade,SELL,MELON,78,78.0
620,0,trade,SELL,MELON,76,76.0
620,0,trade,SELL,MELON,73,73.0
620,0,trade,SELL,MELON,70,70.0
620,0,trade,SELL,MELON,68,68.0
621,0,trade,SELL,MILK,221,221.0
621,1,trade,SELL,MILK,221,221.0
621,0,trade,SELL,MILK,220,220.0
621,1,trade,SELL,MILK,220,220.0
621,0,trade,SELL,MILK,218,218.0
621,1,trade,SELL,MILK,218,218.0
621,1,trade,SELL,MILK,217,217.0
621,1,trade,SELL,MILK,216,216.0
621,0,trade,SELL,WHEAT,47,47.0
621,1,trade,BUY_SEED,CARROT,20,-20.0
621,0,trade,SELL,WHEAT,47,47.0
621,1,trade,BUY_SEED,CARROT,20,-20.0
621,0,trade,SELL,WHEAT,47,47.0
621,1,trade,BUY_SEED,CARROT,20,-20.0
621,0,trade,SELL,WHEAT,47,47.0
621,0,trade,SELL,WHEAT,47,47.0
621,0,trade,SELL,WHEAT,47,47.0
621,0,trade,SELL,WHEAT,46,46.0
621,0,trade,SELL,WHEAT,46,46.0
621,0,trade,SELL,WHEAT,46,46.0
621,0,trade,SELL,WHEAT,46,46.0
621,0,trade,SELL,WHEAT,46,46.0
621,0,trade,SELL,WHEAT,46,46.0
621,0,trade,SELL,TOMATO,216,216.0
621,0,trade,SELL,TOMATO,215,215.0
621,0,trade,SELL,TOMATO,213,213.0
621,0,trade,SELL,TOMATO,212,212.0
622,0,trade,SELL,FERTILIZER,24,24.0
622,1,trade,SELL,STRAWBERRY,80,80.0
622,1,trade,SELL,STRAWBERRY,78,78.0
622,1,trade,SELL,STRAWBERRY,76,76.0
622,1,trade,SELL,STRAWBERRY,74,74.0
622,1,trade,SELL,STRAWBERRY,72,72.0
622,1,trade,SELL,STRAWBERRY,70,70.0
622,1,trade,SELL,STRAWBERRY,68,0.0
622,1,trade,SELL,MILK,216,216.0
622,1,trade,SELL,MILK,215,215.0
622,1,trade,SELL,MILK,214,214.0
622,1,trade,SELL,MILK,214,214.0
622,1,trade,SELL,MILK,213,213.0
622,1,trade,SELL,MILK,212,212.0
622,1,trade,SELL,MILK,211,211.0
622,1,trade,SELL,MILK,211,211.0
622,1,trade,SELL,MILK,210,210.0
623,0,trade,SELL,STRAWBERRY,68,68.0
623,1,trade,SELL,MILK,209,209.0
623,0,trade,SELL,STRAWBERRY,66,66.0
623,0,trade,SELL,WHEAT,46,46.0
623,0,trade,SELL,WHEAT,46,46.0
623,0,trade,SELL,WHEAT,46,46.0
623,0,trade,SELL,WHEAT,46,46.0
623,0,trade,SELL,WHEAT,46,46.0
623,0,trade,SELL,WHEAT,46,46.0
623,0,trade,SELL,TOMATO,210,210.0
623,0,trade,SELL,TOMATO,208,208.0
623,0,trade,SELL,TOMATO,207,207.0
623,0,trade,SELL,TOMATO,205,205.0
624,0,trade,SELL,STRAWBERRY,64,64.0
624,1,trade,SELL,FERTILIZER,24,24.0
624,0,trade,SELL,STRAWBERRY,62,62.0
624,1,trade,SELL,FERTILIZER,23,23.0
624,0,trade,SELL,STRAWBERRY,60,60.0
624,1,trade,SELL,FERTILIZER,23,23.0
624,0,trade,SELL,STRAWBERRY,59,59.0
624,1,trade,SELL,FERTILIZER,23,23.0
624,0,trade,SELL,STRAWBERRY,57,57.0
624,1,trade,SELL,FERTILIZER,23,23.0
624,0,trade,SELL,STRAWBERRY,55,55.0
624,1,trade,SELL,FERTILIZER,23,23.0
624,1,hire,,,,-1.0
624,0,trade,SELL,MILK,208,208.0
624,0,trade,SELL,MILK,208,208.0
624,0,trade,SELL,MILK,207,207.0
624,0,trade,SELL,MILK,206,206.0
624,0,trade,SELL,MILK,205,205.0
624,0,trade,SELL,MILK,204,204.0
624,0,trade,SELL,MILK,203,203.0
624,0,trade,SELL,MILK,203,203.0
624,0,trade,SELL,MILK,202,202.0
624,1,hire,,,,-1.0
624,0,trade,SELL,WHEAT,46,46.0
624,0,trade,SELL,WHEAT,46,46.0
624,0,trade,SELL,WHEAT,46,46.0
624,0,trade,SELL,WHEAT,46,46.0
624,0,trade,SELL,WHEAT,46,46.0
624,0,trade,SELL,WHEAT,46,46.0
624,0,trade,SELL,WHEAT,46,46.0
624,0,trade,SELL,WHEAT,46,46.0
624,0,trade,SELL,WHEAT,46,46.0
624,0,trade,SELL,WHEAT,46,46.0
624,0,trade,SELL,WHEAT,46,46.0
624,0,trade,SELL,WHEAT,46,46.0
624,0,trade,SELL,WHEAT,46,46.0
624,0,trade,SELL,WHEAT,46,46.0
624,0,trade,SELL,WHEAT,46,46.0
624,0,trade,SELL,WHEAT,46,46.0
624,0,trade,SELL,WHEAT,46,46.0
624,0,trade,SELL,WHEAT,46,46.0
624,0,trade,SELL,WHEAT,46,46.0
624,0,trade,SELL,WHEAT,46,46.0
624,0,trade,SELL,WHEAT,46,46.0
624,0,trade,SELL,WHEAT,46,46.0
624,0,trade,SELL,WHEAT,46,46.0
624,0,trade,SELL,WHEAT,46,46.0
624,0,trade,SELL,WHEAT,46,46.0
624,0,trade,SELL,WHEAT,46,46.0
624,0,trade,SELL,WHEAT,46,46.0
624,0,trade,SELL,WHEAT,46,46.0
624,0,trade,SELL,WHEAT,46,46.0
624,0,trade,SELL,WHEAT,46,46.0
624,0,trade,SELL,WHEAT,45,45.0
624,0,trade,SELL,WHEAT,45,45.0
624,0,trade,SELL,WHEAT,45,45.0
624,0,trade,SELL,WHEAT,45,45.0
624,0,trade,SELL,WHEAT,45,45.0
624,1,hire,,,,-2.0
624,0,trade,SELL,FERTILIZER,22,22.0
624,0,trade,SELL,FERTILIZER,22,22.0
624,0,trade,SELL,FERTILIZER,22,22.0
624,0,trade,SELL,FERTILIZER,22,22.0
624,1,hire,,,,-3.0
624,0,trade,SELL,TOMATO,204,204.0
624,0,trade,SELL,TOMATO,202,202.0
624,0,trade,SELL,TOMATO,201,201.0
624,0,trade,SELL,TOMATO,199,199.0
624,0,trade,SELL,TOMATO,198,198.0
624,0,trade,SELL,TOMATO,196,196.0
624,0,trade,SELL,TOMATO,195,195.0
624,0,trade,SELL,TOMATO,193,193.0
624,1,hire,,,,-5.0
624,0,trade,SELL,CARROT,49,49.0
624,0,trade,SELL,CARROT,49,49.0
624,0,trade,SELL,CARROT,49,49.0
624,0,trade,SELL,CARROT,49,49.0
624,0,trade,SELL,CARROT,48,48.0
624,0,trade,SELL,CARROT,48,48.0
624,0,trade,SELL,CARROT,48,48.0
624,0,hire,,,,-1.0
624,1,hire,,,,-8.0
624,0,hire,,,,-1.0
624,1,hire,,,,-13.0
624,0,hire,,,,-2.0
624,0,hire,,,,-3.0
625,0,hire,,,,-5.0
625,1,trade,SELL,EGG,53,53.0
625,1,trade,SELL,EGG,53,53.0
625,1,trade,SELL,EGG,53,53.0
625,1,trade,SELL,EGG,52,52.0
625,1,trade,SELL,EGG,52,52.0
625,1,trade,SELL,EGG,52,52.0
625,0,hire,,,,-8.0
625,1,hire,,,,-21.0
625,0,hire,,,,-13.0
625,1,hire,,,,-34.0
625,0,hire,,,,-21.0
625,1,hire,,,,-55.0
625,0,hire,,,,-34.0
625,1,hire,,,,-89.0
625,0,hire,,,,-55.0
625,1,trade,BUY_PRODUCT,FERTILIZER,22,-22.0
625,1,trade,BUY_PRODUCT,FERTILIZER,22,-22.0
625,0,hire,,,,-89.0
625,1,trade,SELL,FERTILIZER,22,22.0
625,0,hire,,,,-144.0
625,0,trade,BUY_SEED,WHEAT,10,-10.0
625,0,trade,BUY_SEED,CARROT,20,-20.0
625,0,trade,BUY_SEED,CARROT,20,-20.0
625,0,trade,BUY_SEED,CARROT,20,-20.0
625,0,trade,BUY_SEED,CARROT,20,-20.0
625,0,trade,BUY_SEED,CARROT,20,-20.0
625,0,trade,BUY_SEED,CARROT,20,-20.0
625,0,trade,BUY_SEED,CARROT,20,-20.0
626,1,trade,SELL,FERTILIZER,22,22.0
626,1,trade,SELL,FERTILIZER,22,22.0
626,1,trade,SELL,FERTILIZER,21,21.0
627,1,trade,SELL,FERTILIZER,21,21.0
627,1,trade,SELL,FERTILIZER,21,21.0
627,1,trade,SELL,FERTILIZER,21,21.0
628,1,trade,SELL,FERTILIZER,21,21.0
629,0,trade,BUY_SEED,WHEAT,10,-10.0
629,1,trade,SELL,FERTILIZER,20,20.0
629,1,trade,SELL,FERTILIZER,20,20.0
630,0,trade,BUY_PRODUCT,WHEAT,46,-46.0
631,1,trade,BUY_SEED,CARROT,20,-20.0
632,0,trade,BUY_PRODUCT,WHEAT,46,-46.0
632,1,trade,BUY_SEED,CARROT,20,-20.0
632,1,trade,BUY_SEED,CARROT,20,-20.0
633,0,trade,SELL,MILK,211,211.0
633,0,trade,SELL,MILK,211,211.0
633,0,trade,SELL,MILK,210,210.0
633,0,trade,SELL,MILK,209,209.0
633,0,trade,SELL,MILK,208,208.0
633,0,trade,SELL,MILK,208,208.0
633,0,trade,BUY_PRODUCT,WHEAT,46,-46.0
634,0,trade,SELL,MILK,207,207.0
634,1,trade,SELL,WHEAT,46,46.0
634,0,trade,SELL,MILK,206,206.0
634,1,trade,SELL,WHEAT,46,46.0
634,0,trade,SELL,MILK,205,205.0
634,1,trade,SELL,WHEAT,46,46.0
634,0,trade,SELL,MILK,204,204.0
634,1,trade,SELL,WHEAT,46,46.0
634,0,trade,SELL,MILK,203,203.0
634,1,trade,SELL,WHEAT,46,46.0
634,0,trade,SELL,MILK,203,203.0
634,1,trade,SELL,WHEAT,46,46.0
634,1,trade,SELL,WHEAT,46,46.0
634,1,trade,SELL,WHEAT,46,46.0
634,1,trade,SELL,WHEAT,46,46.0
634,1,trade,SELL,WHEAT,46,46.0
635,1,trade,BUY_SEED,CARROT,20,-20.0
635,1,trade,BUY_SEED,CARROT,20,-20.0
635,0,trade,BUY_PRODUCT,WHEAT,46,-46.0
636,1,trade,SELL,WHEAT,46,46.0
636,1,trade,SELL,WHEAT,46,46.0
636,1,trade,SELL,WHEAT,46,46.0
636,1,trade,SELL,WHEAT,46,46.0
636,1,trade,SELL,WHEAT,46,46.0
636,1,trade,SELL,WHEAT,46,46.0
636,1,trade,SELL,WHEAT,46,46.0
636,1,trade,SELL,WHEAT,46,46.0
636,1,trade,SELL,WHEAT,45,45.0
636,1,trade,BUY_SEED,CARROT,20,-20.0
637,0,trade,BUY_SEED,WHEAT,10,-10.0
637,1,trade,SELL,WOOL,77,77.0
637,1,trade,SELL,WOOL,72,72.0
637,1,trade,SELL,WOOL,66,66.0
637,1,trade,SELL,WOOL,61,61.0
637,1,trade,SELL,WOOL,55,55.0
637,1,trade,SELL,WOOL,49,49.0
637,1,trade,SELL,WOOL,43,43.0
637,1,trade,SELL,WOOL,37,0.0
638,0,trade,BUY_SEED,WHEAT,10,-10.0
638,1,trade,SELL,WOOL,37,0.0
638,1,trade,BUY_SEED,CARROT,20,-20.0
639,1,trade,SELL,WOOL,37,0.0
640,0,trade,BUY_SEED,CARROT,20,-20.0
640,1,trade,BUY_SEED,CARROT,20,-20.0
640,1,trade,BUY_SEED,CARROT,20,-20.0
641,1,trade,SELL,MILK,208,208.0
641,1,trade,SELL,MILK,208,208.0
641,1,trade,SELL,MILK,207,207.0
642,1,trade,SELL,MILK,206,206.0
642,1,trade,SELL,MILK,205,205.0
642,1,trade,SELL,MILK,204,204.0
642,1,trade,SELL,MILK,203,0.0
642,1,trade,SELL,MILK,203,0.0
642,1,trade,BUY_SEED,CARROT,20,-20.0
643,0,trade,BUY_SEED,WHEAT,10,-10.0
643,1,trade,SELL,MILK,203,0.0
644,0,trade,BUY_SEED,WHEAT,10,-10.0
644,1,trade,SELL,MILK,203,0.0
644,0,trade,BUY_SEED,WHEAT,10,-10.0
644,0,trade,BUY_SEED,CARROT,20,-20.0
644,1,trade,BUY_SEED,CARROT,20,-20.0
645,1,trade,SELL,MILK,207,0.0
645,1,trade,SELL,MILK,207,0.0
645,1,trade,SELL,MILK,207,0.0
645,1,trade,BUY_SEED,WHEAT,10,-10.0
646,0,trade,BUY_SEED,WHEAT,10,-10.0
647,1,trade,SELL,MILK,207,0.0
648,1,hire,,,,-1.0
648,0,trade,SELL,FERTILIZER,20,20.0
648,0,trade,SELL,FERTILIZER,20,20.0
648,0,trade,SELL,FERTILIZER,20,20.0
648,0,trade,SELL,FERTILIZER,19,19.0
648,0,trade,SELL,FERTILIZER,19,19.0
648,0,trade,SELL,FERTILIZER,19,19.0
648,0,hire,,,,-1.0
648,1,hire,,,,-1.0
648,0,hire,,,,-1.0
648,1,hire,,,,-2.0
648,0,hire,,,,-2.0
648,1,hire,,,,-3.0
648,0,hire,,,,-3.0
648,1,hire,,,,-5.0
648,0,hire,,,,-5.0
648,1,hire,,,,-8.0
648,0,hire,,,,-8.0
648,1,hire,,,,-13.0
648,0,hire,,,,-13.0
648,1,hire,,,,-21.0
648,0,hire,,,,-21.0
648,1,hire,,,,-34.0
648,0,hire,,,,-34.0
648,1,hire,,,,-55.0
649,0,trade,SELL,STRAWBERRY,110,110.0
649,1,trade,SELL,EGG,53,53.0
649,0,trade,SELL,STRAWBERRY,108,108.0
649,1,trade,SELL,EGG,53,53.0
649,0,trade,SELL,STRAWBERRY,107,107.0
649,0,trade,SELL,STRAWBERRY,105,105.0
649,0,trade,SELL,STRAWBERRY,103,103.0
649,0,trade,SELL,MILK,211,211.0
649,1,trade,SELL,FERTILIZER,19,19.0
649,0,trade,SELL,MILK,210,210.0
649,1,trade,SELL,FERTILIZER,19,19.0
649,0,trade,SELL,MILK,209,209.0
649,1,trade,SELL,FERTILIZER,18,18.0
649,0,trade,SELL,MILK,208,208.0
649,1,trade,SELL,FERTILIZER,18,18.0
649,0,trade,SELL,MILK,208,208.0
649,0,trade,SELL,MILK,207,207.0
649,0,hire,,,,-55.0
649,1,trade,SELL,WOOL,77,77.0
649,1,trade,SELL,WOOL,72,72.0
649,1,trade,SELL,WOOL,66,66.0
649,1,trade,SELL,WOOL,61,61.0
649,1,trade,SELL,WOOL,55,55.0
649,1,trade,SELL,WOOL,49,49.0
649,1,trade,SELL,WOOL,43,43.0
649,0,hire,,,,-89.0
649,1,trade,SELL,WOOL,37,0.0
649,1,hire,,,,-89.0
649,1,trade,BUY_PRODUCT,FERTILIZER,18,-18.0
649,1,trade,BUY_PRODUCT,FERTILIZER,18,-18.0
649,1,trade,SELL,WHEAT,46,46.0
649,1,trade,SELL,WHEAT,46,46.0
649,1,trade,SELL,WHEAT,46,46.0
649,1,trade,SELL,WHEAT,46,46.0
649,1,trade,SELL,WHEAT,46,46.0
649,1,trade,SELL,WHEAT,46,46.0
649,1,trade,SELL,FERTILIZER,18,18.0
650,1,trade,SELL,FERTILIZER,18,18.0
650,1,trade,SELL,FERTILIZER,18,18.0
651,1,trade,SELL,FERTILIZER,18,18.0
651,1,trade,SELL,FERTILIZER,18,18.0
651,1,trade,SELL,FERTILIZER,17,17.0
651,1,trade,SELL,FERTILIZER,17,17.0
651,1,trade,SELL,FERTILIZER,17,17.0
651,1,trade,SELL,FERTILIZER,17,17.0
651,1,trade,SELL,FERTILIZER,17,17.0
651,1,trade,SELL,FERTILIZER,16,16.0
651,1,trade,SELL,FERTILIZER,16,16.0
651,1,trade,SELL,FERTILIZER,16,16.0
652,0,trade,BUY_PRODUCT,WHEAT,46,-46.0
652,1,trade,SELL,FERTILIZER,16,16.0
652,0,trade,BUY_PRODUCT,WHEAT,46,-46.0
652,0,trade,BUY_PRODUCT,WHEAT,46,-46.0
652,0,trade,BUY_PRODUCT,WHEAT,46,-46.0
652,0,trade,BUY_PRODUCT,WHEAT,46,-46.0
652,0,trade,BUY_PRODUCT,WHEAT,46,-46.0
652,0,trade,BUY_PRODUCT,WHEAT,46,-46.0
652,0,trade,BUY_PRODUCT,WHEAT,46,-46.0
652,0,trade,BUY_PRODUCT,WHEAT,46,-46.0
652,0,trade,BUY_PRODUCT,WHEAT,46,-46.0
652,0,trade,BUY_PRODUCT,WHEAT,46,-46.0
652,0,trade,BUY_PRODUCT,WHEAT,46,-46.0
652,0,trade,BUY_PRODUCT,WHEAT,46,-46.0
652,0,trade,BUY_PRODUCT,WHEAT,46,-46.0
652,0,trade,BUY_PRODUCT,WHEAT,46,-46.0
652,0,trade,BUY_PRODUCT,WHEAT,46,-46.0
652,0,trade,BUY_PRODUCT,WHEAT,46,-46.0
652,0,trade,BUY_PRODUCT,WHEAT,46,-46.0
652,0,trade,BUY_PRODUCT,WHEAT,46,-46.0
652,1,trade,BUY_SEED,WHEAT,10,-10.0
652,1,trade,BUY_SEED,WHEAT,10,-10.0
653,0,trade,SELL,WHEAT,47,47.0
653,1,trade,SELL,FERTILIZER,16,0.0
653,0,trade,SELL,WHEAT,46,46.0
653,0,trade,SELL,WHEAT,46,46.0
653,0,trade,SELL,WHEAT,46,46.0
653,0,trade,SELL,WHEAT,46,46.0
653,0,trade,SELL,WHEAT,46,46.0
653,1,trade,BUY_SEED,WHEAT,10,-10.0
654,1,trade,BUY_SEED,WHEAT,10,-10.0
656,0,trade,BUY_PRODUCT,WHEAT,46,-46.0
656,0,trade,BUY_PRODUCT,WHEAT,46,-46.0
656,0,trade,BUY_PRODUCT,WHEAT,46,-46.0
656,0,trade,BUY_PRODUCT,WHEAT,46,-46.0
656,0,trade,BUY_PRODUCT,WHEAT,46,-46.0
657,0,trade,SELL,WHEAT,47,47.0
657,1,trade,BUY_SEED,WHEAT,10,-10.0
657,0,trade,SELL,WHEAT,47,47.0
657,1,trade,BUY_SEED,WHEAT,10,-10.0
657,0,trade,SELL,WHEAT,47,47.0
657,0,trade,SELL,WHEAT,47,47.0
658,1,trade,SELL,WHEAT,47,47.0
658,1,trade,SELL,WHEAT,47,47.0
658,1,trade,SELL,WHEAT,46,46.0
658,1,trade,SELL,WHEAT,46,46.0
658,1,trade,SELL,WHEAT,46,46.0
658,1,trade,SELL,WHEAT,46,46.0
658,1,trade,SELL,WHEAT,46,46.0
658,1,trade,SELL,WHEAT,46,46.0
658,1,trade,SELL,WHEAT,46,46.0
658,1,trade,SELL,WHEAT,46,46.0
658,1,trade,BUY_SEED,WHEAT,10,-10.0
659,0,trade,SELL,WHEAT,46,46.0
659,1,trade,BUY_SEED,CARROT,20,-20.0
660,0,trade,BUY_PRODUCT,WHEAT,46,-46.0
660,1,trade,SELL,WHEAT,46,46.0
660,0,trade,BUY_PRODUCT,WHEAT,46,-46.0
660,1,trade,SELL,WHEAT,46,46.0
660,0,trade,BUY_PRODUCT,WHEAT,46,-46.0
660,1,trade,SELL,WHEAT,46,46.0
660,0,trade,BUY_PRODUCT,WHEAT,46,-46.0
660,1,trade,SELL,WHEAT,46,46.0
660,0,trade,BUY_PRODUCT,WHEAT,46,-46.0
660,1,trade,SELL,WHEAT,46,46.0
660,0,trade,BUY_PRODUCT,WHEAT,46,-46.0
660,0,trade,BUY_PRODUCT,WHEAT,46,-46.0
660,0,trade,BUY_PRODUCT,WHEAT,46,-46.0
660,0,trade,BUY_PRODUCT,WHEAT,46,-46.0
661,0,trade,SELL,CARROT,51,51.0
661,0,trade,SELL,CARROT,51,51.0
661,0,trade,SELL,CARROT,51,51.0
661,0,trade,SELL,WHEAT,47,47.0
662,1,trade,BUY_SEED,CARROT,20,-20.0
663,1,trade,BUY_SEED,WHEAT,10,-10.0
665,0,trade,SELL,MILK,218,218.0
665,0,trade,SELL,MILK,217,217.0
665,0,trade,SELL,MILK,216,216.0
665,0,trade,SELL,STRAWBERRY,141,141.0
665,0,trade,SELL,STRAWBERRY,139,139.0
665,0,trade,SELL,WHEAT,47,47.0
665,0,trade,SELL,WHEAT,47,47.0
665,0,trade,SELL,WHEAT,47,47.0
665,0,trade,SELL,WHEAT,47,47.0
665,0,trade,SELL,WHEAT,47,47.0
665,0,trade,SELL,WHEAT,47,47.0
665,0,trade,SELL,WHEAT,46,46.0
665,0,trade,SELL,WHEAT,46,46.0
665,0,trade,SELL,WHEAT,46,46.0
665,0,trade,SELL,WHEAT,46,46.0
665,0,trade,SELL,WHEAT,46,46.0
665,0,trade,SELL,WHEAT,46,46.0
665,0,trade,SELL,CARROT,51,51.0
665,0,trade,SELL,CARROT,51,51.0
665,0,trade,SELL,CARROT,51,51.0
666,1,trade,SELL,MILK,216,216.0
668,0,trade,BUY_PRODUCT,WHEAT,46,-46.0
668,0,trade,BUY_PRODUCT,WHEAT,46,-46.0
668,0,trade,BUY_PRODUCT,WHEAT,46,-46.0
668,0,trade,BUY_PRODUCT,WHEAT,46,-46.0
668,0,trade,BUY_PRODUCT,WHEAT,46,-46.0
668,0,trade,BUY_PRODUCT,WHEAT,46,-46.0
669,0,trade,SELL,WHEAT,47,47.0
669,1,trade,SELL,MILK,218,218.0
669,0,trade,SELL,WHEAT,47,47.0
669,1,trade,SELL,MILK,217,217.0
669,0,trade,SELL,WHEAT,47,47.0
669,1,trade,SELL,MILK,216,216.0
669,0,trade,SELL,WHEAT,47,47.0
669,1,trade,SELL,MILK,216,216.0
669,0,trade,SELL,WHEAT,47,47.0
669,1,trade,SELL,MILK,215,215.0
669,0,trade,SELL,WHEAT,47,47.0
669,1,trade,SELL,MILK,214,214.0
669,1,trade,SELL,MILK,214,214.0
669,1,trade,SELL,MILK,213,213.0
669,0,trade,SELL,CARROT,51,51.0
669,1,trade,SELL,MILK,212,212.0
669,0,trade,SELL,TOMATO,254,254.0
669,1,trade,SELL,STRAWBERRY,144,144.0
669,0,trade,SELL,TOMATO,252,252.0
669,0,trade,SELL,TOMATO,250,250.0
669,0,trade,SELL,TOMATO,248,248.0
669,0,trade,SELL,TOMATO,247,247.0
669,0,trade,SELL,TOMATO,245,245.0
669,0,trade,SELL,TOMATO,243,243.0
669,0,trade,SELL,TOMATO,241,241.0
669,0,trade,SELL,TOMATO,240,240.0
669,0,trade,SELL,TOMATO,238,238.0
669,0,trade,SELL,TOMATO,236,236.0
669,0,trade,SELL,TOMATO,234,234.0
669,0,trade,SELL,TOMATO,233,233.0
669,0,trade,SELL,TOMATO,231,231.0
669,0,trade,SELL,TOMATO,229,229.0
669,0,trade,SELL,TOMATO,228,228.0
669,0,trade,SELL,TOMATO,226,226.0
669,0,trade,SELL,TOMATO,224,224.0
669,0,trade,SELL,TOMATO,223,223.0
669,0,trade,SELL,TOMATO,221,221.0
669,0,trade,SELL,TOMATO,220,220.0
669,0,trade,SELL,TOMATO,218,218.0
669,0,trade,SELL,TOMATO,216,216.0
669,0,trade,SELL,TOMATO,215,215.0
669,0,trade,SELL,TOMATO,213,213.0
669,0,trade,SELL,TOMATO,212,212.0
669,0,trade,SELL,TOMATO,210,210.0
669,0,trade,SELL,TOMATO,208,208.0
669,1,trade,SELL,STRAWBERRY,142,142.0
669,1,trade,SELL,STRAWBERRY,141,141.0
669,1,trade,SELL,STRAWBERRY,139,139.0
669,1,trade,SELL,STRAWBERRY,137,137.0
669,1,trade,SELL,STRAWBERRY,135,135.0
669,1,trade,SELL,STRAWBERRY,132,132.0
669,1,trade,SELL,STRAWBERRY,128,128.0
669,1,trade,SELL,STRAWBERRY,120,120.0
669,1,trade,SELL,STRAWBERRY,118,118.0
669,1,trade,SELL,STRAWBERRY,116,116.0
669,1,trade,SELL,STRAWBERRY,114,114.0
669,1,trade,SELL,STRAWBERRY,112,112.0
669,1,trade,SELL,STRAWBERRY,110,110.0
669,1,trade,SELL,STRAWBERRY,108,108.0
669,1,trade,SELL,STRAWBERRY,107,107.0
669,1,trade,SELL,STRAWBERRY,105,105.0
669,1,trade,SELL,STRAWBERRY,103,103.0
669,1,trade,SELL,STRAWBERRY,101,101.0
669,1,trade,SELL,STRAWBERRY,99,99.0
669,1,trade,SELL,MILK,211,211.0
669,1,trade,SELL,MILK,211,211.0
669,1,trade,SELL,MILK,210,210.0
669,1,trade,SELL,MILK,209,209.0
669,1,trade,SELL,MILK,208,0.0
670,1,trade,SELL,WHEAT,46,46.0
670,1,trade,SELL,WHEAT,46,46.0
670,1,trade,SELL,STRAWBERRY,97,97.0
670,1,trade,SELL,STRAWBERRY,95,95.0
670,1,trade,SELL,STRAWBERRY,93,0.0
671,0,trade,SELL,TOMATO,207,207.0
671,1,trade,SELL,STRAWBERRY,93,0.0
671,0,trade,SELL,TOMATO,205,205.0
671,0,trade,SELL,TOMATO,204,204.0
671,0,trade,SELL,TOMATO,202,202.0
672,0,trade,SELL,MILK,208,208.0
672,1,trade,SELL,WHEAT,46,46.0
672,0,trade,SELL,MILK,208,208.0
672,1,trade,SELL,WHEAT,46,46.0
672,0,trade,SELL,MILK,207,207.0
672,1,trade,SELL,WHEAT,46,46.0
672,0,trade,SELL,MILK,206,206.0
672,0,trade,SELL,MILK,205,205.0
672,0,trade,SELL,MILK,204,204.0
672,0,trade,SELL,MILK,203,203.0
672,0,trade,SELL,MILK,203,203.0
672,0,trade,SELL,MILK,202,202.0
672,1,hire,,,,-1.0
672,0,trade,SELL,CARROT,51,51.0
672,0,trade,SELL,CARROT,51,51.0
672,0,trade,SELL,CARROT,50,50.0
672,0,trade,SELL,CARROT,50,50.0
672,1,hire,,,,-1.0
672,1,hire,,,,-2.0
672,0,trade,SELL,TOMATO,201,201.0
672,0,trade,SELL,TOMATO,199,199.0
672,0,trade,SELL,TOMATO,198,198.0
672,0,trade,SELL,TOMATO,196,196.0
672,0,trade,SELL,TOMATO,195,195.0
672,0,trade,SELL,TOMATO,193,193.0
672,0,trade,SELL,TOMATO,192,192.0
672,0,trade,SELL,TOMATO,191,191.0
672,0,trade,SELL,TOMATO,189,189.0
672,0,trade,SELL,TOMATO,188,188.0
672,0,trade,SELL,TOMATO,186,186.0
672,0,trade,SELL,TOMATO,185,185.0
672,0,trade,SELL,TOMATO,183,183.0
672,0,trade,SELL,TOMATO,182,182.0
672,0,trade,SELL,TOMATO,181,181.0
672,0,trade,SELL,TOMATO,179,179.0
672,0,trade,SELL,TOMATO,178,178.0
672,0,trade,SELL,TOMATO,177,177.0
672,0,trade,SELL,TOMATO,175,175.0
672,1,hire,,,,-3.0
672,0,trade,SELL,STRAWBERRY,93,93.0
672,0,trade,SELL,STRAWBERRY,91,91.0
672,0,trade,SELL,STRAWBERRY,89,89.0
672,0,trade,SELL,STRAWBERRY,87,87.0
672,0,trade,SELL,STRAWBERRY,85,85.0
672,0,trade,SELL,STRAWBERRY,84,84.0
672,0,trade,SELL,STRAWBERRY,82,82.0
672,0,trade,SELL,STRAWBERRY,80,80.0
672,0,trade,SELL,STRAWBERRY,78,78.0
672,1,hire,,,,-5.0
672,0,trade,SELL,WOOL,93,93.0
672,0,trade,SELL,WOOL,88,88.0
672,0,trade,SELL,WOOL,82,82.0
672,0,trade,SELL,WOOL,77,77.0
672,0,trade,SELL,WOOL,72,72.0
672,0,trade,SELL,WOOL,66,66.0
672,0,trade,SELL,WOOL,61,61.0
672,0,trade,SELL,WOOL,55,55.0
672,1,hire,,,,-8.0
672,0,trade,SELL,WHEAT,46,46.0
672,0,trade,SELL,WHEAT,46,46.0
672,0,trade,SELL,WHEAT,46,46.0
672,0,trade,SELL,WHEAT,46,46.0
672,0,trade,SELL,WHEAT,46,46.0
672,0,trade,SELL,WHEAT,46,46.0
672,0,trade,SELL,WHEAT,46,46.0
672,0,trade,SELL,WHEAT,46,46.0
672,0,trade,SELL,WHEAT,46,46.0
672,0,trade,SELL,WHEAT,46,46.0
672,0,trade,SELL,WHEAT,46,46.0
672,0,trade,SELL,WHEAT,46,46.0
672,0,trade,SELL,WHEAT,46,46.0
672,0,trade,SELL,WHEAT,46,46.0
672,0,trade,SELL,WHEAT,46,46.0
672,0,trade,SELL,WHEAT,46,46.0
672,0,trade,SELL,WHEAT,46,46.0
672,0,trade,SELL,WHEAT,46,46.0
672,0,trade,SELL,WHEAT,46,46.0
672,0,trade,SELL,WHEAT,46,46.0
672,0,trade,SELL,WHEAT,46,46.0
672,0,trade,SELL,WHEAT,46,46.0
672,0,trade,SELL,WHEAT,46,46.0
672,0,trade,SELL,WHEAT,46,46.0
672,0,trade,SELL,WHEAT,46,46.0
672,0,trade,SELL,WHEAT,46,46.0
672,0,hire,,,,-1.0
672,1,hire,,,,-13.0
672,0,hire,,,,-1.0
672,1,hire,,,,-21.0
672,0,hire,,,,-2.0
672,1,hire,,,,-34.0
673,1,trade,SELL,STRAWBERRY,85,85.0
673,1,trade,SELL,STRAWBERRY,84,84.0
673,1,trade,SELL,STRAWBERRY,82,82.0
673,1,trade,SELL,STRAWBERRY,80,80.0
673,1,trade,SELL,STRAWBERRY,78,78.0
673,1,trade,SELL,STRAWBERRY,76,76.0
673,1,trade,SELL,STRAWBERRY,74,74.0
673,1,trade,SELL,STRAWBERRY,72,72.0
673,1,trade,SELL,STRAWBERRY,70,70.0
673,1,trade,SELL,STRAWBERRY,68,68.0
673,1,trade,SELL,STRAWBERRY,66,66.0
673,1,trade,SELL,STRAWBERRY,64,64.0
673,1,trade,SELL,STRAWBERRY,62,62.0
673,1,trade,SELL,STRAWBERRY,60,60.0
673,1,trade,SELL,STRAWBERRY,59,59.0
673,1,trade,SELL,STRAWBERRY,57,57.0
673,1,trade,SELL,STRAWBERRY,55,55.0
673,1,trade,SELL,STRAWBERRY,53,53.0
673,1,trade,SELL,STRAWBERRY,51,51.0
673,1,trade,SELL,STRAWBERRY,49,49.0
673,1,trade,SELL,STRAWBERRY,47,47.0
673,1,trade,SELL,STRAWBERRY,45,45.0
673,0,hire,,,,-3.0
673,1,trade,SELL,CARROT,51,51.0
673,1,trade,SELL,CARROT,51,51.0
673,1,trade,SELL,CARROT,50,50.0
673,1,trade,SELL,CARROT,50,50.0
673,1,trade,SELL,CARROT,50,50.0
673,1,trade,SELL,CARROT,50,50.0
673,1,trade,SELL,CARROT,50,50.0
673,1,trade,SELL,CARROT,50,50.0
673,1,trade,SELL,CARROT,50,50.0
673,1,trade,SELL,CARROT,50,50.0
673,1,trade,SELL,CARROT,50,50.0
673,1,trade,SELL,CARROT,50,50.0
673,1,trade,SELL,CARROT,50,50.0
673,1,trade,SELL,CARROT,50,50.0
673,1,trade,SELL,CARROT,50,50.0
673,0,hire,,,,-5.0
673,1,trade,SELL,MILK,205,205.0
673,0,hire,,,,-8.0
673,1,trade,SELL,STRAWBERRY,43,0.0
673,0,hire,,,,-13.0
673,1,hire,,,,-55.0
673,0,hire,,,,-21.0
673,1,hire,,,,-89.0
673,0,hire,,,,-34.0
673,1,trade,BUY_PRODUCT,FERTILIZER,16,-16.0
673,1,trade,BUY_PRODUCT,FERTILIZER,16,-16.0
673,1,trade,BUY_PRODUCT,FERTILIZER,16,-16.0
673,1,trade,BUY_PRODUCT,FERTILIZER,16,-16.0
673,0,hire,,,,-55.0
673,1,trade,SELL,FERTILIZER,16,16.0
673,1,trade,SELL,FERTILIZER,16,16.0
673,0,hire,,,,-89.0
673,1,trade,SELL,FERTILIZER,16,16.0
674,1,trade,SELL,FERTILIZER,16,16.0
674,1,trade,SELL,FERTILIZER,16,16.0
674,1,trade,SELL,FERTILIZER,15,15.0
674,1,trade,SELL,FERTILIZER,15,15.0
674,1,trade,SELL,FERTILIZER,15,15.0
674,1,trade,SELL,STRAWBERRY,43,0.0
675,1,trade,SELL,FERTILIZER,15,15.0
675,1,trade,SELL,STRAWBERRY,43,0.0
676,1,trade,SELL,FERTILIZER,15,15.0
676,1,trade,SELL,STRAWBERRY,43,0.0
676,1,trade,SELL,STRAWBERRY,43,0.0
677,1,trade,SELL,FERTILIZER,14,14.0
677,1,trade,SELL,MILK,208,208.0
677,1,trade,SELL,MILK,207,207.0
677,1,trade,SELL,MILK,206,206.0
677,1,trade,SELL,MILK,205,205.0
677,1,trade,SELL,MILK,204,204.0
677,1,trade,SELL,MILK,203,0.0
677,1,trade,SELL,MILK,203,0.0
677,1,trade,SELL,STRAWBERRY,51,0.0
678,1,trade,SELL,FERTILIZER,14,14.0
679,1,trade,SELL,STRAWBERRY,51,0.0
679,1,trade,SELL,FERTILIZER,14,14.0
680,1,trade,SELL,STRAWBERRY,51,0.0
680,1,trade,SELL,FERTILIZER,14,14.0
680,1,trade,SELL,STRAWBERRY,51,0.0
681,1,trade,SELL,FERTILIZER,14,0.0
683,1,trade,SELL,CARROT,50,50.0
683,1,trade,SELL,CARROT,50,50.0
683,1,trade,SELL,CARROT,50,50.0
683,1,trade,SELL,STRAWBERRY,59,0.0
685,1,trade,SELL,WOOL,98,98.0
685,1,trade,SELL,WOOL,93,93.0
685,1,trade,SELL,WOOL,88,88.0
685,1,trade,SELL,WOOL,82,82.0
685,1,trade,SELL,WOOL,77,77.0
685,1,trade,SELL,WOOL,72,72.0
685,1,trade,SELL,WOOL,66,66.0
685,1,trade,SELL,WOOL,61,61.0
685,1,trade,SELL,WOOL,55,55.0
685,1,trade,SELL,WOOL,49,49.0
685,1,trade,SELL,WOOL,43,43.0
690,1,trade,SELL,STRAWBERRY,74,0.0
693,0,trade,SELL,STRAWBERRY,82,82.0
693,0,trade,SELL,STRAWBERRY,80,80.0
693,0,trade,SELL,TOMATO,201,201.0
693,0,trade,SELL,TOMATO,199,199.0
693,0,trade,SELL,TOMATO,198,198.0
693,0,trade,SELL,TOMATO,196,196.0
694,1,trade,SELL,WHEAT,47,47.0
694,1,trade,SELL,WHEAT,47,47.0
694,1,trade,SELL,WHEAT,47,47.0
694,1,trade,SELL,WHEAT,47,47.0
694,1,trade,SELL,WHEAT,47,47.0
695,1,trade,SELL,FERTILIZER,14,14.0
696,0,hire,,,,-1.0
696,1,trade,SELL,WHEAT,47,47.0
696,1,trade,SELL,WHEAT,46,46.0
696,1,trade,SELL,WHEAT,46,46.0
696,1,trade,SELL,WHEAT,46,46.0
696,1,trade,SELL,WHEAT,46,46.0
696,1,trade,SELL,WHEAT,46,46.0
696,1,trade,SELL,WHEAT,46,46.0
696,1,trade,SELL,WHEAT,46,46.0
696,1,trade,SELL,WHEAT,46,46.0
696,1,trade,SELL,WHEAT,46,46.0
696,1,trade,SELL,WHEAT,46,46.0
696,1,trade,SELL,WHEAT,46,46.0
696,1,trade,SELL,WHEAT,46,46.0
696,1,trade,SELL,WHEAT,46,46.0
696,1,trade,SELL,WHEAT,46,46.0
696,1,trade,SELL,WHEAT,46,46.0
696,1,trade,SELL,WHEAT,46,46.0
696,1,trade,SELL,WHEAT,46,46.0
696,1,trade,SELL,WHEAT,46,46.0
696,1,trade,SELL,WHEAT,46,46.0
696,1,trade,SELL,WHEAT,46,46.0
696,1,trade,SELL,WHEAT,46,46.0
696,1,trade,SELL,WHEAT,46,46.0
696,1,trade,SELL,WHEAT,46,46.0
696,1,trade,SELL,WHEAT,46,46.0
696,1,trade,SELL,WHEAT,46,46.0
696,1,trade,SELL,WHEAT,46,46.0
696,1,trade,SELL,WHEAT,46,46.0
696,1,trade,SELL,WHEAT,46,46.0
696,1,trade,SELL,WHEAT,46,46.0
696,1,trade,SELL,WHEAT,46,46.0
696,1,trade,SELL,WHEAT,46,46.0
696,1,trade,SELL,WHEAT,46,46.0
696,1,trade,SELL,WHEAT,46,46.0
696,1,trade,SELL,WHEAT,46,46.0
696,1,trade,SELL,WHEAT,46,46.0
696,0,hire,,,,-1.0
696,1,hire,,,,-1.0
696,0,hire,,,,-2.0
696,1,hire,,,,-1.0
696,0,hire,,,,-3.0
696,1,hire,,,,-2.0
696,0,hire,,,,-5.0
696,1,hire,,,,-3.0
696,0,hire,,,,-8.0
696,1,hire,,,,-5.0
696,0,hire,,,,-13.0
696,1,hire,,,,-8.0
696,0,hire,,,,-21.0
696,1,hire,,,,-13.0
696,0,hire,,,,-34.0
696,1,hire,,,,-21.0
696,0,hire,,,,-55.0
696,1,hire,,,,-34.0
697,0,trade,SELL,MILK,219,219.0
697,1,trade,SELL,CARROT,51,51.0
697,0,trade,SELL,MILK,218,218.0
697,1,trade,SELL,CARROT,51,51.0
697,0,trade,SELL,MILK,218,218.0
697,1,trade,SELL,CARROT,51,51.0
697,0,trade,SELL,MILK,217,217.0
697,1,trade,SELL,CARROT,50,50.0
697,0,trade,SELL,MILK,216,216.0
697,1,trade,SELL,CARROT,50,50.0
697,0,trade,SELL,MILK,216,216.0
697,1,trade,SELL,CARROT,50,50.0
697,0,trade,SELL,MILK,215,215.0
697,1,trade,SELL,CARROT,50,50.0
697,0,trade,SELL,MILK,214,214.0
697,1,trade,SELL,CARROT,50,50.0
697,0,trade,SELL,MILK,214,214.0
697,1,trade,SELL,CARROT,50,50.0
697,0,trade,SELL,MILK,213,213.0
697,1,trade,SELL,CARROT,50,50.0
697,0,trade,SELL,MILK,212,212.0
697,1,trade,SELL,CARROT,50,50.0
697,0,trade,SELL,MILK,211,211.0
697,1,trade,SELL,CARROT,50,50.0
697,1,trade,SELL,CARROT,50,50.0
697,1,trade,SELL,CARROT,50,50.0
697,1,trade,SELL,CARROT,50,50.0
697,1,trade,SELL,CARROT,50,50.0
697,1,trade,SELL,CARROT,49,49.0
697,1,trade,SELL,CARROT,49,49.0
697,1,trade,SELL,CARROT,49,49.0
697,1,trade,SELL,CARROT,49,49.0
697,1,trade,SELL,CARROT,49,49.0
697,1,trade,SELL,CARROT,49,49.0
697,1,trade,SELL,CARROT,49,49.0
697,1,trade,SELL,CARROT,49,49.0
697,1,trade,SELL,CARROT,49,49.0
697,1,trade,SELL,CARROT,49,49.0
697,1,trade,SELL,CARROT,49,49.0
697,1,trade,SELL,CARROT,49,49.0
697,1,trade,SELL,CARROT,49,49.0
697,1,trade,SELL,CARROT,48,48.0
697,1,trade,SELL,CARROT,48,48.0
697,1,trade,SELL,CARROT,48,48.0
697,1,trade,SELL,CARROT,48,48.0
697,0,trade,SELL,FERTILIZER,13,13.0
697,1,trade,SELL,EGG,53,53.0
697,0,trade,SELL,FERTILIZER,13,13.0
697,1,trade,SELL,EGG,53,53.0
697,0,trade,SELL,FERTILIZER,13,13.0
697,1,trade,SELL,EGG,53,53.0
697,0,trade,SELL,FERTILIZER,13,13.0
697,1,trade,SELL,EGG,53,53.0
697,0,trade,SELL,FERTILIZER,13,13.0
697,1,trade,SELL,EGG,53,53.0
697,0,trade,SELL,FERTILIZER,12,12.0
697,1,trade,SELL,EGG,53,53.0
697,0,trade,SELL,FERTILIZER,12,12.0
697,1,trade,SELL,EGG,53,53.0
697,0,trade,SELL,FERTILIZER,12,12.0
697,1,trade,SELL,EGG,53,53.0
697,0,trade,SELL,FERTILIZER,12,12.0
697,0,trade,SELL,FERTILIZER,12,12.0
697,1,hire,,,,-55.0
697,0,trade,SELL,WHEAT,46,46.0
697,0,trade,SELL,WHEAT,46,46.0
697,0,trade,SELL,WHEAT,46,46.0
697,0,trade,SELL,WHEAT,46,46.0
697,0,trade,SELL,WHEAT,46,46.0
697,0,trade,SELL,WHEAT,46,46.0
697,0,trade,SELL,WHEAT,46,46.0
697,0,trade,SELL,WHEAT,46,46.0
697,0,trade,SELL,WHEAT,46,46.0
697,0,trade,SELL,WHEAT,46,46.0
697,0,trade,SELL,WHEAT,46,46.0
697,0,trade,SELL,WHEAT,46,46.0
697,0,trade,SELL,WHEAT,46,46.0
697,0,trade,SELL,WHEAT,46,46.0
697,0,trade,SELL,WHEAT,45,45.0
697,0,trade,SELL,WHEAT,45,45.0
697,0,trade,SELL,WHEAT,45,45.0
697,0,trade,SELL,WHEAT,45,45.0
697,0,trade,SELL,WHEAT,45,45.0
697,0,trade,SELL,WHEAT,45,45.0
697,0,trade,SELL,WHEAT,45,45.0
697,0,trade,SELL,WHEAT,45,45.0
697,0,trade,SELL,WHEAT,45,45.0
697,0,trade,SELL,WHEAT,45,45.0
697,0,trade,SELL,WHEAT,45,45.0
697,0,trade,SELL,WHEAT,45,45.0
697,0,trade,SELL,WHEAT,45,45.0
697,0,trade,SELL,WHEAT,45,45.0
697,0,trade,SELL,WHEAT,45,45.0
697,0,trade,SELL,WHEAT,45,45.0
697,0,trade,SELL,WHEAT,45,45.0
697,0,trade,SELL,WHEAT,45,45.0
697,0,trade,SELL,WHEAT,45,45.0
697,0,trade,SELL,WHEAT,45,45.0
697,0,trade,SELL,WHEAT,45,45.0
697,1,hire,,,,-89.0
697,0,trade,SELL,TOMATO,201,201.0
697,0,trade,SELL,TOMATO,199,199.0
697,0,trade,SELL,TOMATO,198,198.0
697,0,trade,SELL,TOMATO,196,196.0
697,0,trade,SELL,TOMATO,195,195.0
697,0,trade,SELL,TOMATO,193,193.0
697,0,trade,SELL,TOMATO,192,192.0
697,0,trade,SELL,TOMATO,191,191.0
697,0,trade,SELL,TOMATO,189,189.0
697,0,trade,SELL,TOMATO,188,188.0
697,0,trade,SELL,TOMATO,186,186.0
697,0,trade,SELL,TOMATO,185,185.0
697,0,trade,SELL,TOMATO,183,183.0
697,0,trade,SELL,TOMATO,182,182.0
697,0,trade,SELL,TOMATO,181,181.0
697,0,trade,SELL,TOMATO,179,179.0
697,0,trade,SELL,TOMATO,178,178.0
697,0,trade,SELL,TOMATO,177,177.0
697,0,trade,SELL,TOMATO,175,175.0
697,0,trade,SELL,TOMATO,174,174.0
697,0,trade,SELL,TOMATO,173,173.0
697,0,trade,SELL,TOMATO,171,171.0
697,0,trade,SELL,TOMATO,170,170.0
697,0,trade,SELL,TOMATO,169,169.0
697,0,trade,SELL,TOMATO,168,168.0
697,0,trade,SELL,TOMATO,166,166.0
697,0,trade,SELL,TOMATO,165,165.0
697,0,trade,SELL,TOMATO,164,164.0
697,0,trade,SELL,STRAWBERRY,87,87.0
697,1,trade,BUY_PRODUCT,FERTILIZER,12,-12.0
697,0,trade,SELL,STRAWBERRY,85,85.0
697,1,trade,BUY_PRODUCT,FERTILIZER,12,-12.0
697,0,trade,SELL,STRAWBERRY,84,84.0
697,0,trade,SELL,STRAWBERRY,82,82.0
697,0,trade,SELL,CARROT,48,48.0
697,1,trade,SELL,FERTILIZER,12,12.0
697,0,trade,SELL,CARROT,48,48.0
697,0,trade,SELL,CARROT,48,48.0
697,0,trade,SELL,CARROT,48,48.0
697,0,trade,SELL,CARROT,48,48.0
697,0,trade,SELL,CARROT,48,48.0
697,0,trade,SELL,CARROT,48,48.0
697,0,hire,,,,-89.0
698,1,trade,SELL,FERTILIZER,12,12.0
698,1,trade,SELL,FERTILIZER,11,11.0
698,1,trade,SELL,FERTILIZER,11,11.0
698,1,trade,SELL,FERTILIZER,11,11.0
698,1,trade,SELL,FERTILIZER,11,11.0
698,1,trade,SELL,FERTILIZER,11,11.0
698,1,trade,SELL,FERTILIZER,10,0.0
701,1,trade,SELL,STRAWBERRY,87,0.0
705,1,trade,SELL,WHEAT,45,45.0
705,1,trade,SELL,WHEAT,45,45.0
706,1,trade,SELL,WOOL,98,98.0
708,1,trade,SELL,CARROT,48,48.0
708,1,trade,SELL,CARROT,48,48.0
709,1,trade,SELL,WOOL,102,102.0
709,1,trade,SELL,WOOL,98,98.0
710,1,trade,SELL,FERTILIZER,10,10.0
710,1,trade,SELL,MILK,219,219.0
710,1,trade,SELL,MILK,218,218.0
710,1,trade,SELL,MILK,218,218.0
710,1,trade,SELL,MILK,217,217.0
710,1,trade,SELL,MILK,216,216.0
710,1,trade,SELL,MILK,216,216.0
710,1,trade,SELL,MILK,215,215.0
710,1,trade,SELL,MILK,214,214.0
710,1,trade,SELL,MILK,214,214.0
711,1,trade,SELL,MILK,213,213.0
711,1,trade,SELL,MILK,212,212.0
711,1,trade,SELL,MILK,211,211.0
711,1,trade,SELL,MILK,211,211.0
711,1,trade,SELL,MILK,210,210.0
711,1,trade,SELL,MILK,209,209.0
711,1,trade,SELL,MILK,208,0.0
711,1,trade,SELL,EGG,53,53.0
711,1,trade,SELL,EGG,53,53.0
711,1,trade,SELL,EGG,53,53.0
711,1,trade,SELL,EGG,53,53.0
711,1,trade,SELL,FERTILIZER,10,10.0
712,1,trade,SELL,EGG,53,0.0
713,0,trade,SELL,MILK,211,211.0
713,1,trade,SELL,CARROT,48,48.0
713,0,trade,SELL,MILK,211,211.0
713,1,trade,SELL,CARROT,48,48.0
713,0,trade,SELL,MILK,210,210.0
713,1,trade,SELL,CARROT,48,48.0
713,0,trade,SELL,MILK,209,209.0
713,1,trade,SELL,CARROT,48,48.0
713,0,trade,SELL,MILK,208,208.0
713,1,trade,SELL,CARROT,48,48.0
713,0,trade,SELL,MILK,208,208.0
713,1,trade,SELL,CARROT,48,48.0
713,1,trade,SELL,CARROT,48,48.0
713,1,trade,SELL,CARROT,48,48.0
713,1,trade,SELL,CARROT,48,48.0
713,0,trade,SELL,WHEAT,46,46.0
713,1,trade,SELL,WHEAT,46,46.0
713,0,trade,SELL,WHEAT,45,45.0
713,1,trade,SELL,WHEAT,45,45.0
713,0,trade,SELL,WHEAT,45,45.0
713,1,trade,SELL,WHEAT,45,45.0
713,0,trade,SELL,WHEAT,45,45.0
713,1,trade,SELL,WHEAT,45,45.0
713,1,trade,SELL,WHEAT,45,45.0
713,1,trade,SELL,WHEAT,45,45.0
713,0,trade,SELL,CARROT,48,48.0
713,1,trade,SELL,MILK,207,0.0
713,0,trade,SELL,CARROT,48,48.0
713,0,trade,SELL,CARROT,48,48.0
713,0,trade,SELL,CARROT,47,47.0
713,0,trade,SELL,CARROT,47,47.0
713,0,trade,SELL,TOMATO,178,178.0
713,0,trade,SELL,TOMATO,177,177.0
713,0,trade,SELL,TOMATO,175,175.0
713,0,trade,SELL,TOMATO,174,174.0
713,0,trade,SELL,TOMATO,173,173.0
713,0,trade,SELL,TOMATO,171,171.0
713,0,trade,SELL,TOMATO,170,170.0
713,0,trade,SELL,TOMATO,169,169.0
713,0,trade,SELL,TOMATO,168,168.0
713,0,trade,SELL,TOMATO,166,166.0
713,0,trade,SELL,TOMATO,165,165.0
713,0,trade,SELL,STRAWBERRY,110,110.0
713,0,trade,SELL,STRAWBERRY,108,108.0
713,0,trade,SELL,STRAWBERRY,107,107.0
713,0,trade,SELL,FERTILIZER,10,10.0
713,0,trade,SELL,FERTILIZER,10,10.0
713,0,trade,SELL,FERTILIZER,10,10.0
714,1,trade,SELL,CARROT,47,47.0
714,1,trade,SELL,CARROT,47,47.0
714,1,trade,SELL,CARROT,47,47.0
714,1,trade,SELL,CARROT,47,47.0
714,1,trade,SELL,CARROT,47,47.0
714,1,trade,SELL,CARROT,47,47.0
714,1,trade,SELL,WHEAT,45,45.0
714,1,trade,SELL,WHEAT,45,45.0
714,1,trade,SELL,WHEAT,45,45.0
714,1,trade,SELL,WHEAT,45,45.0
714,1,trade,SELL,WHEAT,45,45.0
714,1,trade,SELL,WHEAT,45,45.0
714,1,trade,SELL,MILK,207,0.0
714,1,trade,SELL,MILK,207,0.0
715,1,trade,SELL,CARROT,47,47.0
715,1,trade,SELL,CARROT,47,47.0
715,1,trade,SELL,CARROT,47,47.0
715,1,trade,SELL,CARROT,47,47.0
715,1,trade,SELL,CARROT,47,47.0
715,1,trade,SELL,CARROT,46,46.0
715,1,trade,SELL,CARROT,46,46.0
715,1,trade,SELL,CARROT,46,46.0
715,1,trade,SELL,CARROT,46,46.0
715,1,trade,SELL,CARROT,46,46.0
715,1,trade,SELL,CARROT,46,46.0
715,1,trade,SELL,WHEAT,45,45.0
715,1,trade,SELL,WHEAT,45,45.0
715,1,trade,SELL,WHEAT,45,45.0
715,1,trade,SELL,WHEAT,45,45.0
715,1,trade,SELL,WHEAT,45,45.0
716,0,trade,SELL,STRAWBERRY,105,105.0
716,1,trade,SELL,CARROT,46,46.0
716,0,trade,SELL,STRAWBERRY,103,103.0
716,1,trade,SELL,CARROT,46,46.0
716,0,trade,SELL,STRAWBERRY,101,101.0
716,1,trade,SELL,CARROT,46,46.0
716,0,trade,SELL,MILK,207,207.0
716,1,trade,SELL,MILK,207,0.0
716,0,trade,SELL,MILK,206,206.0
716,0,trade,SELL,MILK,205,205.0
716,0,trade,SELL,CARROT,46,46.0
716,0,trade,SELL,CARROT,46,46.0
716,0,trade,SELL,CARROT,46,46.0
716,0,trade,SELL,CARROT,46,46.0
716,0,trade,SELL,TOMATO,164,164.0
716,0,trade,SELL,TOMATO,163,163.0
716,0,trade,SELL,TOMATO,161,161.0
716,0,trade,SELL,TOMATO,160,160.0
716,0,trade,SELL,TOMATO,159,159.0
716,0,trade,SELL,TOMATO,158,158.0
716,0,trade,SELL,TOMATO,156,156.0
716,0,trade,SELL,WHEAT,45,45.0
716,0,trade,SELL,WHEAT,45,45.0
716,0,trade,SELL,WHEAT,45,45.0
716,0,trade,SELL,WHEAT,45,45.0
716,0,trade,SELL,WHEAT,45,45.0
716,0,trade,SELL,WHEAT,45,45.0
716,0,trade,SELL,WHEAT,45,45.0
716,0,trade,SELL,WHEAT,45,45.0
716,0,trade,SELL,FERTILIZER,9,9.0
716,0,trade,SELL,FERTILIZER,9,9.0
716,0,trade,SELL,FERTILIZER,9,9.0
716,0,trade,SELL,FERTILIZER,9,9.0
717,0,trade,SELL,MILK,208,208.0
717,1,trade,SELL,FERTILIZER,9,9.0
717,0,trade,SELL,MILK,207,207.0
717,0,trade,SELL,MILK,206,206.0
717,0,trade,SELL,MILK,205,205.0
717,0,trade,SELL,MILK,204,204.0
717,0,trade,SELL,MILK,203,203.0
717,0,trade,SELL,CARROT,46,46.0
717,1,trade,SELL,WOOL,112,112.0
717,0,trade,SELL,CARROT,46,46.0
717,0,trade,SELL,CARROT,46,46.0
717,0,trade,SELL,CARROT,45,45.0
717,0,trade,SELL,CARROT,45,45.0
717,0,trade,SELL,WHEAT,45,45.0
717,0,trade,SELL,WHEAT,45,45.0
717,0,trade,SELL,WHEAT,45,45.0
717,0,trade,SELL,WHEAT,45,45.0
717,0,trade,SELL,WHEAT,45,45.0
717,0,trade,SELL,WHEAT,45,45.0
717,0,trade,SELL,WHEAT,45,45.0
717,0,trade,SELL,WHEAT,45,45.0
717,0,trade,SELL,WHEAT,45,45.0
717,0,trade,SELL,WHEAT,45,45.0
717,0,trade,SELL,WHEAT,45,45.0
717,0,trade,SELL,WHEAT,45,45.0
717,0,trade,SELL,WHEAT,45,45.0
717,0,trade,SELL,WHEAT,45,45.0
717,0,trade,SELL,FERTILIZER,8,8.0
717,0,trade,SELL,FERTILIZER,8,8.0
718,0,trade,SELL,MILK,203,203.0
718,0,trade,SELL,MILK,202,202.0
718,0,trade,SELL,MILK,201,201.0
718,0,trade,SELL,TOMATO,159,159.0
718,0,trade,SELL,TOMATO,158,158.0
718,0,trade,SELL,TOMATO,156,156.0
718,0,trade,SELL,TOMATO,155,155.0
718,0,trade,SELL,TOMATO,154,154.0
718,0,trade,SELL,TOMATO,153,153.0
718,0,trade,SELL,TOMATO,152,152.0
718,0,trade,SELL,TOMATO,151,151.0
718,0,trade,SELL,WHEAT,45,45.0
718,0,trade,SELL,WHEAT,45,45.0
718,0,trade,SELL,WHEAT,45,45.0
718,0,trade,SELL,WHEAT,45,45.0
718,0,trade,SELL,WHEAT,44,44.0
718,0,trade,SELL,WHEAT,44,44.0
718,0,trade,SELL,WHEAT,44,44.0
718,0,trade,SELL,WHEAT,44,44.0
718,0,trade,SELL,WHEAT,44,44.0
718,0,trade,SELL,WHEAT,44,44.0
718,0,trade,SELL,WHEAT,44,44.0
718,0,trade,SELL,WHEAT,44,44.0
718,0,trade,SELL,WHEAT,44,44.0
718,0,trade,SELL,WHEAT,44,44.0
718,0,trade,SELL,WHEAT,44,44.0
718,0,trade,SELL,WHEAT,44,44.0
718,0,trade,SELL,WHEAT,44,44.0
718,0,trade,SELL,CARROT,45,45.0
718,0,trade,SELL,CARROT,45,45.0
718,0,trade,SELL,CARROT,45,45.0
718,0,trade,SELL,CARROT,45,45.0
718,0,trade,SELL,CARROT,45,45.0
718,0,trade,SELL,CARROT,45,45.0
718,0,trade,SELL,CARROT,45,45.0
718,0,trade,SELL,CARROT,45,45.0
718,0,trade,SELL,CARROT,45,45.0
718,0,trade,SELL,CARROT,45,45.0
718,0,trade,SELL,CARROT,44,44.0
718,0,trade,SELL,CARROT,44,44.0
