rule,rule_name,classification,context,file,line,match,clause
CG-01,CERTIFICATION_CLAIM,ASSERTION,prose,uiowa_rfq_18649_acceptance_map/README.md,3,conformance,Artifact conformance evidence only. The workshare these criteria come from is PROPOSED / NOT ACCEPTED.
CG-05,REAL_UNIVERSITY_FINDING,REFUSAL,prose,uiowa_rfq_18649_acceptance_map/README.md,3,the University of Iowa,"Nothing in this package represents that the University of Iowa accepted any conclusion, that a subcontract was executed, or that any payment occurred."
CG-01,CERTIFICATION_CLAIM,AMBIGUOUS,prose,uiowa_rfq_18649_acceptance_map/README.md,55,CONFORMANCE,ARTIFACT CONFORMANCE EVIDENCE ONLY.
CG-05,REAL_UNIVERSITY_FINDING,REFUSAL,prose,uiowa_rfq_18649_acceptance_map/README.md,55,the University of Iowa,"Nothing here represents that the University of Iowa accepted any conclusion, that a subcontract was executed, or that any payment occurred."
CG-01,CERTIFICATION_CLAIM,REFUSAL,prose,uiowa_rfq_18649_acceptance_map/README.md,203,certification,"No maturity score, rating, percentile, certification or compliance verdict, and no individual performance assessment."
CG-02,MATURITY_LEVEL,REFUSAL,prose,uiowa_rfq_18649_acceptance_map/README.md,203,maturity score,"No maturity score, rating, percentile, certification or compliance verdict, and no individual performance assessment."
CG-03,PEER_COMPARISON,REFUSAL,prose,uiowa_rfq_18649_acceptance_map/README.md,203,percentile,"No maturity score, rating, percentile, certification or compliance verdict, and no individual performance assessment."
CG-01,CERTIFICATION_CLAIM,AMBIGUOUS,data,uiowa_rfq_18649_acceptance_map/acceptance_map.json,340,certified,"""certified compliant"","
CG-02,MATURITY_LEVEL,REFUSAL,data,uiowa_rfq_18649_acceptance_map/acceptance_map.json,353,maturity score,"""no maturity score"","
CG-01,CERTIFICATION_CLAIM,AMBIGUOUS,code,uiowa_rfq_18649_acceptance_map/build_index.py,35,CONFORMANCE,"""ARTIFACT CONFORMANCE EVIDENCE ONLY."
CG-05,REAL_UNIVERSITY_FINDING,REFUSAL,code,uiowa_rfq_18649_acceptance_map/build_index.py,36,the University of Iowa,"Nothing here represents that the University of Iowa """
CG-01,CERTIFICATION_CLAIM,AMBIGUOUS,code,uiowa_rfq_18649_acceptance_map/build_index.py,320,certification,"""score, a rating, a certification, or a professional judgement."")"
CG-01,CERTIFICATION_CLAIM,AMBIGUOUS,prose,uiowa_rfq_18649_acceptance_map/output/ACCEPTANCE_INDEX.md,3,CONFORMANCE,> ARTIFACT CONFORMANCE EVIDENCE ONLY.
CG-05,REAL_UNIVERSITY_FINDING,REFUSAL,prose,uiowa_rfq_18649_acceptance_map/output/ACCEPTANCE_INDEX.md,3,the University of Iowa,"Nothing here represents that the University of Iowa accepted any conclusion, that a subcontract was executed, or that any payment occurred."
CG-01,CERTIFICATION_CLAIM,REFUSAL,prose,uiowa_rfq_18649_acceptance_map/output/ACCEPTANCE_INDEX.md,128,certification,"> draft findings and roadmap inputs remain within the technical workshare and do not claim bidder submission, contract, legal/compliance certification, award, final University-facing recommendation authority, or authorit"
CG-01,CERTIFICATION_CLAIM,REFUSAL,prose,uiowa_rfq_18649_acceptance_map/output/ACCEPTANCE_INDEX.md,238,certification,"It is not a score, a rating, a certification, or a professional judgement."
CG-01,CERTIFICATION_CLAIM,AMBIGUOUS,data,uiowa_rfq_18649_acceptance_map/output/acceptance_index.csv,1,CONFORMANCE,# ARTIFACT CONFORMANCE EVIDENCE ONLY.
CG-05,REAL_UNIVERSITY_FINDING,REFUSAL,data,uiowa_rfq_18649_acceptance_map/output/acceptance_index.csv,1,the University of Iowa,"Nothing here represents that the University of Iowa accepted any conclusion, that a subcontract was executed, or that any payment occurred."
CG-01,CERTIFICATION_CLAIM,REFUSAL,data,uiowa_rfq_18649_acceptance_map/output/acceptance_index.csv,12,certification,"AC-5.2.5,5.2,DEMONSTRABLE,""2 passed, 0 failed, 0 unavailable"",2,""draft findings and roadmap inputs remain within the technical workshare and do not claim bidder submission, contract, legal/compliance certification, award"
CG-01,CERTIFICATION_CLAIM,AMBIGUOUS,data,uiowa_rfq_18649_acceptance_map/output/acceptance_index.json,2,CONFORMANCE,"""banner"": ""ARTIFACT CONFORMANCE EVIDENCE ONLY."
CG-05,REAL_UNIVERSITY_FINDING,REFUSAL,data,uiowa_rfq_18649_acceptance_map/output/acceptance_index.json,2,the University of Iowa,"Nothing here represents that the University of Iowa accepted any conclusion, that a subcontract was executed, or that any payment occurred."
CG-01,CERTIFICATION_CLAIM,REFUSAL,data,uiowa_rfq_18649_acceptance_map/output/acceptance_index.json,250,certification,"""text"": ""draft findings and roadmap inputs remain within the technical workshare and do not claim bidder submission, contract, legal/compliance certification, award, final University-facing recommendation authority, or a"
CG-01,CERTIFICATION_CLAIM,AMBIGUOUS,data,uiowa_rfq_18649_acceptance_map/output/needs_engagement_evidence.csv,1,CONFORMANCE,# ARTIFACT CONFORMANCE EVIDENCE ONLY.
CG-05,REAL_UNIVERSITY_FINDING,REFUSAL,data,uiowa_rfq_18649_acceptance_map/output/needs_engagement_evidence.csv,1,the University of Iowa,"Nothing here represents that the University of Iowa accepted any conclusion, that a subcontract was executed, or that any payment occurred."
CG-01,CERTIFICATION_CLAIM,AMBIGUOUS,data,uiowa_rfq_18649_acceptance_map/output/sample_packet/MANIFEST.json,2,CONFORMANCE,"""banner"": ""ARTIFACT CONFORMANCE EVIDENCE ONLY."
CG-05,REAL_UNIVERSITY_FINDING,REFUSAL,data,uiowa_rfq_18649_acceptance_map/output/sample_packet/MANIFEST.json,2,the University of Iowa,"Nothing here represents that the University of Iowa accepted any conclusion, that a subcontract was executed, or that any payment occurred."
CG-01,CERTIFICATION_CLAIM,REFUSAL,prose,uiowa_rfq_18649_acceptance_map/output/sample_packet/uiowa_rfq_18649_intake_rehearsal__README.md,186,certification,"No maturity score, rating, percentile, certification or compliance verdict is produced anywhere in this package, and no individual's performance is assessed."
CG-02,MATURITY_LEVEL,REFUSAL,prose,uiowa_rfq_18649_acceptance_map/output/sample_packet/uiowa_rfq_18649_intake_rehearsal__README.md,186,maturity score,"No maturity score, rating, percentile, certification or compliance verdict is produced anywhere in this package, and no individual's performance is assessed."
CG-03,PEER_COMPARISON,REFUSAL,prose,uiowa_rfq_18649_acceptance_map/output/sample_packet/uiowa_rfq_18649_intake_rehearsal__README.md,186,percentile,"No maturity score, rating, percentile, certification or compliance verdict is produced anywhere in this package, and no individual's performance is assessed."
CG-01,CERTIFICATION_CLAIM,REFUSAL,prose,uiowa_rfq_18649_acceptance_map/output/sample_packet/uiowa_rfq_18649_intake_rehearsal__artifacts__REHEARSAL_REPORT.md,142,certification,"- No maturity score, rating, percentile, certification or compliance verdict is produced anywhere in this package, and no individual's performance is assessed."
CG-02,MATURITY_LEVEL,REFUSAL,prose,uiowa_rfq_18649_acceptance_map/output/sample_packet/uiowa_rfq_18649_intake_rehearsal__artifacts__REHEARSAL_REPORT.md,142,maturity score,"- No maturity score, rating, percentile, certification or compliance verdict is produced anywhere in this package, and no individual's performance is assessed."
CG-03,PEER_COMPARISON,REFUSAL,prose,uiowa_rfq_18649_acceptance_map/output/sample_packet/uiowa_rfq_18649_intake_rehearsal__artifacts__REHEARSAL_REPORT.md,142,percentile,"- No maturity score, rating, percentile, certification or compliance verdict is produced anywhere in this package, and no individual's performance is assessed."
CG-01,CERTIFICATION_CLAIM,ASSERTION,prose,uiowa_rfq_18649_acceptance_map/output/sample_packet/uiowa_rfq_18649_workshare__ACCEPTANCE_EXHIBIT.md,40,conformance,The artifact acceptance criteria below are a deliverable-conformance and cure mechanism;
CG-01,CERTIFICATION_CLAIM,AMBIGUOUS,prose,uiowa_rfq_18649_acceptance_map/output/sample_packet/uiowa_rfq_18649_workshare__ACCEPTANCE_EXHIBIT.md,44,conformance,Acceptance in this exhibit means conformance of TJLabs-delivered artifacts to stated criteria.
CG-01,CERTIFICATION_CLAIM,ASSERTION,prose,uiowa_rfq_18649_acceptance_map/output/sample_packet/uiowa_rfq_18649_workshare__ACCEPTANCE_EXHIBIT.md,79,conformance,Section 5.2 provides an objective conformance/cure frame for the delivered draft;
CG-01,CERTIFICATION_CLAIM,AMBIGUOUS,prose,uiowa_rfq_18649_acceptance_map/output/sample_packet/uiowa_rfq_18649_workshare__ACCEPTANCE_EXHIBIT.md,105,conformance,"These criteria define artifact conformance, review, and cure."
CG-01,CERTIFICATION_CLAIM,REFUSAL,prose,uiowa_rfq_18649_acceptance_map/output/sample_packet/uiowa_rfq_18649_workshare__ACCEPTANCE_EXHIBIT.md,121,certification,"draft findings and roadmap inputs remain within the technical workshare and do not claim bidder submission, contract, legal/compliance certification, award, final University-facing recommendation authority, or authority "
CG-01,CERTIFICATION_CLAIM,REFUSAL,prose,uiowa_rfq_18649_acceptance_map/output/sample_packet/uiowa_rfq_18649_workshare__ACCEPTANCE_EXHIBIT.md,128,conformance,that conformance review does not convert the existing draft delivery payment trigger into an acceptance trigger.
CG-01,CERTIFICATION_CLAIM,AMBIGUOUS,prose,uiowa_rfq_18649_acceptance_map/output/sample_packet/uiowa_rfq_18649_workshare__ACCEPTANCE_EXHIBIT.md,166,certification,"- procurement/vendor selection, recommendations or endorsements for specific commercial products/vendors, legal, audit, certification, insurance, or regulatory opinions;"
CG-01,CERTIFICATION_CLAIM,ASSERTION,prose,uiowa_rfq_18649_acceptance_map/output/sample_packet/uiowa_rfq_18649_workshare__ACCEPTANCE_EXHIBIT.md,208,conformance,"This conformance/cure protocol is distinct from the proposed payment schedule: kickoff remains triggered by written authorization, draft remains triggered by delivery, and only the final base-workshare milestone is accep"
CG-02,MATURITY_LEVEL,AMBIGUOUS,test,uiowa_rfq_18649_acceptance_map/test_acceptance_map.py,439,maturity score,"for banned in (""maturity score"", ""percentile"", ""peer rank"", ""overall score"","
CG-03,PEER_COMPARISON,AMBIGUOUS,test,uiowa_rfq_18649_acceptance_map/test_acceptance_map.py,439,percentile,"for banned in (""maturity score"", ""percentile"", ""peer rank"", ""overall score"","
CG-01,CERTIFICATION_CLAIM,AMBIGUOUS,test,uiowa_rfq_18649_acceptance_map/test_acceptance_map.py,440,certified,"""certified compliant"", ""conformance percentage""):"
CG-01,CERTIFICATION_CLAIM,REFUSAL,prose,uiowa_rfq_18649_adoption_readiness/README.md,26,certification,"No composite score, maturity level, peer percentile, or certification claim exists anywhere in the output."
CG-02,MATURITY_LEVEL,REFUSAL,prose,uiowa_rfq_18649_adoption_readiness/README.md,26,maturity level,"No composite score, maturity level, peer percentile, or certification claim exists anywhere in the output."
CG-03,PEER_COMPARISON,REFUSAL,prose,uiowa_rfq_18649_adoption_readiness/README.md,26,percentile,"No composite score, maturity level, peer percentile, or certification claim exists anywhere in the output."
CG-01,CERTIFICATION_CLAIM,REFUSAL,prose,uiowa_rfq_18649_adoption_readiness/README.md,200,certification,"No composite score, maturity level, peer percentile, benchmark position, certification or compliance claim."
CG-02,MATURITY_LEVEL,REFUSAL,prose,uiowa_rfq_18649_adoption_readiness/README.md,200,maturity level,"No composite score, maturity level, peer percentile, benchmark position, certification or compliance claim."
CG-03,PEER_COMPARISON,REFUSAL,prose,uiowa_rfq_18649_adoption_readiness/README.md,200,percentile,"No composite score, maturity level, peer percentile, benchmark position, certification or compliance claim."
CG-01,CERTIFICATION_CLAIM,REFUSAL,data,uiowa_rfq_18649_adoption_readiness/out/readiness_assessment.json,25,certification,"It does not produce a composite score, a maturity level, a peer percentile, a certification or compliance claim, or any assessment of an individual employee."","
CG-02,MATURITY_LEVEL,REFUSAL,data,uiowa_rfq_18649_adoption_readiness/out/readiness_assessment.json,25,maturity level,"It does not produce a composite score, a maturity level, a peer percentile, a certification or compliance claim, or any assessment of an individual employee."","
CG-03,PEER_COMPARISON,REFUSAL,data,uiowa_rfq_18649_adoption_readiness/out/readiness_assessment.json,25,percentile,"It does not produce a composite score, a maturity level, a peer percentile, a certification or compliance claim, or any assessment of an individual employee."","
CG-01,CERTIFICATION_CLAIM,REFUSAL,prose,uiowa_rfq_18649_adoption_readiness/out/readiness_report.md,10,certification,"It does not produce a composite score, a maturity level, a peer percentile, a certification or compliance claim, or any assessment of an individual employee."
CG-02,MATURITY_LEVEL,REFUSAL,prose,uiowa_rfq_18649_adoption_readiness/out/readiness_report.md,10,maturity level,"It does not produce a composite score, a maturity level, a peer percentile, a certification or compliance claim, or any assessment of an individual employee."
CG-03,PEER_COMPARISON,REFUSAL,prose,uiowa_rfq_18649_adoption_readiness/out/readiness_report.md,10,percentile,"It does not produce a composite score, a maturity level, a peer percentile, a certification or compliance claim, or any assessment of an individual employee."
CG-02,MATURITY_LEVEL,REFUSAL,code,uiowa_rfq_18649_adoption_readiness/readiness.py,14,maturity level,"ABSENT, never to zero, never to a maturity level."
CG-02,MATURITY_LEVEL,REFUSAL,code,uiowa_rfq_18649_adoption_readiness/readiness.py,16,maturity rating,"There is no composite score, no maturity rating, no peer"
CG-01,CERTIFICATION_CLAIM,REFUSAL,code,uiowa_rfq_18649_adoption_readiness/readiness.py,17,certification,percentile and no certification claim anywhere in the output.
CG-03,PEER_COMPARISON,AMBIGUOUS,code,uiowa_rfq_18649_adoption_readiness/readiness.py,17,percentile,percentile and no certification claim anywhere in the output.
CG-01,CERTIFICATION_CLAIM,AMBIGUOUS,code,uiowa_rfq_18649_adoption_readiness/readiness.py,79,certification,"""percentile"", ""peerpercentile"", ""grade"", ""rank"", ""certification"","
CG-03,PEER_COMPARISON,AMBIGUOUS,code,uiowa_rfq_18649_adoption_readiness/readiness.py,79,percentile,"""percentile"", ""peerpercentile"", ""grade"", ""rank"", ""certification"","
CG-02,MATURITY_LEVEL,AMBIGUOUS,code,uiowa_rfq_18649_adoption_readiness/readiness.py,679,maturity level,"""produce a composite score, a maturity level, a peer percentile, a """
CG-03,PEER_COMPARISON,AMBIGUOUS,code,uiowa_rfq_18649_adoption_readiness/readiness.py,679,percentile,"""produce a composite score, a maturity level, a peer percentile, a """
CG-01,CERTIFICATION_CLAIM,AMBIGUOUS,code,uiowa_rfq_18649_adoption_readiness/readiness.py,680,certification,"""certification or compliance claim, or any assessment of an """
CG-02,MATURITY_LEVEL,AMBIGUOUS,test,uiowa_rfq_18649_adoption_readiness/test_readiness.py,416,maturity level,"for phrase in (""composite score"", ""maturity level"", ""peer percentile"","
CG-03,PEER_COMPARISON,AMBIGUOUS,test,uiowa_rfq_18649_adoption_readiness/test_readiness.py,416,percentile,"for phrase in (""composite score"", ""maturity level"", ""peer percentile"","
CG-01,CERTIFICATION_CLAIM,REFUSAL,prose,uiowa_rfq_18649_ai_decision_case/README.md,165,certification,"It produces no maturity score, no certification or compliance claim, no peer percentile, and no individual performance scoring: the unit of analysis is a document and a workflow, never a person."
CG-02,MATURITY_LEVEL,REFUSAL,prose,uiowa_rfq_18649_ai_decision_case/README.md,165,maturity score,"It produces no maturity score, no certification or compliance claim, no peer percentile, and no individual performance scoring: the unit of analysis is a document and a workflow, never a person."
CG-03,PEER_COMPARISON,REFUSAL,prose,uiowa_rfq_18649_ai_decision_case/README.md,165,percentile,"It produces no maturity score, no certification or compliance claim, no peer percentile, and no individual performance scoring: the unit of analysis is a document and a workflow, never a person."
CG-01,CERTIFICATION_CLAIM,REFUSAL,prose,uiowa_rfq_18649_ai_eval_kit/README.md,127,certification,"No certification,"
CG-04,INDIVIDUAL_SCORING,REFUSAL,prose,uiowa_rfq_18649_ai_eval_kit/README.md,127,rate individuals,It does not rate individuals. The unit of measurement is a workflow.
CG-03,PEER_COMPARISON,AMBIGUOUS,prose,uiowa_rfq_18649_ai_eval_kit/README.md,128,percentile,"compliance, maturity or peer-percentile claim appears anywhere."
CG-01,CERTIFICATION_CLAIM,REFUSAL,prose,uiowa_rfq_18649_ai_eval_kit/README.md,203,certification,"No certification, compliance, maturity or peer-percentile claims."
CG-03,PEER_COMPARISON,REFUSAL,prose,uiowa_rfq_18649_ai_eval_kit/README.md,203,percentile,"No certification, compliance, maturity or peer-percentile claims."
CG-01,CERTIFICATION_CLAIM,REFUSAL,code,uiowa_rfq_18649_ai_eval_kit/eval_kit.py,523,certified,"w(""- It does not say either workflow is approved, certified or compliant.\n"")"
CG-02,MATURITY_LEVEL,AMBIGUOUS,code,uiowa_rfq_18649_ai_eval_kit/eval_kit.py,528,maturity rating,"""a pass, or a maturity rating.\n\n"")"
CG-01,CERTIFICATION_CLAIM,REFUSAL,prose,uiowa_rfq_18649_ai_eval_kit/examples/report.md,132,certified,"- It does not say either workflow is approved, certified or compliant."
CG-02,MATURITY_LEVEL,REFUSAL,prose,uiowa_rfq_18649_ai_eval_kit/examples/report.md,135,maturity rating,"No absent value was read as a zero, a pass, or a maturity rating."
CG-01,CERTIFICATION_CLAIM,AMBIGUOUS,prose,uiowa_rfq_18649_ai_integration/README.md,208,conformance,"- The port, both fictional adapters, conformance checking, and all three degraded paths."
CG-01,CERTIFICATION_CLAIM,REFUSAL,prose,uiowa_rfq_18649_ai_integration/README.md,263,certification,"No certification, compliance, maturity-score, or peer-percentile claims."
CG-03,PEER_COMPARISON,REFUSAL,prose,uiowa_rfq_18649_ai_integration/README.md,263,percentile,"No certification, compliance, maturity-score, or peer-percentile claims."
CG-01,CERTIFICATION_CLAIM,REFUSAL,prose,uiowa_rfq_18649_ai_integration/README.md,272,conformance,"patterns.py three reference patterns + capability vocabulary + neutrality guard portability.py swap blast-radius scoring + static independence scanner worksheet.py question set, fit rules, evaluation, Markdown/CSV render"
CG-01,CERTIFICATION_CLAIM,ASSERTION,code,uiowa_rfq_18649_ai_integration/demo_swap.py,38,conformance,"conformance = checkconformance(port, POLICY) if failmode is None else \"
CG-01,CERTIFICATION_CLAIM,AMBIGUOUS,code,uiowa_rfq_18649_ai_integration/demo_swap.py,46,conformance,"""conformance"": conformance,"
CG-01,CERTIFICATION_CLAIM,AMBIGUOUS,code,uiowa_rfq_18649_ai_integration/demo_swap.py,134,conformance,"print(f"" conformance : {run['conformance']['conformant']}"")"
CG-01,CERTIFICATION_CLAIM,AMBIGUOUS,data,uiowa_rfq_18649_ai_integration/out/swap_receipt.json,46,conformance,"""conformance"": {"
CG-01,CERTIFICATION_CLAIM,AMBIGUOUS,data,uiowa_rfq_18649_ai_integration/out/swap_receipt.json,104,conformance,"""conformance"": {"
CG-01,CERTIFICATION_CLAIM,AMBIGUOUS,data,uiowa_rfq_18649_ai_integration/out/swap_receipt.json,162,conformance,"""conformance"": {"
CG-01,CERTIFICATION_CLAIM,AMBIGUOUS,data,uiowa_rfq_18649_ai_integration/out/swap_receipt.json,220,conformance,"""conformance"": {"
CG-01,CERTIFICATION_CLAIM,AMBIGUOUS,data,uiowa_rfq_18649_ai_integration/out/swap_receipt.json,278,conformance,"""conformance"": {"
CG-01,CERTIFICATION_CLAIM,AMBIGUOUS,code,uiowa_rfq_18649_ai_integration/portlib/port.py,108,conformance,# ------------------------------------------------- contract conformance check
CG-01,CERTIFICATION_CLAIM,REFUSAL,code,uiowa_rfq_18649_ai_integration/portlib/port.py,119,conformance,"probe = probe or Document(docid=""probe-0"", text=""card declined on my deposit"", source=""conformance"")"
CG-01,CERTIFICATION_CLAIM,REFUSAL,code,uiowa_rfq_18649_ai_integration/portlib/port.py,135,conformance,"f""not acceptable during conformance): {type(exc).name}""]}"
CG-02,MATURITY_LEVEL,REFUSAL,code,uiowa_rfq_18649_ai_integration/unknowns.py,4,maturity score,"stays UNKNOWN -- it never becomes a zero, a pass, or a maturity score."
CG-01,CERTIFICATION_CLAIM,AMBIGUOUS,prose,uiowa_rfq_18649_ai_opportunity_portfolio/README.md,95,certification,OPP-RIS-02 effort-certification reminders
CG-01,CERTIFICATION_CLAIM,REFUSAL,prose,uiowa_rfq_18649_ai_opportunity_portfolio/README.md,163,certification,"No certification claim, no compliance claim, no peer-percentile claim, and no individual performance scoring appears anywhere in this lane."
CG-03,PEER_COMPARISON,REFUSAL,prose,uiowa_rfq_18649_ai_opportunity_portfolio/README.md,163,percentile,"No certification claim, no compliance claim, no peer-percentile claim, and no individual performance scoring appears anywhere in this lane."
CG-01,CERTIFICATION_CLAIM,AMBIGUOUS,data,uiowa_rfq_18649_ai_opportunity_portfolio/candidates.json,154,certification,"""title"": ""Generate effort-certification reminder narratives"","
CG-01,CERTIFICATION_CLAIM,AMBIGUOUS,data,uiowa_rfq_18649_ai_opportunity_portfolio/candidates.json,155,certification,"""usecase"": ""Certifiers receive a reminder naming the periods and projects awaiting certification."
CG-01,CERTIFICATION_CLAIM,AMBIGUOUS,data,uiowa_rfq_18649_ai_opportunity_portfolio/candidates.json,186,certification,"""numerator"": ""certifications on time"", ""denominator"": ""certifications due"", ""cadence"": ""per certification period"","
CG-01,CERTIFICATION_CLAIM,AMBIGUOUS,data,uiowa_rfq_18649_ai_opportunity_portfolio/candidates.json,241,certify,"""usecase"": ""Application owners certify entitlements each quarter."
CG-01,CERTIFICATION_CLAIM,AMBIGUOUS,data,uiowa_rfq_18649_ai_opportunity_portfolio/candidates.json,241,certification,A drafted summary of what changed since the last review would shorten the certification.
CG-01,CERTIFICATION_CLAIM,AMBIGUOUS,data,uiowa_rfq_18649_ai_opportunity_portfolio/candidates.json,268,certified,"{""name"": ""Access reviews certified by the quarter deadline"","
CG-01,CERTIFICATION_CLAIM,AMBIGUOUS,data,uiowa_rfq_18649_ai_opportunity_portfolio/candidates.json,269,certified,"""numerator"": ""reviews certified on time"", ""denominator"": ""reviews due"", ""cadence"": ""quarterly"","
CG-01,CERTIFICATION_CLAIM,AMBIGUOUS,data,uiowa_rfq_18649_ai_opportunity_portfolio/candidates.json,275,certify,"""How many application owners certify each quarter, and how long does a certification take today?"""
CG-01,CERTIFICATION_CLAIM,AMBIGUOUS,data,uiowa_rfq_18649_ai_opportunity_portfolio/sample_output/portfolio.json,221,certify,"""How many application owners certify each quarter, and how long does a certification take today?"""
CG-01,CERTIFICATION_CLAIM,AMBIGUOUS,data,uiowa_rfq_18649_ai_opportunity_portfolio/sample_output/portfolio.json,235,certified,"""name"": ""Access reviews certified by the quarter deadline"","
CG-01,CERTIFICATION_CLAIM,AMBIGUOUS,data,uiowa_rfq_18649_ai_opportunity_portfolio/sample_output/portfolio.json,236,certified,"""numerator"": ""reviews certified on time"""
CG-01,CERTIFICATION_CLAIM,AMBIGUOUS,data,uiowa_rfq_18649_ai_opportunity_portfolio/sample_output/portfolio.json,265,certify,"""usecase"": ""Application owners certify entitlements each quarter."
CG-01,CERTIFICATION_CLAIM,AMBIGUOUS,data,uiowa_rfq_18649_ai_opportunity_portfolio/sample_output/portfolio.json,265,certification,A drafted summary of what changed since the last review would shorten the certification.
CG-01,CERTIFICATION_CLAIM,AMBIGUOUS,data,uiowa_rfq_18649_ai_opportunity_portfolio/sample_output/portfolio.json,365,certification,"""cadence"": ""per certification period"","
CG-01,CERTIFICATION_CLAIM,AMBIGUOUS,data,uiowa_rfq_18649_ai_opportunity_portfolio/sample_output/portfolio.json,393,certification,"""title"": ""Generate effort-certification reminder narratives"","
CG-01,CERTIFICATION_CLAIM,AMBIGUOUS,data,uiowa_rfq_18649_ai_opportunity_portfolio/sample_output/portfolio.json,395,certification,"""usecase"": ""Certifiers receive a reminder naming the periods and projects awaiting certification."
CG-01,CERTIFICATION_CLAIM,ASSERTION,data,uiowa_rfq_18649_ai_opportunity_portfolio/sample_output/portfolio_ranking.csv,7,certification,"UNKNOWN,UNRANKED - DO-NOT-PURSUE,OPP-RIS-02,RIS,Generate effort-certification reminder narratives,DO-NOT-PURSUE,-346.0,-122.2,-11.0,40.0,70.0,120.0,0.02,0.04,0.08,UNKNOWN,LOW,HIGH,HIGH,none,none,""task suitability is LOW:"
CG-01,CERTIFICATION_CLAIM,AMBIGUOUS,prose,uiowa_rfq_18649_ai_opportunity_portfolio/sample_output/portfolio_report.md,86,certify,Application owners certify entitlements each quarter.
CG-01,CERTIFICATION_CLAIM,AMBIGUOUS,prose,uiowa_rfq_18649_ai_opportunity_portfolio/sample_output/portfolio_report.md,86,certification,A drafted summary of what changed since the last review would shorten the certification.
CG-01,CERTIFICATION_CLAIM,AMBIGUOUS,prose,uiowa_rfq_18649_ai_opportunity_portfolio/sample_output/portfolio_report.md,93,certified,"- Access reviews certified by the quarter deadline: reviews certified on time / reviews due, quarterly, baseline required - not yet measurable, and not recorded as 0"
CG-01,CERTIFICATION_CLAIM,AMBIGUOUS,prose,uiowa_rfq_18649_ai_opportunity_portfolio/sample_output/portfolio_report.md,96,certify,"- How many application owners certify each quarter, and how long does a certification take today?"
CG-01,CERTIFICATION_CLAIM,AMBIGUOUS,prose,uiowa_rfq_18649_ai_opportunity_portfolio/sample_output/portfolio_report.md,98,certification,### OPP-RIS-02 - Generate effort-certification reminder narratives (RIS)
CG-01,CERTIFICATION_CLAIM,AMBIGUOUS,prose,uiowa_rfq_18649_ai_opportunity_portfolio/sample_output/portfolio_report.md,100,certification,Certifiers receive a reminder naming the periods and projects awaiting certification.
CG-01,CERTIFICATION_CLAIM,ASSERTION,prose,uiowa_rfq_18649_ai_opportunity_portfolio/sample_output/portfolio_report.md,107,certification,"- Certifications completed by the period deadline: certifications on time / certifications due, per certification period, baseline 0.88"
CG-05,REAL_UNIVERSITY_FINDING,REFUSAL,prose,uiowa_rfq_18649_ai_policy_to_workflow/README.md,10,the University of Iowa,"Nothing in this > lane describes the University of Iowa or any real institution, policy, > system, or person."
CG-05,REAL_UNIVERSITY_FINDING,REFUSAL,prose,uiowa_rfq_18649_ai_policy_to_workflow/README.md,28,the University of Iowa,"No record here describes the University of Iowa or any real institution, policy, system, or person."
CG-01,CERTIFICATION_CLAIM,AMBIGUOUS,prose,uiowa_rfq_18649_ai_policy_to_workflow/README.md,113,conformance,A conformance-shaped tool marks this red.
CG-02,MATURITY_LEVEL,REFUSAL,prose,uiowa_rfq_18649_ai_policy_to_workflow/README.md,130,maturity level,"- No maturity level, readiness level, or tier. score() raises"
CG-01,CERTIFICATION_CLAIM,REFUSAL,prose,uiowa_rfq_18649_ai_policy_to_workflow/README.md,142,certification,"- No certification, compliance opinion, peer comparison, percentile, or"
CG-03,PEER_COMPARISON,REFUSAL,prose,uiowa_rfq_18649_ai_policy_to_workflow/README.md,142,percentile,"- No certification, compliance opinion, peer comparison, percentile, or"
CG-01,CERTIFICATION_CLAIM,REFUSAL,prose,uiowa_rfq_18649_ai_policy_to_workflow/README.md,148,certified,"Referenced, not certified against: <https://www.nist.gov/itl/ai-risk-management-framework>"
CG-01,CERTIFICATION_CLAIM,REFUSAL,prose,uiowa_rfq_18649_ai_policy_to_workflow/SOURCE_NOTES.md,7,certification,"Used here as a reference for organizing leadership discussion, not as a certification checklist. Concretely, that means:"
CG-01,CERTIFICATION_CLAIM,REFUSAL,prose,uiowa_rfq_18649_ai_policy_to_workflow/SOURCE_NOTES.md,19,conformance,"There is nothing to be a percentage of, and such a figure reads as a conformance claim."
CG-01,CERTIFICATION_CLAIM,REFUSAL,prose,uiowa_rfq_18649_ai_policy_to_workflow/SOURCE_NOTES.md,20,compliant with,"Any statement that the organization is or is not ""aligned to"", ""compliant with"", or ""conformant to"" the AI RMF"
CG-01,CERTIFICATION_CLAIM,REFUSAL,prose,uiowa_rfq_18649_ai_policy_to_workflow/SOURCE_NOTES.md,20,certification,The AI RMF is not a certifiable standard and this is not a certification body.
CG-02,MATURITY_LEVEL,AMBIGUOUS,prose,uiowa_rfq_18649_ai_policy_to_workflow/SOURCE_NOTES.md,21,maturity tier,Any maturity tier or readiness level
CG-05,REAL_UNIVERSITY_FINDING,REFUSAL,prose,uiowa_rfq_18649_ai_policy_to_workflow/SOURCE_NOTES.md,41,the University of Iowa,"No record here describes the University of Iowa, its policies, its systems, its staff, or its practices."
CG-05,REAL_UNIVERSITY_FINDING,REFUSAL,prose,uiowa_rfq_18649_ai_policy_to_workflow/WORKFLOW_EXAMPLES.md,3,the University of Iowa,"> Nothing below describes the University of Iowa or any real institution, > policy, system, or person."
CG-01,CERTIFICATION_CLAIM,REFUSAL,prose,uiowa_rfq_18649_ai_policy_to_workflow/WORKFLOW_EXAMPLES.md,137,conformance,"Why the tool reports this as a strength and not a compliance failure. A conformance-shaped assessment would mark this row red: no policy, no control, no owner."
CG-01,CERTIFICATION_CLAIM,REFUSAL,code,uiowa_rfq_18649_ai_policy_to_workflow/policy_matrix.py,35,conformance,"It will not produce a maturity level, a conformance score, an ""RMF coverage"""
CG-02,MATURITY_LEVEL,REFUSAL,code,uiowa_rfq_18649_ai_policy_to_workflow/policy_matrix.py,35,maturity level,"It will not produce a maturity level, a conformance score, an ""RMF coverage"""
CG-01,CERTIFICATION_CLAIM,REFUSAL,code,uiowa_rfq_18649_ai_policy_to_workflow/policy_matrix.py,43,certified,"Referenced, not certified against:"
CG-01,CERTIFICATION_CLAIM,REFUSAL,code,uiowa_rfq_18649_ai_policy_to_workflow/policy_matrix.py,48,conformance,Nothing here is a conformance
CG-01,CERTIFICATION_CLAIM,AMBIGUOUS,code,uiowa_rfq_18649_ai_policy_to_workflow/policy_matrix.py,49,certification,"claim, a certification, or a peer comparison."
CG-03,PEER_COMPARISON,AMBIGUOUS,code,uiowa_rfq_18649_ai_policy_to_workflow/policy_matrix.py,49,peer comparison,"claim, a certification, or a peer comparison."
CG-05,REAL_UNIVERSITY_FINDING,REFUSAL,code,uiowa_rfq_18649_ai_policy_to_workflow/policy_matrix.py,181,the University of Iowa,"""No record here describes the University of Iowa or any real institution, """
CG-02,MATURITY_LEVEL,REFUSAL,code,uiowa_rfq_18649_ai_policy_to_workflow/policy_matrix.py,432,maturity level,"""No maturity level, readiness level, or tier is computed."
CG-01,CERTIFICATION_CLAIM,REFUSAL,code,uiowa_rfq_18649_ai_policy_to_workflow/policy_matrix.py,434,certification,"""conformance assessment and the AI RMF is not a certification."
CG-03,PEER_COMPARISON,REFUSAL,code,uiowa_rfq_18649_ai_policy_to_workflow/policy_matrix.py,445,percentile,"""No peer comparison, percentile, benchmark, or 'typical institution' """
CG-01,CERTIFICATION_CLAIM,REFUSAL,code,uiowa_rfq_18649_ai_policy_to_workflow/policy_matrix.py,454,conformance,"""This assessment does not produce a maturity score, conformance """
CG-02,MATURITY_LEVEL,REFUSAL,code,uiowa_rfq_18649_ai_policy_to_workflow/policy_matrix.py,454,maturity score,"""This assessment does not produce a maturity score, conformance """
CG-01,CERTIFICATION_CLAIM,REFUSAL,code,uiowa_rfq_18649_ai_policy_to_workflow/policy_matrix.py,556,certification,"""for organizing discussion, not as a certification checklist: """
CG-05,REAL_UNIVERSITY_FINDING,REFUSAL,data,uiowa_rfq_18649_ai_policy_to_workflow/sample/findings.json,2,the University of Iowa,"No record here describes the University of Iowa or any real institution, policy, system, or person."","
CG-05,REAL_UNIVERSITY_FINDING,REFUSAL,data,uiowa_rfq_18649_ai_policy_to_workflow/sample/findings.json,5,the University of Iowa,"No record here describes the University of Iowa or any real institution, policy, system, or person."","
CG-01,CERTIFICATION_CLAIM,REFUSAL,data,uiowa_rfq_18649_ai_policy_to_workflow/sample/findings.json,32,certification,this is not a conformance assessment and the AI RMF is not a certification.
CG-02,MATURITY_LEVEL,REFUSAL,data,uiowa_rfq_18649_ai_policy_to_workflow/sample/findings.json,32,maturity level,"""No maturity level, readiness level, or tier is computed."
CG-03,PEER_COMPARISON,REFUSAL,data,uiowa_rfq_18649_ai_policy_to_workflow/sample/findings.json,38,percentile,"""No peer comparison, percentile, benchmark, or 'typical institution' claim is made."","
CG-05,REAL_UNIVERSITY_FINDING,REFUSAL,prose,uiowa_rfq_18649_ai_policy_to_workflow/sample/matrix.md,3,the University of Iowa,"No record here describes the University of Iowa or any real institution, policy, system, or person."
CG-01,CERTIFICATION_CLAIM,REFUSAL,prose,uiowa_rfq_18649_ai_policy_to_workflow/sample/matrix.md,5,certification,"NIST AI RMF is used as a reference for organizing discussion, not as a certification checklist: <https://www.nist.gov/itl/ai-risk-management-framework>."
CG-01,CERTIFICATION_CLAIM,REFUSAL,prose,uiowa_rfq_18649_ai_policy_to_workflow/sample/matrix.md,89,certification,this is not a conformance assessment and the AI RMF is not a certification.
CG-02,MATURITY_LEVEL,REFUSAL,prose,uiowa_rfq_18649_ai_policy_to_workflow/sample/matrix.md,89,maturity level,"- No maturity level, readiness level, or tier is computed."
CG-03,PEER_COMPARISON,REFUSAL,prose,uiowa_rfq_18649_ai_policy_to_workflow/sample/matrix.md,95,percentile,"- No peer comparison, percentile, benchmark, or 'typical institution' claim is made."
CG-01,CERTIFICATION_CLAIM,AMBIGUOUS,test,uiowa_rfq_18649_ai_policy_to_workflow/test_policy_matrix.py,230,certification,"for term in (""maturity"", ""certification"", ""percentage"", ""individual"","
CG-03,PEER_COMPARISON,AMBIGUOUS,test,uiowa_rfq_18649_ai_policy_to_workflow/test_policy_matrix.py,231,percentile,"""percentile"", ""subcategory""):"
CG-05,REAL_UNIVERSITY_FINDING,REFUSAL,prose,uiowa_rfq_18649_ai_use_inventory/README.md,17,the University of Iowa,They do not describe the University of Iowa. No University input has been collected by this lane.
CG-02,MATURITY_LEVEL,REFUSAL,prose,uiowa_rfq_18649_ai_use_inventory/README.md,50,maturity level,"The five are reported separately and are never combined into an adoption percentage, a maturity level, or a peer comparison."
CG-03,PEER_COMPARISON,REFUSAL,prose,uiowa_rfq_18649_ai_use_inventory/README.md,50,peer comparison,"The five are reported separately and are never combined into an adoption percentage, a maturity level, or a peer comparison."
CG-01,CERTIFICATION_CLAIM,REFUSAL,prose,uiowa_rfq_18649_ai_use_inventory/README.md,176,certify,"It does not score maturity, rank against peer institutions, certify anything against a framework, evaluate an individual, or recommend a product."
CG-05,REAL_UNIVERSITY_FINDING,REFUSAL,data,uiowa_rfq_18649_ai_use_inventory/fixtures/synthetic_ai_use.json,5,the University of Iowa,None of it describes the University of Iowa.
CG-02,MATURITY_LEVEL,AMBIGUOUS,code,uiowa_rfq_18649_ai_use_inventory/interview_guide.py,15,maturity score,"a maturity score, or a comparison against another institution, because"
CG-02,MATURITY_LEVEL,AMBIGUOUS,code,uiowa_rfq_18649_ai_use_inventory/schema.py,43,maturity score,# collapsed into an adoption percentage or a maturity score.
CG-02,MATURITY_LEVEL,REFUSAL,test,uiowa_rfq_18649_ai_use_inventory/test_inventory.py,138,maturity score,"pass, and never a maturity score."""""""
CG-03,PEER_COMPARISON,AMBIGUOUS,test,uiowa_rfq_18649_ai_use_inventory/test_inventory.py,168,percentile,"for banned in (""maturity"", ""percentile"", ""benchmark"", ""certif"", ""score""):"
CG-01,CERTIFICATION_CLAIM,REFUSAL,prose,uiowa_rfq_18649_base_fee_economics/README.md,166,certification,"No certification, compliance, maturity or peer-percentile claim is made anywhere, and no individual's performance is estimated or scored."
CG-03,PEER_COMPARISON,REFUSAL,prose,uiowa_rfq_18649_base_fee_economics/README.md,166,percentile,"No certification, compliance, maturity or peer-percentile claim is made anywhere, and no individual's performance is estimated or scored."
CG-01,CERTIFICATION_CLAIM,REFUSAL,test,uiowa_rfq_18649_base_fee_economics/test_cost_model.py,420,certified,"for forbidden in (""maturity"", ""certified"", ""compliant"", ""percentile"", ""benchmark score""):"
CG-03,PEER_COMPARISON,REFUSAL,test,uiowa_rfq_18649_base_fee_economics/test_cost_model.py,420,percentile,"for forbidden in (""maturity"", ""certified"", ""compliant"", ""percentile"", ""benchmark score""):"
CG-02,MATURITY_LEVEL,REFUSAL,prose,uiowa_rfq_18649_bid_pack/README.md,22,maturity rating,There is no readiness percentage and no maturity rating anywhere in the output.
CG-01,CERTIFICATION_CLAIM,REFUSAL,prose,uiowa_rfq_18649_bid_pack/README.md,43,Certified,"assembled -> sampleoutput proposal.pdf: 9 pages (23790 bytes), pagination settled in 2 pass(es) sections: 7 attachments: 6 required attachments declared 5 / present 2 / NOT SUPPLIED 3 (ATT-FIN-02, ATT-QUAL-02, ATT-QUAL-0"
CG-01,CERTIFICATION_CLAIM,REFUSAL,prose,uiowa_rfq_18649_bid_pack/README.md,86,certified,Gap. 3 of 5 required attachments are not supplied (ATT-FIN-02 certified cost
CG-01,CERTIFICATION_CLAIM,ASSERTION,prose,uiowa_rfq_18649_bid_pack/README.md,140,conformance,Accessibility requirements. Whether PDF/UA tagging or a specific WCAG conformance level is required is UNKNOWN;
CG-01,CERTIFICATION_CLAIM,REFUSAL,prose,uiowa_rfq_18649_bid_pack/README.md,226,conformance,"A clean result means ""no structural defect found by these checks."" It does not mean ""valid PDF"", it does not mean the page looks right, and it is not a PDF/UA, WCAG, or any other conformance statement."
CG-02,MATURITY_LEVEL,REFUSAL,code,uiowa_rfq_18649_bid_pack/bid_pack.py,18,maturity rating,There is no readiness percentage and no maturity rating anywhere in the output.
CG-01,CERTIFICATION_CLAIM,AMBIGUOUS,data,uiowa_rfq_18649_bid_pack/fixtures/manifest.json,23,Certified,"{""id"": ""ATT-FIN-02"", ""title"": ""Certified Cost Rate Schedule"", ""category"": ""financial"","
CG-02,MATURITY_LEVEL,REFUSAL,prose,uiowa_rfq_18649_bid_pack/fixtures/sections/exec.md,6,maturity score,We do not produce a single maturity score.
CG-01,CERTIFICATION_CLAIM,ASSERTION,prose,uiowa_rfq_18649_bid_pack/fixtures/sections/price.md,1,certified,"Pricing is fixed-fee by phase, with the rate basis carried in the certified cost rate schedule rather than restated in the body."
CG-01,CERTIFICATION_CLAIM,ASSERTION,prose,uiowa_rfq_18649_bid_pack/fixtures/sections/price.md,8,certified,The certified cost rate schedule is [[ATT-FIN-02]].
CG-01,CERTIFICATION_CLAIM,AMBIGUOUS,code,uiowa_rfq_18649_bid_pack/packcheck.py,22,conformance,WCAG or any other conformance statement.
CG-01,CERTIFICATION_CLAIM,REFUSAL,code,uiowa_rfq_18649_bid_pack/packcheck.py,635,conformance,"""not a validity, PDF/UA, WCAG or any other conformance claim."
CG-01,CERTIFICATION_CLAIM,REFUSAL,code,uiowa_rfq_18649_bid_pack/packcheck.py,665,conformance,"""not a validity, PDF/UA, WCAG or any other conformance claim."")"
CG-01,CERTIFICATION_CLAIM,AMBIGUOUS,prose,uiowa_rfq_18649_bid_pack/sample_output/00-INDEX.md,29,Certified,Certified Cost Rate Schedule
CG-01,CERTIFICATION_CLAIM,ASSERTION,prose,uiowa_rfq_18649_bid_pack/sample_output/00-INDEX.md,65,Certified,- WARN ATTACHMENTNOTSUPPLIED required attachment ATT-FIN-02 (Certified Cost Rate Schedule) is declared but no file was supplied;
CG-01,CERTIFICATION_CLAIM,AMBIGUOUS,data,uiowa_rfq_18649_bid_pack/sample_output/attachment_index.csv,3,Certified,"ATT-FIN-02,Certified Cost Rate Schedule,financial,yes,PLACEHOLDER-NOT SUPPLIED,UNKNOWN,UNKNOWN,UNKNOWN,2"
CG-01,CERTIFICATION_CLAIM,AMBIGUOUS,prose,uiowa_rfq_18649_bid_pack/sample_output/attachments/A02-certified-cost-rate-schedule.PLACEHOLDER.txt,3,Certified,Attachment id: ATT-FIN-02 Title: Certified Cost Rate Schedule Category: financial Required: yes
CG-01,CERTIFICATION_CLAIM,AMBIGUOUS,data,uiowa_rfq_18649_bid_pack/sample_output/bid_pack.json,31,Certified,"""title"": ""Certified Cost Rate Schedule"""
CG-01,CERTIFICATION_CLAIM,AMBIGUOUS,data,uiowa_rfq_18649_bid_pack/sample_output/bid_pack.json,183,Certified,"""label"": ""Certified Cost Rate Schedule"","
CG-01,CERTIFICATION_CLAIM,ASSERTION,data,uiowa_rfq_18649_bid_pack/sample_output/bid_pack.json,206,Certified,"""detail"": ""required attachment ATT-FIN-02 (Certified Cost Rate Schedule) is declared but no file was supplied;"
CG-02,MATURITY_LEVEL,REFUSAL,prose,uiowa_rfq_18649_bid_pack/sample_output/documents/02-executive-summary.md,9,maturity score,We do not produce a single maturity score.
CG-01,CERTIFICATION_CLAIM,ASSERTION,prose,uiowa_rfq_18649_bid_pack/sample_output/documents/06-price-proposal.md,4,certified,"Pricing is fixed-fee by phase, with the rate basis carried in the certified cost rate schedule rather than restated in the body."
CG-01,CERTIFICATION_CLAIM,ASSERTION,prose,uiowa_rfq_18649_bid_pack/sample_output/documents/06-price-proposal.md,11,certified,The certified cost rate schedule is [[ATT-FIN-02]].
CG-01,CERTIFICATION_CLAIM,REFUSAL,test,uiowa_rfq_18649_bid_pack/test_packcheck.py,344,conformance,"self.assertIn(""not a validity, PDF/UA, WCAG or any other conformance claim"", text)"
CG-05,REAL_UNIVERSITY_FINDING,ASSERTION,prose,uiowa_rfq_18649_build_board/13-ai-context.md,57,the University of Iowa,"For example, the University of Iowa ChatGPT Edu enterprise license is listed for Public and University-Internal data, with Restricted/Critical use requiring consultation with Research Services or ITS-ISPO."
CG-05,REAL_UNIVERSITY_FINDING,REFUSAL,prose,uiowa_rfq_18649_build_board/45-testing-portfolio.md,3,the University of Iowa,It demonstrates the assessment method and is not a finding about the University of Iowa.
CG-02,MATURITY_LEVEL,REFUSAL,prose,uiowa_rfq_18649_build_board/45-testing-portfolio.md,129,maturity score,"This prioritization is a discussion aid, not a maturity score."
CG-01,CERTIFICATION_CLAIM,AMBIGUOUS,prose,uiowa_rfq_18649_capability_appendix/README.md,53,Certification,"- Certification and guarantee language — certified, compliant,"
CG-01,CERTIFICATION_CLAIM,AMBIGUOUS,prose,uiowa_rfq_18649_capability_appendix/README.md,54,accredited,"accredited, guaranteed."
CG-01,CERTIFICATION_CLAIM,REFUSAL,prose,uiowa_rfq_18649_capability_appendix/README.md,143,certification,'robust') BAD-02 wording rejected (prohibited certification or guarantee language: 'certified';
CG-01,CERTIFICATION_CLAIM,REFUSAL,data,uiowa_rfq_18649_capability_appendix/capabilities.json,2,certification,"Nothing in this file is an assertion about the University of Iowa, and no entry is a certification, compliance determination, or comparison against another supplier."","
CG-05,REAL_UNIVERSITY_FINDING,REFUSAL,data,uiowa_rfq_18649_capability_appendix/capabilities.json,2,the University of Iowa,"Nothing in this file is an assertion about the University of Iowa, and no entry is a certification, compliance determination, or comparison against another supplier."","
CG-01,CERTIFICATION_CLAIM,REFUSAL,code,uiowa_rfq_18649_capability_appendix/capability_appendix.py,27,certification,"It also refuses certification, compliance and guarantee language"
CG-01,CERTIFICATION_CLAIM,AMBIGUOUS,code,uiowa_rfq_18649_capability_appendix/capability_appendix.py,88,certified,"""certified"", ""certification"", ""compliant"", ""compliance-ready"","
CG-01,CERTIFICATION_CLAIM,AMBIGUOUS,code,uiowa_rfq_18649_capability_appendix/capability_appendix.py,89,accredited,"""audit-proof"", ""accredited"", ""guarantee"", ""guaranteed"", ""guarantees"","
CG-01,CERTIFICATION_CLAIM,REFUSAL,code,uiowa_rfq_18649_capability_appendix/capability_appendix.py,96,certification,"(""prohibited certification or guarantee language"", PROHIBITEDTERMS),"
CG-01,CERTIFICATION_CLAIM,AMBIGUOUS,data,uiowa_rfq_18649_capability_appendix/fixtures/rejection_demo_register.json,19,certification,"""capabilityarea"": ""language: certification and guarantee"","
CG-01,CERTIFICATION_CLAIM,AMBIGUOUS,data,uiowa_rfq_18649_capability_appendix/fixtures/rejection_demo_register.json,20,certified,"""statement"": ""Delivers a certified, compliant record set with guaranteed retention."","
CG-01,CERTIFICATION_CLAIM,ASSERTION,data,uiowa_rfq_18649_capability_appendix/observed_runs.json,72,compliance determination,"""outputverbatim"": ""..........................................SCOPE GUARD - UIOWA RFQ 18649 final report\n==============================================================\nflagged: 2 neutralized: 0\n auditverdict 1\n indivi"
CG-01,CERTIFICATION_CLAIM,ASSERTION,data,uiowa_rfq_18649_capability_appendix/out/capability_appendix.json,200,compliance determination,"""outputverbatim"": ""..........................................SCOPE GUARD - UIOWA RFQ 18649 final report\n==============================================================\nflagged: 2 neutralized: 0\n auditverdict 1\n indivi"
CG-01,CERTIFICATION_CLAIM,AMBIGUOUS,prose,uiowa_rfq_18649_capability_appendix/out/capability_evidence_index.md,151,compliance determination,why : States a compliance determination.
CG-01,CERTIFICATION_CLAIM,AMBIGUOUS,data,uiowa_rfq_18649_capability_appendix/out/rejection_demo/capability_appendix.json,51,certification,"""capabilityarea"": ""language: certification and guarantee"","
CG-01,CERTIFICATION_CLAIM,AMBIGUOUS,data,uiowa_rfq_18649_capability_appendix/out/rejection_demo/capability_appendix.json,52,certified,"""statement"": ""Delivers a certified, compliant record set with guaranteed retention."","
CG-01,CERTIFICATION_CLAIM,REFUSAL,data,uiowa_rfq_18649_capability_appendix/out/rejection_demo/capability_appendix.json,67,certification,"""prohibited certification or guarantee language:certified"","
CG-01,CERTIFICATION_CLAIM,REFUSAL,data,uiowa_rfq_18649_capability_appendix/out/rejection_demo/capability_appendix.json,68,certification,"""prohibited certification or guarantee language:compliant"","
CG-01,CERTIFICATION_CLAIM,REFUSAL,data,uiowa_rfq_18649_capability_appendix/out/rejection_demo/capability_appendix.json,69,certification,"""prohibited certification or guarantee language:guaranteed"""
CG-01,CERTIFICATION_CLAIM,REFUSAL,data,uiowa_rfq_18649_capability_appendix/out/rejection_demo/capability_appendix.json,80,certification,"""wording rejected (prohibited certification or guarantee language: 'certified';"
CG-01,CERTIFICATION_CLAIM,REFUSAL,data,uiowa_rfq_18649_capability_appendix/out/rejection_demo/capability_appendix.json,80,certification,prohibited certification or guarantee language: 'compliant';
CG-01,CERTIFICATION_CLAIM,REFUSAL,data,uiowa_rfq_18649_capability_appendix/out/rejection_demo/capability_appendix.json,80,certification,"prohibited certification or guarantee language: 'guaranteed')"""
CG-01,CERTIFICATION_CLAIM,AMBIGUOUS,prose,uiowa_rfq_18649_capability_appendix/out/rejection_demo/capability_appendix.md,10,certification,- BAD-02 (language: certification and guarantee) - wording rejected (prohibited certification or guarantee language: 'certified';
CG-01,CERTIFICATION_CLAIM,REFUSAL,prose,uiowa_rfq_18649_capability_appendix/out/rejection_demo/capability_appendix.md,10,certification,prohibited certification or guarantee language: 'compliant';
CG-01,CERTIFICATION_CLAIM,REFUSAL,prose,uiowa_rfq_18649_capability_appendix/out/rejection_demo/capability_appendix.md,10,certification,prohibited certification or guarantee language: 'guaranteed')
CG-01,CERTIFICATION_CLAIM,ASSERTION,data,uiowa_rfq_18649_capability_appendix/out/rejection_demo/capability_claims.csv,3,certification,"BAD-02,language: certification and guarantee,no,.,1,python3 capabilityappendix.py,2026-09-19,0,wording rejected (prohibited certification or guarantee language: 'certified';"
CG-01,CERTIFICATION_CLAIM,REFUSAL,data,uiowa_rfq_18649_capability_appendix/out/rejection_demo/capability_claims.csv,3,certification,prohibited certification or guarantee language: 'compliant';
CG-01,CERTIFICATION_CLAIM,REFUSAL,data,uiowa_rfq_18649_capability_appendix/out/rejection_demo/capability_claims.csv,3,certification,prohibited certification or guarantee language: 'guaranteed')
CG-01,CERTIFICATION_CLAIM,AMBIGUOUS,prose,uiowa_rfq_18649_capability_appendix/out/rejection_demo/capability_evidence_index.md,31,certification,## BAD-02 - language: certification and guarantee
CG-01,CERTIFICATION_CLAIM,REFUSAL,prose,uiowa_rfq_18649_capability_appendix/out/rejection_demo/capability_evidence_index.md,35,certification,- Blocker: wording rejected (prohibited certification or guarantee language: 'certified';
CG-01,CERTIFICATION_CLAIM,REFUSAL,prose,uiowa_rfq_18649_capability_appendix/out/rejection_demo/capability_evidence_index.md,35,certification,prohibited certification or guarantee language: 'compliant';
CG-01,CERTIFICATION_CLAIM,REFUSAL,prose,uiowa_rfq_18649_capability_appendix/out/rejection_demo/capability_evidence_index.md,35,certification,prohibited certification or guarantee language: 'guaranteed')
CG-01,CERTIFICATION_CLAIM,AMBIGUOUS,test,uiowa_rfq_18649_capability_appendix/test_capability_appendix.py,67,certified,"self.assertIn(""certified"", blockers)"
CG-01,CERTIFICATION_CLAIM,REFUSAL,prose,uiowa_rfq_18649_capacity_benchmark/README.md,215,certification,"- No certification, compliance, maturity-score, or peer-percentile claim is made"
CG-03,PEER_COMPARISON,REFUSAL,prose,uiowa_rfq_18649_capacity_benchmark/README.md,215,percentile,"- No certification, compliance, maturity-score, or peer-percentile claim is made"
CG-01,CERTIFICATION_CLAIM,REFUSAL,code,uiowa_rfq_18649_capacity_benchmark/benchmark.py,590,certification,"""- Not claimed: no certification, no compliance conclusion, no peer percentile,"","
CG-03,PEER_COMPARISON,REFUSAL,code,uiowa_rfq_18649_capacity_benchmark/benchmark.py,590,percentile,"""- Not claimed: no certification, no compliance conclusion, no peer percentile,"","
CG-01,CERTIFICATION_CLAIM,REFUSAL,prose,uiowa_rfq_18649_capacity_benchmark/results/BENCHMARK_REPORT.md,196,certification,"- Not claimed: no certification, no compliance conclusion, no peer percentile,"
CG-03,PEER_COMPARISON,REFUSAL,prose,uiowa_rfq_18649_capacity_benchmark/results/BENCHMARK_REPORT.md,196,percentile,"- Not claimed: no certification, no compliance conclusion, no peer percentile,"
CG-01,CERTIFICATION_CLAIM,REFUSAL,prose,uiowa_rfq_18649_capacity_feasibility/README.md,196,certification,"No maturity score, no rating, no certification or compliance verdict, no peer percentile, no individual performance scoring, and no named individual anywhere."
CG-02,MATURITY_LEVEL,REFUSAL,prose,uiowa_rfq_18649_capacity_feasibility/README.md,196,maturity score,"No maturity score, no rating, no certification or compliance verdict, no peer percentile, no individual performance scoring, and no named individual anywhere."
CG-03,PEER_COMPARISON,REFUSAL,prose,uiowa_rfq_18649_capacity_feasibility/README.md,196,percentile,"No maturity score, no rating, no certification or compliance verdict, no peer percentile, no individual performance scoring, and no named individual anywhere."
CG-01,CERTIFICATION_CLAIM,REFUSAL,prose,uiowa_rfq_18649_capacity_scan/README.md,127,certification,"- No certification, compliance, or peer-percentile claim."
CG-03,PEER_COMPARISON,REFUSAL,prose,uiowa_rfq_18649_capacity_scan/README.md,127,percentile,"- No certification, compliance, or peer-percentile claim."
CG-01,CERTIFICATION_CLAIM,REFUSAL,prose,uiowa_rfq_18649_claim_audit/README.md,105,certification,"It rewrites no text, scores nothing, and produces no maturity, certification, compliance or peer-percentile claim."
CG-03,PEER_COMPARISON,REFUSAL,prose,uiowa_rfq_18649_claim_audit/README.md,105,percentile,"It rewrites no text, scores nothing, and produces no maturity, certification, compliance or peer-percentile claim."
CG-03,PEER_COMPARISON,REFUSAL,data,uiowa_rfq_18649_claim_audit/out/report_BAD.json,20,peer comparison,"""message"": ""tier A term 'world-class': states a peer comparison this engagement did not make"","
CG-03,PEER_COMPARISON,REFUSAL,prose,uiowa_rfq_18649_claim_audit/out/report_BAD.txt,6,peer comparison,[error] PROMOTIONALLANGUAGE execsummaryBAD.md:8 (world-class) tier A term 'world-class': states a peer comparison this engagement did not make > The delivery practices we reviewed are world-class and reflect industry bes
CG-03,PEER_COMPARISON,REFUSAL,code,uiowa_rfq_18649_claim_audit/rules.py,34,peer comparison,"""world-class"": ""states a peer comparison this engagement did not make"","
CG-03,PEER_COMPARISON,REFUSAL,code,uiowa_rfq_18649_claim_audit/rules.py,35,peer comparison,"""world class"": ""states a peer comparison this engagement did not make"","
CG-03,PEER_COMPARISON,REFUSAL,code,uiowa_rfq_18649_claim_audit/rules.py,36,peer comparison,"""best-in-class"": ""states a peer comparison this engagement did not make"","
CG-03,PEER_COMPARISON,REFUSAL,code,uiowa_rfq_18649_claim_audit/rules.py,37,peer comparison,"""best in class"": ""states a peer comparison this engagement did not make"","
CG-03,PEER_COMPARISON,REFUSAL,code,uiowa_rfq_18649_claim_audit/rules.py,38,peer comparison,"""industry-leading"": ""states a peer comparison this engagement did not make"","
CG-03,PEER_COMPARISON,REFUSAL,code,uiowa_rfq_18649_claim_audit/rules.py,39,peer comparison,"""industry leading"": ""states a peer comparison this engagement did not make"","
CG-03,PEER_COMPARISON,REFUSAL,code,uiowa_rfq_18649_claim_audit/rules.py,40,peer comparison,"""gold standard"": ""states a peer comparison this engagement did not make"","
CG-02,MATURITY_LEVEL,AMBIGUOUS,code,uiowa_rfq_18649_claim_audit/rules.py,78,maturity level,"""mature"": ""asserts a maturity level without stating what measured it"","
CG-01,CERTIFICATION_CLAIM,REFUSAL,prose,uiowa_rfq_18649_closeout/README.md,3,certify,"It does not delete files, return evidence, modify permissions, contact the University, or certify that disposition occurred."
CG-01,CERTIFICATION_CLAIM,REFUSAL,prose,uiowa_rfq_18649_closeout/README.md,76,certification,"This kit is not legal advice, a compliance certification, a deletion utility, or proof that any real evidence has been disposed."
CG-05,REAL_UNIVERSITY_FINDING,AMBIGUOUS,prose,uiowa_rfq_18649_closeout/SOURCE_NOTES.md,25,The University of Iowa,"The University of Iowa Standard Terms and Conditions attached to the solicitation include Section 12, “University records,” stating that the contractor shall not remove University records from the University."
CG-01,CERTIFICATION_CLAIM,REFUSAL,prose,uiowa_rfq_18649_contractor_transition/README.md,155,certify,"It does not score anyone, rate a unit's maturity, certify anything, or evaluate an individual — records are keyed to roles and systems, never to a named person."
CG-01,CERTIFICATION_CLAIM,AMBIGUOUS,data,uiowa_rfq_18649_contractor_transition/sample_output/transition_report.json,106,certification,"""compliance or certification conclusion"","
CG-01,CERTIFICATION_CLAIM,AMBIGUOUS,code,uiowa_rfq_18649_contractor_transition/transition.py,182,certification,"""compliance or certification conclusion"","
CG-03,PEER_COMPARISON,REFUSAL,prose,uiowa_rfq_18649_deadline_continuity/README.md,70,percentile,"There is no recommended field anywhere in the output, by design — a test greps the payload for recommend, winner, best option, maturity, score and percentile and fails if any appears."
CG-01,CERTIFICATION_CLAIM,REFUSAL,prose,uiowa_rfq_18649_deadline_continuity/README.md,149,certifies,"It does not rank teams, units or people, does not score maturity, certifies nothing, runs no load test, reads no live system, and schedules nothing — availability is a stated scenario assumption, never an appointment."
CG-03,PEER_COMPARISON,AMBIGUOUS,test,uiowa_rfq_18649_deadline_continuity/test_continuity.py,240,percentile,"""maturity"", ""score"", ""percentile""):"
CG-02,MATURITY_LEVEL,REFUSAL,prose,uiowa_rfq_18649_delivery_metrics/64-interpretation-notes.md,61,maturity tier,"It does not map them to an invented ""top quartile"", ""high performer"", percentile, or maturity tier."
CG-03,PEER_COMPARISON,REFUSAL,prose,uiowa_rfq_18649_delivery_metrics/64-interpretation-notes.md,61,percentile,"It does not map them to an invented ""top quartile"", ""high performer"", percentile, or maturity tier."
CG-02,MATURITY_LEVEL,REFUSAL,prose,uiowa_rfq_18649_delivery_scan/README.md,44,maturity score,"""there is no average, maturity score, confidence score, or employee ranking."""
CG-04,INDIVIDUAL_SCORING,REFUSAL,prose,uiowa_rfq_18649_delivery_scan/README.md,44,employee ranking,"""there is no average, maturity score, confidence score, or employee ranking."""
CG-01,CERTIFICATION_CLAIM,REFUSAL,prose,uiowa_rfq_18649_delivery_scan/README.md,46,certification,"""Not attempted: no scoring, maturity rating, percentile, certification verdict or individual/team performance rating is produced…"""
CG-02,MATURITY_LEVEL,REFUSAL,prose,uiowa_rfq_18649_delivery_scan/README.md,46,maturity rating,"""Not attempted: no scoring, maturity rating, percentile, certification verdict or individual/team performance rating is produced…"""
CG-03,PEER_COMPARISON,REFUSAL,prose,uiowa_rfq_18649_delivery_scan/README.md,46,percentile,"""Not attempted: no scoring, maturity rating, percentile, certification verdict or individual/team performance rating is produced…"""
CG-02,MATURITY_LEVEL,AMBIGUOUS,code,uiowa_rfq_18649_delivery_scan/delivery_scan.py,26,maturity score,"average, maturity score, confidence score, or employee ranking"","
CG-04,INDIVIDUAL_SCORING,AMBIGUOUS,code,uiowa_rfq_18649_delivery_scan/delivery_scan.py,26,employee ranking,"average, maturity score, confidence score, or employee ranking"","
CG-02,MATURITY_LEVEL,REFUSAL,test,uiowa_rfq_18649_delivery_scan/test_delivery_scan.py,52,maturity score,"""There is no average, maturity score, confidence score, or employee ranking."","
CG-04,INDIVIDUAL_SCORING,REFUSAL,test,uiowa_rfq_18649_delivery_scan/test_delivery_scan.py,52,employee ranking,"""There is no average, maturity score, confidence score, or employee ranking."","
CG-02,MATURITY_LEVEL,REFUSAL,test,uiowa_rfq_18649_delivery_scan/test_delivery_scan.py,60,maturity rating,"no scoring, maturity rating, percentile,\n"""
CG-03,PEER_COMPARISON,REFUSAL,test,uiowa_rfq_18649_delivery_scan/test_delivery_scan.py,60,percentile,"no scoring, maturity rating, percentile,\n"""
CG-01,CERTIFICATION_CLAIM,ASSERTION,test,uiowa_rfq_18649_delivery_scan/test_delivery_scan.py,61,certification,"""certification verdict or individual/team performance rating is produced by any path in\n"""
CG-01,CERTIFICATION_CLAIM,AMBIGUOUS,test,uiowa_rfq_18649_delivery_scan/test_delivery_scan.py,94,certification,"""commercial products/vendors, legal, audit, certification, insurance, or regulatory """
CG-01,CERTIFICATION_CLAIM,AMBIGUOUS,test,uiowa_rfq_18649_delivery_scan/test_delivery_scan.py,101,compliance verdict,"""into: an audit/compliance verdict, an individual performance evaluation, a """
CG-01,CERTIFICATION_CLAIM,AMBIGUOUS,test,uiowa_rfq_18649_delivery_scan/test_delivery_scan.py,108,certifies,"""certifies, failed the audit, in violation of.\n"""
CG-01,CERTIFICATION_CLAIM,ASSERTION,test,uiowa_rfq_18649_delivery_scan/test_delivery_scan.py,188,compliant with,"classes(""Finding 3: the RIS group is non-compliant with the standard, """
CG-01,CERTIFICATION_CLAIM,ASSERTION,test,uiowa_rfq_18649_delivery_scan/test_delivery_scan.py,205,compliant with,"classes(""The group is non-compliant with IT-18."
CG-01,CERTIFICATION_CLAIM,AMBIGUOUS,test,uiowa_rfq_18649_delivery_scan/test_delivery_scan.py,367,compliance verdict,"""a compliance verdict about a lane""),"
CG-01,CERTIFICATION_CLAIM,ASSERTION,prose,uiowa_rfq_18649_economics_resource_adapters/README.md,135,conformance,"Real and working: the five typed ledgers, all three adapters, the merge with conflict detection, the three-view accounting, the UNKNOWN handling, all four output writers, and the 122-test suite (45 integration, 33 confor"
CG-01,CERTIFICATION_CLAIM,REFUSAL,prose,uiowa_rfq_18649_economics_resource_adapters/README.md,252,certification,"No product or vendor purchase recommendation, no certification/compliance/peer-percentile claim, and no individual performance scoring appears anywhere in this lane."
CG-03,PEER_COMPARISON,REFUSAL,prose,uiowa_rfq_18649_economics_resource_adapters/README.md,252,percentile,"No product or vendor purchase recommendation, no certification/compliance/peer-percentile claim, and no individual performance scoring appears anywhere in this lane."
CG-01,CERTIFICATION_CLAIM,AMBIGUOUS,code,uiowa_rfq_18649_economics_resource_adapters/check_contract.py,2,conformance,"""""""Contract conformance checker for the UIOWA-105 adapters."
CG-01,CERTIFICATION_CLAIM,AMBIGUOUS,data,uiowa_rfq_18649_economics_resource_adapters/sample_output/integrated.json,1209,certification,"""label"": ""Generate effort-certification reminder narratives"","
CG-01,CERTIFICATION_CLAIM,AMBIGUOUS,data,uiowa_rfq_18649_economics_resource_adapters/sample_output/integrated.json,1560,certification,"""label"": ""Generate effort-certification reminder narratives"","
CG-01,CERTIFICATION_CLAIM,ASSERTION,prose,uiowa_rfq_18649_economics_resource_adapters/sample_output/integration_report.md,54,certification,"- WI-FROM-OPP-RIS-02 Generate effort-certification reminder narratives — no crosswalk entry: this candidate is not yet tied to a recommendation, and the join is not guessed from the title"
CG-01,CERTIFICATION_CLAIM,AMBIGUOUS,test,uiowa_rfq_18649_economics_resource_adapters/test_check_contract.py,2,conformance,"""""""Tests for the UIOWA-105 contract conformance checker."
CG-01,CERTIFICATION_CLAIM,REFUSAL,prose,uiowa_rfq_18649_exec_summary/README.md,221,certification,"No maturity scores, certification claims, or peer-percentile comparisons."
CG-03,PEER_COMPARISON,REFUSAL,prose,uiowa_rfq_18649_exec_summary/README.md,221,percentile,"No maturity scores, certification claims, or peer-percentile comparisons."
CG-01,CERTIFICATION_CLAIM,REFUSAL,prose,uiowa_rfq_18649_export_safety/README.md,112,certified,"Zero findings means no issue detected by these nine checks — never ""certified"", ""compliant"" or ""safe""."
CG-01,CERTIFICATION_CLAIM,REFUSAL,prose,uiowa_rfq_18649_export_safety/README.md,131,certification,"No certification, compliance or peer-comparison claim."
CG-01,CERTIFICATION_CLAIM,REFUSAL,prose,uiowa_rfq_18649_export_safety/examples/export_safety_report.md,21,certified,"Zero findings means no issue detected by these eight checks — never ""certified"", ""compliant"" or ""safe""."
CG-01,CERTIFICATION_CLAIM,AMBIGUOUS,data,uiowa_rfq_18649_export_safety/examples/findings.csv,2,CONFORMANCE,"Consider a sidecar notice file, or accept it and say so in the lane's README"",# ARTIFACT CONFORMANCE EVIDENCE ONLY."
CG-01,CERTIFICATION_CLAIM,AMBIGUOUS,data,uiowa_rfq_18649_export_safety/examples/findings.csv,3,CONFORMANCE,"Consider a sidecar notice file, or accept it and say so in the lane's README"",# ARTIFACT CONFORMANCE EVIDENCE ONLY."
CG-01,CERTIFICATION_CLAIM,AMBIGUOUS,data,uiowa_rfq_18649_export_safety/examples/findings.json,183,CONFORMANCE,"""sample"": ""# ARTIFACT CONFORMANCE EVIDENCE ONLY."
CG-01,CERTIFICATION_CLAIM,AMBIGUOUS,data,uiowa_rfq_18649_export_safety/examples/findings.json,194,CONFORMANCE,"""sample"": ""# ARTIFACT CONFORMANCE EVIDENCE ONLY."
CG-01,CERTIFICATION_CLAIM,REFUSAL,code,uiowa_rfq_18649_export_safety/export_safety.py,44,certified,"Zero findings means ""no issue detected by these nine checks"", never ""certified"","
CG-01,CERTIFICATION_CLAIM,AMBIGUOUS,code,uiowa_rfq_18649_export_safety/export_safety.py,354,certified,"""\""certified\"", \""compliant\"" or \""safe\""."
CG-01,CERTIFICATION_CLAIM,REFUSAL,test,uiowa_rfq_18649_export_safety/test_export_safety.py,189,certified,"self.assertIn(""never \""certified\"""", text)"
CG-01,CERTIFICATION_CLAIM,AMBIGUOUS,test,uiowa_rfq_18649_filesystem_safety/test_fsaudit.py,304,CERTIFIED,"for verdict in (""CERTIFIED"", ""COMPLIANT"", ""SAFETY SCORE"", ""% SAFE"", ""GUARANTEE""):"
CG-02,MATURITY_LEVEL,REFUSAL,prose,uiowa_rfq_18649_handoff/README.md,64,readiness score,- No arithmetic maturity/readiness score is generated.
CG-03,PEER_COMPARISON,AMBIGUOUS,test,uiowa_rfq_18649_import_safety/test_import_safety.py,254,percentile,"for banned in (""score"", ""rating"", ""percentile"", ""rank"", ""grade"","
CG-02,MATURITY_LEVEL,REFUSAL,prose,uiowa_rfq_18649_incident_learning/README.md,49,maturity rating,it is not a department-wide maturity rating.
CG-01,CERTIFICATION_CLAIM,REFUSAL,prose,uiowa_rfq_18649_intake_rehearsal/README.md,186,certification,"No maturity score, rating, percentile, certification or compliance verdict is produced anywhere in this package, and no individual's performance is assessed."
CG-02,MATURITY_LEVEL,REFUSAL,prose,uiowa_rfq_18649_intake_rehearsal/README.md,186,maturity score,"No maturity score, rating, percentile, certification or compliance verdict is produced anywhere in this package, and no individual's performance is assessed."
CG-03,PEER_COMPARISON,REFUSAL,prose,uiowa_rfq_18649_intake_rehearsal/README.md,186,percentile,"No maturity score, rating, percentile, certification or compliance verdict is produced anywhere in this package, and no individual's performance is assessed."
CG-01,CERTIFICATION_CLAIM,REFUSAL,prose,uiowa_rfq_18649_intake_rehearsal/artifacts/REHEARSAL_REPORT.md,142,certification,"- No maturity score, rating, percentile, certification or compliance verdict is produced anywhere in this package, and no individual's performance is assessed."
CG-02,MATURITY_LEVEL,REFUSAL,prose,uiowa_rfq_18649_intake_rehearsal/artifacts/REHEARSAL_REPORT.md,142,maturity score,"- No maturity score, rating, percentile, certification or compliance verdict is produced anywhere in this package, and no individual's performance is assessed."
CG-03,PEER_COMPARISON,REFUSAL,prose,uiowa_rfq_18649_intake_rehearsal/artifacts/REHEARSAL_REPORT.md,142,percentile,"- No maturity score, rating, percentile, certification or compliance verdict is produced anywhere in this package, and no individual's performance is assessed."
CG-01,CERTIFICATION_CLAIM,REFUSAL,code,uiowa_rfq_18649_intake_rehearsal/rehearse_intake.py,515,certification,"a(""- No maturity score, rating, percentile, certification or compliance verdict is """
CG-02,MATURITY_LEVEL,REFUSAL,code,uiowa_rfq_18649_intake_rehearsal/rehearse_intake.py,515,maturity score,"a(""- No maturity score, rating, percentile, certification or compliance verdict is """
CG-03,PEER_COMPARISON,REFUSAL,code,uiowa_rfq_18649_intake_rehearsal/rehearse_intake.py,515,percentile,"a(""- No maturity score, rating, percentile, certification or compliance verdict is """
CG-02,MATURITY_LEVEL,AMBIGUOUS,test,uiowa_rfq_18649_intake_rehearsal/test_rehearsal.py,205,maturity score,"for banned in (""maturityscore"", ""maturity score"", ""percentile"", ""peer rank"","
CG-03,PEER_COMPARISON,AMBIGUOUS,test,uiowa_rfq_18649_intake_rehearsal/test_rehearsal.py,205,percentile,"for banned in (""maturityscore"", ""maturity score"", ""percentile"", ""peer rank"","
CG-01,CERTIFICATION_CLAIM,ASSERTION,test,uiowa_rfq_18649_intake_rehearsal/test_rehearsal.py,206,certified,"""overall score"", ""grade:"", ""level 1 of"", ""certified""):"
CG-01,CERTIFICATION_CLAIM,REFUSAL,data,uiowa_rfq_18649_labeling_integrity/examples/live_snapshot/artifacts.csv,106,certified,"not synthetic,uiowarfq18649bidpack,uiowarfq18649bidpack/sampleoutput/attachments/A02-certified-cost-rate-schedule.PLACEHOLDER.txt,DISCLOSED,OTHER,0,neither record-shaped nor obviously configuration"
CG-01,CERTIFICATION_CLAIM,AMBIGUOUS,data,uiowa_rfq_18649_labeling_integrity/examples/live_snapshot/screen.json,986,certified,"""path"": ""uiowarfq18649bidpack/sampleoutput/attachments/A02-certified-cost-rate-schedule.PLACEHOLDER.txt"","
CG-01,CERTIFICATION_CLAIM,AMBIGUOUS,test,uiowa_rfq_18649_labeling_integrity/test_labelcheck.py,266,CERTIFIED,"for verdict in (""CERTIFIED"", ""COMPLIANT"", ""LABELING SCORE"", ""% LABELED""):"
CG-03,PEER_COMPARISON,AMBIGUOUS,prose,uiowa_rfq_18649_mobilization/README.md,50,peer comparison,Select a defensible peer comparison approach and record comparability limits.
CG-03,PEER_COMPARISON,ASSERTION,data,uiowa_rfq_18649_observability/examples.json,77,percentile,"""target"": {""operator"": ""<="", ""valuems"": 1200, ""percentile"": 95},"
CG-02,MATURITY_LEVEL,REFUSAL,prose,uiowa_rfq_18649_operator_handoff/OPERATOR_GUIDE.md,381,maturity rating,"is correct for the University's real evidence, and it is not a maturity rating."
CG-01,CERTIFICATION_CLAIM,REFUSAL,prose,uiowa_rfq_18649_operator_handoff/OPERATOR_GUIDE.md,384,certifies,"- No component here certifies compliance, scores an individual, or ranks the"
CG-01,CERTIFICATION_CLAIM,REFUSAL,prose,uiowa_rfq_18649_operator_handoff/README.md,10,certifies,"> No component here certifies compliance, scores an individual, rates maturity, or > ranks the University against peers, and this handoff adds no such capability."
CG-03,PEER_COMPARISON,REFUSAL,prose,uiowa_rfq_18649_operator_handoff/README.md,103,percentile,"University-input register is asserted to contain only UNKNOWN, and a test forbids it growing a score/rating/maturity/percentile/grade column."
CG-01,CERTIFICATION_CLAIM,ASSERTION,prose,uiowa_rfq_18649_operator_handoff/fixtures/minikit/README.md,14,certify,"It is the strength/gap pair the fixture is required to demonstrate: alpha shows the verifier can certify a passing component, bravo shows it refuses to certify a broken one even though bravo's own README claims it works."
CG-02,MATURITY_LEVEL,REFUSAL,code,uiowa_rfq_18649_operator_handoff/render_guide.py,209,maturity rating,"L.append("" is correct for the University's real evidence, and it is not a maturity rating."")"
CG-01,CERTIFICATION_CLAIM,REFUSAL,code,uiowa_rfq_18649_operator_handoff/render_guide.py,212,certifies,"L.append(""- No component here certifies compliance, scores an individual, or ranks the"")"
CG-01,CERTIFICATION_CLAIM,REFUSAL,data,uiowa_rfq_18649_operator_handoff/sample/command_index.json,413,conformance,"It is not a validity, PDF/UA, WCAG or any other conformance claim."""
CG-01,CERTIFICATION_CLAIM,REFUSAL,data,uiowa_rfq_18649_operator_handoff/sample/command_index.json,615,compliance verdict,"It never connects to live systems, reads\ncredentials, or turns missing evidence into a security/compliance verdict.\n\npositional arguments:\n input JSON event packet\n\noptions:\n -h, --help show this help message and "
CG-05,REAL_UNIVERSITY_FINDING,ASSERTION,data,uiowa_rfq_18649_operator_handoff/sample/command_index.json,1057,the University of Iowa,"""outputtail"": ""usage: server.py [-h] [--port PORT]\n\nLoopback-only analyst workbench for the University of Iowa RFQ 18649 carrier.\nThis server deliberately exposes only the existing compiler's untrusted\ninspection pat"
CG-05,REAL_UNIVERSITY_FINDING,REFUSAL,data,uiowa_rfq_18649_operator_handoff/sample/component_status.json,1105,the University of Iowa,"No record here describes the University of Iowa or any real institution, policy, system, or person.\ncells=15 assessed=10 notassessed=4 blocked=1 gaps=3 strengths=5\nCAUTION: 4 of 15 cells were never assessed."
CG-01,CERTIFICATION_CLAIM,ASSERTION,data,uiowa_rfq_18649_operator_handoff/sample/component_status.json,1561,compliance determination,"""outputtail"": ""atched : \""non-compliant\""\n in : The service is non-compliant and we recommend purchasing a new tool.\n why : States a compliance determination."
CG-05,REAL_UNIVERSITY_FINDING,REFUSAL,prose,uiowa_rfq_18649_operator_handoff/sample/verification_log.md,672,the University of Iowa,"No record here describes the University of Iowa or any real institution, policy, system, or person."
CG-01,CERTIFICATION_CLAIM,AMBIGUOUS,prose,uiowa_rfq_18649_operator_handoff/sample/verification_log.md,963,compliance determination,why : States a compliance determination.
CG-03,PEER_COMPARISON,AMBIGUOUS,test,uiowa_rfq_18649_operator_handoff/test_verify_kit.py,458,percentile,"for banned in (""score"", ""rating"", ""maturity"", ""percentile"", ""grade""):"
CG-02,MATURITY_LEVEL,REFUSAL,test,uiowa_rfq_18649_operator_handoff/test_verify_kit.py,486,maturity rating,"self.assertIn(""not a maturity rating"", text)"
CG-02,MATURITY_LEVEL,REFUSAL,code,uiowa_rfq_18649_operator_handoff/verify_kit.py,33,maturity rating,There is no maturity rating here and no ranking of one
CG-01,CERTIFICATION_CLAIM,REFUSAL,prose,uiowa_rfq_18649_outcome_measurement/README.md,10,certify,"it does not score individual employees, certify effectiveness, or manufacture causality."
CG-04,INDIVIDUAL_SCORING,REFUSAL,prose,uiowa_rfq_18649_outcome_measurement/README.md,73,individual performance ranking,no individual performance ranking.
CG-05,REAL_UNIVERSITY_FINDING,REFUSAL,prose,uiowa_rfq_18649_output_agreement/README.md,3,the University of Iowa,Nothing here describes the University of Iowa.
CG-01,CERTIFICATION_CLAIM,REFUSAL,prose,uiowa_rfq_18649_output_agreement/README.md,162,compliance determination,It is not a formal audit and issues no compliance determination.
CG-05,REAL_UNIVERSITY_FINDING,REFUSAL,prose,uiowa_rfq_18649_print_pagination/README.md,10,the University of Iowa,"No finding, > citation, locator or figure describes the University of Iowa or any real > institution, system or person."
CG-05,REAL_UNIVERSITY_FINDING,REFUSAL,data,uiowa_rfq_18649_print_pagination/sample/inspection_boundary_citation_split_fixed.json,2,the University of Iowa,"No finding, citation, locator or figure here describes the University of Iowa or any real institution, system or person."","
CG-05,REAL_UNIVERSITY_FINDING,REFUSAL,prose,uiowa_rfq_18649_print_pagination/sample/inspection_boundary_citation_split_fixed.md,3,the University of Iowa,"No finding, citation, locator or figure here describes the University of Iowa or any real institution, system or person."
CG-05,REAL_UNIVERSITY_FINDING,REFUSAL,data,uiowa_rfq_18649_print_pagination/sample/inspection_boundary_citation_split_naive.json,2,the University of Iowa,"No finding, citation, locator or figure here describes the University of Iowa or any real institution, system or person."","
CG-05,REAL_UNIVERSITY_FINDING,REFUSAL,prose,uiowa_rfq_18649_print_pagination/sample/inspection_boundary_citation_split_naive.md,3,the University of Iowa,"No finding, citation, locator or figure here describes the University of Iowa or any real institution, system or person."
CG-05,REAL_UNIVERSITY_FINDING,REFUSAL,data,uiowa_rfq_18649_print_pagination/sample/inspection_boundary_orphan_heading_fixed.json,2,the University of Iowa,"No finding, citation, locator or figure here describes the University of Iowa or any real institution, system or person."","
CG-05,REAL_UNIVERSITY_FINDING,REFUSAL,prose,uiowa_rfq_18649_print_pagination/sample/inspection_boundary_orphan_heading_fixed.md,3,the University of Iowa,"No finding, citation, locator or figure here describes the University of Iowa or any real institution, system or person."
CG-05,REAL_UNIVERSITY_FINDING,REFUSAL,data,uiowa_rfq_18649_print_pagination/sample/inspection_boundary_orphan_heading_naive.json,2,the University of Iowa,"No finding, citation, locator or figure here describes the University of Iowa or any real institution, system or person."","
CG-05,REAL_UNIVERSITY_FINDING,REFUSAL,prose,uiowa_rfq_18649_print_pagination/sample/inspection_boundary_orphan_heading_naive.md,3,the University of Iowa,"No finding, citation, locator or figure here describes the University of Iowa or any real institution, system or person."
CG-05,REAL_UNIVERSITY_FINDING,REFUSAL,data,uiowa_rfq_18649_print_pagination/sample/inspection_report_document_fixed.json,2,the University of Iowa,"No finding, citation, locator or figure here describes the University of Iowa or any real institution, system or person."","
CG-05,REAL_UNIVERSITY_FINDING,REFUSAL,prose,uiowa_rfq_18649_print_pagination/sample/inspection_report_document_fixed.md,3,the University of Iowa,"No finding, citation, locator or figure here describes the University of Iowa or any real institution, system or person."
CG-05,REAL_UNIVERSITY_FINDING,REFUSAL,data,uiowa_rfq_18649_print_pagination/sample/inspection_report_document_naive.json,2,the University of Iowa,"No finding, citation, locator or figure here describes the University of Iowa or any real institution, system or person."","
CG-05,REAL_UNIVERSITY_FINDING,REFUSAL,prose,uiowa_rfq_18649_print_pagination/sample/inspection_report_document_naive.md,3,the University of Iowa,"No finding, citation, locator or figure here describes the University of Iowa or any real institution, system or person."
CG-01,CERTIFICATION_CLAIM,REFUSAL,prose,uiowa_rfq_18649_prioritization/DATA_DICTIONARY.md,183,compliance verdict,"No field above was populated from University of Iowa data, and no output is a finding, a maturity score, a compliance verdict, a peer comparison, or an assessment of any individual."
CG-02,MATURITY_LEVEL,REFUSAL,prose,uiowa_rfq_18649_prioritization/DATA_DICTIONARY.md,183,maturity score,"No field above was populated from University of Iowa data, and no output is a finding, a maturity score, a compliance verdict, a peer comparison, or an assessment of any individual."
CG-03,PEER_COMPARISON,REFUSAL,prose,uiowa_rfq_18649_prioritization/DATA_DICTIONARY.md,183,peer comparison,"No field above was populated from University of Iowa data, and no output is a finding, a maturity score, a compliance verdict, a peer comparison, or an assessment of any individual."
CG-01,CERTIFICATION_CLAIM,REFUSAL,prose,uiowa_rfq_18649_prioritization/README.md,22,compliance verdict,"No maturity level, compliance verdict or peer percentile is produced, because none of those are things this tool is entitled to say."
CG-02,MATURITY_LEVEL,REFUSAL,prose,uiowa_rfq_18649_prioritization/README.md,22,maturity level,"No maturity level, compliance verdict or peer percentile is produced, because none of those are things this tool is entitled to say."
CG-03,PEER_COMPARISON,REFUSAL,prose,uiowa_rfq_18649_prioritization/README.md,22,percentile,"No maturity level, compliance verdict or peer percentile is produced, because none of those are things this tool is entitled to say."
CG-01,CERTIFICATION_CLAIM,REFUSAL,prose,uiowa_rfq_18649_prioritization/examples/baseline-worksheet.md,133,compliance verdict,"It is not a maturity score, a compliance verdict, a peer comparison or an assessment of any individual."
CG-02,MATURITY_LEVEL,REFUSAL,prose,uiowa_rfq_18649_prioritization/examples/baseline-worksheet.md,133,maturity score,"It is not a maturity score, a compliance verdict, a peer comparison or an assessment of any individual."
CG-03,PEER_COMPARISON,REFUSAL,prose,uiowa_rfq_18649_prioritization/examples/baseline-worksheet.md,133,peer comparison,"It is not a maturity score, a compliance verdict, a peer comparison or an assessment of any individual."
CG-05,REAL_UNIVERSITY_FINDING,REFUSAL,data,uiowa_rfq_18649_prioritization/fixtures/synthetic-recommendations.json,4,the University of Iowa,"They are internally consistent with the synthetic evidence register in ../../uiowarfq18649workshare/methodology/23-synthetic-evidence-register.csv so the two fixtures can be read together, but nothing here describes the "
CG-02,MATURITY_LEVEL,REFUSAL,code,uiowa_rfq_18649_prioritization/prioritize.py,38,maturity score,"network access, reads no University data, and produces no maturity score,"
CG-01,CERTIFICATION_CLAIM,AMBIGUOUS,code,uiowa_rfq_18649_prioritization/prioritize.py,39,compliance verdict,"compliance verdict, peer percentile or individual performance rating."
CG-03,PEER_COMPARISON,AMBIGUOUS,code,uiowa_rfq_18649_prioritization/prioritize.py,39,percentile,"compliance verdict, peer percentile or individual performance rating."
CG-04,INDIVIDUAL_SCORING,AMBIGUOUS,code,uiowa_rfq_18649_prioritization/prioritize.py,39,individual performance rating,"compliance verdict, peer percentile or individual performance rating."
CG-01,CERTIFICATION_CLAIM,AMBIGUOUS,code,uiowa_rfq_18649_prioritization/prioritize.py,1398,compliance verdict,"""maturity score, a compliance verdict, a peer comparison or an assessment """
CG-02,MATURITY_LEVEL,AMBIGUOUS,code,uiowa_rfq_18649_prioritization/prioritize.py,1398,maturity score,"""maturity score, a compliance verdict, a peer comparison or an assessment """
CG-03,PEER_COMPARISON,AMBIGUOUS,code,uiowa_rfq_18649_prioritization/prioritize.py,1398,peer comparison,"""maturity score, a compliance verdict, a peer comparison or an assessment """
CG-03,PEER_COMPARISON,REFUSAL,prose,uiowa_rfq_18649_qa_refusal_contract/README.md,79,percentile,One organisation has no percentile.
CG-03,PEER_COMPARISON,ASSERTION,prose,uiowa_rfq_18649_qa_refusal_contract/README.md,121,percentile,"Coverage is absolute: if a question asks about ""peer percentile ranking"" and the candidate contains none of {peer, percentile, rank}, it does not matter that it outscored the corpus."
CG-01,CERTIFICATION_CLAIM,REFUSAL,prose,uiowa_rfq_18649_qa_refusal_contract/README.md,168,certification,"no scoring, maturity rating, percentile, certification verdict or individual/team performance rating is produced by any path in this code, and the fixtures contain none."
CG-02,MATURITY_LEVEL,REFUSAL,prose,uiowa_rfq_18649_qa_refusal_contract/README.md,168,maturity rating,"no scoring, maturity rating, percentile, certification verdict or individual/team performance rating is produced by any path in this code, and the fixtures contain none."
CG-03,PEER_COMPARISON,REFUSAL,prose,uiowa_rfq_18649_qa_refusal_contract/README.md,168,percentile,"no scoring, maturity rating, percentile, certification verdict or individual/team performance rating is produced by any path in this code, and the fixtures contain none."
CG-03,PEER_COMPARISON,AMBIGUOUS,data,uiowa_rfq_18649_qa_refusal_contract/fixtures/packet.json,307,percentile,"""subject"": ""Peer comparison and percentile ranking"","
CG-03,PEER_COMPARISON,AMBIGUOUS,data,uiowa_rfq_18649_qa_refusal_contract/fixtures/packet.json,311,percentile,"""percentile"","
CG-03,PEER_COMPARISON,ASSERTION,data,uiowa_rfq_18649_qa_refusal_contract/fixtures/packet.json,324,percentile,"""What percentile are we in compared to other universities?"","
CG-03,PEER_COMPARISON,AMBIGUOUS,data,uiowa_rfq_18649_qa_refusal_contract/fixtures/packet.json,326,industry average,"""Are we above or below the industry average?"""
CG-03,PEER_COMPARISON,REFUSAL,data,uiowa_rfq_18649_qa_refusal_contract/fixtures/packet.json,328,percentile,"""cannot"": ""This assessment cannot place the University in a percentile, a quartile or a ranking against peer institutions."
CG-03,PEER_COMPARISON,REFUSAL,data,uiowa_rfq_18649_qa_refusal_contract/fixtures/packet.json,330,percentile,A single organisation has no percentile.
CG-01,CERTIFICATION_CLAIM,AMBIGUOUS,data,uiowa_rfq_18649_qa_refusal_contract/fixtures/packet.json,366,certification,"""subject"": ""Compliance verdicts, audit outcomes and certification"","
CG-01,CERTIFICATION_CLAIM,AMBIGUOUS,data,uiowa_rfq_18649_qa_refusal_contract/fixtures/packet.json,373,certified,"""certified"","
CG-01,CERTIFICATION_CLAIM,AMBIGUOUS,data,uiowa_rfq_18649_qa_refusal_contract/fixtures/packet.json,374,certification,"""certification"","
CG-01,CERTIFICATION_CLAIM,AMBIGUOUS,data,uiowa_rfq_18649_qa_refusal_contract/fixtures/packet.json,387,compliant with,"""Are we compliant with the NIST framework?"","
CG-01,CERTIFICATION_CLAIM,AMBIGUOUS,data,uiowa_rfq_18649_qa_refusal_contract/fixtures/packet.json,388,certification,"""Can we use this as evidence of certification?"","
CG-01,CERTIFICATION_CLAIM,REFUSAL,data,uiowa_rfq_18649_qa_refusal_contract/fixtures/packet.json,391,compliance verdict,"""cannot"": ""This assessment cannot issue a compliance verdict."
CG-01,CERTIFICATION_CLAIM,REFUSAL,data,uiowa_rfq_18649_qa_refusal_contract/fixtures/packet.json,391,certification,"It produces no pass, no fail, no certification and no attestation, and it is not an audit."","
CG-01,CERTIFICATION_CLAIM,AMBIGUOUS,data,uiowa_rfq_18649_qa_refusal_contract/fixtures/packet.json,392,compliance determination,"""requires"": ""A compliance determination would require an audit against a named control framework: defined control objectives, a complete population rather than a sample, tested evidence for each control, and an auditor w"
CG-03,PEER_COMPARISON,ASSERTION,data,uiowa_rfq_18649_qa_refusal_contract/fixtures/packet_defective.json,156,percentile,"""text"": ""ESS is compliant and would be ranked against peers in the top percentile."","
CG-03,PEER_COMPARISON,AMBIGUOUS,data,uiowa_rfq_18649_qa_refusal_contract/fixtures/packet_defective.json,168,percentile,"""triggerterms"": [""percentile""],"
CG-03,PEER_COMPARISON,ASSERTION,data,uiowa_rfq_18649_qa_refusal_contract/fixtures/packet_defective.json,169,percentile,"""questionvariants"": [""What percentile are we in?""],"
CG-03,PEER_COMPARISON,AMBIGUOUS,code,uiowa_rfq_18649_qa_refusal_contract/index.py,23,percentile,"""peer percentile ranking"" and the candidate record contains none of"
CG-03,PEER_COMPARISON,REFUSAL,code,uiowa_rfq_18649_qa_refusal_contract/index.py,24,percentile,"{peer, percentile, rank}, it does not matter that it outscored everything else"
CG-03,PEER_COMPARISON,AMBIGUOUS,code,uiowa_rfq_18649_qa_refusal_contract/index.py,172,percentile,"# (""percentile"") costs far more than missing a common one"
CG-01,CERTIFICATION_CLAIM,AMBIGUOUS,code,uiowa_rfq_18649_qa_refusal_contract/qa.py,6,compliance verdict,"peer percentile, a team ranking, a compliance verdict."
CG-03,PEER_COMPARISON,AMBIGUOUS,code,uiowa_rfq_18649_qa_refusal_contract/qa.py,6,percentile,"peer percentile, a team ranking, a compliance verdict."
CG-03,PEER_COMPARISON,ASSERTION,code,uiowa_rfq_18649_qa_refusal_contract/qa.py,57,percentile,"# question class is identifiable from one word (""percentile"", ""auditor"","
CG-03,PEER_COMPARISON,ASSERTION,test,uiowa_rfq_18649_qa_refusal_contract/test_qa.py,155,percentile,"""What percentile are we in compared to other """
CG-01,CERTIFICATION_CLAIM,AMBIGUOUS,test,uiowa_rfq_18649_qa_refusal_contract/test_qa.py,171,compliant with,"""Are we compliant with the NIST framework?""):"
CG-01,CERTIFICATION_CLAIM,ASSERTION,test,uiowa_rfq_18649_qa_refusal_contract/test_qa.py,270,compliant with,"for bad in (""ESS is compliant with the framework."","
CG-03,PEER_COMPARISON,AMBIGUOUS,test,uiowa_rfq_18649_qa_refusal_contract/test_qa.py,271,percentile,"""This would place us in the top percentile."","
CG-01,CERTIFICATION_CLAIM,AMBIGUOUS,code,uiowa_rfq_18649_qa_refusal_contract/uncertainty.py,145,certify,"ication)\b"", ""certify/certified""),"
CG-03,PEER_COMPARISON,AMBIGUOUS,code,uiowa_rfq_18649_qa_refusal_contract/uncertainty.py,148,percentile,"(r""\bpercentile\b"", ""percentile""),"
CG-01,CERTIFICATION_CLAIM,REFUSAL,prose,uiowa_rfq_18649_question_cards/README.md,200,certification,"No certification, compliance, maturity or peer-percentile claims."
CG-03,PEER_COMPARISON,REFUSAL,prose,uiowa_rfq_18649_question_cards/README.md,200,percentile,"No certification, compliance, maturity or peer-percentile claims."
CG-02,MATURITY_LEVEL,REFUSAL,code,uiowa_rfq_18649_rating_model/rating_model.py,4,maturity score,"The engine deliberately refuses to calculate an arithmetic ""maturity score""."
CG-02,MATURITY_LEVEL,REFUSAL,code,uiowa_rfq_18649_rating_model/rating_model.py,230,maturity score,"""No arithmetic mean maturity score was calculated."","
CG-02,MATURITY_LEVEL,REFUSAL,prose,uiowa_rfq_18649_readout_deck/README.md,190,maturity score,"Nothing here converts an absent input into a zero, a pass, or a maturity score."
CG-01,CERTIFICATION_CLAIM,REFUSAL,prose,uiowa_rfq_18649_readout_deck/README.md,249,certification,"No certification, compliance, or peer-percentile claim is made or computed."
CG-02,MATURITY_LEVEL,REFUSAL,prose,uiowa_rfq_18649_readout_deck/README.md,249,maturity score,"No maturity score: the roadmap describes each phase by the evidence it is expected to produce, and the example report says so in roadmap.progressionnote."
CG-03,PEER_COMPARISON,REFUSAL,prose,uiowa_rfq_18649_readout_deck/README.md,249,percentile,"No certification, compliance, or peer-percentile claim is made or computed."
CG-02,MATURITY_LEVEL,REFUSAL,data,uiowa_rfq_18649_readout_deck/data/broken-roadmap-report.json,218,maturity level,"It does not assert a maturity level, a score, or a transformation outcome;"
CG-02,MATURITY_LEVEL,REFUSAL,data,uiowa_rfq_18649_readout_deck/data/deck-agreeing-with-broken-roadmap.json,186,maturity level,"do not promise a maturity level."","
CG-02,MATURITY_LEVEL,REFUSAL,data,uiowa_rfq_18649_readout_deck/data/deck-agreeing-with-broken-roadmap.json,382,maturity level,"""Each phase is described by the evidence it produces, not by a maturity level."""
CG-02,MATURITY_LEVEL,REFUSAL,data,uiowa_rfq_18649_readout_deck/data/example-readout-deck.json,103,maturity level,"do not promise a maturity level."","
CG-02,MATURITY_LEVEL,REFUSAL,data,uiowa_rfq_18649_readout_deck/data/example-readout-deck.json,205,maturity level,"""Each phase is described by the evidence it produces, not by a maturity level."""
CG-02,MATURITY_LEVEL,REFUSAL,data,uiowa_rfq_18649_readout_deck/data/example-report.json,217,maturity level,"It does not assert a maturity level, a score, or a transformation outcome;"
CG-02,MATURITY_LEVEL,REFUSAL,code,uiowa_rfq_18649_readout_deck/deck_architecture.py,778,maturity level,"None of them is presented as a zero, a pass, or a maturity level."")"
CG-02,MATURITY_LEVEL,REFUSAL,prose,uiowa_rfq_18649_readout_deck/examples/readout-deck.md,115,maturity level,do not promise a maturity level.
CG-02,MATURITY_LEVEL,REFUSAL,prose,uiowa_rfq_18649_readout_deck/examples/readout-deck.md,224,maturity level,"- Each phase is described by the evidence it produces, not by a maturity level."
CG-02,MATURITY_LEVEL,REFUSAL,prose,uiowa_rfq_18649_readout_deck/examples/readout-deck.md,295,maturity level,"None of them is presented as a zero, a pass, or a maturity level."
CG-02,MATURITY_LEVEL,REFUSAL,data,uiowa_rfq_18649_readout_deck/templates/readout-deck-template.json,66,maturity level,"""speakernotes"": [""REPLACE - state each phase by the evidence it produces, not a maturity level""]"
CG-02,MATURITY_LEVEL,AMBIGUOUS,prose,uiowa_rfq_18649_recovery_evidence/README-OP5-IRONWOOD-second-implementation.md,186,maturity score,"pass, or a maturity score."
CG-01,CERTIFICATION_CLAIM,REFUSAL,prose,uiowa_rfq_18649_recovery_evidence/README-OP5-IRONWOOD-second-implementation.md,190,certification,"- No maturity, certification, compliance or peer-percentile claims. A rung"
CG-03,PEER_COMPARISON,REFUSAL,prose,uiowa_rfq_18649_recovery_evidence/README-OP5-IRONWOOD-second-implementation.md,190,percentile,"- No maturity, certification, compliance or peer-percentile claims. A rung"
CG-05,REAL_UNIVERSITY_FINDING,REFUSAL,prose,uiowa_rfq_18649_recovery_evidence/README-OP5-IRONWOOD-second-implementation.md,221,the University of Iowa,"Nothing in this lane describes the University of Iowa, any real estate, or any real incident, and no figure here should be cited as a finding."
CG-05,REAL_UNIVERSITY_FINDING,REFUSAL,data,uiowa_rfq_18649_recovery_evidence/fixtures/synthetic_estate.json,2,the University of Iowa,"Nothing here describes the University of Iowa, any real estate, or any real incident."
CG-05,REAL_UNIVERSITY_FINDING,REFUSAL,data,uiowa_rfq_18649_recovery_evidence/out/recovery_evidence.json,3,the University of Iowa,"Nothing here describes the University of Iowa, any real estate, or any real incident."
CG-05,REAL_UNIVERSITY_FINDING,REFUSAL,prose,uiowa_rfq_18649_recovery_evidence/out/recovery_evidence_report.md,3,the University of Iowa,"Nothing here describes the University of Iowa, any real estate, or any real incident."
CG-02,MATURITY_LEVEL,REFUSAL,prose,uiowa_rfq_18649_recovery_evidence/out/recovery_evidence_report.md,9,maturity rating,"A rung is a statement about evidence on file, not a maturity rating and not a judgement of any team."
CG-01,CERTIFICATION_CLAIM,REFUSAL,prose,uiowa_rfq_18649_recovery_evidence/out/recovery_evidence_report.md,124,certification,"Nothing in this document is a certification, a compliance determination, or a comparison against any peer institution."
CG-03,PEER_COMPARISON,REFUSAL,prose,uiowa_rfq_18649_recovery_evidence/out/recovery_evidence_report.md,124,peer institution,"Nothing in this document is a certification, a compliance determination, or a comparison against any peer institution."
CG-02,MATURITY_LEVEL,AMBIGUOUS,code,uiowa_rfq_18649_recovery_evidence/recovery_evidence.py,50,maturity score,"pass, or a maturity score."
CG-01,CERTIFICATION_CLAIM,REFUSAL,code,uiowa_rfq_18649_recovery_evidence/recovery_evidence.py,1155,certification,"Nothing in this document is a certification, a compliance """
CG-03,PEER_COMPARISON,AMBIGUOUS,code,uiowa_rfq_18649_recovery_evidence/recovery_evidence.py,1156,peer institution,"""determination, or a comparison against any peer institution."")"
CG-01,CERTIFICATION_CLAIM,AMBIGUOUS,test,uiowa_rfq_18649_recovery_evidence/test_recovery_evidence.py,319,certification,"# maturity score, a certification, or a peer comparison."
CG-02,MATURITY_LEVEL,AMBIGUOUS,test,uiowa_rfq_18649_recovery_evidence/test_recovery_evidence.py,319,maturity score,"# maturity score, a certification, or a peer comparison."
CG-03,PEER_COMPARISON,AMBIGUOUS,test,uiowa_rfq_18649_recovery_evidence/test_recovery_evidence.py,319,peer comparison,"# maturity score, a certification, or a peer comparison."
CG-01,CERTIFICATION_CLAIM,AMBIGUOUS,test,uiowa_rfq_18649_recovery_evidence/test_recovery_evidence.py,321,certified,"for banned in (""maturity level"", ""compliant"", ""certified"", ""percentile"","
CG-02,MATURITY_LEVEL,AMBIGUOUS,test,uiowa_rfq_18649_recovery_evidence/test_recovery_evidence.py,321,maturity level,"for banned in (""maturity level"", ""compliant"", ""certified"", ""percentile"","
CG-03,PEER_COMPARISON,AMBIGUOUS,test,uiowa_rfq_18649_recovery_evidence/test_recovery_evidence.py,321,percentile,"for banned in (""maturity level"", ""compliant"", ""certified"", ""percentile"","
CG-03,PEER_COMPARISON,AMBIGUOUS,test,uiowa_rfq_18649_recovery_evidence/test_recovery_evidence.py,322,peer average,"""peer average"", ""grade of""):"
CG-05,REAL_UNIVERSITY_FINDING,REFUSAL,prose,uiowa_rfq_18649_release_provenance/README.md,5,the University of Iowa,none describes the University of Iowa or a live service.
CG-02,MATURITY_LEVEL,REFUSAL,prose,uiowa_rfq_18649_release_provenance/README.md,50,maturity score,"there is no average, maturity score, confidence score, or employee ranking."
CG-04,INDIVIDUAL_SCORING,REFUSAL,prose,uiowa_rfq_18649_release_provenance/README.md,50,employee ranking,"there is no average, maturity score, confidence score, or employee ranking."
CG-02,MATURITY_LEVEL,REFUSAL,prose,uiowa_rfq_18649_release_provenance/interview-worksheet.md,27,maturity rating,Neither an aggregate code nor a count of missing fields is a maturity rating.
CG-05,REAL_UNIVERSITY_FINDING,REFUSAL,prose,uiowa_rfq_18649_release_recovery_case/README.md,6,the University of Iowa,"Nothing here describes the University of Iowa, any real service, any real release, or any real incident."
CG-01,CERTIFICATION_CLAIM,REFUSAL,prose,uiowa_rfq_18649_release_recovery_case/README.md,86,certification,"It is not a release approval, a recovery certification, or a statement that the release was safe."
CG-02,MATURITY_LEVEL,REFUSAL,prose,uiowa_rfq_18649_release_recovery_case/README.md,103,maturity score,"There is no average, no maturity score, no confidence score, no percentile and no individual performance rating."
CG-03,PEER_COMPARISON,REFUSAL,prose,uiowa_rfq_18649_release_recovery_case/README.md,103,percentile,"There is no average, no maturity score, no confidence score, no percentile and no individual performance rating."
CG-04,INDIVIDUAL_SCORING,REFUSAL,prose,uiowa_rfq_18649_release_recovery_case/README.md,103,individual performance rating,"There is no average, no maturity score, no confidence score, no percentile and no individual performance rating."
CG-01,CERTIFICATION_CLAIM,REFUSAL,prose,uiowa_rfq_18649_release_recovery_case/README.md,258,certification,"This kit produces no certification, compliance, procurement or peer-percentile claim, and rates no individual's performance."
CG-03,PEER_COMPARISON,REFUSAL,prose,uiowa_rfq_18649_release_recovery_case/README.md,258,percentile,"This kit produces no certification, compliance, procurement or peer-percentile claim, and rates no individual's performance."
CG-05,REAL_UNIVERSITY_FINDING,REFUSAL,data,uiowa_rfq_18649_release_recovery_case/case.json,247,the University of Iowa,"Nothing here describes the University of Iowa, any real service, any real release, or any real incident."
CG-05,REAL_UNIVERSITY_FINDING,REFUSAL,data,uiowa_rfq_18649_release_recovery_case/fixtures/clean.json,195,the University of Iowa,"Nothing here describes the University of Iowa, any real service, any real release, or any real incident."
CG-05,REAL_UNIVERSITY_FINDING,REFUSAL,data,uiowa_rfq_18649_release_recovery_case/fixtures/environment-difference.json,199,the University of Iowa,"Nothing here describes the University of Iowa, any real service, any real release, or any real incident."
CG-05,REAL_UNIVERSITY_FINDING,REFUSAL,data,uiowa_rfq_18649_release_recovery_case/fixtures/id-collision.json,202,the University of Iowa,"Nothing here describes the University of Iowa, any real service, any real release, or any real incident."
CG-05,REAL_UNIVERSITY_FINDING,REFUSAL,data,uiowa_rfq_18649_release_recovery_case/fixtures/ordering-inversion.json,195,the University of Iowa,"Nothing here describes the University of Iowa, any real service, any real release, or any real incident."
CG-05,REAL_UNIVERSITY_FINDING,REFUSAL,data,uiowa_rfq_18649_release_recovery_case/fixtures/timeline-disagreement.json,195,the University of Iowa,"Nothing here describes the University of Iowa, any real service, any real release, or any real incident."
CG-05,REAL_UNIVERSITY_FINDING,REFUSAL,data,uiowa_rfq_18649_release_recovery_case/fixtures/unknown-timestamp.json,195,the University of Iowa,"Nothing here describes the University of Iowa, any real service, any real release, or any real incident."
CG-05,REAL_UNIVERSITY_FINDING,REFUSAL,data,uiowa_rfq_18649_release_recovery_case/fixtures/unresolved-source-id.json,195,the University of Iowa,"Nothing here describes the University of Iowa, any real service, any real release, or any real incident."
CG-05,REAL_UNIVERSITY_FINDING,REFUSAL,data,uiowa_rfq_18649_release_recovery_case/fixtures/unsupported-recovery-claim.json,195,the University of Iowa,"Nothing here describes the University of Iowa, any real service, any real release, or any real incident."
CG-05,REAL_UNIVERSITY_FINDING,AMBIGUOUS,code,uiowa_rfq_18649_release_recovery_case/make_fixtures.py,17,the University of Iowa,describes the University of Iowa or any real release or incident.
CG-05,REAL_UNIVERSITY_FINDING,AMBIGUOUS,code,uiowa_rfq_18649_release_recovery_case/make_fixtures.py,31,the University of Iowa,"""the University of Iowa, any real service, any real release, or any real incident."
CG-05,REAL_UNIVERSITY_FINDING,REFUSAL,data,uiowa_rfq_18649_release_recovery_case/out/case_report.json,31,the University of Iowa,"Nothing here describes the University of Iowa, any real service, any real release, or any real incident."
CG-05,REAL_UNIVERSITY_FINDING,REFUSAL,prose,uiowa_rfq_18649_release_recovery_case/out/case_report.md,3,the University of Iowa,"Nothing here describes the University of Iowa, any real service, any real release, or any real incident."
CG-01,CERTIFICATION_CLAIM,REFUSAL,prose,uiowa_rfq_18649_release_recovery_case/out/case_report.md,7,certification,"It is not a release approval, a recovery certification, or a statement that the release was safe."
CG-02,MATURITY_LEVEL,REFUSAL,prose,uiowa_rfq_18649_release_recovery_case/out/case_report.md,7,maturity score,"No maturity score, confidence score or individual rating is produced."
CG-04,INDIVIDUAL_SCORING,REFUSAL,prose,uiowa_rfq_18649_release_recovery_case/out/case_report.md,7,individual rating,"No maturity score, confidence score or individual rating is produced."
CG-02,MATURITY_LEVEL,REFUSAL,code,uiowa_rfq_18649_release_recovery_case/release_recovery_case.py,48,maturity score,"Missing evidence is never a zero, a pass, or a maturity score."
CG-03,PEER_COMPARISON,REFUSAL,code,uiowa_rfq_18649_release_recovery_case/release_recovery_case.py,49,percentile,"average, no confidence score, no percentile, no individual performance rating."
CG-04,INDIVIDUAL_SCORING,REFUSAL,code,uiowa_rfq_18649_release_recovery_case/release_recovery_case.py,49,individual performance rating,"average, no confidence score, no percentile, no individual performance rating."
CG-01,CERTIFICATION_CLAIM,REFUSAL,code,uiowa_rfq_18649_release_recovery_case/release_recovery_case.py,57,certification,"Exit 0 is not a release approval, a recovery certification, or a statement that"
CG-01,CERTIFICATION_CLAIM,ASSERTION,code,uiowa_rfq_18649_release_recovery_case/release_recovery_case.py,1268,certification,"""release approval, a recovery certification, or a statement that the release was """
CG-02,MATURITY_LEVEL,REFUSAL,code,uiowa_rfq_18649_release_recovery_case/release_recovery_case.py,1269,maturity score,"No maturity score, confidence score or individual rating is produced."")"
CG-04,INDIVIDUAL_SCORING,REFUSAL,code,uiowa_rfq_18649_release_recovery_case/release_recovery_case.py,1269,individual rating,"No maturity score, confidence score or individual rating is produced."")"
CG-03,PEER_COMPARISON,AMBIGUOUS,test,uiowa_rfq_18649_release_recovery_case/test_release_recovery_case.py,269,percentile,"for banned in (""maturity"", ""percentile"", ""peerrank"", ""scoreoutof"","
CG-01,CERTIFICATION_CLAIM,AMBIGUOUS,test,uiowa_rfq_18649_release_recovery_case/test_release_recovery_case.py,270,certified,"""grade"", ""certified"", ""compliant""):"
CG-05,REAL_UNIVERSITY_FINDING,REFUSAL,prose,uiowa_rfq_18649_report_structure/README.md,3,the University of Iowa,"No statement here describes the University of Iowa, and no University evidence has been collected."
CG-01,CERTIFICATION_CLAIM,REFUSAL,prose,uiowa_rfq_18649_report_structure/README.md,18,compliance verdict,"scopeguard.py — scans report prose for the three deliverables this engagement must not turn into: an audit/compliance verdict, an individual performance evaluation, a product procurement recommendation."
CG-01,CERTIFICATION_CLAIM,AMBIGUOUS,prose,uiowa_rfq_18649_report_structure/README.md,99,certifies,"- auditverdict — non-compliant, audit finding, material weakness, certifies,"
CG-03,PEER_COMPARISON,REFUSAL,prose,uiowa_rfq_18649_report_structure/README.md,151,percentile,"No percentile, ranking or standing is stated anywhere."
CG-01,CERTIFICATION_CLAIM,REFUSAL,prose,uiowa_rfq_18649_report_structure/README.md,191,certification,"It is not a formal audit and issues no compliance determination, certification or attestation."
CG-01,CERTIFICATION_CLAIM,REFUSAL,data,uiowa_rfq_18649_report_structure/content_map.json,10,certification,"It does not issue an audit opinion, a compliance determination, a certification, or an attestation."","
CG-01,CERTIFICATION_CLAIM,REFUSAL,data,uiowa_rfq_18649_report_structure/content_map.json,43,certification,"""mustnot"": ""Must not present the method as an audit procedure or a certification process."""
CG-02,MATURITY_LEVEL,REFUSAL,data,uiowa_rfq_18649_report_structure/content_map.json,49,maturity score,"""mustnot"": ""Must not average confidence dimensions into a maturity score."""
CG-03,PEER_COMPARISON,REFUSAL,data,uiowa_rfq_18649_report_structure/content_map.json,55,percentile,"""mustnot"": ""Must not rank the University against peers or state a percentile."""
CG-01,CERTIFICATION_CLAIM,REFUSAL,data,uiowa_rfq_18649_report_structure/examples/content_map.csv,7,certification,"adaptationlimit,Must not present the method as an audit procedure or a certification process."
CG-01,CERTIFICATION_CLAIM,REFUSAL,data,uiowa_rfq_18649_report_structure/examples/content_map.csv,8,certification,"representedperiod,Must not present the method as an audit procedure or a certification process."
CG-02,MATURITY_LEVEL,REFUSAL,data,uiowa_rfq_18649_report_structure/examples/content_map.csv,9,maturity score,"scopelimit,Must not average confidence dimensions into a maturity score."
CG-03,PEER_COMPARISON,REFUSAL,data,uiowa_rfq_18649_report_structure/examples/content_map.csv,10,percentile,"accesseddate,Must not rank the University against peers or state a percentile."
CG-05,REAL_UNIVERSITY_FINDING,REFUSAL,prose,uiowa_rfq_18649_report_structure/examples/report_sample.md,3,the University of Iowa,Nothing here describes the University of Iowa.
CG-01,CERTIFICATION_CLAIM,REFUSAL,prose,uiowa_rfq_18649_report_structure/examples/report_sample.md,11,certification,"This assessment is not a formal audit and issues no compliance determination, certification or attestation."
CG-03,PEER_COMPARISON,REFUSAL,prose,uiowa_rfq_18649_report_structure/examples/report_sample.md,87,percentile,"No percentile, ranking or standing against peers is stated anywhere in this report."
CG-02,MATURITY_LEVEL,REFUSAL,prose,uiowa_rfq_18649_report_structure/examples/report_template.md,8,maturity score,"Missing evidence stays UNKNOWN - it never becomes a zero, a pass, or a maturity score."
CG-01,CERTIFICATION_CLAIM,REFUSAL,prose,uiowa_rfq_18649_report_structure/examples/report_template.md,12,certification,"It is not a formal audit and issues no compliance determination, certification or attestation."
CG-01,CERTIFICATION_CLAIM,REFUSAL,prose,uiowa_rfq_18649_report_structure/examples/report_template.md,14,certification,"It does not issue an audit opinion, a compliance determination, a certification, or an attestation."
CG-05,REAL_UNIVERSITY_FINDING,REFUSAL,code,uiowa_rfq_18649_report_structure/report_structure.py,282,the University of Iowa,"Nothing here describes the University of Iowa.\n"""
CG-02,MATURITY_LEVEL,AMBIGUOUS,code,uiowa_rfq_18649_report_structure/report_structure.py,289,maturity score,"""zero, a pass, or a maturity score.\n"""
CG-01,CERTIFICATION_CLAIM,AMBIGUOUS,code,uiowa_rfq_18649_report_structure/report_structure.py,325,certification,"""determination, certification or attestation."
CG-01,CERTIFICATION_CLAIM,REFUSAL,code,uiowa_rfq_18649_report_structure/report_structure.py,406,compliance determination,"L.append(""This assessment is not a formal audit and issues no compliance determination, """
CG-01,CERTIFICATION_CLAIM,AMBIGUOUS,code,uiowa_rfq_18649_report_structure/report_structure.py,407,certification,"""certification or attestation."
CG-03,PEER_COMPARISON,REFUSAL,code,uiowa_rfq_18649_report_structure/report_structure.py,507,percentile,"No percentile, ranking or standing against peers is """
CG-01,CERTIFICATION_CLAIM,AMBIGUOUS,code,uiowa_rfq_18649_report_structure/scope_guard.py,84,compliance determination,"""States a compliance determination."
CG-01,CERTIFICATION_CLAIM,AMBIGUOUS,code,uiowa_rfq_18649_report_structure/scope_guard.py,100,certification,"""Issues a certification or attestation."","
CG-01,CERTIFICATION_CLAIM,ASSERTION,code,uiowa_rfq_18649_report_structure/scope_guard.py,108,compliance determination,"""Asserts a policy violation, which is a compliance determination."","
CG-01,CERTIFICATION_CLAIM,AMBIGUOUS,code,uiowa_rfq_18649_report_structure/scope_guard.py,194,certification,certification
CG-01,CERTIFICATION_CLAIM,AMBIGUOUS,code,uiowa_rfq_18649_report_structure/scope_guard.py,209,certification,"r""certification"
CG-01,CERTIFICATION_CLAIM,AMBIGUOUS,code,uiowa_rfq_18649_report_structure/scope_guard.py,213,certification,certification
CG-01,CERTIFICATION_CLAIM,AMBIGUOUS,code,uiowa_rfq_18649_report_structure/scope_guard.py,215,certification,certification
CG-01,CERTIFICATION_CLAIM,AMBIGUOUS,code,uiowa_rfq_18649_report_structure/scope_guard.py,232,certification,"# rating, percentile, certification verdict or individual/team"
CG-03,PEER_COMPARISON,AMBIGUOUS,code,uiowa_rfq_18649_report_structure/scope_guard.py,232,percentile,"# rating, percentile, certification verdict or individual/team"
CG-02,MATURITY_LEVEL,REFUSAL,code,uiowa_rfq_18649_report_structure/scope_guard.py,237,maturity score,"# ""there is no average, maturity score, confidence score, or employee"
CG-02,MATURITY_LEVEL,REFUSAL,code,uiowa_rfq_18649_report_structure/scope_guard.py,263,maturity rating,"# across several lines, so splitting on \n tore ""no scoring, maturity rating,"
CG-01,CERTIFICATION_CLAIM,AMBIGUOUS,code,uiowa_rfq_18649_report_structure/scope_guard.py,264,certification,"# percentile, certification verdict or individual/team performance rating is"
CG-03,PEER_COMPARISON,AMBIGUOUS,code,uiowa_rfq_18649_report_structure/scope_guard.py,264,percentile,"# percentile, certification verdict or individual/team performance rating is"
CG-01,CERTIFICATION_CLAIM,ASSERTION,test,uiowa_rfq_18649_report_structure/test_report_structure.py,357,compliant with,"text = (""Finding 3: the RIS group is non-compliant with the access-review standard."
CG-01,CERTIFICATION_CLAIM,ASSERTION,test,uiowa_rfq_18649_report_structure/test_report_structure.py,383,compliant with,"text = (""The group is non-compliant with IT-18."
CG-01,CERTIFICATION_CLAIM,REFUSAL,test,uiowa_rfq_18649_report_structure/test_report_structure.py,391,compliance determination,"text = (""This assessment is not a formal audit and issues no compliance determination, """
CG-01,CERTIFICATION_CLAIM,AMBIGUOUS,test,uiowa_rfq_18649_report_structure/test_report_structure.py,392,certification,"""certification or attestation."
CG-01,CERTIFICATION_CLAIM,AMBIGUOUS,prose,uiowa_rfq_18649_report_visuals/README.md,256,conformance,- Whether the client needs a specific conformance target (e.g.
CG-01,CERTIFICATION_CLAIM,REFUSAL,prose,uiowa_rfq_18649_report_visuals/README.md,257,certification,"obligation) — this package measures against AA thresholds but makes no certification or compliance claim, here or anywhere in its output."
CG-02,MATURITY_LEVEL,REFUSAL,test,uiowa_rfq_18649_report_visuals/test_report_visuals.py,361,maturity level,"for forbidden in (""out of 5"", ""out of 10"", ""score of"", ""maturity level"","
CG-03,PEER_COMPARISON,ASSERTION,test,uiowa_rfq_18649_report_visuals/test_report_visuals.py,362,percentile,"""percentile"", ""/5"", ""/10""):"
CG-01,CERTIFICATION_CLAIM,REFUSAL,prose,uiowa_rfq_18649_roadmap_coherence/README.md,162,certification,"No maturity score, no rating, no certification or compliance verdict, no peer percentile, no individual performance scoring."
CG-02,MATURITY_LEVEL,REFUSAL,prose,uiowa_rfq_18649_roadmap_coherence/README.md,162,maturity score,"No maturity score, no rating, no certification or compliance verdict, no peer percentile, no individual performance scoring."
CG-03,PEER_COMPARISON,REFUSAL,prose,uiowa_rfq_18649_roadmap_coherence/README.md,162,percentile,"No maturity score, no rating, no certification or compliance verdict, no peer percentile, no individual performance scoring."
CG-02,MATURITY_LEVEL,REFUSAL,data,uiowa_rfq_18649_roadmap_coherence/data/coherent-deck.json,49,maturity level,"""Say what each phase produces as evidence, not a maturity level."""
CG-02,MATURITY_LEVEL,REFUSAL,prose,uiowa_rfq_18649_roadmap_dependencies/README.md,193,maturity level,"No scoring, maturity level, or benchmark position."
CG-02,MATURITY_LEVEL,REFUSAL,prose,uiowa_rfq_18649_run_sweep/README.md,155,maturity rating,"It is not a statement that a component is correct, complete, or fit for the engagement, and it is not a maturity rating of any lane or any seat."
CG-02,MATURITY_LEVEL,REFUSAL,prose,uiowa_rfq_18649_run_sweep/out/run_sweep_report.md,79,maturity rating,"It is not a statement that the component is correct, complete, or fit for the engagement, and it is not a maturity rating of any lane or any seat."
CG-02,MATURITY_LEVEL,REFUSAL,code,uiowa_rfq_18649_run_sweep/run_sweep.py,486,maturity rating,"""engagement, and it is not a maturity rating of any lane or any """
CG-01,CERTIFICATION_CLAIM,ASSERTION,prose,uiowa_rfq_18649_scope_change/README.md,128,certification,"Specific product/vendor recommendations and legal/audit/certification opinions are a controlling RFQ scope boundary, not a change-control item:"
CG-01,CERTIFICATION_CLAIM,AMBIGUOUS,data,uiowa_rfq_18649_scope_change/examples/worksheet.json,54,certification,"""legal, audit, certification, insurance or regulatory opinions"","
CG-01,CERTIFICATION_CLAIM,AMBIGUOUS,data,uiowa_rfq_18649_scope_change/fixtures/baseline.json,64,certification,"""legal, audit, certification, insurance or regulatory opinions"","
CG-01,CERTIFICATION_CLAIM,REFUSAL,code,uiowa_rfq_18649_scope_change/scope_change.py,23,certification,"certification, insurance or regulatory opinions) is not a change-control"
CG-05,REAL_UNIVERSITY_FINDING,ASSERTION,prose,uiowa_rfq_18649_secure_guidance/README.md,3,the University of Iowa,"Offline assessment kit for the University of Iowa RFQ 18649 preparation work order on guidance usability, reusable secure-development patterns, onboarding, and specialist access."
CG-01,CERTIFICATION_CLAIM,AMBIGUOUS,code,uiowa_rfq_18649_security_event_review/assess_security_events.py,5,compliance verdict,"credentials, or turns missing evidence into a security/compliance verdict."
CG-02,MATURITY_LEVEL,REFUSAL,code,uiowa_rfq_18649_security_event_review/assess_security_events.py,306,maturity score,"""- These are counts over the fictional supplied packet, not a maturity score or a performance benchmark."","
CG-01,CERTIFICATION_CLAIM,REFUSAL,code,uiowa_rfq_18649_security_event_review/assess_security_events.py,351,compliance status,"""This tool does not determine compromise, legal/compliance status, control effectiveness, or individual performance."
CG-02,MATURITY_LEVEL,REFUSAL,prose,uiowa_rfq_18649_security_event_review/examples/event-to-resolution-timeline.md,12,maturity score,"- These are counts over the fictional supplied packet, not a maturity score or a performance benchmark."
CG-01,CERTIFICATION_CLAIM,REFUSAL,prose,uiowa_rfq_18649_security_event_review/examples/event-to-resolution-timeline.md,96,compliance status,"This tool does not determine compromise, legal/compliance status, control effectiveness, or individual performance."
CG-02,MATURITY_LEVEL,REFUSAL,prose,uiowa_rfq_18649_security_event_review/interview_worksheet.md,48,maturity score,"No target, peer percentile, or maturity score is supplied by this worksheet."
CG-03,PEER_COMPARISON,REFUSAL,prose,uiowa_rfq_18649_security_event_review/interview_worksheet.md,48,percentile,"No target, peer percentile, or maturity score is supplied by this worksheet."
CG-01,CERTIFICATION_CLAIM,REFUSAL,prose,uiowa_rfq_18649_synthetic_collection/ai/ai_readiness.md,17,certification,They are not a certification checklist and do not assume that AI helps or harms the fictional teams.
CG-01,CERTIFICATION_CLAIM,AMBIGUOUS,data,uiowa_rfq_18649_synthetic_collection/evidence_manifest.json,10,certification,"""compliance or certification conclusion"","
CG-02,MATURITY_LEVEL,REFUSAL,prose,uiowa_rfq_18649_synthetic_collection/processes/software_delivery.md,19,maturity score,It is neither a maturity score nor proof of a real organization's operating practice.
CG-01,CERTIFICATION_CLAIM,REFUSAL,prose,uiowa_rfq_18649_test_proof_audit/README.md,85,certified,- A lane with zero findings is not certified correct. This checks that
CG-03,PEER_COMPARISON,REFUSAL,prose,uiowa_rfq_18649_test_proof_audit/README.md,89,percentile,"asserts the data payload contains no rank, score, grade, percentile, worst or leaderboard."
CG-01,CERTIFICATION_CLAIM,REFUSAL,prose,uiowa_rfq_18649_test_proof_audit/findings/audit.md,58,certified,- A lane with zero findings is not certified correct.
CG-03,PEER_COMPARISON,AMBIGUOUS,test,uiowa_rfq_18649_test_proof_audit/test_testproof.py,241,percentile,"for banned in (""rank"", ""leaderboard"", ""worst"", ""grade"", ""percentile"", ""score""):"
CG-03,PEER_COMPARISON,AMBIGUOUS,test,uiowa_rfq_18649_test_proof_audit/test_testproof.py,248,percentile,"self.assertNotIn(""percentile"", m)"
CG-01,CERTIFICATION_CLAIM,REFUSAL,code,uiowa_rfq_18649_test_proof_audit/testproof.py,506,certified,"lines.append(""- A lane with zero findings is not certified correct."
CG-01,CERTIFICATION_CLAIM,REFUSAL,prose,uiowa_rfq_18649_traceability/README.md,365,certification,"No maturity scores, no certification, compliance or peer-percentile claims, no individual performance scoring."
CG-03,PEER_COMPARISON,REFUSAL,prose,uiowa_rfq_18649_traceability/README.md,365,percentile,"No maturity scores, no certification, compliance or peer-percentile claims, no individual performance scoring."
CG-03,PEER_COMPARISON,REFUSAL,prose,uiowa_rfq_18649_uncertainty_lint/README.md,197,percentile,"No field carries a score, rating, percentile or author — asserted by testnoscoreratingorrankingfieldisemitted."
CG-03,PEER_COMPARISON,AMBIGUOUS,test,uiowa_rfq_18649_uncertainty_lint/test_lint.py,176,percentile,"# field may carry a score, a rating, a percentile or a per-author"
CG-03,PEER_COMPARISON,AMBIGUOUS,test,uiowa_rfq_18649_uncertainty_lint/test_lint.py,180,percentile,"for banned in (""score"", ""rating"", ""percentile"", ""rank"", ""grade"","
CG-05,REAL_UNIVERSITY_FINDING,REFUSAL,prose,uiowa_rfq_18649_unknown_propagation/README.md,186,the University of Iowa,"It says nothing about the University of Iowa, its systems, or any real assessment."
CG-05,REAL_UNIVERSITY_FINDING,REFUSAL,prose,uiowa_rfq_18649_unknown_propagation/examples/landed-tree-scan.md,185,the University of Iowa,"This output is a screen result, not an assessment, not a finding about the University of Iowa, and not a judgement of any lane or any author."
CG-05,REAL_UNIVERSITY_FINDING,REFUSAL,prose,uiowa_rfq_18649_unknown_propagation/examples/planted-conflicts.md,140,the University of Iowa,"This output is a screen result, not an assessment, not a finding about the University of Iowa, and not a judgement of any lane or any author."
CG-05,REAL_UNIVERSITY_FINDING,AMBIGUOUS,code,uiowa_rfq_18649_unknown_propagation/scan_unknowns.py,944,the University of Iowa,"""finding about the University of Iowa, and not a judgement of any lane or """
CG-01,CERTIFICATION_CLAIM,REFUSAL,test,uiowa_rfq_18649_unknown_propagation/test_scan_unknowns.py,492,compliance verdict,"""""""No finding or total may carry a score, grade or compliance verdict."
CG-01,CERTIFICATION_CLAIM,REFUSAL,prose,uiowa_rfq_18649_vocabulary_crosswalk/README.md,3,certified,"Nothing is a University of Iowa finding, and no lane is scored, ranked, corrected or certified."
CG-01,CERTIFICATION_CLAIM,REFUSAL,prose,uiowa_rfq_18649_vocabulary_crosswalk/README.md,53,certified,"Nothing here is a University of Iowa finding, and no lane is scored, ranked or certified."
CG-01,CERTIFICATION_CLAIM,ASSERTION,prose,uiowa_rfq_18649_vocabulary_crosswalk/README.md,195,certified,"The judgemental-language guard scanned the whole report for ""certified"" and hit the banner's own promise that no lane is certified."
CG-01,CERTIFICATION_CLAIM,REFUSAL,prose,uiowa_rfq_18649_vocabulary_crosswalk/output/VOCABULARY_REPORT.md,3,certified,"Nothing here is a University of Iowa finding, and no lane is scored, ranked or certified."
CG-01,CERTIFICATION_CLAIM,REFUSAL,prose,uiowa_rfq_18649_vocabulary_crosswalk/output/VOCABULARY_REPORT.md,178,certified,"- No lane is scored, ranked, corrected or certified. No file outside this package's own output directory is written."
CG-01,CERTIFICATION_CLAIM,REFUSAL,data,uiowa_rfq_18649_vocabulary_crosswalk/output/needs_a_decision.csv,1,certified,"Nothing here is a University of Iowa finding, and no lane is scored, ranked or certified."
CG-01,CERTIFICATION_CLAIM,REFUSAL,data,uiowa_rfq_18649_vocabulary_crosswalk/output/observations.csv,1,certified,"Nothing here is a University of Iowa finding, and no lane is scored, ranked or certified."
CG-01,CERTIFICATION_CLAIM,REFUSAL,data,uiowa_rfq_18649_vocabulary_crosswalk/output/term_crosswalk.csv,1,certified,"Nothing here is a University of Iowa finding, and no lane is scored, ranked or certified."
CG-01,CERTIFICATION_CLAIM,REFUSAL,data,uiowa_rfq_18649_vocabulary_crosswalk/output/vocabulary_report.json,2,certified,"Nothing here is a University of Iowa finding, and no lane is scored, ranked or certified."","
CG-01,CERTIFICATION_CLAIM,REFUSAL,code,uiowa_rfq_18649_vocabulary_crosswalk/reconcile.py,32,certified,"""a University of Iowa finding, and no lane is scored, ranked or certified."")"
CG-01,CERTIFICATION_CLAIM,REFUSAL,code,uiowa_rfq_18649_vocabulary_crosswalk/reconcile.py,326,certified,"a(""- No lane is scored, ranked, corrected or certified. No file outside this """
CG-01,CERTIFICATION_CLAIM,AMBIGUOUS,test,uiowa_rfq_18649_vocabulary_crosswalk/test_vocabulary.py,238,certified,"ranked or certified""), so a scan of the whole report flags its own promise."
CG-01,CERTIFICATION_CLAIM,AMBIGUOUS,test,uiowa_rfq_18649_vocabulary_crosswalk/test_vocabulary.py,250,certified,"for banned in (""maturity score"", ""percentile"", ""compliant"", ""certified"","
CG-02,MATURITY_LEVEL,AMBIGUOUS,test,uiowa_rfq_18649_vocabulary_crosswalk/test_vocabulary.py,250,maturity score,"for banned in (""maturity score"", ""percentile"", ""compliant"", ""certified"","
CG-03,PEER_COMPARISON,AMBIGUOUS,test,uiowa_rfq_18649_vocabulary_crosswalk/test_vocabulary.py,250,percentile,"for banned in (""maturity score"", ""percentile"", ""compliant"", ""certified"","
CG-01,CERTIFICATION_CLAIM,REFUSAL,data,uiowa_rfq_18649_workbench/12-policy-context.csv,14,conformance,"responsible individuals are to include accessibility in all phases of the software lifecycle."",Accessibility / software delivery,""Accessibility evidence should appear during requirements, design, build/test, procurement/"
CG-01,CERTIFICATION_CLAIM,REFUSAL,data,uiowa_rfq_18649_workbench/12-policy-context.csv,16,conformance,"separate Section 508/WCAG 2.0 AA references apply to non-web technologies."",Accessibility / software delivery,""Web application review can use WCAG 2.1 AA as the University-stated technical baseline and should retain prod"
CG-01,CERTIFICATION_CLAIM,REFUSAL,prose,uiowa_rfq_18649_workbench/12-policy-reference-memo.md,3,compliance determination,"public policy context, not an assessment finding or compliance determination Prepared: 2026-09-19 Access date for public sources: 2026-09-19 Scope: University of Iowa RFQ 18649 preparation for ESS, RIS, and IAM across so"
CG-02,MATURITY_LEVEL,ASSERTION,prose,uiowa_rfq_18649_workbench/12-policy-reference-memo.md,20,maturity level,- a group has a particular maturity level;
CG-01,CERTIFICATION_CLAIM,AMBIGUOUS,prose,uiowa_rfq_18649_workbench/12-policy-reference-memo.md,131,conformance,- actual accessibility conformance or open accessibility defects;
CG-01,CERTIFICATION_CLAIM,AMBIGUOUS,prose,uiowa_rfq_18649_workbench/12-policy-reference-memo.md,136,certification,"- compliance, certification, maturity, or comparative performance."
CG-01,CERTIFICATION_CLAIM,AMBIGUOUS,prose,uiowa_rfq_18649_workbench/12-policy-reference-memo.md,162,compliance verdict,"This structure prevents the assessment from turning a policy reference into an unsupported compliance verdict and preserves a constructive, evidence-based scope."
CG-01,CERTIFICATION_CLAIM,REFUSAL,prose,uiowa_rfq_18649_workbench/19-reliability-peer-pack.md,8,certify,"> This pack does not assert findings about Iowa, assign maturity scores, certify compliance, or recommend procurement."
CG-03,PEER_COMPARISON,AMBIGUOUS,prose,uiowa_rfq_18649_workbench/19-reliability-peer-pack.md,20,peer comparison,"Cross-peer comparison without matching definitions, periods, denominators, exclusions, and service boundaries"
CG-03,PEER_COMPARISON,AMBIGUOUS,prose,uiowa_rfq_18649_workbench/19-reliability-peer-pack.md,190,percentile,"statistic type (count, %, mean, median, percentile);"
CG-02,MATURITY_LEVEL,REFUSAL,prose,uiowa_rfq_18649_workbench/19-reliability-peer-pack.md,252,maturity score,It is not peer number → maturity score.
CG-05,REAL_UNIVERSITY_FINDING,REFUSAL,prose,uiowa_rfq_18649_workbench/README.md,69,the University of Iowa,"It does not contact Clark's Consulting or the University of Iowa, submit a response, change the proposed $24,000 + optional $4,000 commercial hypothesis, authorize spend or travel, request payment, establish cash/revenue"
CG-01,CERTIFICATION_CLAIM,REFUSAL,prose,uiowa_rfq_18649_workbench/framework_crosswalk/20-adaptation-memo.md,3,certification,"not a University finding, certification, compliance opinion, or maturity determination"
CG-02,MATURITY_LEVEL,REFUSAL,prose,uiowa_rfq_18649_workbench/framework_crosswalk/20-adaptation-memo.md,32,maturity score,"The crosswalk uses exact practice/task identifiers such as PO.1, PO.3.3, PO.4.1, PW.2.1, and PW.6.1-PW.6.2 so later assessment notes can point back to the source without claiming that NIST supplied a local maturity score"
CG-01,CERTIFICATION_CLAIM,REFUSAL,prose,uiowa_rfq_18649_workbench/framework_crosswalk/20-adaptation-memo.md,54,certification,"This package therefore uses the CSF to organize questions and evidence, not to infer tooling, architecture, certification, or a numeric maturity score."
CG-02,MATURITY_LEVEL,REFUSAL,prose,uiowa_rfq_18649_workbench/framework_crosswalk/20-adaptation-memo.md,54,maturity score,"This package therefore uses the CSF to organize questions and evidence, not to infer tooling, architecture, certification, or a numeric maturity score."
CG-02,MATURITY_LEVEL,REFUSAL,prose,uiowa_rfq_18649_workbench/framework_crosswalk/20-adaptation-memo.md,120,maturity level,Do not rename a NIST construct into a maturity level without explaining the adaptation.
CG-03,PEER_COMPARISON,REFUSAL,prose,uiowa_rfq_18649_workbench/framework_crosswalk/20-adaptation-memo.md,120,percentile,"In particular, do not present CSF implementation concepts or AI RMF actions as an empirical peer percentile."
CG-01,CERTIFICATION_CLAIM,REFUSAL,prose,uiowa_rfq_18649_workbench/framework_crosswalk/20-adaptation-memo.md,148,certification,Do not turn outcome categories into a compliance certification
CG-01,CERTIFICATION_CLAIM,ASSERTION,prose,uiowa_rfq_18649_workbench/framework_crosswalk/20-adaptation-memo.md,190,certified,"- any service is compliant, certified, secure, mature, immature, or benchmarked at a peer percentile;"
CG-03,PEER_COMPARISON,ASSERTION,prose,uiowa_rfq_18649_workbench/framework_crosswalk/20-adaptation-memo.md,190,percentile,"- any service is compliant, certified, secure, mature, immature, or benchmarked at a peer percentile;"
CG-01,CERTIFICATION_CLAIM,AMBIGUOUS,prose,uiowa_rfq_18649_workbench/framework_crosswalk/20-adaptation-memo.md,191,certification,- the RFQ requires NIST certification;
CG-02,MATURITY_LEVEL,REFUSAL,data,uiowa_rfq_18649_workbench/framework_crosswalk/20-framework-crosswalk.csv,11,maturity score,"no maturity score is implied."",""https://nvlpubs.nist.gov/nistpubs/SpecialPublications/NIST.SP.800-218.pdf"""
CG-02,MATURITY_LEVEL,REFUSAL,data,uiowa_rfq_18649_workbench/framework_crosswalk/20-framework-crosswalk.csv,22,maturity score,"decision logs"",""Do not translate risk language into an invented maturity score."",""https://nvlpubs.nist.gov/nistpubs/CSWP/NIST.CSWP.29.pdf"""
CG-02,MATURITY_LEVEL,REFUSAL,data,uiowa_rfq_18649_workbench/framework_crosswalk/20-framework-crosswalk.csv,43,maturity level,"they do not create an empirical benchmark or universal maturity level."",""https://nvlpubs.nist.gov/nistpubs/CSWP/NIST.CSWP.29.pdf"""
CG-01,CERTIFICATION_CLAIM,REFUSAL,data,uiowa_rfq_18649_workbench/framework_crosswalk/20-framework-crosswalk.csv,44,certification,"stakeholder context"",""Do not convert Tiers into a TJLabs maturity score, percentile, certification, or cross-team ranking;"
CG-02,MATURITY_LEVEL,REFUSAL,data,uiowa_rfq_18649_workbench/framework_crosswalk/20-framework-crosswalk.csv,44,maturity score,"stakeholder context"",""Do not convert Tiers into a TJLabs maturity score, percentile, certification, or cross-team ranking;"
CG-03,PEER_COMPARISON,REFUSAL,data,uiowa_rfq_18649_workbench/framework_crosswalk/20-framework-crosswalk.csv,44,percentile,"stakeholder context"",""Do not convert Tiers into a TJLabs maturity score, percentile, certification, or cross-team ranking;"
CG-01,CERTIFICATION_CLAIM,REFUSAL,data,uiowa_rfq_18649_workbench/framework_crosswalk/20-framework-crosswalk.csv,55,certification,"monitoring results"",""Do not treat AI RMF as a security certification or substitute for system-specific threat assessment."",""https://nvlpubs.nist.gov/nistpubs/ai/nist.ai.100-1.pdf"""
CG-01,CERTIFICATION_CLAIM,REFUSAL,data,uiowa_rfq_18649_workbench/framework_crosswalk/20-framework-crosswalk.csv,61,certification,"rollback criteria"",""This is a decision structure, not a NIST approval or certification of a system."",""https://nvlpubs.nist.gov/nistpubs/ai/nist.ai.100-1.pdf"""
CG-01,CERTIFICATION_CLAIM,AMBIGUOUS,code,uiowa_rfq_18649_workbench/framework_crosswalk/validate_framework_crosswalk.py,45,certified,"""nist certified"","
CG-01,CERTIFICATION_CLAIM,AMBIGUOUS,code,uiowa_rfq_18649_workbench/framework_crosswalk/validate_framework_crosswalk.py,48,certification,"""certification level"","
CG-03,PEER_COMPARISON,AMBIGUOUS,code,uiowa_rfq_18649_workbench/framework_crosswalk/validate_framework_crosswalk.py,49,percentile,"""percentile rank"","
CG-05,REAL_UNIVERSITY_FINDING,ASSERTION,code,uiowa_rfq_18649_workbench/server.py,2,the University of Iowa,"""""""Loopback-only analyst workbench for the University of Iowa RFQ 18649 carrier."
CG-01,CERTIFICATION_CLAIM,AMBIGUOUS,prose,uiowa_rfq_18649_workshare/ACCEPTANCE_CHANGELOG.md,13,conformance,"Five base production packages, optional readout, responsibility split, consolidated comments, artifact conformance/cure."
CG-01,CERTIFICATION_CLAIM,ASSERTION,prose,uiowa_rfq_18649_workshare/ACCEPTANCE_EXHIBIT.md,40,conformance,The artifact acceptance criteria below are a deliverable-conformance and cure mechanism;
CG-01,CERTIFICATION_CLAIM,AMBIGUOUS,prose,uiowa_rfq_18649_workshare/ACCEPTANCE_EXHIBIT.md,44,conformance,Acceptance in this exhibit means conformance of TJLabs-delivered artifacts to stated criteria.
CG-01,CERTIFICATION_CLAIM,ASSERTION,prose,uiowa_rfq_18649_workshare/ACCEPTANCE_EXHIBIT.md,79,conformance,Section 5.2 provides an objective conformance/cure frame for the delivered draft;
CG-01,CERTIFICATION_CLAIM,AMBIGUOUS,prose,uiowa_rfq_18649_workshare/ACCEPTANCE_EXHIBIT.md,105,conformance,"These criteria define artifact conformance, review, and cure."
CG-01,CERTIFICATION_CLAIM,REFUSAL,prose,uiowa_rfq_18649_workshare/ACCEPTANCE_EXHIBIT.md,121,certification,"draft findings and roadmap inputs remain within the technical workshare and do not claim bidder submission, contract, legal/compliance certification, award, final University-facing recommendation authority, or authority "
CG-01,CERTIFICATION_CLAIM,REFUSAL,prose,uiowa_rfq_18649_workshare/ACCEPTANCE_EXHIBIT.md,128,conformance,that conformance review does not convert the existing draft delivery payment trigger into an acceptance trigger.
CG-01,CERTIFICATION_CLAIM,AMBIGUOUS,prose,uiowa_rfq_18649_workshare/ACCEPTANCE_EXHIBIT.md,166,certification,"- procurement/vendor selection, recommendations or endorsements for specific commercial products/vendors, legal, audit, certification, insurance, or regulatory opinions;"
CG-01,CERTIFICATION_CLAIM,ASSERTION,prose,uiowa_rfq_18649_workshare/ACCEPTANCE_EXHIBIT.md,208,conformance,"This conformance/cure protocol is distinct from the proposed payment schedule: kickoff remains triggered by written authorization, draft remains triggered by delivery, and only the final base-workshare milestone is accep"
CG-01,CERTIFICATION_CLAIM,AMBIGUOUS,prose,uiowa_rfq_18649_workshare/ACCEPTANCE_EXHIBIT_REDLINE.md,33,conformance,The clean exhibit now fails scope conformance if a TJLabs artifact claims authority to recommend or endorse a specific commercial product/vendor.
CG-02,MATURITY_LEVEL,REFUSAL,prose,uiowa_rfq_18649_workshare/methodology/23-evidence-confidence.md,7,maturity score,This method defines how an assessment team can describe the strength of evidence without turning confidence into a maturity score.
CG-01,CERTIFICATION_CLAIM,REFUSAL,prose,uiowa_rfq_18649_workshare/peer_research/17-context-to-interview-matrix.md,36,compliance determination,"These are process/evidence questions, not a penetration test, access attempt, or compliance determination."
CG-02,MATURITY_LEVEL,REFUSAL,prose,uiowa_rfq_18649_workshare/peer_research/17-ris-peer-pack.md,9,maturity score,"Use these examples to prepare a service-boundary conversation and select concrete delivery records, not to assign a maturity score."
CG-01,CERTIFICATION_CLAIM,REFUSAL,prose,uiowa_rfq_18649_workshare/peer_research/17-ris-peer-pack.md,19,certification,"they are not a new confidence score, certification, or maturity framework."
